scenario_id,method,n,p,contamination_type,contamination_rate,contamination_strength,true_ate,n_mc,bias,mse,var,rmse,mae,coverage,n_valid,elapsed_sec,mcse_bias,mcse_mse,mcse_rmse
1,naive,200,5,none,0.0,3,2,2000,0.0080369235336492,0.0308178829033819,0.0307686751010467,0.175550229004071,0.139586750411221,0.9465,2000,198.148185968399,0.003922287285567358,0.0009750313823699326,0.002777072373819922
1,ipw_robust,200,5,none,0.0,3,2,2000,-0.020987459902847,0.0314354967456404,0.0310105285367352,0.177300583038072,0.142090765063695,0.9475,2000,198.148185968399,0.003937672443000763,0.0009944704674080165,0.002804476021363315
1,dr_robust,200,5,none,0.0,3,2,2000,0.0032374485135662,0.0307534719565112,0.0307583700686675,0.175366678580941,0.139985700310997,0.952,2000,198.148185968399,0.003921630405116442,0.0009729964494887412,0.002774177105257918
1,aipw_robust,200,5,none,0.0,3,2,2000,0.0018027861510958,0.041757272427536,0.0417749098445517,0.204345962591719,0.162747790894887,0.948,2000,198.148185968399,0.004570279523429158,0.0013211414127948227,0.0032326095314994035
1,reg_adj,200,5,none,0.0,3,2,2000,0.0071929511522141,0.0286319050893116,0.028594463774921,0.169209648333987,0.135280913414069,0.951,2000,198.148185968399,0.003781168058611056,0.0009058709789754299,0.002676771058549263
1,adaptive,200,5,none,0.0,3,2,2000,0.0071716698546726,0.0286488943362515,0.0286117673714328,0.169259842656938,0.135302194711611,0.951,2000,198.148185968399,0.0037823119498154034,0.0009064085180040531,0.0026775651677793263
2,naive,500,5,none,0.0,3,2,2000,0.0099002412155511,0.0117964891085327,0.0117043264956545,0.10861164352192,0.0864175195374492,0.948,2000,435.221884012222,0.002419124479605638,0.0003732099310029632,0.0017180935620757915
2,ipw_robust,500,5,none,0.0,3,2,2000,-0.0195321174282248,0.0127124199106777,0.0123370848418686,0.112749367673072,0.0904513176261401,0.941,2000,435.221884012222,0.002483655052726586,0.0004020161032022357,0.0017827865091355605
2,dr_robust,500,5,none,0.0,3,2,2000,0.0056231229935002,0.0115257482813588,0.011499878708513,0.107358037805089,0.0857417361970637,0.9465,2000,435.221884012222,0.002397903116111345,0.0003646566212490266,0.0016983200732071367
2,aipw_robust,500,5,none,0.0,3,2,2000,0.0031063875138555,0.0158731555568766,0.0158714416343075,0.125988712021659,0.100495275114957,0.948,2000,435.221884012222,0.002817041145804184,0.0005022041089585216,0.0019930520000561104
2,reg_adj,500,5,none,0.0,3,2,2000,0.0089903043081704,0.0109109311676971,0.0108355233578225,0.104455402769302,0.083447486255668,0.949,2000,435.221884012222,0.0023276085751069166,0.0003451958012126911,0.0016523597251119852
2,adaptive,500,5,none,0.0,3,2,2000,0.0089903043081704,0.0109109311676971,0.0108355233578225,0.104455402769302,0.083447486255668,0.949,2000,435.221884012222,0.0023276085751069166,0.0003451958012126911,0.0016523597251119852
3,naive,1000,5,none,0.0,3,2,2000,0.0038606957621398,0.0058173823862751,0.0058053801045596,0.0762717666392693,0.0605444885357831,0.95,2000,835.385866165161,0.001703728280061055,0.00018405297121083404,0.0012065602995753378
3,ipw_robust,1000,5,none,0.0,3,2,2000,-0.0257565388116114,0.0068096796487913,0.0061493550347547,0.082520783132441,0.065469482799254,0.936,2000,835.385866165161,0.0017534758388347842,0.00021441437193109073,0.0012991537634038704
3,dr_robust,1000,5,none,0.0,3,2,2000,-0.0002695315799958,0.0058121869293287,0.0058150217929526,0.0762377001838904,0.0608678331843487,0.953,2000,835.385866165161,0.0017051424856815633,0.00018388943238658545,0.0012060268865865047
3,aipw_robust,1000,5,none,0.0,3,2,2000,-0.0046800157973794,0.0083436388254397,0.0083258992271895,0.0913435209822772,0.0732379930805429,0.9495,2000,835.385866165161,0.002040330760831378,0.0002639797620159143,0.0014449835039046317
3,reg_adj,1000,5,none,0.0,3,2,2000,0.0034533931557074,0.0055522404013043,0.0055430860200264,0.074513357200601,0.059542083802834,0.9495,2000,835.385866165161,0.0016647951856048838,0.00017566449690761157,0.0011787450163780484
3,adaptive,1000,5,none,0.0,3,2,2000,0.0034533931557074,0.0055522404013043,0.0055430860200264,0.074513357200601,0.059542083802834,0.9495,2000,835.385866165161,0.0016647951856048838,0.00017566449690761157,0.0011787450163780484
4,naive,200,10,none,0.0,3,2,2000,0.0078592268195554,0.0342368408446791,0.0341921694832195,0.185031999515433,0.14528680489746,0.9495,2000,329.045756101608,0.004134741194030136,0.0010832028341669544,0.002927068931329922
4,ipw_robust,200,10,none,0.0,3,2,2000,-0.0150344013330155,0.0342047720286004,0.033995736673495,0.184945321726721,0.146867548279543,0.9535,2000,329.045756101608,0.004122847115373974,0.001082163778667913,0.0029256316639004807
4,dr_robust,200,10,none,0.0,3,2,2000,0.0037914518992234,0.032978975980399,0.0329810914186041,0.18160114531687,0.143153713161389,0.9475,2000,329.045756101608,0.004060855292829585,0.0010434081678000287,0.0028728017270469833
4,aipw_robust,200,10,none,0.0,3,2,2000,-0.0056611945816018,0.0437633519711318,0.0437531794367594,0.209196921514471,0.166285933790482,0.955,2000,329.045756101608,0.004677241678423267,0.0013846101303181101,0.003309346333335816
4,reg_adj,200,10,none,0.0,3,2,2000,0.0077902285613205,0.0291859165645571,0.0291397988029209,0.170838861400318,0.134780051611395,0.949,2000,329.045756101608,0.003817053759309718,0.000923398465852972,0.002702542203466281
4,adaptive,200,10,none,0.0,3,2,2000,0.0071418006469024,0.0296493836505703,0.0296131849265535,0.172189963849727,0.13550690043737,0.9505,2000,329.045756101608,0.0038479335315564833,0.000938062674469345,0.0027239179726177526
5,naive,500,10,none,0.0,3,2,2000,0.0060218152375588,0.0125896770944664,0.0125596946830526,0.112203730305487,0.0896175498434147,0.9505,2000,792.282344102859,0.002505962358361813,0.0003983174818263297,0.001774974329025722
5,ipw_robust,500,10,none,0.0,3,2,2000,-0.0178699926901946,0.0130107833861813,0.0126977956452563,0.114064820984304,0.0907529751974521,0.9445,2000,792.282344102859,0.002519701931306191,0.00041151398154912086,0.0018038601998321096
5,dr_robust,500,10,none,0.0,3,2,2000,0.0007804785570897,0.0123509220096107,0.0123564911083868,0.111134702094398,0.0888317441031538,0.953,2000,792.282344102859,0.002485607683081423,0.0003907658203389033,0.0017580729195053142
5,aipw_robust,500,10,none,0.0,3,2,2000,-0.0038979262259348,0.0171033483024155,0.0170967028249651,0.130779770233838,0.103635219020857,0.95,2000,792.282344102859,0.002923756387335058,0.0005411254718074654,0.002068842416682326
5,reg_adj,500,10,none,0.0,3,2,2000,0.0049843417950596,0.0115067999192773,0.0114877001062004,0.107269753049391,0.0861151052167006,0.946,2000,792.282344102859,0.0023966330660116076,0.00036405775205748604,0.0016969264014706003
5,adaptive,500,10,none,0.0,3,2,2000,0.0049843417950596,0.0115067999192773,0.0114877001062004,0.107269753049391,0.0861151052167006,0.946,2000,792.282344102859,0.0023966330660116076,0.00036405775205748604,0.0016969264014706003
6,naive,1000,10,none,0.0,3,2,2000,0.0081224403354673,0.0061307818107178,0.0060678416945619,0.0782993091330816,0.0616167989598045,0.944,2000,1420.03727698326,0.0017418153884039922,0.00019395706446334284,0.0012385617868842448
6,ipw_robust,1000,10,none,0.0,3,2,2000,-0.0141714532687605,0.0063319202115881,0.0061341572024407,0.0795733637066333,0.0630545872898361,0.939,2000,1420.03727698326,0.0017513076831957171,0.00020022919677888045,0.0012581420933584914
6,dr_robust,1000,10,none,0.0,3,2,2000,0.003854559318015,0.0059077287962902,0.0058958190782933,0.0768617511919309,0.0606008015321167,0.9405,2000,1420.03727698326,0.0017169477392007743,0.00018691141851620043,0.001215893572665716
6,aipw_robust,1000,10,none,0.0,3,2,2000,-0.0011149825678362,0.0079377098620405,0.0079404368943611,0.0890938261724153,0.0711760466861782,0.953,2000,1420.03727698326,0.0019925407015116527,0.00025113797195028677,0.001409401654073549
6,reg_adj,1000,10,none,0.0,3,2,2000,0.0079668709163378,0.0055996636021348,0.0055389620509627,0.0748309000489428,0.0591821748450774,0.9405,2000,1420.03727698326,0.001664175779622258,0.000177153119869114,0.0011836896238936578
6,adaptive,1000,10,none,0.0,3,2,2000,0.0079668709163378,0.0055996636021348,0.0055389620509627,0.0748309000489428,0.0591821748450774,0.9405,2000,1420.03727698326,0.001664175779622258,0.000177153119869114,0.0011836896238936578
7,naive,200,20,none,0.0,3,2,2000,0.0062278022724333,0.0400958189164881,0.0400770719313092,0.200239404005526,0.15701020776523,0.951,2000,825.439730167389,0.004476442333556259,0.001268574205487774,0.003167643780673571
7,ipw_robust,200,20,none,0.0,3,2,2000,-0.019199904041215,0.0390246737949028,0.0386753751672945,0.197546637012384,0.155168674537276,0.95,2000,825.439730167389,0.004397463767178446,0.0012346250199601696,0.0031248950592937005
7,dr_robust,200,20,none,0.0,3,2,2000,-0.0005606938847173,0.0366395480990981,0.0366575625027171,0.19141459740338,0.151092768557202,0.949,2000,825.439730167389,0.004281212591236103,0.0011592238512366912,0.003028044535166213
7,aipw_robust,200,20,none,0.0,3,2,2000,-0.0048189882445568,0.0451554404080049,0.0451547951578827,0.21249809506912,0.170521932382152,0.9515,2000,825.439730167389,0.004751567907432383,0.0014286541756318384,0.003361569371168092
7,reg_adj,200,20,none,0.0,3,2,2000,0.0047309117243243,0.0303451240439121,0.0303379114739057,0.174198519063487,0.137627317334979,0.949,2000,825.439730167389,0.0038947343602552475,0.0009600765022079462,0.0027556965104222394
7,adaptive,200,20,none,0.0,3,2,2000,0.0048994422712063,0.0327039191089459,0.0326962627057299,0.180842249236582,0.142167753528505,0.9535,2000,825.439730167389,0.004043282249962888,0.0010347054228421197,0.0028607956028253506
8,naive,500,20,none,0.0,3,2,2000,0.0097648843290976,0.0123365714235985,0.0122473421287021,0.111070119400307,0.0883712372943318,0.952,2000,2023.6912560463,0.002474605234042604,0.0003902986420828217,0.0017569920883768444
8,ipw_robust,500,20,none,0.0,3,2,2000,-0.0147695383066615,0.0125942247487624,0.0123822766252831,0.112223993641121,0.0895648197581191,0.949,2000,2023.6912560463,0.002488199813648725,0.00039840042142261597,0.001775023363972651
8,dr_robust,500,20,none,0.0,3,2,2000,0.0044987332952031,0.0118360011605487,0.0118216733959853,0.108793387485402,0.0867325382162628,0.95,2000,2023.6912560463,0.0024312212359208795,0.00037447359072377,0.0017210310266973588
8,aipw_robust,500,20,none,0.0,3,2,2000,-0.0022157271610228,0.0161650881820277,0.0161682628666089,0.127142000070896,0.10028252851301,0.9465,2000,2023.6912560463,0.002843260704420973,0.0005114405914456075,0.0020112967829687346
8,reg_adj,500,20,none,0.0,3,2,2000,0.0088572434518821,0.0111246027659936,0.0110516778433493,0.10547323246205,0.0843106194697446,0.952,2000,2023.6912560463,0.0023507103015205106,0.0003519568272387417,0.0016684651594677266
8,adaptive,500,20,none,0.0,3,2,2000,0.0088572434518821,0.0111246027659936,0.0110516778433493,0.10547323246205,0.0843106194697446,0.952,2000,2023.6912560463,0.0023507103015205106,0.0003519568272387417,0.0016684651594677266
9,naive,1000,20,none,0.0,3,2,2000,0.0109741259256331,0.0059495263679085,0.0058320109335436,0.0771331729407557,0.0616010771583809,0.95,2000,3600.34447002411,0.0017076315371800206,0.00018819422540729906,0.0012199305320412979
9,ipw_robust,1000,20,none,0.0,3,2,2000,-0.0123384116408929,0.0061572298391609,0.0060079974360588,0.0784680179382718,0.0634215441514637,0.9545,2000,3600.34447002411,0.0017332047536368577,0.0001947442040608894,0.0012409145099987631
9,dr_robust,1000,20,none,0.0,3,2,2000,0.006675014496412,0.0057899996974768,0.0057483180379685,0.0760920475311108,0.0607685293697979,0.9515,2000,3600.34447002411,0.001695334485871225,0.00018318133719434415,0.0012036825341008802
9,aipw_robust,1000,20,none,0.0,3,2,2000,0.0019736929611506,0.0076877492620252,0.0076876976469438,0.0876798110286813,0.0701330810265169,0.955,2000,3600.34447002411,0.001960573595525529,0.0002432294994613443,0.0013870325255478737
9,reg_adj,1000,20,none,0.0,3,2,2000,0.0099132345542716,0.0055384115050137,0.0054428607160437,0.0744205046006392,0.0595061635885145,0.9485,2000,3600.34447002411,0.0016496758342237573,0.00017519844970309922,0.0011770845323023679
9,adaptive,1000,20,none,0.0,3,2,2000,0.0099132345542716,0.0055384115050137,0.0054428607160437,0.0744205046006392,0.0595061635885145,0.9485,2000,3600.34447002411,0.0016496758342237573,0.00017519844970309922,0.0011770845323023679
10,naive,200,5,covariate,0.0,3,2,2000,0.0080114834516473,0.0286053665834821,0.0285554604466093,0.169131211145318,0.135342805312097,0.9495,2000,180.866459846497,0.003778588390299299,0.0009050303426262623,0.0026755272917919856
10,ipw_robust,200,5,covariate,0.0,3,2,2000,-0.0199926442103049,0.0293699226623554,0.0289847091944328,0.171376552253671,0.136669064891926,0.9535,2000,180.866459846497,0.003806882529999632,0.0009291308202529693,0.002710787467814363
10,dr_robust,200,5,covariate,0.0,3,2,2000,0.0034658549858819,0.0278392478188447,0.0278411562461846,0.166850974881313,0.133476146803731,0.951,2000,180.866459846497,0.0037310290970578477,0.0008807944399563824,0.0026394644699646573
10,aipw_robust,200,5,covariate,0.0,3,2,2000,0.0019666527446604,0.0368937610799322,0.0369083475306795,0.192077487176223,0.153492205598515,0.9475,2000,180.866459846497,0.004295832138868993,0.0011672667304331189,0.0030385308231417065
10,reg_adj,200,5,covariate,0.0,3,2,2000,0.0076530366812841,0.026517088367889,0.0264717552750814,0.162840684007066,0.13058343212135,0.9485,2000,180.866459846497,0.003638114571799616,0.0008389604723993088,0.002576016176531488
10,adaptive,200,5,covariate,0.0,3,2,2000,0.0075652876635703,0.0265613493379499,0.0265173744477412,0.16297653002181,0.130671181139064,0.948,2000,180.866459846497,0.003641248031083656,0.000840360943886164,0.002578165530256732
11,naive,500,5,covariate,0.0,3,2,2000,0.0143521202875845,0.0112339864488709,0.0110335198520476,0.105990501691759,0.0842132124375027,0.9475,2000,400.804167985916,0.0023487783901474826,0.00035536460605594636,0.00167639835826712
11,ipw_robust,500,5,covariate,0.0,3,2,2000,-0.0157783753901155,0.0118952535745544,0.0116521225058559,0.109065363771247,0.0871020428462343,0.949,2000,400.804167985916,0.0024137235245421025,0.0003762628294759843,0.0017249418901914434
11,dr_robust,500,5,covariate,0.0,3,2,2000,0.0102540697294247,0.0110616221565362,0.0109619571891148,0.105174246641163,0.0833705496486401,0.9515,2000,400.804167985916,0.0023411489902518804,0.0003499567346596666,0.0016636997451175508
11,aipw_robust,500,5,covariate,0.0,3,2,2000,0.0052354891779331,0.0154855797631403,0.0154659023673918,0.124441069439074,0.100285551590891,0.954,2000,400.804167985916,0.0027808184377438056,0.000489940800032735,0.0019685655316254275
11,reg_adj,500,5,covariate,0.0,3,2,2000,0.0121407495507442,0.010628189433594,0.0104860346512657,0.103093110504989,0.0820760141359566,0.9475,2000,400.804167985916,0.0022897635960144117,0.0003362263516991598,0.0016306926333495813
11,adaptive,500,5,covariate,0.0,3,2,2000,0.0121407495507442,0.010628189433594,0.0104860346512657,0.103093110504989,0.0820760141359566,0.9475,2000,400.804167985916,0.0022897635960144117,0.0003362263516991598,0.0016306926333495813
12,naive,1000,5,covariate,0.0,3,2,2000,0.0111374245475413,0.0056519593930326,0.0055306825087348,0.0751795144506309,0.0605985111079394,0.95,2000,735.490218162537,0.001662931524256907,0.00017877506914230792,0.0011889879207700022
12,ipw_robust,1000,5,covariate,0.0,3,2,2000,-0.0178874748791684,0.0062291237865485,0.0059121180880396,0.0789247982990679,0.0633069369736242,0.9485,2000,735.490218162537,0.0017193193548668611,0.00019681576073969195,0.0012468562795301837
12,dr_robust,1000,5,covariate,0.0,3,2,2000,0.0068707931513629,0.0055664699455402,0.0055220231585907,0.074608779279253,0.0598174987048522,0.948,2000,735.490218162537,0.001661629194283535,0.00017610821922186485,0.001180211101985129
12,aipw_robust,1000,5,covariate,0.0,3,2,2000,0.0009356285318951,0.0078176112587586,0.0078206461810994,0.0884172565665697,0.0701729562467714,0.9535,2000,735.490218162537,0.0019774536885979657,0.00024733822811891557,0.0013986988384597392
12,reg_adj,1000,5,covariate,0.0,3,2,2000,0.0097197492011584,0.0054473314159516,0.0053555356592478,0.0738060391563703,0.0593887152317471,0.95,2000,735.490218162537,0.001636388654820089,0.00017231852731630997,0.001167374169417388
12,adaptive,1000,5,covariate,0.0,3,2,2000,0.0097197492011584,0.0054473314159516,0.0053555356592478,0.0738060391563703,0.0593887152317471,0.95,2000,735.490218162537,0.001636388654820089,0.00017231852731630997,0.001167374169417388
13,naive,200,10,covariate,0.0,3,2,2000,0.0088839610167204,0.0326176250764736,0.032554977802028,0.180603502392599,0.143754733566856,0.9505,2000,311.334192991257,0.00403453701197721,0.0010319715924036348,0.002857008803074918
13,ipw_robust,200,10,covariate,0.0,3,2,2000,-0.0147582199047418,0.0335931660373579,0.0333920570111067,0.183284385688901,0.146180533220896,0.95,2000,311.334192991257,0.004086077398380181,0.0010628148423147312,0.002899360025459853
13,dr_robust,200,10,covariate,0.0,3,2,2000,0.0060447561155254,0.0317322663635615,0.0317115830786046,0.178135528077814,0.141779259671142,0.952,2000,311.334192991257,0.00398193314098847,0.001003963109517023,0.0028179755053648454
13,aipw_robust,200,10,covariate,0.0,3,2,2000,0.002649927142742,0.0422597355045316,0.0422738503158277,0.20557172836879,0.165165997235163,0.9545,2000,311.334192991257,0.0045974911808413345,0.0013370385649283262,0.0032520001060888
13,reg_adj,200,10,covariate,0.0,3,2,2000,0.0110915336296813,0.0289129675204661,0.0288043475759958,0.170038135488678,0.135534637150483,0.949,2000,311.334192991257,0.003795019603111149,0.0009147554771557658,0.002689853880503985
13,adaptive,200,10,covariate,0.0,3,2,2000,0.0099647592311624,0.0293344671035132,0.0292497955747655,0.171273077579383,0.136229451567395,0.948,2000,311.334192991257,0.003824251271475601,0.0009280944679936846,0.0027093997524611653
14,naive,500,10,covariate,0.0,3,2,2000,0.0080542948773247,0.0119072476779347,0.0118483001620448,0.109120335767146,0.0863928226264989,0.945,2000,723.577311992645,0.002433957699102924,0.00037672198591372533,0.0017261768086822042
14,ipw_robust,500,10,covariate,0.0,3,2,2000,-0.014608165684068,0.0123669669538129,0.0121596482732963,0.111206865587575,0.0881717163345529,0.945,2000,723.577311992645,0.0024657299399261368,0.00039121189609665226,0.0017589376970101468
14,dr_robust,500,10,covariate,0.0,3,2,2000,0.0036528949045298,0.0116718694180861,0.0116643579558805,0.108036426348182,0.0857116835510232,0.9495,2000,723.577311992645,0.002414990471604443,0.00036928110774491564,0.00170905832517446
14,aipw_robust,500,10,covariate,0.0,3,2,2000,0.0007351702667044,0.0163401099284362,0.0163477433247776,0.127828439435191,0.101656771897889,0.9495,2000,723.577311992645,0.0028589983669790368,0.0005169781261489254,0.0020221561353372898
14,reg_adj,500,10,covariate,0.0,3,2,2000,0.0085083728635648,0.0112712868979092,0.0112044967374925,0.106166317153367,0.0846648622935431,0.9485,2000,723.577311992645,0.0023669069201694964,0.0003565991981995916,0.0016794366036284904
14,adaptive,500,10,covariate,0.0,3,2,2000,0.0085083728635648,0.0112712868979092,0.0112044967374925,0.106166317153367,0.0846648622935431,0.9485,2000,723.577311992645,0.0023669069201694964,0.0003565991981995916,0.0016794366036284904
15,naive,1000,10,covariate,0.0,3,2,2000,0.0092046172956314,0.0059576425136469,0.0058758554618187,0.0771857662632619,0.0616707172814241,0.945,2000,1281.85231280327,0.0017140384274891127,0.00018847106111011722,0.0012208925960991836
15,ipw_robust,1000,10,covariate,0.0,3,2,2000,-0.014019732135897,0.006187584099324,0.0059940282242738,0.0786611981813398,0.0627596639502173,0.939,2000,1281.85231280327,0.0017311886414070824,0.00019566466590520054,0.0012437178076929966
15,dr_robust,1000,10,covariate,0.0,3,2,2000,0.0043538925725092,0.0057177123624264,0.0057016067852861,0.0756155563520261,0.0603368248774961,0.946,2000,1281.85231280327,0.001688432229212369,0.0001808990978135678,0.0011961764651403021
15,aipw_robust,1000,10,covariate,0.0,3,2,2000,-0.0029432727710596,0.007895709904685,0.0078909925463533,0.0888578072241546,0.0712051579891301,0.9535,2000,1281.85231280327,0.001986327332837327,0.0002498088877699061,0.0014056665113270964
15,reg_adj,1000,10,covariate,0.0,3,2,2000,0.0084374544501244,0.0055164642872515,0.0054479976484778,0.0742729041256068,0.0596557146022205,0.948,2000,1281.85231280327,0.0016504541266690509,0.00017451753846039054,0.0011748398727297292
15,adaptive,1000,10,covariate,0.0,3,2,2000,0.0084374544501244,0.0055164642872515,0.0054479976484778,0.0742729041256068,0.0596557146022205,0.948,2000,1281.85231280327,0.0016504541266690509,0.00017451753846039054,0.0011748398727297292
16,naive,200,20,covariate,0.0,3,2,2000,0.0106700021648232,0.038118682708642,0.0380238456852873,0.195240064301982,0.153664518148116,0.947,2000,727.626489877701,0.004360266372900129,0.0012060144237204717,0.003088542374825034
16,ipw_robust,200,20,covariate,0.0,3,2,2000,-0.0147792811436576,0.0369008104026373,0.0367007336183232,0.192095836505212,0.152019410515977,0.9455,2000,727.626489877701,0.004283732812531799,0.0011674659401883583,0.0030387590939709988
16,dr_robust,200,20,covariate,0.0,3,2,2000,0.0047424428799005,0.0356854502651652,0.0356807999006464,0.188905929671795,0.148444154454578,0.949,2000,727.626489877701,0.004223789761614941,0.0011290369606364703,0.002988357651340162
16,aipw_robust,200,20,covariate,0.0,3,2,2000,0.0025705401723681,0.0452138452457391,0.045229852495209,0.212635475040594,0.169567669953131,0.9525,2000,727.626489877701,0.004755515350369979,0.0014305024590088448,0.0033637436526895363
16,reg_adj,200,20,covariate,0.0,3,2,2000,0.0079018588446704,0.0309372190027028,0.0308902247418727,0.175889792207231,0.139260583678253,0.95,2000,727.626489877701,0.003930027019110219,0.0009788071909958831,0.0027824445600648207
16,adaptive,200,20,covariate,0.0,3,2,2000,0.0051971856831887,0.0316193237517978,0.0316081170713079,0.177818232337963,0.140693348840337,0.9485,2000,727.626489877701,0.003975431867816873,0.0010003902148642348,0.0028129573714434516
17,naive,500,20,covariate,0.0,3,2,2000,0.0121191714728455,0.0132372356406613,0.0130969097783623,0.115053186138678,0.0912768696801804,0.9445,2000,1955.95267891884,0.002558994898232732,0.00041877947072953297,0.0018199386074574332
17,ipw_robust,500,20,covariate,0.0,3,2,2000,-0.0111243591814152,0.0131466228776012,0.0130293862035058,0.114658723512872,0.091337075916805,0.9435,2000,1955.95267891884,0.0025523896845413125,0.00041592032115893784,0.0018137316918247618
17,dr_robust,500,20,covariate,0.0,3,2,2000,0.0074064664093631,0.0127686272068428,0.0127201315279337,0.112998350460716,0.089975052523928,0.9485,2000,1955.95267891884,0.0025219170811045413,0.00040397684421577943,0.0017875342541226848
17,aipw_robust,500,20,covariate,0.0,3,2,2000,0.0022509049923362,0.0163785788557532,0.0163817031340357,0.127978821903287,0.101382964962853,0.946,2000,1955.95267891884,0.0028619663811823245,0.0005181951329090065,0.0020245347050491065
17,reg_adj,500,20,covariate,0.0,3,2,2000,0.0111868424983879,0.0119743715237037,0.0118551536554477,0.109427471522026,0.0869476462009815,0.9505,2000,1955.95267891884,0.00243466154274549,0.0003788296518961645,0.001730962283177274
17,adaptive,500,20,covariate,0.0,3,2,2000,0.0111868424983879,0.0119743715237037,0.0118551536554477,0.109427471522026,0.0869476462009815,0.9505,2000,1955.95267891884,0.00243466154274549,0.0003788296518961645,0.001730962283177274
18,naive,1000,20,covariate,0.0,3,2,2000,0.0102108222845594,0.0060324428250477,0.0059311475070744,0.077668802134755,0.0618157958494713,0.9495,2000,3615.11858797073,0.001722084130795357,0.0001908278915850014,0.0012284719626158
18,ipw_robust,1000,20,covariate,0.0,3,2,2000,-0.0141036589939842,0.0062802812222846,0.0060844102303812,0.0792482253573204,0.0632721017935362,0.942,2000,3615.11858797073,0.0017441918229342207,0.0001985965428535021,0.001253003092233643
18,dr_robust,1000,20,covariate,0.0,3,2,2000,0.0052342343722879,0.0058778234261398,0.0058533528931223,0.0766669643727975,0.0614136072531509,0.956,2000,3615.11858797073,0.001710753181075853,0.00018596362859974215,0.001212801564018391
18,aipw_robust,1000,20,covariate,0.0,3,2,2000,0.0008004547161433,0.0079304637640067,0.0079337899312197,0.0890531513423681,0.0716263542126799,0.9465,2000,3615.11858797073,0.00199170654605789,0.00025090872737214124,0.001408758272952708
18,reg_adj,1000,20,covariate,0.0,3,2,2000,0.0090081929322107,0.0056531677365202,0.0055748076004164,0.075187550409095,0.0602070822937691,0.9535,2000,3615.11858797073,0.0016695519758929938,0.00017883859657826526,0.0011892833029218638
18,adaptive,1000,20,covariate,0.0,3,2,2000,0.0090081929322107,0.0056531677365202,0.0055748076004164,0.075187550409095,0.0602070822937691,0.9535,2000,3615.11858797073,0.0016695519758929938,0.00017883859657826526,0.0011892833029218638
19,naive,200,5,outcome,0.0,3,2,2000,0.0084794080966172,0.0299141139537623,0.0298571421631749,0.172956971393935,0.138117688477644,0.952,2000,187.647414922714,0.003863750908325671,0.0009464366945506207,0.002736046679480099
19,ipw_robust,200,5,outcome,0.0,3,2,2000,-0.0216901234370901,0.0302945428436081,0.0298390008893366,0.174053275877267,0.138474525962624,0.95,2000,187.647414922714,0.0038625769176377964,0.0009583538874576454,0.00275304754428588
19,dr_robust,200,5,outcome,0.0,3,2,2000,0.0028753588588035,0.0291638935527789,0.0291702109696969,0.170774393726867,0.136389959495694,0.9515,2000,187.647414922714,0.003819045101180196,0.0009227044751468814,0.002701530525187036
19,aipw_robust,200,5,outcome,0.0,3,2,2000,0.001982226319952,0.0396768671416299,0.0396927843126027,0.199190529748856,0.158718208971671,0.9465,2000,187.647414922714,0.004454928973205,0.0012553202977506205,0.0031510541674178915
19,reg_adj,200,5,outcome,0.0,3,2,2000,0.0060461388933794,0.0276399505898089,0.0276172033959889,0.166252670925339,0.132248942454879,0.9475,2000,187.647414922714,0.003715992693479691,0.0008744878850479683,0.0026299964992462727
19,adaptive,200,5,outcome,0.0,3,2,2000,0.006054353165021,0.0275933858613605,0.0275705159270773,0.16611256984756,0.13212418506104,0.9475,2000,187.647414922714,0.0037128503825953787,0.0008730146353919412,0.0026277801739901406
20,naive,500,5,outcome,0.0,3,2,2000,0.0086385326170948,0.0112032371700573,0.0111341800142879,0.105845345528546,0.085119010459717,0.9555,2000,399.71465587616,0.002359468161926316,0.0003544456575589305,0.0016743563724459574
20,ipw_robust,500,5,outcome,0.0,3,2,2000,-0.0190787006962647,0.0117653117240382,0.011407018412987,0.10846802166555,0.0865630825957491,0.943,2000,399.71465587616,0.0023882020866110767,0.0003720541707011493,0.0017150408248817338
20,dr_robust,500,5,outcome,0.0,3,2,2000,0.0043236369943713,0.0110046584979608,0.0109914603912973,0.104903090983826,0.0844347400035297,0.952,2000,399.71465587616,0.002344297377818917,0.0003481711456572093,0.0016594894506535107
20,aipw_robust,500,5,outcome,0.0,3,2,2000,-0.0006698922759798,0.0157258289244037,0.0157332467921384,0.125402667134331,0.0994246605485021,0.9465,2000,399.71465587616,0.00280475014859955,0.0004975431392246045,0.001983782125987949
20,reg_adj,500,5,outcome,0.0,3,2,2000,0.0074913149460913,0.0104729213583018,0.0104220125649628,0.102337292119255,0.0828524800615825,0.9585,2000,399.71465587616,0.0022827628616396843,0.00033134288647538527,0.001618876558162527
20,adaptive,500,5,outcome,0.0,3,2,2000,0.0074913149460913,0.0104729213583018,0.0104220125649628,0.102337292119255,0.0828524800615825,0.9585,2000,399.71465587616,0.0022827628616396843,0.00033134288647538527,0.001618876558162527
21,naive,1000,5,outcome,0.0,3,2,2000,0.0086526957636112,0.0058468302462333,0.0057748485265189,0.076464568567627,0.0609507572638176,0.9465,2000,734.461011171341,0.0016992422614975917,0.00018496916347272385,0.001209508972179271
21,ipw_robust,1000,5,outcome,0.0,3,2,2000,-0.0205378981858668,0.0065951446491694,0.0061764276010769,0.081210495929833,0.0642960988377388,0.9405,2000,734.461011171341,0.0017573314429948752,0.00020822765722885067,0.001282024292825168
21,dr_robust,1000,5,outcome,0.0,3,2,2000,0.0042476557752784,0.0057281825730747,0.0057129964917354,0.0756847578649413,0.0605542437707171,0.9455,2000,734.461011171341,0.0016901178201142368,0.00018123047012664795,0.0011972719160313092
21,aipw_robust,1000,5,outcome,0.0,3,2,2000,-0.0001417927156674,0.0081295458331006,0.0081335925241885,0.090163994105744,0.0727588082518702,0.957,2000,734.461011171341,0.002016629926906335,0.00025720741514218535,0.001426331085336201
21,reg_adj,1000,5,outcome,0.0,3,2,2000,0.0073668808431794,0.0055247228725538,0.0054731885334629,0.0743284795522808,0.0596081390319465,0.946,2000,734.461011171341,0.0016542654764974847,0.00017478519051434565,0.0011757619123058081
21,adaptive,1000,5,outcome,0.0,3,2,2000,0.0073668808431794,0.0055247228725538,0.0054731885334629,0.0743284795522808,0.0596081390319465,0.946,2000,734.461011171341,0.0016542654764974847,0.00017478519051434565,0.0011757619123058081
22,naive,200,10,outcome,0.0,3,2,2000,0.004636490940431,0.0336337720316084,0.0336290895281317,0.183395125430335,0.145568703315013,0.955,2000,305.724946022034,0.0041005542020641364,0.0010641247646826246,0.0029011806125862545
22,ipw_robust,200,10,outcome,0.0,3,2,2000,-0.0187811157958617,0.0342555088983449,0.0339197384570358,0.18508243811433,0.147869802200077,0.9515,2000,305.724946022034,0.0041182361793027245,0.0010837332221318677,0.0029277040900617998
22,dr_robust,200,10,outcome,0.0,3,2,2000,-0.0004183526592793,0.0335635775225671,0.0335801925999196,0.183203650407319,0.144693910062853,0.95,2000,305.724946022034,0.00409757200058276,0.0010619044633994284,0.0028981531236918117
22,aipw_robust,200,10,outcome,0.0,3,2,2000,-0.0070371664405137,0.0435166975543935,0.0434889203030335,0.208606561628328,0.16590961320524,0.95,2000,305.724946022034,0.004663095554619994,0.0013768055347992997,0.003300005340321794
22,reg_adj,200,10,outcome,0.0,3,2,2000,0.0030171826643696,0.0287911717196309,0.0287964665616816,0.169679614920682,0.134398995536521,0.95,2000,305.724946022034,0.003794500399372861,0.0009109120580167778,0.0026842118260422456
22,adaptive,200,10,outcome,0.0,3,2,2000,0.0026118286731056,0.029180438671616,0.0291882111281624,0.17082282830938,0.135120312502633,0.9485,2000,305.724946022034,0.0038202232348491364,0.0009232279741893237,0.0027022968280247957
23,naive,500,10,outcome,0.0,3,2,2000,0.0047597915493731,0.011793008708648,0.0117762412136614,0.108595620117241,0.0863838899471957,0.9495,2000,719.555671215057,0.0024265449937783353,0.0003731131907484417,0.0017179016536100842
23,ipw_robust,500,10,outcome,0.0,3,2,2000,-0.017985965736703,0.012511651280736,0.0121942534439761,0.111855492850088,0.0890482852425588,0.9505,2000,719.555671215057,0.002469236060401688,0.00039571375538514957,0.0017688615252694684
23,dr_robust,500,10,outcome,0.0,3,2,2000,2.86968364928697e-05,0.0114835106605968,0.0114892544643206,0.107161143427069,0.0848980872041749,0.9505,2000,719.555671215057,0.0023967952002956574,0.00036332215328673055,0.0016952140564550707
23,aipw_robust,500,10,outcome,0.0,3,2,2000,-0.0026043970424825,0.0158424654685102,0.0158436043867487,0.125866856115938,0.100913623449824,0.953,2000,719.555671215057,0.0028145696284466565,0.0005012332098173143,0.001991124690345885
23,reg_adj,500,10,outcome,0.0,3,2,2000,0.0055316736738704,0.011047382335941,0.0110222940693415,0.105106528512462,0.0839136028142568,0.948,2000,719.555671215057,0.0023475832327461256,0.0003495218419811439,0.0016627028165034617
23,adaptive,500,10,outcome,0.0,3,2,2000,0.0055316736738704,0.011047382335941,0.0110222940693415,0.105106528512462,0.0839136028142568,0.948,2000,719.555671215057,0.0023475832327461256,0.0003495218419811439,0.0016627028165034617
24,naive,1000,10,outcome,0.0,3,2,2000,0.0099863992150024,0.0059202159939546,0.0058233995244354,0.0769429398577583,0.0609778116741063,0.948,2000,1283.24853205681,0.001706370347321384,0.00018727919256641054,0.0012170005000629491
24,ipw_robust,1000,10,outcome,0.0,3,2,2000,-0.0132548228732152,0.0061426732612723,0.0059699679158299,0.0783752082056077,0.0626420279470942,0.944,2000,1283.24853205681,0.0017277106117388264,0.00019426334748305266,0.0012393163088857558
24,dr_robust,1000,10,outcome,0.0,3,2,2000,0.0051789820556096,0.005786830828113,0.0057628904181897,0.0760712220758481,0.0606739993445123,0.9485,2000,1283.24853205681,0.0016974820202567244,0.0001830848131220691,0.0012033776251124328
24,aipw_robust,1000,10,outcome,0.0,3,2,2000,-0.0003820617170953,0.0081279874133087,0.008131907395851,0.0901553515511351,0.0720057303400999,0.949,2000,1283.24853205681,0.002016421012072008,0.0002571581068963935,0.0014261943549215507
24,reg_adj,1000,10,outcome,0.0,3,2,2000,0.009740234990033,0.0054801938345916,0.0053880156647629,0.0740283312968193,0.0589143270774085,0.95,2000,1283.24853205681,0.0016413433011961422,0.00017335817939314645,0.0011708907681442966
24,adaptive,1000,10,outcome,0.0,3,2,2000,0.009740234990033,0.0054801938345916,0.0053880156647629,0.0740283312968193,0.0589143270774085,0.95,2000,1283.24853205681,0.0016413433011961422,0.00017335817939314645,0.0011708907681442966
25,naive,200,20,outcome,0.0,3,2,2000,0.0078290007673911,0.038393407297446,0.0383512896892748,0.195942357078417,0.154394821429244,0.9425,2000,728.999887943268,0.004379000438985751,0.0012147109826767396,0.003099664107313476
25,ipw_robust,200,20,outcome,0.0,3,2,2000,-0.0139802250914767,0.0376912508837218,0.0375145614708489,0.194142346961506,0.153388389892057,0.9495,2000,728.999887943268,0.004330967644236615,0.0011924791471356598,0.0030711464185917696
25,dr_robust,200,20,outcome,0.0,3,2,2000,0.0052536421348277,0.035602918074898,0.0355931138761552,0.18868735536569,0.149346870665177,0.947,2000,728.999887943268,0.004218596560241048,0.0011264255630448838,0.0029848994408284224
25,aipw_robust,200,20,outcome,0.0,3,2,2000,0.0030113801856139,0.0472498237997164,0.0472643875828855,0.217370245893306,0.173649660753781,0.9465,2000,728.999887943268,0.004861295484893173,0.0014949179105670145,0.003438644291962525
25,reg_adj,200,20,outcome,0.0,3,2,2000,0.0102241666535416,0.030315487715011,0.030226067164834,0.174113433470858,0.139649087492031,0.948,2000,728.999887943268,0.003887548531197649,0.000959132115248176,0.00275433117401797
25,adaptive,200,20,outcome,0.0,3,2,2000,0.0092475674306036,0.0318954552947217,0.0318258507166965,0.178592987809493,0.142556897979071,0.944,2000,728.999887943268,0.003989100820780072,0.0010091224447182565,0.002825201753706864
26,naive,500,20,outcome,0.0,3,2,2000,0.0113169787799383,0.0128123152960068,0.0126905865805915,0.113191498338023,0.0907669235106486,0.9485,2000,1994.85592412949,0.0025189865601657644,0.00040534140715191205,0.001790511712909055
26,ipw_robust,500,20,outcome,0.0,3,2,2000,-0.0119350719232614,0.01308504646113,0.012949075056845,0.114389887932151,0.0917198571737306,0.9515,2000,1994.85592412949,0.0025445112553145644,0.0004139657367608765,0.0018094507488564694
26,dr_robust,500,20,outcome,0.0,3,2,2000,0.0073685032838182,0.0123712324437413,0.012323099152674,0.111226042111285,0.0891364229650515,0.951,2000,1994.85592412949,0.0024822468806178404,0.00039140379933783867,0.001759497110156214
26,aipw_robust,500,20,outcome,0.0,3,2,2000,0.0038751623429234,0.0163498455742337,0.0163430001911452,0.127866514671487,0.101517116839979,0.946,2000,1994.85592412949,0.002858583582051188,0.0005172857016168777,0.002022756712130152
26,reg_adj,500,20,outcome,0.0,3,2,2000,0.0110250320362875,0.0113379988355467,0.0112220585334122,0.106480039610937,0.0858046362827377,0.951,2000,1994.85592412949,0.002368761124872261,0.00035869584614116415,0.0016843337373454595
26,adaptive,500,20,outcome,0.0,3,2,2000,0.0109742396917323,0.0113598207477268,0.011245009315573,0.106582459850234,0.0858554286272929,0.9515,2000,1994.85592412949,0.002371182122441568,0.00035938669423065533,0.0016859560885330153
27,naive,1000,20,outcome,0.0,3,2,2000,0.0099756345267119,0.0064533748560127,0.0063570400918481,0.0803329002091466,0.0639832915592674,0.951,2000,3604.47192811966,0.0017828404432040602,0.00020414989249117836,0.001270649335201856
27,ipw_robust,1000,20,outcome,0.0,3,2,2000,-0.0135737400039941,0.0066665090186339,0.0064855053536147,0.0816486926939678,0.0648891960347678,0.942,2000,3604.47192811966,0.0018007644701091116,0.0002108355803664761,0.0012911142445153482
27,dr_robust,1000,20,outcome,0.0,3,2,2000,0.0056453455794245,0.0062486880781576,0.0062199281155042,0.0790486437464782,0.0630418834299643,0.951,2000,3604.47192811966,0.0017635090183359143,0.00019769664404945987,0.0012504746108200479
27,aipw_robust,1000,20,outcome,0.0,3,2,2000,0.000999073531958,0.0083893367909481,0.008392534910481,0.0915933228513307,0.0729036406747375,0.9485,2000,3604.47192811966,0.0020484793031027917,0.00026542681892794686,0.0014489419679574963
27,reg_adj,1000,20,outcome,0.0,3,2,2000,0.0095176303036566,0.0060071210806071,0.005919495541781,0.0775056196711386,0.0618491838540692,0.9525,2000,3604.47192811966,0.0017203917492508792,0.00019003385453515882,0.0012259359730396639
27,adaptive,1000,20,outcome,0.0,3,2,2000,0.0095176303036566,0.0060071210806071,0.005919495541781,0.0775056196711386,0.0618491838540692,0.9525,2000,3604.47192811966,0.0017203917492508792,0.00019003385453515882,0.0012259359730396639
28,naive,200,5,treatment,0.0,3,2,2000,0.0013882464439958,0.0285638777714073,0.0285762386625493,0.169008513902132,0.134873530659997,0.947,2000,180.283191919327,0.003779962874324912,0.0009037209535937323,0.0026735959411993034
28,ipw_robust,200,5,treatment,0.0,3,2,2000,-0.0257475666993197,0.0299244767482888,0.029276177646176,0.1729869265242,0.137555063470372,0.941,2000,180.283191919327,0.0038259755387466867,0.0009465258113282748,0.0027358304767495264
28,dr_robust,200,5,treatment,0.0,3,2,2000,-0.0017477727018495,0.0287911247398453,0.028802471266061,0.169679476483885,0.135200351247119,0.9495,2000,180.283191919327,0.003794895997656655,0.0009109107076946166,0.00268421003697854
28,aipw_robust,200,5,treatment,0.0,3,2,2000,-0.0030958384852208,0.0387016042661382,0.0387113757380807,0.196727233158346,0.158271773024704,0.95,2000,180.283191919327,0.004399509957829434,0.0012244642289191792,0.0031120862354974675
28,reg_adj,200,5,treatment,0.0,3,2,2000,0.0030964755475588,0.0271035683242823,0.0271075339304309,0.164631613987965,0.131579755937902,0.945,2000,180.283191919327,0.003681544100675075,0.0008575186403681246,0.0026043559301763618
28,adaptive,200,5,treatment,0.0,3,2,2000,0.0030013838249685,0.0270949929317773,0.0270995343941095,0.164605567742338,0.131531487973852,0.945,2000,180.283191919327,0.0036810008417622986,0.0008572473424353997,0.002603943943674112
29,naive,500,5,treatment,0.0,3,2,2000,0.0085909617431925,0.0121423155721156,0.0120745482225539,0.11019217563927,0.0878264905104466,0.9485,2000,401.062474966049,0.0024570865087084233,0.0003841575585016565,0.001743125391040702
29,ipw_robust,500,5,treatment,0.0,3,2,2000,-0.0214606437848421,0.0127687058000178,0.012314303720218,0.112998698222669,0.0902074026486184,0.939,2000,401.062474966049,0.002481360888727998,0.00040371401837612094,0.0017863657932615487
29,dr_robust,500,5,treatment,0.0,3,2,2000,0.0028668194722105,0.0117478191545165,0.0117454732372489,0.108387356986489,0.0866346021593136,0.9495,2000,401.062474966049,0.0024233729838026275,0.0003716842820532829,0.0017146108752315785
29,aipw_robust,500,5,treatment,0.0,3,2,2000,-0.0021641059372394,0.0158921157958878,0.0158953801314459,0.126063935349837,0.102476148789316,0.9555,2000,401.062474966049,0.0028191647815838912,0.0005028041337574127,0.001994242573667453
29,reg_adj,500,5,treatment,0.0,3,2,2000,0.0068612337357589,0.0114103439026123,0.0113689518501607,0.106819211299337,0.0854861372793962,0.95,2000,401.062474966049,0.0023842139008655137,0.0003610034456068911,0.0016897870767612181
29,adaptive,500,5,treatment,0.0,3,2,2000,0.0068612337357589,0.0114103439026123,0.0113689518501607,0.106819211299337,0.0854861372793962,0.95,2000,401.062474966049,0.0023842139008655137,0.0003610034456068911,0.0016897870767612181
30,naive,1000,5,treatment,0.0,3,2,2000,0.0088919571006944,0.0055817782908907,0.005505464121871,0.074711299619875,0.0593838288886347,0.95,2000,733.177905082703,0.0016591359380519427,0.00017658067609866668,0.0011817534763623092
30,ipw_robust,1000,5,treatment,0.0,3,2,2000,-0.0207134753725065,0.0061773944796907,0.0057512220286977,0.0785964024602321,0.0623757877623195,0.9375,2000,733.177905082703,0.0016957626645108242,0.00019496578200943902,0.0012402971122506977
30,dr_robust,1000,5,treatment,0.0,3,2,2000,0.0042222711698065,0.0054436344298337,0.0054285211165606,0.0737809896235729,0.058321037447227,0.948,2000,733.177905082703,0.0016475013075200578,0.00017222774525303905,0.0011671552938754062
30,aipw_robust,1000,5,treatment,0.0,3,2,2000,0.0006007903297531,0.0077296712455956,0.0077331768850177,0.0879185489279458,0.069662278187939,0.9465,2000,733.177905082703,0.0019663642700448077,0.00024455593900008513,0.0013908096868188332
30,reg_adj,1000,5,treatment,0.0,3,2,2000,0.0070468967070724,0.0052915566617679,0.005244520168652,0.0727430866939801,0.0574842730294271,0.948,2000,733.177905082703,0.001619339397509367,0.00016740927233822558,0.0011506885392593578
30,adaptive,1000,5,treatment,0.0,3,2,2000,0.0070468967070724,0.0052915566617679,0.005244520168652,0.0727430866939801,0.0574842730294271,0.948,2000,733.177905082703,0.001619339397509367,0.00016740927233822558,0.0011506885392593578
31,naive,200,10,treatment,0.0,3,2,2000,0.0101244594800591,0.0317810481344787,0.0316943906500404,0.178272398689418,0.141334191050838,0.944,2000,308.860728025436,0.003980853592512565,0.0010055008927918078,0.0028201249890162975
31,ipw_robust,200,10,treatment,0.0,3,2,2000,-0.0125362456725731,0.0323356230748063,0.0321945629006935,0.179821086290808,0.143566966919508,0.9485,2000,308.860728025436,0.004012141753521023,0.0010230391544528436,0.002844602864867519
31,dr_robust,200,10,treatment,0.0,3,2,2000,0.0048901913061052,0.0304963209545921,0.0304876508089863,0.174631958571712,0.138990201706379,0.949,2000,308.860728025436,0.003904334181969206,0.0009648601004528688,0.002762553052557824
31,aipw_robust,200,10,treatment,0.0,3,2,2000,0.0015282685915645,0.0420288689671463,0.0420475571408287,0.205009436288056,0.161649302823008,0.9505,2000,308.860728025436,0.004585169415672048,0.0013297343623713816,0.0032431052600500536
31,reg_adj,200,10,treatment,0.0,3,2,2000,0.0084101964394616,0.0278025252381558,0.0277456666673391,0.166740892519369,0.132707348383429,0.951,2000,308.860728025436,0.0037246252608375986,0.0008796288983088425,0.002637711976402738
31,adaptive,200,10,treatment,0.0,3,2,2000,0.008595245836148,0.0279321096252455,0.0278721674579907,0.167129020894773,0.132992938881974,0.9505,2000,308.860728025436,0.0037331064449055494,0.000883728472310429,0.0026438510426828807
32,naive,500,10,treatment,0.0,3,2,2000,0.0093413249831924,0.0122808413502558,0.0121996808382333,0.110818957540016,0.0889704164776669,0.9475,2000,722.254822969437,0.0024697855006288803,0.0003885373977547022,0.001753027669541125
32,ipw_robust,500,10,treatment,0.0,3,2,2000,-0.0132986697297215,0.0125306160096177,0.0123599413637194,0.111940234096672,0.0896895310827108,0.9485,2000,722.254822969437,0.002485954682181415,0.00039640884941717777,0.0017706272128877164
32,dr_robust,500,10,treatment,0.0,3,2,2000,0.0044487564222017,0.0118454469659576,0.0118315713179125,0.108836790498239,0.0870765821945951,0.948,2000,722.254822969437,0.002432238816184844,0.0003747724741353837,0.0017217177776913937
32,aipw_robust,500,10,treatment,0.0,3,2,2000,0.000621130349991,0.0161039947076948,0.0161116647371517,0.126901515781707,0.101309742269264,0.953,2000,722.254822969437,0.0028382798256295747,0.0005095077746773965,0.002007492863811965
32,reg_adj,500,10,treatment,0.0,3,2,2000,0.007763840290019,0.0111846937298647,0.011129981504568,0.105757712389521,0.0841682756886183,0.951,2000,722.254822969437,0.002359023262344821,0.00035386191783175604,0.0016729839830897215
32,adaptive,500,10,treatment,0.0,3,2,2000,0.007763840290019,0.0111846937298647,0.011129981504568,0.105757712389521,0.0841682756886183,0.951,2000,722.254822969437,0.002359023262344821,0.00035386191783175604,0.0016729839830897215
33,naive,1000,10,treatment,0.0,3,2,2000,0.0119565432659221,0.0059737531874316,0.0058337111161198,0.077290058787865,0.0621106684819643,0.9505,2000,1283.19309616089,0.0017078804285019194,0.0001889448267299169,0.001222310020804269
33,ipw_robust,1000,10,treatment,0.0,3,2,2000,-0.0115702236246236,0.0062581744802507,0.0061273680895716,0.0791086245630064,0.0631095366441711,0.948,2000,1283.19309616089,0.0017503382658177248,0.00019795247448092852,0.001251143447218378
33,dr_robust,1000,10,treatment,0.0,3,2,2000,0.0077577566801059,0.0058399647027216,0.0057826732506392,0.0764196617548235,0.0613174228201022,0.951,2000,1283.19309616089,0.0017003930796494085,0.00018475752955827328,0.0012088350387563162
33,aipw_robust,1000,10,treatment,0.0,3,2,2000,0.0035762100917353,0.0081790700139466,0.0081703659182856,0.090438211028009,0.072535549002019,0.958,2000,1283.19309616089,0.0020211835540452036,0.0002587737726490056,0.001430666140492665
33,reg_adj,1000,10,treatment,0.0,3,2,2000,0.0114808056866518,0.0055974896747169,0.0054684149829938,0.0748163730390412,0.0602915597210029,0.953,2000,1283.19309616089,0.0016535439188291614,0.00017704557024942979,0.0011832007023184793
33,adaptive,1000,10,treatment,0.0,3,2,2000,0.0114808056866518,0.0055974896747169,0.0054684149829938,0.0748163730390412,0.0602915597210029,0.953,2000,1283.19309616089,0.0016535439188291614,0.00017704557024942979,0.0011832007023184793
34,naive,200,20,treatment,0.0,3,2,2000,0.013681267355826,0.0384347040357431,0.0382666602894263,0.196047708570499,0.155308236818782,0.9495,2000,731.200312137604,0.004374166222803284,0.0012160027026714222,0.0031012928218800023
34,ipw_robust,200,20,treatment,0.0,3,2,2000,-0.0083440167311283,0.0379305216699618,0.0378798389742395,0.194757597207302,0.154427040061353,0.948,2000,731.200312137604,0.004352001779310269,0.0012000653263970695,0.003080920445736726
34,dr_robust,200,20,treatment,0.0,3,2,2000,0.0095104988452128,0.0357140904588812,0.0356414616013971,0.188981719906665,0.147983467605622,0.948,2000,731.200312137604,0.00422146074252723,0.0011299386249435377,0.0029895447705248846
34,aipw_robust,200,20,treatment,0.0,3,2,2000,0.0108091202258334,0.043827861585592,0.043732890951011,0.209351048685198,0.164461829046122,0.9515,2000,731.200312137604,0.004676157126905115,0.0013866452313029865,0.003311770444933597
34,reg_adj,200,20,treatment,0.0,3,2,2000,0.013866490899797,0.0304518511978486,0.0302747089824657,0.17450458789914,0.138485392383825,0.9485,2000,731.200312137604,0.0038906753258570485,0.0009634315855396358,0.002760476378123878
34,adaptive,200,20,treatment,0.0,3,2,2000,0.0131163821480702,0.0318820807651847,0.0317259042366488,0.178555539721356,0.140892675554922,0.9445,2000,731.200312137604,0.003982832173005084,0.0010086868769887546,0.002824574579323767
35,naive,500,20,treatment,0.0,3,2,2000,0.0107597747134816,0.0132829323264648,0.0131737464478039,0.115251604442042,0.0916689330916706,0.95,2000,1956.810349226,0.0025664904488234414,0.00042023554969661676,0.001823122340600238
35,ipw_robust,500,20,treatment,0.0,3,2,2000,-0.0142765906649753,0.0135650836496988,0.0133679465819745,0.116469239070661,0.0930955421968948,0.951,2000,1956.810349226,0.0025853381386169295,0.00042912857443390157,0.0018422399676430983
35,dr_robust,500,20,treatment,0.0,3,2,2000,0.0056321049863252,0.0128448698061391,0.0128195589790516,0.113335209913509,0.0902278807809495,0.9455,2000,1956.810349226,0.002531754231659503,0.00040639190542026364,0.001792875778544015
35,aipw_robust,500,20,treatment,0.0,3,2,2000,0.0009438682000428,0.0174376701934703,0.0174455020573199,0.132051770883507,0.104911388275584,0.9475,2000,1956.810349226,0.002953430383242502,0.0005517033858697832,0.0020889662523211564
35,reg_adj,500,20,treatment,0.0,3,2,2000,0.0084028089054468,0.0116167433321741,0.011551912090718,0.107780997082853,0.0859237797755247,0.9445,2000,1956.810349226,0.0024033218771856175,0.00036752954878307986,0.00170498306162706
35,adaptive,500,20,treatment,0.0,3,2,2000,0.0084028089054468,0.0116167433321741,0.011551912090718,0.107780997082853,0.0859237797755247,0.9445,2000,1956.810349226,0.0024033218771856175,0.00036752954878307986,0.00170498306162706
36,naive,1000,20,treatment,0.0,3,2,2000,0.0071120010840779,0.0061342177060293,0.0060866804868528,0.0783212468365344,0.0623952304140847,0.9495,2000,3610.34717488289,0.001744517194935722,0.00019407064372827066,0.0012389399528669328
36,ipw_robust,1000,20,treatment,0.0,3,2,2000,-0.0172094983106192,0.0065575257833728,0.006264491196868,0.0809785513785771,0.0641533979039831,0.9465,2000,3610.34717488289,0.0017698151311461884,0.0002072547200443606,0.0012796889825519274
36,dr_robust,1000,20,treatment,0.0,3,2,2000,0.0025543699956864,0.0059947981903055,0.0059912690187401,0.0774260821061326,0.0614621904014554,0.953,2000,3610.34717488289,0.0017307901401874377,0.00018966678199382775,0.0012248248706026481
36,aipw_robust,1000,20,treatment,0.0,3,2,2000,-0.0015527681085092,0.0082055467671736,0.0082072392980238,0.0905844731020367,0.071866261375945,0.9515,2000,3610.34717488289,0.002025739284560553,0.00025961192896418935,0.0014329824972970574
36,reg_adj,1000,20,treatment,0.0,3,2,2000,0.0068621018890495,0.0056753555929503,0.0056310826919606,0.0753349559829323,0.0599349668954348,0.948,2000,3610.34717488289,0.001677957492304349,0.00017955336284501634,0.0011917001908496204
36,adaptive,1000,20,treatment,0.0,3,2,2000,0.0068621018890495,0.0056753555929503,0.0056310826919606,0.0753349559829323,0.0599349668954348,0.948,2000,3610.34717488289,0.001677957492304349,0.00017955336284501634,0.0011917001908496204
37,naive,200,5,mixed,0.0,3,2,2000,0.0050117428121274,0.0278255020663583,0.0278142916461665,0.16680977808977,0.132998403018953,0.95,2000,180.553239107132,0.0037292285828416645,0.0008803590599245109,0.0026388113155175435
37,ipw_robust,200,5,mixed,0.0,3,2,2000,-0.0236403975609834,0.0299409990396928,0.0293968290573801,0.173034675830288,0.138141494434121,0.95,2000,180.553239107132,0.003833851135436801,0.0009471174563293939,0.0027367851321845006
37,dr_robust,200,5,mixed,0.0,3,2,2000,0.0017440088581315,0.0278056927555398,0.0278165594683768,0.166750390570876,0.133149602583371,0.944,2000,180.553239107132,0.0037293806099925495,0.0008797330234285236,0.0026378739516493056
37,aipw_robust,200,5,mixed,0.0,3,2,2000,0.0009269995928864,0.0388074624177568,0.0388260160975604,0.196996097468343,0.156725229376425,0.9495,2000,180.553239107132,0.004406019524330345,0.0012278136074309418,0.0031163399255364683
37,reg_adj,200,5,mixed,0.0,3,2,2000,0.0075725436766265,0.0260234424531205,0.0259790885796759,0.161317830549262,0.129005146623342,0.9485,2000,180.553239107132,0.003604101037684425,0.0008233422756595305,0.0025519258251123847
37,adaptive,200,5,mixed,0.0,3,2,2000,0.0075830088522423,0.026032901031731,0.0259883932050803,0.161347144479631,0.129063787286858,0.9485,2000,180.553239107132,0.0036047463991992763,0.0008236415189648023,0.002552389512752677
38,naive,500,5,mixed,0.0,3,2,2000,0.0085962543456945,0.0113673060384367,0.0112990599796507,0.106617569088949,0.0855147997717801,0.9475,2000,401.417658090591,0.002376873995361418,0.00035963684155459433,0.001686574007584792
38,ipw_robust,500,5,mixed,0.0,3,2,2000,-0.0214373755170396,0.0119342368356453,0.011480415974574,0.109243932717773,0.0864486703394638,0.943,2000,401.417658090591,0.00239587311585714,0.00037729544845688045,0.0017268485263689977
38,dr_robust,500,5,mixed,0.0,3,2,2000,0.0042064709651406,0.01099656473762,0.0109843625208998,0.104864506567379,0.0837853014526748,0.951,2000,401.417658090591,0.0023435403261838485,0.00034791513815090534,0.0016588793937029498
38,aipw_robust,500,5,mixed,0.0,3,2,2000,-0.0031315656026211,0.0151639032982778,0.0151616774338713,0.123141801587754,0.0970394857557926,0.944,2000,401.417658090591,0.0027533322932286343,0.0004797643533524133,0.0019480158125286195
38,reg_adj,500,5,mixed,0.0,3,2,2000,0.0065431700688254,0.0103817580596012,0.0103441170435734,0.10189091254671,0.0813227961408296,0.946,2000,401.417658090591,0.0022742160235533254,0.0003284607804889614,0.0016118256882741368
38,adaptive,500,5,mixed,0.0,3,2,2000,0.0065431700688254,0.0103817580596012,0.0103441170435734,0.10189091254671,0.0813227961408296,0.946,2000,401.417658090591,0.0022742160235533254,0.0003284607804889614,0.0016118256882741368
39,naive,1000,5,mixed,0.0,3,2,2000,0.0066908864693116,0.0058346202774623,0.0057927486900621,0.0763846861449489,0.0614946959429828,0.949,2000,732.011713981628,0.0017018737747057065,0.00018459305645047674,0.0012083119389938305
39,ipw_robust,1000,5,mixed,0.0,3,2,2000,-0.0222927718472659,0.0065297740207148,0.0060358242562086,0.0808070171502129,0.0648870386249146,0.9455,2000,732.011713981628,0.0017372138982014564,0.00020598639170148447,0.0012745575753562001
39,dr_robust,1000,5,mixed,0.0,3,2,2000,0.0022445206286372,0.0056753614098145,0.0056731601170206,0.0753349945895964,0.0606304743472803,0.9555,2000,732.011713981628,0.001684214968022283,0.00017956031586081222,0.00119174572746043
39,aipw_robust,1000,5,mixed,0.0,3,2,2000,-0.0033946570954968,0.0082503901752565,0.0082429879724467,0.090831658441628,0.0728229534567811,0.9495,2000,732.011713981628,0.0020301462967538446,0.0002610303241044537,0.001436890664460355
39,reg_adj,1000,5,mixed,0.0,3,2,2000,0.005496274989345,0.0055761389476847,0.0055487042610567,0.0746735491836614,0.0599585188899629,0.95,2000,732.011713981628,0.0016656386554497198,0.0001764181425501136,0.001181262605559359
39,adaptive,1000,5,mixed,0.0,3,2,2000,0.005496274989345,0.0055761389476847,0.0055487042610567,0.0746735491836614,0.0599585188899629,0.95,2000,732.011713981628,0.0016656386554497198,0.0001764181425501136,0.001181262605559359
40,naive,200,10,mixed,0.0,3,2,2000,0.0103540136806193,0.0319329535993972,0.031841668834516,0.178697939549949,0.143047585335469,0.953,2000,309.23903799057,0.0039900920311764735,0.0010103064310134433,0.00282685528875683
40,ipw_robust,200,10,mixed,0.0,3,2,2000,-0.0127519134726226,0.0328861059044941,0.0327398645395506,0.181345267113576,0.144999272147776,0.9515,2000,309.23903799057,0.0040459772947676435,0.0010404549359558286,0.00286871268414244
40,dr_robust,200,10,mixed,0.0,3,2,2000,0.0065863849788692,0.0316760150419931,0.0316484588043054,0.177977568929326,0.142625417429429,0.9505,2000,309.23903799057,0.003977967999136331,0.0010021830144933742,0.0028154756257271272
40,aipw_robust,200,10,mixed,0.0,3,2,2000,-0.0015056153944508,0.0399707838534831,0.0399885112313828,0.199926946291597,0.159306178022431,0.955,2000,309.23903799057,0.004471493667186771,0.0012646194402398067,0.0031627038368188167
40,reg_adj,200,10,mixed,0.0,3,2,2000,0.0092919166490284,0.0286630904542231,0.0285910462623418,0.169301773334549,0.135748627240891,0.951,2000,309.23903799057,0.0037809420957177985,0.0009068544601796741,0.0026782190236946993
40,adaptive,200,10,mixed,0.0,3,2,2000,0.0095270743804483,0.028634193415403,0.0285577071227138,0.169216410006249,0.135724838947303,0.952,2000,309.23903799057,0.003778737032575421,0.0009059396917200659,0.0026768671303409944
41,naive,500,10,mixed,0.0,3,2,2000,0.0120741227975945,0.012188326948605,0.0120485667906689,0.110400756105223,0.0869744073916031,0.9455,2000,721.41556096077,0.0024544415648644906,0.00038559168671802653,0.00174632720065123
41,ipw_robust,500,10,mixed,0.0,3,2,2000,-0.0112232941320407,0.0125640011291156,0.0124442609284055,0.112089255190297,0.0888478780005706,0.943,2000,721.41556096077,0.0024944198652598064,0.0003974854038663636,0.0017730754084838093
41,dr_robust,500,10,mixed,0.0,3,2,2000,0.0078515017637981,0.011968070806187,0.0119123809166984,0.109398678265265,0.0864563625082513,0.9465,2000,721.41556096077,0.0024405307738992353,0.000378646962588132,0.001730582894566632
41,aipw_robust,500,10,mixed,0.0,3,2,2000,0.0050400269004686,0.0160575713850984,0.0160401896087453,0.126718472943365,0.100693772863537,0.952,2000,721.41556096077,0.0028319771899456836,0.0005080379752971872,0.0020045931879413017
41,reg_adj,500,10,mixed,0.0,3,2,2000,0.0117271022785546,0.0112214100950723,0.0110894298821617,0.105931157338492,0.0838795989623039,0.949,2000,721.41556096077,0.002354721839428354,0.0003550008467599788,0.001675620542998556
41,adaptive,500,10,mixed,0.0,3,2,2000,0.0116705365769336,0.0112298962336722,0.0110992444318946,0.105971204738232,0.0839361646639249,0.949,2000,721.41556096077,0.0023557636163136783,0.00035526988720224544,0.0016762567155852676
42,naive,1000,10,mixed,0.0,3,2,2000,0.0087106222631452,0.0060152375311736,0.0059423337578413,0.0775579623969945,0.0617366402322745,0.9445,2000,1285.13482785225,0.0017237073066273898,0.0001902973434569246,0.001226807265015893
42,ipw_robust,1000,10,mixed,0.0,3,2,2000,-0.0148114397486461,0.0065341957520693,0.0063179759926378,0.0808343723428921,0.0642907546470352,0.9445,2000,1285.13482785225,0.0017773542123951827,0.00020661287462942586,0.0012780013541330705
42,dr_robust,1000,10,mixed,0.0,3,2,2000,0.0044593426664576,0.0059422638807485,0.0059253408141386,0.0770860809793085,0.0611183450708912,0.9395,2000,1285.13482785225,0.001721240949742162,0.00018800351938734415,0.0012194388208541058
42,aipw_robust,1000,10,mixed,0.0,3,2,2000,-0.0007758387823635,0.0081631965782017,0.0081666779913811,0.0903504099503799,0.0718510243065635,0.942,2000,1285.13482785225,0.0020207273432332603,0.00025827206756352876,0.0014292799983163928
42,reg_adj,1000,10,mixed,0.0,3,2,2000,0.0088218457502069,0.0056508680216443,0.0055758309746912,0.0751722556642031,0.0596593921697098,0.9415,2000,1285.13482785225,0.0016697052097138585,0.00017876735924291388,0.0011890514503214687
42,adaptive,1000,10,mixed,0.0,3,2,2000,0.0088218457502069,0.0056508680216443,0.0055758309746912,0.0751722556642031,0.0596593921697098,0.9415,2000,1285.13482785225,0.0016697052097138585,0.00017876735924291388,0.0011890514503214687
43,naive,200,20,mixed,0.0,3,2,2000,0.0070532173699371,0.0386323929658619,0.0386019460636262,0.1965512476833,0.157267186009613,0.952,2000,723.913050174713,0.004393287269438808,0.0012222728703095822,0.003109298172146461
43,ipw_robust,200,20,mixed,0.0,3,2,2000,-0.0156275067723277,0.0378214878003658,0.0375960668658796,0.194477473760757,0.156581480721739,0.9575,2000,723.913050174713,0.004335669894369243,0.001196589983695041,0.0030764230955793535
43,dr_robust,200,20,mixed,0.0,3,2,2000,0.0011259901162956,0.0365130607654537,0.036530057940682,0.191083910273612,0.152578324897424,0.9565,2000,723.913050174713,0.004273760518599633,0.0011552219538646653,0.003022813255732807
43,aipw_robust,200,20,mixed,0.0,3,2,2000,-0.0027925902085093,0.0440088248202775,0.0440230377790944,0.209782803919381,0.16855946833261,0.948,2000,723.913050174713,0.004691643516886934,0.0013923772792993195,0.003318616333859296
43,reg_adj,200,20,mixed,0.0,3,2,2000,0.0023887173043926,0.029677132751805,0.0296862699164029,0.172270522004796,0.138456026109892,0.9525,2000,723.913050174713,0.003852678932665094,0.0009389427029920568,0.0027251984032587904
43,adaptive,200,20,mixed,0.0,3,2,2000,0.0008180672776947,0.0310639908025191,0.0310788609989477,0.176249796602774,0.140688403171257,0.9505,2000,723.913050174713,0.003942008434728907,0.0009828210412161711,0.0027881480153739437
44,naive,500,20,mixed,0.0,3,2,2000,0.0122226040379174,0.0131798753792049,0.0130370018306526,0.114803638353516,0.0915057454639905,0.9495,2000,1969.85838699341,0.0025531355066518305,0.00041696362620404956,0.0018159861141338104
44,ipw_robust,500,20,mixed,0.0,3,2,2000,-0.0130670631503831,0.0133534838879209,0.0131893304137516,0.115557275356945,0.0918117224583704,0.945,2000,1969.85838699341,0.0025680080231330663,0.000422448273778746,0.0018278739805600514
44,dr_robust,500,20,mixed,0.0,3,2,2000,0.0067204115423105,0.0125543691705254,0.0125154629707127,0.112046281377498,0.0892985003140669,0.952,2000,1969.85838699341,0.002501545819159895,0.00039719933080359674,0.0017724788628432134
44,aipw_robust,500,20,mixed,0.0,3,2,2000,0.0044977428010679,0.0163326476384078,0.0163205782372219,0.127799247409395,0.102301116699413,0.9495,2000,1969.85838699341,0.0028566219768479954,0.0005167413226014945,0.0020216915712584506
44,reg_adj,500,20,mixed,0.0,3,2,2000,0.0109344835281795,0.0114801211013429,0.0113662412919608,0.107145327015894,0.0856902382315887,0.9495,2000,1969.85838699341,0.0023839296646462537,0.0003631933415298517,0.0016948631902349571
44,adaptive,500,20,mixed,0.0,3,2,2000,0.0109344835281795,0.0114801211013429,0.0113662412919608,0.107145327015894,0.0856902382315887,0.9495,2000,1969.85838699341,0.0023839296646462537,0.0003631933415298517,0.0016948631902349571
45,naive,1000,20,mixed,0.0,3,2,2000,0.0136280288742761,0.0059952073917982,0.0058123904160081,0.0774287245910604,0.0625089850738954,0.952,2000,3611.42542505264,0.0017047566418712233,0.0001895860583122684,0.0012242617924650486
45,ipw_robust,1000,20,mixed,0.0,3,2,2000,-0.0111159729142465,0.0060537772543787,0.0059331789900435,0.0778060232525655,0.062817512578044,0.949,2000,3611.42542505264,0.0017223790218827417,0.00019149119488164623,0.0012305679359813071
45,dr_robust,1000,20,mixed,0.0,3,2,2000,0.0089563453762053,0.0057901420430582,0.0057127823117161,0.0760929828765978,0.0613642094940178,0.954,2000,3611.42542505264,0.0016900861385911814,0.00018317313185207314,0.0012036138217181626
45,aipw_robust,1000,20,mixed,0.0,3,2,2000,0.0043665257521801,0.0080224030769953,0.0080073401999508,0.0895678685522622,0.071902755499329,0.9525,2000,3611.42542505264,0.0020009173146273186,0.0002538165513448565,0.0014168951179002122
45,reg_adj,1000,20,mixed,0.0,3,2,2000,0.0124445193189868,0.0055921266264615,0.0054399805556587,0.0747805230421769,0.0603183391945935,0.9565,2000,3611.42542505264,0.0016492393027785113,0.00017685679282392565,0.001182505722273277
45,adaptive,1000,20,mixed,0.0,3,2,2000,0.0124445193189868,0.0055921266264615,0.0054399805556587,0.0747805230421769,0.0603183391945935,0.9565,2000,3611.42542505264,0.0016492393027785113,0.00017685679282392565,0.001182505722273277
46,naive,200,5,none,0.05,3,2,2000,0.0094966256328672,0.0302295398574538,0.0301544311746302,0.173866442585836,0.138867660718987,0.9495,2000,180.730264902115,0.0038829390398659493,0.000956414517036736,0.002750428727971944
46,ipw_robust,200,5,none,0.05,3,2,2000,-0.0194810455955703,0.0310480507395707,0.0306838815428454,0.176204570711349,0.139999456723274,0.9485,2000,180.730264902115,0.00391687895797441,0.000982237413311897,0.002787207531979853
46,dr_robust,200,5,none,0.05,3,2,2000,0.004038085998494,0.0299721171012526,0.0299707963609018,0.173124571050017,0.138461768478319,0.95,2000,180.730264902115,0.003871097800424435,0.0009482753030746657,0.0027387080219846488
46,aipw_robust,200,5,none,0.05,3,2,2000,0.0014026095703729,0.0408131119005474,0.0408315603671241,0.202022552950277,0.161676664743616,0.9505,2000,180.730264902115,0.004518382474244744,0.0012912695222077775,0.003195854876969089
46,reg_adj,200,5,none,0.05,3,2,2000,0.0095446306375164,0.0277600329319756,0.0276827743451415,0.166613423624796,0.133260615292249,0.9475,2000,180.730264902115,0.0037204014800248037,0.0008782822982905731,0.0026356888874344694
46,adaptive,200,5,none,0.05,3,2,2000,0.0094416532431909,0.0277498927234677,0.0276745852001031,0.166582990498633,0.133215061309439,0.9475,2000,180.730264902115,0.0037198511529430247,0.0008779617062303391,0.002635208143407486
47,naive,500,5,none,0.05,3,2,2000,0.0064852112786586,0.0110841561050699,0.0110476219507164,0.105281318879799,0.0833131901199924,0.944,2000,399.888010025024,0.0023502789143755257,0.0003506839485461084,0.0016654614146052284
47,ipw_robust,500,5,none,0.05,3,2,2000,-0.0221675214522514,0.0120756828664285,0.0115900788985417,0.109889411985088,0.087027898079358,0.9405,2000,399.888010025024,0.0024072888171698154,0.0003817337231707474,0.001736899471363759
47,dr_robust,500,5,none,0.05,3,2,2000,0.0022525762769936,0.0108975092751097,0.0108978841172847,0.104391135998751,0.0825986009034396,0.943,2000,399.888010025024,0.0023342969088447916,0.00034478177466163974,0.00165139392038882
47,aipw_robust,500,5,none,0.05,3,2,2000,-0.0014944650733546,0.0149132567913686,0.0149184826068165,0.122119846017626,0.0970732850775032,0.9495,2000,399.888010025024,0.00273116116393893,0.0004718344645523931,0.001931850063438057
47,reg_adj,500,5,none,0.05,3,2,2000,0.005503597877841,0.0104289742380272,0.0104038865917221,0.102122349356187,0.0810322001854911,0.944,2000,399.888010025024,0.002280776906201273,0.0003299562321333719,0.0016154947189010284
47,adaptive,500,5,none,0.05,3,2,2000,0.005503597877841,0.0104289742380272,0.0104038865917221,0.102122349356187,0.0810322001854911,0.944,2000,399.888010025024,0.002280776906201273,0.0003299562321333719,0.0016154947189010284
48,naive,1000,5,none,0.05,3,2,2000,0.0112960969859284,0.0057678140486765,0.0056430337584402,0.0759461259622673,0.0600694038842143,0.945,2000,733.282299041748,0.0016797371458713711,0.0001824389010306662,0.0012011073555042706
48,ipw_robust,1000,5,none,0.05,3,2,2000,-0.0167282927311447,0.0060527420704369,0.0057757941898329,0.0777993706300824,0.0621190394357383,0.9395,2000,733.282299041748,0.0016993813859509143,0.00019129126023210906,0.001229388224370437
48,dr_robust,1000,5,none,0.05,3,2,2000,0.0068614373102793,0.0055596219090282,0.0055153002371839,0.0745628721886991,0.0590380565714171,0.947,2000,733.282299041748,0.0016606173907893263,0.00017589158563574776,0.0011794850471331913
48,aipw_robust,1000,5,none,0.05,3,2,2000,0.0017952551039321,0.0076570566790966,0.0076576625694932,0.0875046094734254,0.0701159495720106,0.955,2000,733.282299041748,0.001956739963497092,0.00024225844962730118,0.001384261075417253
48,reg_adj,1000,5,none,0.05,3,2,2000,0.0099632230019248,0.0053834733619857,0.0052868509748871,0.0733721565853544,0.0583240181573643,0.949,2000,733.282299041748,0.0016258614601015518,0.00017029503911374539,0.0011604881677127743
48,adaptive,1000,5,none,0.05,3,2,2000,0.0099632230019248,0.0053834733619857,0.0052868509748871,0.0733721565853544,0.0583240181573643,0.949,2000,733.282299041748,0.0016258614601015518,0.00017029503911374539,0.0011604881677127743
49,naive,200,10,none,0.05,3,2,2000,0.0128383063928674,0.032676433417756,0.032527875244341,0.180766239706855,0.143853157035537,0.9525,2000,309.725973844528,0.004032857252887895,0.0010338207262586981,0.0028595514514635715
49,ipw_robust,200,10,none,0.05,3,2,2000,-0.0100718334888192,0.0330948269392559,0.0330098900544566,0.181919836574399,0.145477326770405,0.954,2000,309.725973844528,0.004062627847493332,0.0010470673372359124,0.002877826181444753
49,dr_robust,200,10,none,0.05,3,2,2000,0.0067027378324624,0.0313196702119043,0.0312903887118095,0.176973642703947,0.140606818362126,0.9505,2000,309.725973844528,0.003955400656811488,0.0009909086603728595,0.0027995938978057763
49,aipw_robust,200,10,none,0.05,3,2,2000,0.002993750875667,0.0423583261704618,0.0423705489006065,0.205811384938885,0.164431247769764,0.95,2000,309.725973844528,0.004602746402997155,0.001340157792941649,0.003255791202560549
49,reg_adj,200,10,none,0.05,3,2,2000,0.0090209318836884,0.02854630506024,0.0284791674319058,0.168956518253188,0.1358610074453,0.952,2000,309.725973844528,0.0037735372948935987,0.0009031600567500533,0.002672758843777286
49,adaptive,200,10,none,0.05,3,2,2000,0.0091756442009072,0.0288042428347119,0.0287344175970088,0.169718127596058,0.136377906458051,0.9515,2000,309.725973844528,0.00379041010954018,0.0009113205783213024,0.0026848062467738107
50,naive,500,10,none,0.05,3,2,2000,0.0114341049814133,0.0121121119223141,0.0119873668490127,0.110055040422119,0.0879553195934128,0.95,2000,722.031994819641,0.0024482000376820417,0.000383185843748598,0.0017408827541150257
50,ipw_robust,500,10,none,0.05,3,2,2000,-0.0119165621467034,0.0125224085476432,0.0123865973929435,0.111903568073781,0.0895890663449428,0.9535,2000,722.031994819641,0.0024886339016560372,0.00039616372746545495,0.0017701121344238712
50,dr_robust,500,10,none,0.05,3,2,2000,0.0064280301663326,0.0116226870056462,0.0115871610143341,0.107808566476167,0.0858558665496515,0.9505,2000,722.031994819641,0.002406985772115625,0.00036772252233923714,0.0017054420365589813
50,aipw_robust,500,10,none,0.05,3,2,2000,0.0021358929045414,0.0156976430487439,0.0157009314759823,0.125290235248977,0.100238257562911,0.955,2000,722.031994819641,0.0028018682585002367,0.0004966512918751344,0.001982003189985987
50,reg_adj,500,10,none,0.05,3,2,2000,0.0108069838016953,0.010957878441963,0.0108465107984722,0.104679885565294,0.0838032256577369,0.952,2000,722.031994819641,0.0023287883972650026,0.00034667036791932997,0.0016558595094331402
50,adaptive,500,10,none,0.05,3,2,2000,0.0108069838016953,0.010957878441963,0.0108465107984722,0.104679885565294,0.0838032256577369,0.952,2000,722.031994819641,0.0023287883972650026,0.00034667036791932997,0.0016558595094331402
51,naive,1000,10,none,0.05,3,2,2000,0.0090013477064592,0.0057406974284839,0.0056625044201614,0.0757673902710392,0.0607690639131242,0.9485,2000,1284.43319916725,0.0016826325237795387,0.00018160825084549286,0.0011984591933009308
51,ipw_robust,1000,10,none,0.05,3,2,2000,-0.0133823520899718,0.0059120060485452,0.0057357865943824,0.0768895704796512,0.0615652814242444,0.9465,2000,1284.43319916725,0.0016934855467913507,0.00018695898338904625,0.0012157629586351045
51,dr_robust,1000,10,none,0.05,3,2,2000,0.0046878118038309,0.0056055384068761,0.0055863560053706,0.0748701436279917,0.0600177896044521,0.949,2000,1284.43319916725,0.0016712803483214,0.0001773496553136028,0.0011843816955581282
51,aipw_robust,1000,10,none,0.05,3,2,2000,0.0003539373297156,0.0074331725885032,0.0074367656997196,0.0862158488243501,0.0689768166409437,0.946,2000,1284.43319916725,0.0019283108799827376,0.00023517514176480956,0.0013638741888625273
51,reg_adj,1000,10,none,0.05,3,2,2000,0.0091194976927426,0.0054366437030126,0.0053561565431162,0.0737335995528,0.0593357304923309,0.947,2000,1284.43319916725,0.0016364835078784327,0.0001719863511547138,0.001166268513932755
51,adaptive,1000,10,none,0.05,3,2,2000,0.0091194976927426,0.0054366437030126,0.0053561565431162,0.0737335995528,0.0593357304923309,0.947,2000,1284.43319916725,0.0016364835078784327,0.0001719863511547138,0.001166268513932755
52,naive,200,20,none,0.05,3,2,2000,0.0111677211506982,0.0389243510862171,0.0388190426118233,0.197292552029257,0.154910436661398,0.944,2000,730.466317892075,0.004405623827100046,0.0012315035264576439,0.00312100865894578
52,ipw_robust,200,20,none,0.05,3,2,2000,-0.0142026148684691,0.0373342296217849,0.0371510908981319,0.193220675968657,0.153336301248567,0.9485,2000,730.466317892075,0.004309935666464866,0.0011811821896790438,0.0030565626161836
52,dr_robust,200,20,none,0.05,3,2,2000,0.0058921767838113,0.036454053206394,0.0364375542362604,0.190929445624278,0.151637705595854,0.9465,2000,730.466317892075,0.004268345946397761,0.0011533539865615007,0.003020366981086661
52,aipw_robust,200,20,none,0.05,3,2,2000,0.0012475721841207,0.0459476205076656,0.0459690485956088,0.214353960793043,0.171024185185139,0.953,2000,730.466317892075,0.00479421779832794,0.0014537181723368127,0.003390929113132567
52,reg_adj,200,20,none,0.05,3,2,2000,0.0121049668478803,0.0313429712386373,0.0312120470397689,0.177039462376718,0.140703713643537,0.956,2000,730.466317892075,0.003950445989997136,0.0009916344572475325,0.0028006028823603676
52,adaptive,200,20,none,0.05,3,2,2000,0.0105054895442911,0.0325480041971573,0.0324538658195018,0.180410654333821,0.143641608477204,0.9555,2000,730.466317892075,0.004028266737661609,0.0010297654920372159,0.0028539486646165582
53,naive,500,20,none,0.05,3,2,2000,0.0103040697986865,0.0131678554203468,0.0130682156737675,0.114751276334282,0.0914590319542641,0.945,2000,1954.79122900963,0.002556190101867181,0.00041659724741403994,0.0018152183606239389
53,ipw_robust,500,20,none,0.05,3,2,2000,-0.0139056962246198,0.0132504904060309,0.0130636538454622,0.115110774500178,0.0910522154106761,0.944,2000,1954.79122900963,0.002555743907892788,0.0004191792542000918,0.001820764633111923
53,dr_robust,500,20,none,0.05,3,2,2000,0.0049645716111448,0.0122117144336813,0.0121931640444214,0.110506626198076,0.0883315540343092,0.9505,2000,1954.79122900963,0.002469125760711815,0.00038636032216346245,0.0017481319241026167
53,aipw_robust,500,20,none,0.05,3,2,2000,0.0006731340511429,0.0162730400795162,0.0162807273337322,0.127565826456446,0.102698658859991,0.9515,2000,1954.79122900963,0.002853132255410902,0.0005148561317670953,0.0020180017880528506
53,reg_adj,500,20,none,0.05,3,2,2000,0.0082913153032602,0.0116352120318221,0.0115722522484883,0.107866640032135,0.0867367177221267,0.9505,2000,1954.79122900963,0.002405436784503835,0.00036811426502275575,0.0017063397214981818
53,adaptive,500,20,none,0.05,3,2,2000,0.0082913153032602,0.0116352120318221,0.0115722522484883,0.107866640032135,0.0867367177221267,0.9505,2000,1954.79122900963,0.002405436784503835,0.00036811426502275575,0.0017063397214981818
54,naive,1000,20,none,0.05,3,2,2000,0.0102671606895193,0.0061847211108516,0.0060823476960752,0.0786429978501051,0.0637526358206043,0.952,2000,3602.26520490646,0.0017438961689382772,0.0001956458275978716,0.0012438858699841014
54,ipw_robust,1000,20,none,0.05,3,2,2000,-0.0137240112673307,0.0066759592736171,0.0064908562164595,0.0817065436401344,0.0653832918658654,0.9405,2000,3602.26520490646,0.0018015071768465842,0.00021113100268707033,0.0012920079180987556
54,dr_robust,1000,20,none,0.05,3,2,2000,0.0051089883083697,0.0061082946763072,0.0060852355325384,0.0781555799435155,0.0632133473169397,0.9505,2000,3602.26520490646,0.0017443101118405522,0.0001932556913003544,0.001236352487180211
54,aipw_robust,1000,20,none,0.05,3,2,2000,-0.0004826015380849,0.0082231798623077,0.0082270604883073,0.0906817504369415,0.0722531548523626,0.952,2000,3602.26520490646,0.002028183976899939,0.0002601698608849287,0.0014345216078831995
54,reg_adj,1000,20,none,0.05,3,2,2000,0.0090617889979927,0.0057766539692622,0.0056973866427394,0.0760043023075814,0.0614610826402846,0.949,2000,3602.26520490646,0.0016878072524342642,0.0001827454732301055,0.0012022047942138448
54,adaptive,1000,20,none,0.05,3,2,2000,0.0090617889979927,0.0057766539692622,0.0056973866427394,0.0760043023075814,0.0614610826402846,0.949,2000,3602.26520490646,0.0016878072524342642,0.0001827454732301055,0.0012022047942138448
55,naive,200,5,covariate,0.05,3,2,2000,-0.0861584026217053,0.0483225324817008,0.0409197220003771,0.219823866951932,0.170831287029645,0.929,2000,173.492828130722,0.0045232577861745345,0.001510609137424774,0.0034359534257376446
55,ipw_robust,200,5,covariate,0.05,3,2,2000,-0.0991171202520484,0.0498871870314925,0.0400830250169419,0.223354397833337,0.175630558457447,0.918,2000,173.492828130722,0.0044767747886699585,0.0015473255914648545,0.0034638350676655153
55,dr_robust,200,5,covariate,0.05,3,2,2000,-0.103801828161264,0.0591489768328041,0.0483983564814242,0.243205626647091,0.18302127880578,0.9335,2000,173.492828130722,0.004919266026625527,0.001839936961783798,0.003782677619654088
55,aipw_robust,200,5,covariate,0.05,3,2,2000,-0.0636007926493711,0.0505096427554907,0.0464878258427838,0.224743504367736,0.178225900966475,0.9385,2000,173.492828130722,0.0048211941385295715,0.0015928622407350701,0.00354373365587633
55,reg_adj,200,5,covariate,0.05,3,2,2000,-0.110283212024305,0.0444020305922042,0.0322557716236182,0.210717893384032,0.167931691035052,0.9005,2000,173.492828130722,0.004015953910568334,0.0013509437991945175,0.003205574470916979
55,adaptive,200,5,covariate,0.05,3,2,2000,-0.107739033998848,0.0452987453089253,0.0337078998118262,0.212835018991061,0.169036602286493,0.9035,2000,173.492828130722,0.004105356245919847,0.001385194877890825,0.0032541517003576437
56,naive,500,5,covariate,0.05,3,2,2000,-0.105888126351026,0.0290169421707514,0.0178135536454434,0.170343600322265,0.136332603316636,0.887,2000,401.738739013672,0.0029844223599754943,0.0008466311718719146,0.002485068914447661
56,ipw_robust,500,5,covariate,0.05,3,2,2000,-0.11428166037365,0.0298094302342164,0.0167575110920042,0.172654076795819,0.1395181959117,0.865,2000,401.738739013672,0.0028946080124953185,0.0008476616965345142,0.002454797802246397
56,dr_robust,500,5,covariate,0.05,3,2,2000,-0.144529296994016,0.0436681184770219,0.0227907961855302,0.208969180687062,0.165204349823043,0.8635,2000,401.738739013672,0.003375707050791745,0.0012130793072388864,0.002902531615548398
56,aipw_robust,500,5,covariate,0.05,3,2,2000,-0.0753938424678064,0.0222067425668577,0.0165307764730338,0.149019269112614,0.119115677752796,0.909,2000,401.738739013672,0.002874958823447199,0.0006791141957750937,0.0022786120205095304
56,reg_adj,500,5,covariate,0.05,3,2,2000,-0.122387769693602,0.0270856659993088,0.0121129563068881,0.16457723414649,0.138194281542897,0.8085,2000,401.738739013672,0.0024609912948736837,0.0007138613246304194,0.002168773002938585
56,adaptive,500,5,covariate,0.05,3,2,2000,-0.122428139554234,0.0271456385487396,0.0121630707293933,0.164759335240039,0.138402503758625,0.808,2000,401.738739013672,0.002466076917838665,0.0007159303695521474,0.002172654947014394
57,naive,1000,5,covariate,0.05,3,2,2000,-0.11283199126407,0.0231282876405226,0.0104024306032089,0.152079872568735,0.126855289378739,0.8045,2000,800.868463993073,0.0022806173071351645,0.0006108014918212426,0.002008160190774689
57,ipw_robust,1000,5,covariate,0.05,3,2,2000,-0.120254854276088,0.0240179249623074,0.0095614757232057,0.154977175617274,0.130743616311623,0.7665,2000,800.868463993073,0.002186489849416834,0.000606599717037774,0.0019570614660568164
57,dr_robust,1000,5,covariate,0.05,3,2,2000,-0.170528841851356,0.042398099110084,0.0133246755446914,0.205907986999252,0.174501538660265,0.7155,2000,800.868463993073,0.0025811504745647243,0.000975967416112929,0.0023699115083779493
57,aipw_robust,1000,5,covariate,0.05,3,2,2000,-0.0808980389473353,0.0161194595861282,0.0095797567589831,0.126962433759472,0.102554820736831,0.8635,2000,800.868463993073,0.0021885790777332105,0.00046600540342469395,0.001835209792478981
57,reg_adj,1000,5,covariate,0.05,3,2,2000,-0.129663722155994,0.0234191353257171,0.0066097593620514,0.153033118395062,0.132922317643505,0.6385,2000,800.868463993073,0.0018179328043208033,0.0005156980395882979,0.0016849229924760462
57,adaptive,1000,5,covariate,0.05,3,2,2000,-0.129580278224814,0.0233967480344664,0.006609004031662,0.152959955656591,0.132838873712325,0.639,2000,800.868463993073,0.0018178289291985097,0.0005153864072896203,0.0016847102402628487
58,naive,200,10,covariate,0.05,3,2,2000,-0.067876248893459,0.0466306350602323,0.0420444721324517,0.21594127687923,0.16852766794809,0.942,2000,298.447851896286,0.0045850012067856485,0.0014680432464192978,0.0033991723760166837
58,ipw_robust,200,10,covariate,0.05,3,2,2000,-0.0787999548826357,0.0470258881761971,0.0408368737235535,0.216854532293418,0.171567429524235,0.931,2000,298.447851896286,0.004518676450220435,0.0014747196035588188,0.0034002508224348043
58,dr_robust,200,10,covariate,0.05,3,2,2000,-0.0739823670807946,0.0527554450108375,0.0473057072255728,0.2296855350492,0.174470654974808,0.947,2000,298.447851896286,0.004863419950280502,0.0016600226402972535,0.003613685641853038
58,aipw_robust,200,10,covariate,0.05,3,2,2000,-0.048388412093491,0.0483403052135992,0.0460218777275335,0.219864288172498,0.175770367177366,0.945,2000,298.447851896286,0.004796971843128408,0.0015275889549762243,0.0034739360531750615
58,reg_adj,200,10,covariate,0.05,3,2,2000,-0.088284962403929,0.0414071974502122,0.0336297777524252,0.203487585494084,0.162162908810867,0.9195,2000,298.447851896286,0.004100596161073729,0.001286545259785682,0.003161237715465167
58,adaptive,200,10,covariate,0.05,3,2,2000,-0.0882427573146249,0.0421604262648697,0.0343908374651144,0.205330042285267,0.163457713887804,0.9205,2000,298.447851896286,0.0041467359130474175,0.0013108462009022183,0.003192046780667992
59,naive,500,10,covariate,0.05,3,2,2000,-0.0873863716475736,0.03042289313618,0.0227979141435239,0.17442159595698,0.137568790599105,0.9265,2000,715.075870037079,0.0033762341553514844,0.0009316286100299177,0.002670622880493818
59,ipw_robust,500,10,covariate,0.05,3,2,2000,-0.095388322883992,0.0299697399396766,0.0208812484212665,0.173117705448278,0.137431949896099,0.903,2000,715.075870037079,0.0032311954770074263,0.0009033386189614967,0.0026090301295940673
59,dr_robust,500,10,covariate,0.05,3,2,2000,-0.132307083485916,0.0453677281994903,0.0278765021099961,0.212997014531872,0.163081509043583,0.883,2000,715.075870037079,0.0037333967181372584,0.0013240335612207533,0.003108103566922602
59,aipw_robust,500,10,covariate,0.05,3,2,2000,-0.0629940663023367,0.023616180574466,0.0196577570636947,0.153675569217966,0.122370165315648,0.9225,2000,715.075870037079,0.003135104229821929,0.0007365061409438046,0.0023963019778998835
59,reg_adj,500,10,covariate,0.05,3,2,2000,-0.107602753478077,0.0258563267622625,0.014285116764581,0.16079902599911,0.131482841004871,0.8475,2000,715.075870037079,0.002672556525555727,0.0007313417787788594,0.0022740864698487266
59,adaptive,500,10,covariate,0.05,3,2,2000,-0.106918914308391,0.0262172021027613,0.0147929443380454,0.161917269316035,0.131985032877337,0.856,2000,715.075870037079,0.002719645596217033,0.0007463557140027485,0.0023047440126537366
60,naive,1000,10,covariate,0.05,3,2,2000,-0.0963567686294859,0.0219318602871914,0.0126535602065784,0.148094092681617,0.119539123398603,0.8785,2000,1487.89356398582,0.0025153091466635267,0.0006285537016491758,0.002122143058739299
60,ipw_robust,1000,10,covariate,0.05,3,2,2000,-0.101935868798158,0.0217067647956057,0.0113215042000704,0.147332158049781,0.120315514555525,0.847,2000,1487.89356398582,0.0023792335110356866,0.0006028749262591037,0.0020459719528964026
60,dr_robust,1000,10,covariate,0.05,3,2,2000,-0.164860631712977,0.0436128309804544,0.0164420241037045,0.208836852543928,0.172795006134548,0.7735,2000,1487.89356398582,0.002867230728743721,0.0010789330933624536,0.0025831961174944073
60,aipw_robust,1000,10,covariate,0.05,3,2,2000,-0.0735422105669596,0.0149764733814321,0.0095728030478809,0.122378402430462,0.0993889898142551,0.885,2000,1487.89356398582,0.0021877846155278747,0.000441799434618509,0.0018050547557586756
60,reg_adj,1000,10,covariate,0.05,3,2,2000,-0.11529043169562,0.0202784121599236,0.0069900235311267,0.142402289868961,0.121269722032383,0.7255,2000,1487.89356398582,0.001869495056308882,0.000484439457318212,0.0017009538883257936
60,adaptive,1000,10,covariate,0.05,3,2,2000,-0.115273774711969,0.0202731436325668,0.0069885947936179,0.142383789922051,0.121253065048732,0.7255,2000,1487.89356398582,0.0018693039872661027,0.000484324225441445,0.0017007702411439942
61,naive,200,20,covariate,0.05,3,2,2000,-0.0471268355186703,0.0430958277273456,0.0408953367697266,0.207595346111963,0.163903185763028,0.9465,2000,745.618673086166,0.004521909816091349,0.0013616462960769184,0.0032795684527112128
61,ipw_robust,200,20,covariate,0.05,3,2,2000,-0.0630094196777695,0.0441323775522661,0.0401822817249993,0.21007707526588,0.167502526889279,0.9415,2000,745.618673086166,0.0044823142306736645,0.0013905675485699342,0.0033096603872887825
61,dr_robust,200,20,covariate,0.05,3,2,2000,-0.0383470714870049,0.0410403734769167,0.0395896704204974,0.202584237977481,0.160200110386013,0.9475,2000,745.618673086166,0.00444913870431668,0.0012976035826749634,0.0032026272024657794
61,aipw_robust,200,20,covariate,0.05,3,2,2000,-0.0351147564442049,0.0492679484396978,0.0480589317854547,0.221963844893032,0.177830810174018,0.9495,2000,745.618673086166,0.004901985913150644,0.0015582614296422931,0.0035101694836680375
61,reg_adj,200,20,covariate,0.05,3,2,2000,-0.0712917726240065,0.0392069031895638,0.0341414570742279,0.198007331151056,0.158614700221922,0.9415,2000,745.618673086166,0.004131673817850818,0.0012299138800987693,0.0031057281388245455
61,adaptive,200,20,covariate,0.05,3,2,2000,-0.0705945786800297,0.0409190769364933,0.0359534591270459,0.202284643353106,0.16117068257787,0.9425,2000,745.618673086166,0.004239897352946526,0.0012849148408857125,0.003176006887094188
62,naive,500,20,covariate,0.05,3,2,2000,-0.0741205684566264,0.0249959338741286,0.0195118311213559,0.158101024266539,0.125304301620591,0.9255,2000,1823.25450396538,0.0031234461033733158,0.000771428570115569,0.0024396697418450457
62,ipw_robust,500,20,covariate,0.05,3,2,2000,-0.0826154645783703,0.0256582861279112,0.0188423923365795,0.160182040591045,0.128009709360657,0.913,2000,1823.25450396538,0.0030693967108032403,0.0007824616761196747,0.0024424138724682297
62,dr_robust,500,20,covariate,0.05,3,2,2000,-0.0996934915118628,0.0345921912162322,0.0246657318323224,0.18598976105214,0.141267950038749,0.908,2000,1823.25450396538,0.0035118180357417723,0.0010481858115652875,0.0028178589123286236
62,aipw_robust,500,20,covariate,0.05,3,2,2000,-0.0492401889256278,0.0206421194911566,0.0182266366040271,0.143673656218378,0.114421413551536,0.9365,2000,1823.25450396538,0.0030188273057618832,0.0006485327669370817,0.0022569647909263853
62,reg_adj,500,20,covariate,0.05,3,2,2000,-0.0973179879075907,0.0228387055918438,0.0133746021225231,0.151124801379005,0.122955205878435,0.868,2000,1823.25450396538,0.0025859816436435796,0.0006574314402390908,0.0021751275576214735
62,adaptive,500,20,covariate,0.05,3,2,2000,-0.0969786143016667,0.0229380496151254,0.0135399679672376,0.151453126792171,0.123149845625073,0.872,2000,1823.25450396538,0.002601919288452046,0.000661825892677329,0.0021849198715636568
63,naive,1000,20,covariate,0.05,3,2,2000,-0.0925685211295331,0.0208563794849783,0.0122935951784587,0.14441737944229,0.116191290667877,0.8755,2000,3847.50625300407,0.002479273601123795,0.0006015134434273742,0.002082552133788518
63,ipw_robust,1000,20,covariate,0.05,3,2,2000,-0.0985551811941787,0.0205783628398604,0.0108706744368615,0.143451604521736,0.116678878174753,0.844,2000,3847.50625300407,0.002331380968102543,0.0005738884687828652,0.002000285987376003
63,dr_robust,1000,20,covariate,0.05,3,2,2000,-0.153450150748044,0.0393499612496672,0.0158109179440418,0.198368246576077,0.162114733900388,0.7835,2000,3847.50625300407,0.0028116648043500668,0.000997287759742611,0.00251372832334871
63,aipw_robust,1000,20,covariate,0.05,3,2,2000,-0.0677441630370061,0.0139161545438251,0.0093315486925868,0.117966751857568,0.0941451352514019,0.891,2000,3847.50625300407,0.0021600403575612655,0.0004156053708476531,0.001761536044280728
63,reg_adj,1000,20,covariate,0.05,3,2,2000,-0.116827589972604,0.0204015701319997,0.006756262484435,0.142834065026518,0.122662111937262,0.707,2000,3847.50625300407,0.0018379693257009214,0.000479661641302463,0.0016790869923551184
63,adaptive,1000,20,covariate,0.05,3,2,2000,-0.116757868100202,0.0203839413580458,0.0067549190542688,0.142772341011996,0.12259239006486,0.7075,2000,3847.50625300407,0.0018377865836746116,0.0004793750569886061,0.0016788092623217829
64,naive,200,5,outcome,0.05,3,2,2000,-0.0004878665965994,0.055676821940861,0.0557044361451175,0.235959365020465,0.185181636744437,0.9525,2000,209.72177195549,0.00527752006841838,0.0017615364665814646,0.0037327114912957256
64,ipw_robust,200,5,outcome,0.05,3,2,2000,-0.0249075231672564,0.0336922372238068,0.0330883967118353,0.183554453020914,0.147006898130725,0.9495,2000,209.72177195549,0.00406745600540653,0.0010657847192460277,0.002903184046220315
64,dr_robust,200,5,outcome,0.05,3,2,2000,-0.0015127125772713,0.0318214037622998,0.0318350329794481,0.17838554807579,0.142511272695208,0.9495,2000,209.72177195549,0.003989676238709609,0.0010067844957946815,0.002821934026199625
64,aipw_robust,200,5,outcome,0.05,3,2,2000,-0.0063251414824152,0.0397387933264031,0.0397186452342476,0.199345913743932,0.159940077216484,0.955,2000,209.72177195549,0.004456379990207725,0.001257278354173093,0.003153509220630724
64,reg_adj,200,5,outcome,0.05,3,2,2000,0.0024459079774423,0.0549093212586228,0.0549308041948862,0.234327380514149,0.185044046205506,0.954,2000,209.72177195549,0.005240744422068596,0.0017372537214856096,0.0037068944262378077
64,adaptive,200,5,outcome,0.05,3,2,2000,-0.0208271250710514,0.0365038329655786,0.0360881078807938,0.191059762811479,0.152619628798938,0.9465,2000,209.72177195549,0.0042478293210058355,0.0011548416971010186,0.0030222001747184073
65,naive,500,5,outcome,0.05,3,2,2000,0.0127538128792377,0.0231406574674921,0.0229894924707689,0.152120535982135,0.119162708292797,0.947,2000,456.789308071136,0.0033903902777386043,0.000732117267885158,0.002406372233565945
65,ipw_robust,500,5,outcome,0.05,3,2,2000,-0.0166110595676898,0.0134075376880084,0.0131381794777859,0.115790922303989,0.0913514626346223,0.9475,2000,456.789308071136,0.002563023554104205,0.0004241015500678351,0.00183132469121556
65,dr_robust,500,5,outcome,0.05,3,2,2000,0.0073754986452581,0.0130735887295414,0.0130257036010757,0.114339795038916,0.0896350214423057,0.9465,2000,456.789308071136,0.0025520289576213373,0.0004136255531733574,0.0018087558799304228
65,aipw_robust,500,5,outcome,0.05,3,2,2000,0.0045667299636824,0.0173139115954996,0.0173017074266517,0.13158233770343,0.104148630959794,0.9485,2000,456.789308071136,0.002941233366009207,0.0005477871255103706,0.0020815374429089934
65,reg_adj,500,5,outcome,0.05,3,2,2000,0.0101259231948534,0.0220576435582102,0.021966092283804,0.148518159018385,0.116515446192222,0.9525,2000,456.789308071136,0.003314067914497529,0.0006978637165775463,0.002349422189145093
65,adaptive,500,5,outcome,0.05,3,2,2000,-0.0138691667104636,0.0141905055277191,0.0140051543196363,0.119123908296022,0.0939073764631864,0.9515,2000,456.789308071136,0.0026462383036714872,0.00044892341931492707,0.0018842708644152097
66,naive,1000,5,outcome,0.05,3,2,2000,0.010076301486011,0.012097967760342,0.0120024371272686,0.10999076215911,0.0867093099330349,0.952,2000,833.50813293457,0.0024497384684154144,0.00038274764052233153,0.0017399081205049657
66,ipw_robust,1000,5,outcome,0.05,3,2,2000,-0.0210644338030586,0.0071621845383608,0.0067218350844596,0.0846296906431831,0.0673049771905436,0.9455,2000,833.50813293457,0.001833280541060151,0.00022615959583198363,0.001336171703530862
66,dr_robust,1000,5,outcome,0.05,3,2,2000,0.0049762856454149,0.0064867065729392,0.0064651757419854,0.0805400929533809,0.0643224895546044,0.9535,2000,833.50813293457,0.0017979398963793812,0.00020522840223542507,0.0012740760204623654
66,aipw_robust,1000,5,outcome,0.05,3,2,2000,0.0003797079890746,0.0084631078514768,0.0084671972719558,0.0919951512389475,0.0736870233185945,0.952,2000,833.50813293457,0.0020575710524737413,0.0002677608470482764,0.0014552986947801
66,reg_adj,1000,5,outcome,0.05,3,2,2000,0.0095022173148455,0.0117857503228723,0.0117013088433954,0.108562195643199,0.085417897224677,0.9465,2000,833.50813293457,0.0024188126057422678,0.0003728722313853308,0.0017173207909814867
66,adaptive,1000,5,outcome,0.05,3,2,2000,-0.0196262001883563,0.007282744176443,0.0069010069460826,0.085338995637651,0.0677527925214865,0.948,2000,833.50813293457,0.0018575530875432065,0.00023008751231507767,0.0013480795654780625
67,naive,200,10,outcome,0.05,3,2,2000,0.0103969275141584,0.0667259124816546,0.0666511419508954,0.258313593296316,0.199592281937805,0.9535,2000,347.552808046341,0.005772830412843226,0.0021111097035920517,0.004086331030149004
67,ipw_robust,200,10,outcome,0.05,3,2,2000,-0.0118176975171456,0.0378882976449792,0.0377675234320885,0.194649165538872,0.15452814237504,0.949,2000,347.552808046341,0.00434554504245949,0.0011987221937756183,0.0030791865725625987
67,dr_robust,200,10,outcome,0.05,3,2,2000,0.0068809062107346,0.0366473397845179,0.0366183020652696,0.19143494922432,0.151555147287993,0.949,2000,347.552808046341,0.004278919376739272,0.00115946865854102,0.0030283620186363556
67,aipw_robust,200,10,outcome,0.05,3,2,2000,0.0062889705912638,0.0456091687452978,0.0455924138011006,0.213563032253473,0.169423057302837,0.945,2000,347.552808046341,0.00477453734937222,0.0014430088915544175,0.0033784145044394756
67,reg_adj,200,10,outcome,0.05,3,2,2000,0.0122670550791346,0.0609413663194777,0.0608212963273269,0.246863051750313,0.190471898918152,0.9505,2000,347.552808046341,0.00551458504002463,0.0019280910098251843,0.003905183453243808
67,adaptive,200,10,outcome,0.05,3,2,2000,-0.0103368958599259,0.0389125878252046,0.0388251489836775,0.197262738055631,0.156581100103709,0.9465,2000,347.552808046341,0.004405970323531327,0.0012311333144289693,0.0031205419902510215
68,naive,500,10,outcome,0.05,3,2,2000,0.0111789208921991,0.0244097624454624,0.0242969426444706,0.156236239219531,0.121650187995245,0.9525,2000,792.669661045074,0.0034854657252991745,0.0007722785221397004,0.0024715089341550097
68,ipw_robust,500,10,outcome,0.05,3,2,2000,-0.0155652468636722,0.0139170680738435,0.0136816319799064,0.117970623774919,0.0929716411132081,0.946,2000,792.669661045074,0.002615495362250371,0.000440246000176378,0.0018659136744768826
68,dr_robust,500,10,outcome,0.05,3,2,2000,0.004025998306008,0.0131823733521466,0.0131727510653193,0.11481451716637,0.0904828984868876,0.946,2000,792.669661045074,0.0025663934874955653,0.00041707121211803915,0.0018162825677944944
68,aipw_robust,500,10,outcome,0.05,3,2,2000,-0.0009801768871344,0.0161655125804778,0.0161726381528241,0.127143669053861,0.100344299885152,0.948,2000,792.669661045074,0.0028436453851371922,0.0005114541039434777,0.0020113235198789717
68,reg_adj,500,10,outcome,0.05,3,2,2000,0.0105040650475656,0.0228985943836703,0.0227996588305621,0.151322815145867,0.11877076978021,0.955,2000,792.669661045074,0.0033763633417156175,0.000724469227053143,0.002393787170674805
68,adaptive,500,10,outcome,0.05,3,2,2000,-0.0135676651482353,0.014274929169908,0.0140978965806237,0.119477735038408,0.0944148554966127,0.9455,2000,792.669661045074,0.002654985553691743,0.00045159828714934287,0.0018898847011293337
69,naive,1000,10,outcome,0.05,3,2,2000,0.0109785052421656,0.0125569431640622,0.0124426369051625,0.112057767084938,0.0885266597322913,0.9555,2000,1435.70001792908,0.0024942570943231276,0.0003972638605735713,0.0017725851179617546
69,ipw_robust,1000,10,outcome,0.05,3,2,2000,-0.012098097653914,0.0068000248896222,0.0066569894174873,0.0824622634277171,0.0657516134551633,0.9435,2000,1435.70001792908,0.0018244162652047504,0.00021509113152637661,0.001304179163811798
69,dr_robust,1000,10,outcome,0.05,3,2,2000,0.0064607437309445,0.0065416125830434,0.0065031229349539,0.0808802360471546,0.0647048946292428,0.9495,2000,1435.70001792908,0.0018032086588847531,0.00020696256748873291,0.0012794384487705385
69,aipw_robust,1000,10,outcome,0.05,3,2,2000,0.0009806371838845,0.0086089002563238,0.0086122447294021,0.0927841595118685,0.0741667897127911,0.946,2000,1435.70001792908,0.0020751198434550834,0.00027237349943985223,0.0014677801732148662
69,reg_adj,1000,10,outcome,0.05,3,2,2000,0.0096446915175776,0.0120402375317652,0.0119531940543232,0.109728016166179,0.0860952092926345,0.9515,2000,1435.70001792908,0.0024447079635738908,0.0003809233808818569,0.0017357617233549661
69,adaptive,1000,10,outcome,0.05,3,2,2000,-0.0114922914843174,0.0069313522606118,0.00680268083747,0.0832547431718566,0.0662224081432287,0.9445,2000,1435.70001792908,0.0018442723277040732,0.00021925638939864712,0.0013167801679842576
70,naive,200,20,outcome,0.05,3,2,2000,0.0120524771884094,0.0874779582687856,0.0873763842545358,0.295766729482519,0.217985523405997,0.962,2000,825.130280971527,0.006609704390308836,0.0027676736617817557,0.004678811688224954
70,ipw_robust,200,20,outcome,0.05,3,2,2000,-0.0117886843218424,0.0436413122799226,0.0435241012525088,0.208905031724759,0.167288356864872,0.949,2000,825.130280971527,0.004664981310386398,0.001380740651418149,0.0033047089388381313
70,dr_robust,200,20,outcome,0.05,3,2,2000,0.009769689810946,0.0432283625506128,0.0431544929580898,0.207914315405681,0.165700978273088,0.9505,2000,825.130280971527,0.004645131481351728,0.0013676798537497722,0.003289046863081949
70,aipw_robust,200,20,outcome,0.05,3,2,2000,0.0117715519813366,0.0515900641966358,0.0514772333772752,0.227134462811428,0.181433248052311,0.9515,2000,825.130280971527,0.005073324027561969,0.001632229119509694,0.003593089968176266
70,reg_adj,200,20,outcome,0.05,3,2,2000,0.0097218681170976,0.0668562052173207,0.0667950880416553,0.258565669061693,0.201481271319513,0.952,2000,825.130280971527,0.005779060825153829,0.0021152328535028555,0.004090320383945031
70,adaptive,200,20,outcome,0.05,3,2,2000,-0.0079485689688074,0.044922796409831,0.0448820576900241,0.211949985633005,0.168559225561937,0.9475,2000,825.130280971527,0.00473719630636224,0.0014212917985896923,0.003352894302740561
71,naive,500,20,outcome,0.05,3,2,2000,0.0090657253338277,0.0264525016349668,0.0263835060121444,0.16264225046084,0.126007425311603,0.9455,2000,2259.15618109703,0.0036320452924037444,0.0008369146741104746,0.002572869816235056
71,ipw_robust,500,20,outcome,0.05,3,2,2000,-0.0128425505900258,0.0150412524594109,0.0148837632353712,0.122642783967957,0.0973389117547075,0.9455,2000,2259.15618109703,0.0027279812348485095,0.00047585291750717676,0.0019399955794851466
71,dr_robust,500,20,outcome,0.05,3,2,2000,0.0076575572758819,0.0145022595867098,0.0144508468266898,0.120425327845557,0.0953235122276415,0.95,2000,2259.15618109703,0.0026880147717869593,0.0004588264561056106,0.0019050247332274073
71,aipw_robust,500,20,outcome,0.05,3,2,2000,0.0039843806735682,0.0182389759177982,0.0182322167368147,0.135051752738712,0.107835209338929,0.9525,2000,2259.15618109703,0.0030192893813623346,0.0005770551191789508,0.002136422176968683
71,reg_adj,500,20,outcome,0.05,3,2,2000,0.0088798538089855,0.0251891330515508,0.0251228426692164,0.158710847302731,0.123838415916332,0.949,2000,2259.15618109703,0.0035442095500418987,0.0007969436534019946,0.0025106779623004422
71,adaptive,500,20,outcome,0.05,3,2,2000,-0.0117266518074124,0.0153783233181866,0.0152484331721604,0.124009367864636,0.0981727499586406,0.9485,2000,2259.15618109703,0.002761198396725632,0.00048652694821854734,0.001961654012903372
72,naive,1000,20,outcome,0.05,3,2,2000,0.0114521140444115,0.0128748135971457,0.0127500376999095,0.113467235787014,0.0874119848293135,0.9545,2000,4225.21880102158,0.0025248799674350364,0.00040731783609126076,0.0017948698285724747
72,ipw_robust,1000,20,outcome,0.05,3,2,2000,-0.0117280939031261,0.0068908071819484,0.0067566373140049,0.0830108859243683,0.0657514098176965,0.951,2000,4225.21880102158,0.001838020309192053,0.0002179698929052387,0.0013128994497410395
72,dr_robust,1000,20,outcome,0.05,3,2,2000,0.0072230692875918,0.0067375503769958,0.0066887220080665,0.0820825826652392,0.0648523822314352,0.95,2000,4225.21880102158,0.0018287594166629055,0.0002131594236130446,0.0012984449117688069
72,aipw_robust,1000,20,outcome,0.05,3,2,2000,0.0021512215163599,0.0085562761205961,0.0085559263297485,0.0925001411923039,0.0732639116836724,0.9485,2000,4225.21880102158,0.0020683237572667996,0.00027070844982173914,0.0014632866843897442
72,reg_adj,1000,20,outcome,0.05,3,2,2000,0.0105746024671642,0.0119954358637969,0.0118895584256712,0.109523677183506,0.0845769852385733,0.955,2000,4225.21880102158,0.002438191791643061,0.0003795005047824294,0.0017325043978690538
72,adaptive,1000,20,outcome,0.05,3,2,2000,-0.01093335195455,0.0070444395141766,0.0069283655119705,0.0839311593758637,0.0663659935812474,0.949,2000,4225.21880102158,0.0018612315159552961,0.00022284222477701946,0.001327529766264034
73,naive,200,5,treatment,0.05,3,2,2000,-0.248395885907506,0.0919287658735667,0.0302433714235037,0.30319756904297,0.259197100929886,0.698,2000,213.229902029037,0.0038886611721454787,0.002155626305297891,0.003554821221195856
73,ipw_robust,200,5,treatment,0.05,3,2,2000,-0.235629730505494,0.0866080371088276,0.0311022183198958,0.294292434678208,0.249401407924752,0.7345,2000,213.229902029037,0.003943489464921632,0.0021026230095760727,0.0035723361558294407
73,dr_robust,200,5,treatment,0.05,3,2,2000,-0.2210642113515,0.0773483941119904,0.0284932551991292,0.278115792633195,0.234503704914306,0.7445,2000,213.229902029037,0.0037744705058543773,0.0018965129419807984,0.003409574343162339
73,aipw_robust,200,5,treatment,0.05,3,2,2000,-0.183677033300488,0.074815831256871,0.0410991282589321,0.273524827496282,0.22329845333991,0.8535,2000,213.229902029037,0.0045331627071467494,0.0021124113434530297,0.003861461796336831
73,reg_adj,200,5,treatment,0.05,3,2,2000,-0.24066545648243,0.0854152077970736,0.0275091004033789,0.292258802770889,0.25060108066731,0.689,2000,213.229902029037,0.003708712741867379,0.0019857988820956075,0.0033973294615395016
73,adaptive,200,5,treatment,0.05,3,2,2000,-0.240672013226554,0.0854188063219277,0.0275095431429767,0.292264959107191,0.250607637411434,0.689,2000,213.229902029037,0.003708742586307164,0.0019858616483778334,0.003397365278486052
74,naive,500,5,treatment,0.05,3,2,2000,-0.251060071832204,0.0747561600681925,0.0117308658327175,0.273415727543593,0.251703466712835,0.3705,2000,468.001127958298,0.002421865585939639,0.0012713903286898983,0.0023250131587386276
74,ipw_robust,500,5,treatment,0.05,3,2,2000,-0.240305477899651,0.0704075888924641,0.0126671997837766,0.265344283700373,0.241161078293128,0.445,2000,468.001127958298,0.002516664437681015,0.0012741414745537345,0.002400921280053834
74,dr_robust,500,5,treatment,0.05,3,2,2000,-0.222003912981926,0.0608224804617557,0.0115425143396391,0.246622141061494,0.223341874031555,0.4675,2000,468.001127958298,0.0024023440989624175,0.001127382942110168,0.0022856482740312043
74,aipw_robust,500,5,treatment,0.05,3,2,2000,-0.185614550752781,0.051900106191122,0.0174560727763535,0.227815948061416,0.194624985887084,0.7145,2000,468.001127958298,0.002954325030895678,0.0012278168834353215,0.0026947562141354546
74,reg_adj,500,5,treatment,0.05,3,2,2000,-0.244320923064167,0.0709332278340777,0.0112461374558792,0.266332926680269,0.245128373147585,0.3785,2000,468.001127958298,0.002371301062273536,0.0012120645728481711,0.0022754688801645
74,adaptive,500,5,treatment,0.05,3,2,2000,-0.244320923064167,0.0709332278340777,0.0112461374558792,0.266332926680269,0.245128373147585,0.3785,2000,468.001127958298,0.002371301062273536,0.0012120645728481711,0.0022754688801645
75,naive,1000,5,treatment,0.05,3,2,2000,-0.24190596797138,0.0641961185590942,0.0056804614496489,0.253369529657957,0.24190596797138,0.106,2000,874.805044174194,0.0016852984082424247,0.0008349202229826426,0.0016476334469061168
75,ipw_robust,1000,5,treatment,0.05,3,2,2000,-0.229492928217742,0.0586312697394947,0.0059672492621721,0.242138947175985,0.229500211539868,0.161,2000,874.805044174194,0.0017273171773261708,0.0008149615613593622,0.0016828386570274742
75,dr_robust,1000,5,treatment,0.05,3,2,2000,-0.211895367000557,0.0503163423311709,0.0054194054776091,0.224313045387848,0.211895367000557,0.178,2000,874.805044174194,0.0016461174741811565,0.0007183514019688395,0.0016012252000920757
75,aipw_robust,1000,5,treatment,0.05,3,2,2000,-0.172902085209227,0.0380787845938942,0.0081877473978944,0.195137860483029,0.174415767104152,0.5255,2000,874.805044174194,0.002023332325384834,0.0007460474319391518,0.0019115906828445395
75,reg_adj,1000,5,treatment,0.05,3,2,2000,-0.235337565679379,0.0607617025426927,0.0053806230343137,0.246498889536429,0.235337565679379,0.101,2000,874.805044174194,0.0016402169116177439,0.0007905374624124452,0.0016035314883145041
75,adaptive,1000,5,treatment,0.05,3,2,2000,-0.235337565679379,0.0607617025426927,0.0053806230343137,0.246498889536429,0.235337565679379,0.101,2000,874.805044174194,0.0016402169116177439,0.0007905374624124452,0.0016035314883145041
76,naive,200,10,treatment,0.05,3,2,2000,-0.245730692676999,0.0913183928004006,0.0309502946241948,0.302189332704516,0.258475054277559,0.715,2000,317.899481058121,0.003933846376270609,0.0021669562771254865,0.0035854281448848492
76,ipw_robust,200,10,treatment,0.05,3,2,2000,-0.225331860147102,0.0826179175828788,0.0318594000855683,0.287433327195854,0.24253465414889,0.744,2000,317.899481058121,0.003991202831576485,0.0020616275678648605,0.003586270924074315
76,dr_robust,200,10,treatment,0.05,3,2,2000,-0.218337499863813,0.0772935305624662,0.0296370852583149,0.278017140770972,0.233967119392709,0.752,2000,317.899481058121,0.0038494860214264254,0.0019245860449992737,0.0034612722792238377
76,aipw_robust,200,10,treatment,0.05,3,2,2000,-0.181691365408631,0.0757191381224074,0.0427287502334717,0.275171106990555,0.223396444277628,0.864,2000,317.899481058121,0.004622161303625811,0.0021556548728946176,0.003916935350644587
76,reg_adj,200,10,treatment,0.05,3,2,2000,-0.236650443668962,0.0830377740923045,0.027047865536356,0.288162756254698,0.246393282483828,0.7105,2000,317.899481058121,0.003677490009256041,0.0019393642394174406,0.0033650501276148563
76,adaptive,200,10,treatment,0.05,3,2,2000,-0.236784527581704,0.0831527868348204,0.027099424044752,0.288362249323348,0.24652736639657,0.7105,2000,317.899481058121,0.0036809933472333255,0.0019424574273598926,0.003368085510357088
77,naive,500,10,treatment,0.05,3,2,2000,-0.251469614926527,0.0755759708330744,0.0123451761898735,0.27491084160701,0.252874188772531,0.3855,2000,720.619076967239,0.002484469378949306,0.0013091013633505335,0.0023809562323880945
77,ipw_robust,500,10,treatment,0.05,3,2,2000,-0.231750713299828,0.0664736836152341,0.0127716763384244,0.257824908833949,0.234024110070758,0.4465,2000,720.619076967239,0.0025270216004641115,0.0012389544557957803,0.0024027051175914958
77,dr_robust,500,10,treatment,0.05,3,2,2000,-0.222337829921594,0.0612640271509103,0.0118358344538937,0.247515710917328,0.224499210324116,0.467,2000,720.619076967239,0.002432676967241407,0.001144672388254077,0.002312322688551285
77,aipw_robust,500,10,treatment,0.05,3,2,2000,-0.18829460149181,0.0521626066910063,0.0167161077939438,0.228391345481842,0.195953250926956,0.7,2000,720.619076967239,0.0028910299024693434,0.0012102738041455507,0.0026495614393623602
77,reg_adj,500,10,treatment,0.05,3,2,2000,-0.242846620821257,0.070205788884394,0.0112369261031423,0.264963750132719,0.244155232641459,0.3655,2000,720.619076967239,0.0023703297347776636,0.0012048453359972218,0.0022736040975297957
77,adaptive,500,10,treatment,0.05,3,2,2000,-0.242846620821257,0.070205788884394,0.0112369261031423,0.264963750132719,0.244155232641459,0.3655,2000,720.619076967239,0.0023703297347776636,0.0012048453359972218,0.0022736040975297957
78,naive,1000,10,treatment,0.05,3,2,2000,-0.249825257365431,0.0681861708051115,0.0057763997873012,0.261124818439595,0.249825257365431,0.095,2000,1275.37725496292,0.0016994704744862736,0.0008685664841351102,0.0016631251087610279
78,ipw_robust,1000,10,treatment,0.05,3,2,2000,-0.229818154166869,0.0588242472070502,0.0060108686567116,0.242537104804709,0.229847777527243,0.153,2000,1275.37725496292,0.001733618853253448,0.0008191918188780902,0.0016887968946807208
78,dr_robust,1000,10,treatment,0.05,3,2,2000,-0.219584881644417,0.0537459086887805,0.0055311540189972,0.231831638670783,0.219625892196199,0.1635,2000,1275.37725496292,0.001663002408145761,0.0007509931601420352,0.0016196951469779704
78,aipw_robust,1000,10,treatment,0.05,3,2,2000,-0.18156298860167,0.041627416193791,0.0086666306791605,0.204027978948454,0.182925825272316,0.5085,2000,1275.37725496292,0.002081661677501954,0.0008040544183803405,0.001970451362907139
78,reg_adj,1000,10,treatment,0.05,3,2,2000,-0.240823052863905,0.0633806911103374,0.0053876421407167,0.251755220621812,0.240823052863905,0.0955,2000,1275.37725496292,0.0016412864071691906,0.000808670083234823,0.0016060641786046841
78,adaptive,1000,10,treatment,0.05,3,2,2000,-0.240823052863905,0.0633806911103374,0.0053876421407167,0.251755220621812,0.240823052863905,0.0955,2000,1275.37725496292,0.0016412864071691906,0.000808670083234823,0.0016060641786046841
79,naive,200,20,treatment,0.05,3,2,2000,-0.253623987305368,0.104427493577684,0.0401224278549378,0.323152430870764,0.274830672590863,0.749,2000,760.755846977234,0.004478974651353689,0.002602224000067535,0.004026310421146458
79,ipw_robust,200,20,treatment,0.05,3,2,2000,-0.237231598371237,0.0954868362263481,0.039227618769961,0.309009443587649,0.260371851661861,0.7775,2000,760.755846977234,0.004428748060680411,0.002440117855716547,0.003948290103024666
79,dr_robust,200,20,treatment,0.05,3,2,2000,-0.22848248867044,0.0883944057597997,0.0362082622618931,0.297311967064563,0.250466306644797,0.774,2000,760.755846977234,0.004254894961211916,0.002256432678964753,0.003794722259657237
79,aipw_robust,200,20,treatment,0.05,3,2,2000,-0.199972559916652,0.0883517627466725,0.0483869314928002,0.297240244157268,0.242114914546256,0.847,2000,760.755846977234,0.004918685367697359,0.0024922254188642595,0.004192274545343258
79,reg_adj,200,20,treatment,0.05,3,2,2000,-0.243957511565718,0.0920442097885495,0.0325452149466852,0.30338788668724,0.258941801102851,0.718,2000,760.755846977234,0.004033932011492335,0.0022210505080754533,0.0036604139544389844
79,adaptive,200,20,treatment,0.05,3,2,2000,-0.243526715078099,0.0927065846964212,0.0334180327560695,0.304477560251033,0.259173771846819,0.728,2000,760.755846977234,0.0040876663731320775,0.002253995390368892,0.003701414627256172
80,naive,500,20,treatment,0.05,3,2,2000,-0.250336129256358,0.0755312390349604,0.0128694961719903,0.274829472646149,0.251602477925877,0.401,2000,1969.95603513718,0.002536680525015941,0.0013336565058001478,0.0024263345793288874
80,ipw_robust,500,20,treatment,0.05,3,2,2000,-0.232027822827169,0.0672335353130599,0.0134033264103492,0.259294302507903,0.234116356948453,0.4785,2000,1969.95603513718,0.0025887570772814123,0.001273906012758346,0.002456486703404366
80,dr_robust,500,20,treatment,0.05,3,2,2000,-0.221466921618004,0.0611978484609795,0.0121563292546516,0.24738198895833,0.223350926801462,0.4845,2000,1969.95603513718,0.0024653934021421006,0.0011576933214497386,0.002339890075111218
80,aipw_robust,500,20,treatment,0.05,3,2,2000,-0.187346610476268,0.0526284990623334,0.0175385158633185,0.229409021318547,0.195819884030429,0.703,2000,1969.95603513718,0.0029612932870047254,0.0012404674893706667,0.002703615320445942
80,reg_adj,500,20,treatment,0.05,3,2,2000,-0.240844679364274,0.0694605371690298,0.011460107644772,0.263553670376699,0.241874959234824,0.386,2000,1969.95603513718,0.0023937530830029233,0.0012086553408143278,0.0022929966011985123
80,adaptive,500,20,treatment,0.05,3,2,2000,-0.240844679364274,0.0694605371690298,0.011460107644772,0.263553670376699,0.241874959234824,0.386,2000,1969.95603513718,0.0023937530830029233,0.0012086553408143278,0.0022929966011985123
81,naive,1000,20,treatment,0.05,3,2,2000,-0.249257443483865,0.0683286172645026,0.0062024453550681,0.261397431633332,0.249268376713535,0.1085,2000,3732.76989388466,0.001761028869023461,0.0008995427568974464,0.0017206419192351803
81,ipw_robust,1000,20,treatment,0.05,3,2,2000,-0.230082760458028,0.0594417454954504,0.0065069222966122,0.243806779018653,0.230216753831093,0.1805,2000,3732.76989388466,0.0018037353321111442,0.0008551420586612558,0.001753729043350003
81,dr_robust,1000,20,treatment,0.05,3,2,2000,-0.219041393491861,0.053892261229533,0.0059160872102818,0.232147068104538,0.21916647800493,0.188,2000,3732.76989388466,0.0017198963937228604,0.0007763359755895839,0.0016720779244129686
81,aipw_robust,1000,20,treatment,0.05,3,2,2000,-0.182183508408209,0.0417011383098752,0.0085145648563794,0.204208565711322,0.183694343838444,0.503,2000,3732.76989388466,0.0020633183051070184,0.0007985667013905363,0.001955272293816079
81,reg_adj,1000,20,treatment,0.05,3,2,2000,-0.240089966514075,0.0632239757416531,0.005583575508678,0.251443782467678,0.24009568370849,0.0995,2000,3732.76989388466,0.0016708643734124563,0.0008215147873769815,0.001633595349454671
81,adaptive,1000,20,treatment,0.05,3,2,2000,-0.240089966514075,0.0632239757416531,0.005583575508678,0.251443782467678,0.24009568370849,0.0995,2000,3732.76989388466,0.0016708643734124563,0.0008215147873769815,0.001633595349454671
82,naive,200,5,mixed,0.05,3,2,2000,-0.132781856463059,0.0611218956701441,0.0435126305796574,0.247228428118904,0.195170667169132,0.91,2000,179.20254611969,0.004664366547541981,0.0018514030523645838,0.0037443166759814437
82,ipw_robust,200,5,mixed,0.05,3,2,2000,-0.13742259868801,0.0545144975316216,0.035647350576744,0.233483398835167,0.1890285367033,0.8895,2000,179.20254611969,0.004221809480349865,0.0016177552164995058,0.003464390240527545
82,dr_robust,200,5,mixed,0.05,3,2,2000,-0.129241930301879,0.0565790469299137,0.0398955181408283,0.237863504829795,0.184579067877545,0.912,2000,179.20254611969,0.004466291422468327,0.0017100994330765844,0.00359470746531768
82,aipw_robust,200,5,mixed,0.05,3,2,2000,-0.0944856990111356,0.0532188255446092,0.0443134349444585,0.230692057827332,0.183092793779522,0.928,2000,179.20254611969,0.004707092252360182,0.0016597894719279525,0.003597413555455535
82,reg_adj,200,5,mixed,0.05,3,2,2000,-0.143249026532141,0.0597341292027503,0.03923346233151,0.244405665242748,0.1950611886821,0.895,2000,179.20254611969,0.0044290779137146595,0.0017746628169913892,0.0036305680869319515
82,adaptive,200,5,mixed,0.05,3,2,2000,-0.145086482979413,0.0556675847128046,0.0346348145767576,0.235939790439859,0.191062527302128,0.881,2000,179.20254611969,0.004161418903256292,0.001630246036198911,0.003454792498458331
83,naive,500,5,mixed,0.05,3,2,2000,-0.13319429245999,0.0382374241337994,0.0205069580689164,0.195543918682733,0.157216868127311,0.853,2000,399.70463514328,0.0032021054065189984,0.0010715184146058029,0.0027398408036005584
83,ipw_robust,500,5,mixed,0.05,3,2,2000,-0.137988396466922,0.0359005837453706,0.0168682202960061,0.189474493653818,0.155531540860777,0.8195,2000,399.70463514328,0.0029041539470219292,0.000962759363312357,0.002540604132900811
83,dr_robust,500,5,mixed,0.05,3,2,2000,-0.1576682123982,0.0488372260042784,0.0239899557813253,0.220991461383191,0.172817067678524,0.8545,2000,399.70463514328,0.003463376660235304,0.0013297606266689174,0.003008624447175273
83,aipw_robust,500,5,mixed,0.05,3,2,2000,-0.0901444301971377,0.0258228161784879,0.0177056507082754,0.16069479200798,0.129401776963551,0.894,2000,399.70463514328,0.002975369784436499,0.0007753985750465173,0.002412643761995757
83,reg_adj,500,5,mixed,0.05,3,2,2000,-0.147161851762657,0.0368439870929822,0.0151949739657508,0.191947875979345,0.160665386409878,0.7845,2000,399.70463514328,0.0027563539291744444,0.0009428841406867655,0.0024560942283837167
83,adaptive,500,5,mixed,0.05,3,2,2000,-0.14478364894561,0.0365607362496074,0.0156062343647843,0.191208619705304,0.158833803616263,0.798,2000,399.70463514328,0.0027934060181778356,0.000947544110014597,0.002477775613554917
84,naive,1000,5,mixed,0.05,3,2,2000,-0.128657094708788,0.0285718704221436,0.0120252350207478,0.169032157952691,0.141290544659096,0.7915,2000,758.355576038361,0.0024520639286882183,0.00073668530770631,0.002179127677919413
84,ipw_robust,1000,5,mixed,0.05,3,2,2000,-0.133702457174517,0.0278695985193543,0.0099982505901457,0.166941901628543,0.141647648915149,0.748,2000,758.355576038361,0.00223587237897713,0.0006763352791611775,0.0020256606417065654
84,dr_robust,1000,5,mixed,0.05,3,2,2000,-0.180730639480979,0.0481083506898153,0.0154525128990613,0.21933615910245,0.185224827589277,0.71,2000,758.355576038361,0.002779614442603623,0.001117250394689173,0.0025468905794217797
84,aipw_robust,1000,5,mixed,0.05,3,2,2000,-0.0855746198665668,0.0163733404365138,0.009054852297355,0.127958354305273,0.104688850720152,0.8545,2000,758.355576038361,0.0021277749290461857,0.00046325802611190184,0.0018101906226720343
84,reg_adj,1000,5,mixed,0.05,3,2,2000,-0.148275667575181,0.0298224524759461,0.0078406992306957,0.172691784622043,0.151569335171684,0.6055,2000,758.355576038361,0.001979987276562112,0.0006373716910166397,0.0018454024677885092
84,adaptive,1000,5,mixed,0.05,3,2,2000,-0.141540221298882,0.0292164413599689,0.0091874008150398,0.170928176027151,0.147476046315465,0.6925,2000,758.355576038361,0.0021432919557353588,0.0006726978437038588,0.0019677792723798927
85,naive,200,10,mixed,0.05,3,2,2000,-0.126940299556628,0.0644476071560173,0.0483579464777298,0.253865332717993,0.199275966567281,0.918,2000,297.70272898674,0.004917211937558203,0.0019740707632659605,0.0038880274477233615
85,ipw_robust,200,10,mixed,0.05,3,2,2000,-0.125722912238037,0.0551594673819853,0.0393729031719582,0.234860527509382,0.187082970127415,0.903,2000,297.70272898674,0.004436941692875747,0.001671795878033914,0.0035591248469096846
85,dr_robust,200,10,mixed,0.05,3,2,2000,-0.116985286262255,0.0556802322489562,0.0420156828885386,0.235966591383094,0.182461047770061,0.927,2000,297.70272898674,0.004583431186815102,0.0017074348220892628,0.003617958822224173
85,aipw_robust,200,10,mixed,0.05,3,2,2000,-0.0909842156760965,0.0560264493890708,0.0477722079908718,0.2366990692611,0.189118369357164,0.931,2000,297.70272898674,0.004887341198999298,0.0017530295815937316,0.0037030766260850506
85,reg_adj,200,10,mixed,0.05,3,2,2000,-0.128338202353566,0.0580687535268156,0.0416188687778596,0.240974591039835,0.191610485753573,0.9105,2000,297.70272898674,0.0045617358964466365,0.0017615656553595911,0.00365508589050451
85,adaptive,200,10,mixed,0.05,3,2,2000,-0.130686336617816,0.0548498128655196,0.0377897891815253,0.234200369055046,0.187795107901946,0.8975,2000,297.70272898674,0.004346825806351417,0.0016489043730460724,0.003520285599247961
86,naive,500,10,mixed,0.05,3,2,2000,-0.121655849057658,0.0353597801317939,0.020569919481595,0.188041963752227,0.151967231492996,0.873,2000,689.616482973099,0.003207017265434893,0.0010158726271063626,0.0027011859662477372
86,ipw_robust,500,10,mixed,0.05,3,2,2000,-0.121789701628942,0.0316802479141889,0.0168559444635538,0.177989460121067,0.14589660802868,0.853,2000,689.616482973099,0.0029030970069525578,0.0008855293659567206,0.002487589336341575
86,dr_robust,500,10,mixed,0.05,3,2,2000,-0.143512660428995,0.0449509033932848,0.0243672032915224,0.212016280962771,0.164368011670139,0.8765,2000,689.616482973099,0.003490501632396295,0.001263918022100078,0.0029807098218132023
86,aipw_robust,500,10,mixed,0.05,3,2,2000,-0.0881470843645051,0.0254387141232906,0.0176776444635592,0.159495185266799,0.129395750064822,0.902,2000,689.616482973099,0.0029730156797063145,0.0007662939860765458,0.002402248020197948
86,reg_adj,500,10,mixed,0.05,3,2,2000,-0.134292097714461,0.0348783299868241,0.01685238867261,0.186757409456289,0.153625710445465,0.8235,2000,689.616482973099,0.0029027907841084584,0.0009443766967742655,0.002528351350352445
86,adaptive,500,10,mixed,0.05,3,2,2000,-0.13248046870939,0.0334846431317008,0.0159415393118971,0.182988095601055,0.149654568795237,0.82,2000,689.616482973099,0.002823255152470026,0.0009020615093775921,0.002464809271921816
87,naive,1000,10,mixed,0.05,3,2,2000,-0.12564964749383,0.0291519059635868,0.0133707574269764,0.170739292383408,0.140713421481717,0.817,2000,1332.70441102982,0.002585609930652379,0.0007752210970616151,0.002270189498386808
87,ipw_robust,1000,10,mixed,0.05,3,2,2000,-0.124283376536182,0.0263295313152425,0.0108886179409786,0.162263770803105,0.135398417427355,0.7885,2000,1332.70441102982,0.002333304303019497,0.0006744931248348484,0.0020783848467730223
87,dr_robust,1000,10,mixed,0.05,3,2,2000,-0.172711409005316,0.0462715901064664,0.0164505845981638,0.215108321797336,0.178618253783532,0.7485,2000,1332.70441102982,0.0028679770394969867,0.0011189451743442314,0.0026008876946156554
87,aipw_robust,1000,10,mixed,0.05,3,2,2000,-0.0865394046865038,0.0160431752959411,0.0085583859254092,0.126661656770868,0.104043954878307,0.8555,2000,1332.70441102982,0.002068621029261909,0.0004488147141357038,0.0017717071037038992
87,reg_adj,1000,10,mixed,0.05,3,2,2000,-0.140955509168499,0.0281344429418794,0.0082701224381475,0.167733249363027,0.145321755527459,0.6565,2000,1332.70441102982,0.0020334849935698444,0.0006300984411185471,0.0018782753077024633
87,adaptive,1000,10,mixed,0.05,3,2,2000,-0.136037180552669,0.0278312641897988,0.0093298146043815,0.166827048735506,0.142613060830668,0.718,2000,1332.70441102982,0.0021598396473328178,0.0006575429074069545,0.001970732301479025
88,naive,200,20,mixed,0.05,3,2,2000,-0.116916427166334,0.0655975553429201,0.0519540814423005,0.256120197061692,0.201304121516085,0.922,2000,722.796493053436,0.00509676767384489,0.0020296783275852073,0.003962355079510415
88,ipw_robust,200,20,mixed,0.05,3,2,2000,-0.118121469464924,0.0541196636010884,0.0401870755903307,0.232636333364091,0.185657062991929,0.912,2000,722.796493053436,0.004482581599387271,0.0016542176340076824,0.0035553724779068025
88,dr_robust,200,20,mixed,0.05,3,2,2000,-0.101079963228712,0.0495155065235804,0.0393180065605429,0.222520800204341,0.176900037902842,0.9205,2000,722.796493053436,0.004433847457938923,0.0015327564341507357,0.0034440745151536494
88,aipw_robust,200,20,mixed,0.05,3,2,2000,-0.0875515118863901,0.055601161463246,0.0479598741667366,0.235798985288839,0.188339273778667,0.9365,2000,722.796493053436,0.004896931394594813,0.0017422399473219065,0.0036943330039944226
88,reg_adj,200,20,mixed,0.05,3,2,2000,-0.120170753790545,0.0576471400262572,0.0432277438315852,0.240098188302738,0.190850854253663,0.912,2000,722.796493053436,0.0046490721564407455,0.001765543090503529,0.0036767105636744102
88,adaptive,200,20,mixed,0.05,3,2,2000,-0.123068276192353,0.0538943398977994,0.0387679232544695,0.232151545111807,0.186787323897434,0.9025,2000,722.796493053436,0.00440272207017826,0.0016362439746032374,0.0035240859021963486
89,naive,500,20,mixed,0.05,3,2,2000,-0.114850233939551,0.0335453056137119,0.0203649118336592,0.183153775865287,0.147955213654041,0.885,2000,1792.72434306145,0.003190996069698238,0.0009756943569346265,0.0026635933447865905
89,ipw_robust,500,20,mixed,0.05,3,2,2000,-0.117770056255735,0.0302368442813596,0.0163752457537575,0.173887447164422,0.141917317287566,0.847,2000,1792.72434306145,0.002861402257089826,0.0008499358723034723,0.00244392532688056
89,dr_robust,500,20,mixed,0.05,3,2,2000,-0.112973906100267,0.0305378855576752,0.0177836739350908,0.174750924339974,0.139205190596943,0.879,2000,1792.72434306145,0.002981918336833757,0.0008776154051055794,0.0025110465321436536
89,aipw_robust,500,20,mixed,0.05,3,2,2000,-0.0833572034115693,0.0253550126319388,0.018415797169926,0.159232574029119,0.12833468387243,0.9015,2000,1792.72434306145,0.0030344519414489007,0.0007714033289550556,0.0024222535296515033
89,reg_adj,500,20,mixed,0.05,3,2,2000,-0.125010251111825,0.0323435870558624,0.0167243863660039,0.179843229107638,0.149016039341644,0.8475,2000,1792.72434306145,0.002891745698190273,0.0008957833993490806,0.002490456281823502
89,adaptive,500,20,mixed,0.05,3,2,2000,-0.124512094473376,0.0309043102243157,0.0154087529306341,0.17579621788968,0.145804279193297,0.8295,2000,1792.72434306145,0.0027756758573934835,0.00084569588166542,0.002405330136840976
90,naive,1000,20,mixed,0.05,3,2,2000,-0.122683474625718,0.0265037472052443,0.0114582413796949,0.162799715003572,0.136073814564329,0.8045,2000,3332.14421105385,0.0023935581651272756,0.0006900816340610495,0.002119419048264023
90,ipw_robust,1000,20,mixed,0.05,3,2,2000,-0.125226934312601,0.0249572014945949,0.0092800564454851,0.157978484277432,0.133952074156274,0.7625,2000,3332.14421105385,0.0021540724738834927,0.0006141458694794034,0.0019437642799537138
90,dr_robust,1000,20,mixed,0.05,3,2,2000,-0.150222983808939,0.0358580824776465,0.0132977865064389,0.189362304795982,0.156754657863579,0.7615,2000,3332.14421105385,0.002578544793719793,0.0008814828165036356,0.0023275034000387264
90,aipw_robust,1000,20,mixed,0.05,3,2,2000,-0.0904111699104211,0.0169357052825597,0.0087659085922848,0.13013725555182,0.107111370116461,0.8395,2000,3332.14421105385,0.002093550643319239,0.0004692007849639022,0.0018027150756113372
90,reg_adj,1000,20,mixed,0.05,3,2,2000,-0.138199605064455,0.0273096125389066,0.008214588993432,0.165256202724456,0.14318131136787,0.6575,2000,3332.14421105385,0.002026646120247933,0.000617464567643607,0.0018682039084280298
90,adaptive,1000,20,mixed,0.05,3,2,2000,-0.133307968953013,0.0265486273614933,0.0087820037770042,0.162937495259665,0.140261016800074,0.7035,2000,3332.14421105385,0.0020954717579824596,0.0006239020955060526,0.001914544268990303
91,naive,200,5,none,0.1,3,2,2000,0.0071011476023543,0.0295449014610247,0.0295092297786436,0.171886303878537,0.135998833970274,0.945,2000,180.440097093582,0.0038411736343625237,0.0009347570403665673,0.0027191143775687644
91,ipw_robust,200,5,none,0.1,3,2,2000,-0.0203623514724451,0.0311695177378047,0.0307702775190769,0.176548910327435,0.140105749204056,0.95,2000,180.440097093582,0.00392238941966991,0.0009860660491233211,0.002792614373247962
91,dr_robust,200,5,none,0.1,3,2,2000,0.0037806357331597,0.0293042900350541,0.0293046491530838,0.171184958553765,0.13532679199032,0.947,2000,180.440097093582,0.0038278354949686515,0.0009271462542617486,0.002708024881667844
91,aipw_robust,200,5,none,0.1,3,2,2000,0.0028722461397476,0.0400384474942894,0.040050222807806,0.200096095649789,0.159242122154439,0.9475,2000,180.440097093582,0.004474942614593286,0.001266760103351031,0.0031653793624442637
91,reg_adj,200,5,none,0.1,3,2,2000,0.0088101741369826,0.0274367098053517,0.0273727770255405,0.165640302479052,0.131665563311894,0.946,2000,180.440097093582,0.0036995119289941814,0.0008680542762205812,0.0026202991157009063
91,adaptive,200,5,none,0.1,3,2,2000,0.0087329047847002,0.0274519063759286,0.0273893374186593,0.165686168330156,0.131681485585535,0.946,2000,180.440097093582,0.0037006308528857146,0.0008685352178251435,0.0026210251180848396
92,naive,500,5,none,0.1,3,2,2000,0.011486578972987,0.0117310220776789,0.0116048830226875,0.10830984293996,0.0858708135365679,0.946,2000,398.934433937073,0.0024088257536284663,0.00037112752691731735,0.0017132677734702586
92,ipw_robust,500,5,none,0.1,3,2,2000,-0.017889702632282,0.012323712852207,0.0120096762300506,0.111012219382404,0.0881985330944679,0.94,2000,398.934433937073,0.0024504771198738625,0.00038976853616826037,0.0017555208712007817
92,dr_robust,500,5,none,0.1,3,2,2000,0.0071502392759246,0.0115470248547514,0.0115016497579274,0.107457083781161,0.0854298923300667,0.9445,2000,398.934433937073,0.0023980877546419567,0.0003653272670414694,0.0016998752161628886
92,aipw_robust,500,5,none,0.1,3,2,2000,0.0052832984528601,0.0160361945293987,0.0160162894315725,0.126634097025243,0.10077013963872,0.9515,2000,398.934433937073,0.002829866554413167,0.0005073614690720546,0.002003257736227701
92,reg_adj,500,5,none,0.1,3,2,2000,0.0111476612873687,0.0111046526968695,0.0109858752823327,0.10537861593734,0.0832300484727555,0.9415,2000,398.934433937073,0.002343701696284395,0.00035131167486948753,0.0016669021117072921
92,adaptive,500,5,none,0.1,3,2,2000,0.0111476612873687,0.0111046526968695,0.0109858752823327,0.10537861593734,0.0832300484727555,0.9415,2000,398.934433937073,0.002343701696284395,0.00035131167486948753,0.0016669021117072921
93,naive,1000,5,none,0.1,3,2,2000,0.0100931200555228,0.00577561935356,0.005676586574392,0.0759974957058458,0.0601841574512558,0.947,2000,735.050949811935,0.0016847235046725025,0.0001827024768879822,0.0012020295878902793
93,ipw_robust,1000,5,none,0.1,3,2,2000,-0.0184546051227681,0.0063192214351082,0.0059816398047732,0.0794935307752034,0.0628137947228827,0.9425,2000,735.050949811935,0.0017293987112249737,0.00019963561356517602,0.001255672075566235
93,dr_robust,1000,5,none,0.1,3,2,2000,0.0055497909744857,0.0056887212640055,0.0056607514598749,0.0754236121118945,0.059747717642327,0.9435,2000,735.050949811935,0.0016823720545519798,0.0001799800306053288,0.0011931278916894085
93,aipw_robust,1000,5,none,0.1,3,2,2000,0.0004374693915951,0.0081068437588437,0.0081107077332417,0.0900380128548144,0.0718970959148452,0.954,2000,735.050949811935,0.0020137909192914864,0.00025648915060863363,0.001424338134950959
93,reg_adj,1000,5,none,0.1,3,2,2000,0.0090139575035204,0.0054770946017079,0.0053985424430542,0.0740073955879274,0.058724915315096,0.944,2000,735.050949811935,0.001642945897321972,0.00017326724761171282,0.0011706076550542562
93,adaptive,1000,5,none,0.1,3,2,2000,0.0090139575035204,0.0054770946017079,0.0053985424430542,0.0740073955879274,0.058724915315096,0.944,2000,735.050949811935,0.001642945897321972,0.00017326724761171282,0.0011706076550542562
94,naive,200,10,none,0.1,3,2,2000,0.0066405945120795,0.0343614692200191,0.0343345389940423,0.185368468785873,0.147754386758458,0.951,2000,308.08559513092,0.004143340379092834,0.0010871470472246085,0.0029323947442227035
94,ipw_robust,200,10,none,0.1,3,2,2000,-0.0147116553201503,0.0343562322205425,0.0341568778572122,0.18535434232988,0.14778661946487,0.9455,2000,308.08559513092,0.004132606795789566,0.0010869579764345154,0.002932108206291784
94,dr_robust,200,10,none,0.1,3,2,2000,0.0027144031471593,0.0333264673947322,0.0333357672939338,0.182555381719445,0.145409829397949,0.9475,2000,308.08559513092,0.004082631950956013,0.0010544024923647966,0.002887897586019197
94,aipw_robust,200,10,none,0.1,3,2,2000,0.0008357996774757,0.0434096230370263,0.0434306397958234,0.208349761307822,0.165828708001924,0.95,2000,308.08559513092,0.0046599699460309505,0.0013734195101955022,0.003295946924955609
94,reg_adj,200,10,none,0.1,3,2,2000,0.0069032960970449,0.031033140749932,0.0310009857458014,0.176162256882489,0.141368625056251,0.953,2000,308.08559513092,0.003937066531429295,0.0009818430892856603,0.0027867578068683854
94,adaptive,200,10,none,0.1,3,2,2000,0.0064249379275715,0.0310787691135125,0.0310530157940363,0.176291715952601,0.141478392062529,0.953,2000,308.08559513092,0.003940369005184432,0.0009832870975292286,0.002788806871088605
95,naive,500,10,none,0.1,3,2,2000,0.0097875551831325,0.0120935795265943,0.0120037851827228,0.109970812157564,0.088475627872794,0.9465,2000,716.818922042847,0.0024498760359172055,0.00038261036786864844,0.0017395996281288342
95,ipw_robust,500,10,none,0.1,3,2,2000,-0.0126315382208855,0.0126300703529932,0.0124767529716534,0.11238358578099,0.0905406295674442,0.9505,2000,716.818922042847,0.0024976742153104557,0.00039956331196301566,0.0017776764693274404
95,dr_robust,500,10,none,0.1,3,2,2000,0.0052323375018832,0.0115304806522497,0.0115088577253787,0.107380075676308,0.0863517329078989,0.9535,2000,716.818922042847,0.002398839065608477,0.000364806757512905,0.0016986706109827915
95,aipw_robust,500,10,none,0.1,3,2,2000,-0.0008960575735101,0.0158533527866275,0.0158604801075063,0.125910098032793,0.101004571400049,0.949,2000,716.818922042847,0.00281606819053679,0.0005015778091261718,0.0019918093026801433
95,reg_adj,500,10,none,0.1,3,2,2000,0.0095744365666297,0.0111187455440729,0.0110325920045067,0.105445462415757,0.0848098171731107,0.944,2000,716.818922042847,0.002348679629547919,0.00035176810277197997,0.0016680096739725345
95,adaptive,500,10,none,0.1,3,2,2000,0.0095744365666297,0.0111187455440729,0.0110325920045067,0.105445462415757,0.0848098171731107,0.944,2000,716.818922042847,0.002348679629547919,0.00035176810277197997,0.0016680096739725345
96,naive,1000,10,none,0.1,3,2,2000,0.0095773953725055,0.0058807691713676,0.0057919386385656,0.0766861732737242,0.0611853013439349,0.9485,2000,1291.05963611603,0.0017017547764830278,0.0001860352163880341,0.0012129645309330965
96,ipw_robust,1000,10,none,0.1,3,2,2000,-0.0142690082562598,0.0060458789532469,0.0058451969551073,0.077755250325923,0.0615824951044459,0.945,2000,1291.05963611603,0.001709560901972682,0.00019117150776300635,0.001229315750137012
96,dr_robust,1000,10,none,0.1,3,2,2000,0.0046986237163415,0.0057496619558877,0.005730450116118,0.0758265254108859,0.0601704049214655,0.95,2000,1291.05963611603,0.0016926975683975564,0.00018190954227507815,0.0011995112613254638
96,aipw_robust,1000,10,none,0.1,3,2,2000,-0.0026915104549651,0.0077929553115564,0.0077896058859702,0.0882777169593573,0.0700012265877144,0.9505,2000,1291.05963611603,0.0019735255111057214,0.00024655794294470035,0.0013964902550561804
96,reg_adj,1000,10,none,0.1,3,2,2000,0.0091714192312646,0.0055198338800181,0.0054384381683867,0.0742955845257182,0.0589353236852232,0.949,2000,1291.05963611603,0.0016490054833727358,0.00017461820469480047,0.0011751586975828592
96,adaptive,1000,10,none,0.1,3,2,2000,0.0091714192312646,0.0055198338800181,0.0054384381683867,0.0742955845257182,0.0589353236852232,0.949,2000,1291.05963611603,0.0016490054833727358,0.00017461820469480047,0.0011751586975828592
97,naive,200,20,none,0.1,3,2,2000,0.0098062967917216,0.0412246539600309,0.0411490650357814,0.2030385528909,0.160267118067286,0.952,2000,727.496189117432,0.004535915841138446,0.0013042851014989536,0.0032119148874149863
97,ipw_robust,200,20,none,0.1,3,2,2000,-0.0140163254620493,0.0393177223730085,0.039140835411256,0.198286969750936,0.158707346222905,0.949,2000,727.496189117432,0.0044238464830538594,0.0012439389087091147,0.0031367136990181443
97,dr_robust,200,20,none,0.1,3,2,2000,0.0057847908266031,0.0381686338430519,0.0381542471617252,0.19536794476846,0.155658797273279,0.949,2000,727.496189117432,0.0043677366656957005,0.0012076009891701994,0.003090581186697198
97,aipw_robust,200,20,none,0.1,3,2,2000,0.0039567930603259,0.0467261136919628,0.046733824392837,0.216162239283282,0.173309005877299,0.951,2000,727.496189117432,0.004833933408355818,0.0014783482984877779,0.003419534104081872
97,reg_adj,200,20,none,0.1,3,2,2000,0.0093602719486698,0.0317117022027939,0.0316399074655736,0.178077798174826,0.143190410222647,0.947,2000,727.496189117432,0.0039774305440556474,0.0010033085197778493,0.0028170511149089505
97,adaptive,200,20,none,0.1,3,2,2000,0.0074404977631239,0.0335900224636403,0.0335514371752649,0.183275809815808,0.146600094651308,0.9445,2000,727.496189117432,0.004095817206325553,0.001062738829261408,0.00289928831941722
98,naive,500,20,none,0.1,3,2,2000,0.0108440961209308,0.0127919635858616,0.0126807095199416,0.113101563145085,0.0905344873064564,0.9495,2000,1969.92739987373,0.0025180061080090333,0.0004047008219768709,0.001789103575242929
98,ipw_robust,500,20,none,0.1,3,2,2000,-0.013216878445264,0.0128600736587409,0.0126917336497289,0.113402264786648,0.0907063016810913,0.9525,2000,1969.92739987373,0.0025191003999174883,0.00040683440888479865,0.001793766683805681
98,dr_robust,500,20,none,0.1,3,2,2000,0.005166170987966,0.0122737599681734,0.0122531972441186,0.110787002704168,0.0890246762771368,0.952,2000,1969.92739987373,0.0024751966835100804,0.00038832319242278033,0.0017525665599046438
98,aipw_robust,500,20,none,0.1,3,2,2000,-0.0002739221840015,0.0165151389072729,0.0165233255366784,0.12851124039271,0.103258404281107,0.947,2000,1969.92739987373,0.0028743108336328556,0.000522515804921163,0.0020329575970336813
98,reg_adj,500,20,none,0.1,3,2,2000,0.0091225347920715,0.0112694427674759,0.0111918180354611,0.106157631696812,0.0847760702629229,0.949,2000,1969.92739987373,0.002365567377550373,0.0003565383169889794,0.0016792872603227382
98,adaptive,500,20,none,0.1,3,2,2000,0.0091102662373177,0.0112699955538632,0.0111925949003986,0.106160235276036,0.0847883388176769,0.949,2000,1969.92739987373,0.002365649477458421,0.0003565558625286425,0.0016793287128722546
99,naive,1000,20,none,0.1,3,2,2000,0.0103937341485141,0.0061993629422085,0.0060943804228699,0.0787360333151761,0.0624479201549649,0.9495,2000,3602.80889701843,0.0017456202941748098,0.0001961076771383503,0.001245348977343968
99,ipw_robust,1000,20,none,0.1,3,2,2000,-0.0129943347613535,0.0063333836876823,0.0061676147591718,0.0795825589415314,0.0631106276651862,0.9475,2000,3602.80889701843,0.001756077270391568,0.0002003055392882551,0.0012584763668847202
99,dr_robust,1000,20,none,0.1,3,2,2000,0.0058300974765632,0.0059837791115909,0.0059527654577335,0.077354890676614,0.0614159184295806,0.9495,2000,3602.80889701843,0.001725219617575325,0.00018931478026340236,0.0012236768652084476
99,aipw_robust,1000,20,none,0.1,3,2,2000,0.000857576248546,0.0078525946725758,0.0078557871291183,0.0886148671080415,0.0699576064238698,0.9455,2000,3602.80889701843,0.001981891410889898,0.000248445056886639,0.001401824913779583
99,reg_adj,1000,20,none,0.1,3,2,2000,0.0098669845476195,0.0057384117640692,0.0056438763181653,0.0757523053383145,0.0597511535778228,0.9495,2000,3602.80889701843,0.001679862541722581,0.00018152764517662332,0.0011981658140033469
99,adaptive,1000,20,none,0.1,3,2,2000,0.0098669845476195,0.0057384117640692,0.0056438763181653,0.0757523053383145,0.0597511535778228,0.9495,2000,3602.80889701843,0.001679862541722581,0.00018152764517662332,0.0011981658140033469
100,naive,200,5,covariate,0.1,3,2,2000,-0.139912207491488,0.0584247400266426,0.0388687485957993,0.241712101531228,0.192992529493024,0.895,2000,170.465616941452,0.00440844352327436,0.0017414144325676644,0.003602249166541383
100,ipw_robust,200,5,covariate,0.1,3,2,2000,-0.144417474849397,0.0591144188427824,0.0382771503760943,0.243134569411226,0.195208636127073,0.8835,2000,170.465616941452,0.004374765729504512,0.0017497965305166175,0.00359841164247832
100,dr_robust,200,5,covariate,0.1,3,2,2000,-0.154705217152358,0.0657214400921814,0.0418086401981222,0.256361931831115,0.201513498139424,0.8885,2000,170.465616941452,0.004572124243615991,0.0019362937926389388,0.003776484634065174
100,aipw_robust,200,5,covariate,0.1,3,2,2000,-0.117899671147941,0.059955683014825,0.0460783897529089,0.244858495900847,0.196213067263491,0.912,2000,170.465616941452,0.0047999161322313175,0.0018450549789909192,0.0037675943654780428
100,reg_adj,200,5,covariate,0.1,3,2,2000,-0.152760681605421,0.0550812996890181,0.031761354521726,0.234694055504221,0.190897850523468,0.863,2000,170.465616941452,0.003985056744999122,0.0015783340953254988,0.003362535305665448
100,adaptive,200,5,covariate,0.1,3,2,2000,-0.152503633836587,0.0566344623043227,0.0333938008713946,0.237979961980673,0.192906693893682,0.8705,2000,170.465616941452,0.0040861840922427,0.0016335388341255912,0.0034320932328291056
101,naive,500,5,covariate,0.1,3,2,2000,-0.156304496299943,0.0398827238836494,0.0154593579990702,0.199706594492143,0.167949188136996,0.7655,2000,399.077345848083,0.0027802300263710376,0.000997180953988362,0.0024966149879131648
101,ipw_robust,500,5,covariate,0.1,3,2,2000,-0.157102717236097,0.0402174711647778,0.0155439793915084,0.200542940949757,0.168706816188382,0.7655,2000,399.077345848083,0.0027878288497958765,0.001004442833564689,0.002504308625393942
101,dr_robust,500,5,covariate,0.1,3,2,2000,-0.17272899322618,0.0468930440435811,0.0170662720786906,0.216548017870358,0.182155561749533,0.756,2000,399.077345848083,0.0029211532036757847,0.0011443830265563707,0.0026423308737960486
101,aipw_robust,500,5,covariate,0.1,3,2,2000,-0.139201977494555,0.0383635659784002,0.018995873376694,0.195866194067277,0.161605682484832,0.8165,2000,399.077345848083,0.0030818722699597722,0.001047385564665766,0.00267372725970773
101,reg_adj,500,5,covariate,0.1,3,2,2000,-0.164321891229401,0.0400353141064409,0.013040150244356,0.200088265788979,0.171575099023463,0.697,2000,399.077345848083,0.0025534437769761057,0.0009350174058160452,0.0023365123440125955
101,adaptive,500,5,covariate,0.1,3,2,2000,-0.164321891229401,0.0400353141064409,0.013040150244356,0.200088265788979,0.171575099023463,0.697,2000,399.077345848083,0.0025534437769761057,0.0009350174058160452,0.0023365123440125955
102,naive,1000,5,covariate,0.1,3,2,2000,-0.160303716004521,0.0330822229970324,0.0073886359501494,0.181885191802501,0.162360829862345,0.538,2000,806.89586186409,0.0019220608666415068,0.0006590353974035311,0.001811679639426449
102,ipw_robust,1000,5,covariate,0.1,3,2,2000,-0.160782169545671,0.0333500063449197,0.0075028517269702,0.182619841049432,0.162823304408133,0.536,2000,806.89586186409,0.0019368597944830958,0.000666486169508439,0.0018247912320984686
102,dr_robust,1000,5,covariate,0.1,3,2,2000,-0.176542750727089,0.0395263488775852,0.0083631876371167,0.19881234588824,0.178289244225159,0.5295,2000,806.89586186409,0.0020448945739471145,0.0007689340543899696,0.0019338186744756202
102,aipw_robust,1000,5,covariate,0.1,3,2,2000,-0.146358762279385,0.0311206945586509,0.0097046595924935,0.176410585166114,0.1524085395964,0.681,2000,806.89586186409,0.002202800444036352,0.0007141045137505932,0.0020239843121606592
102,reg_adj,1000,5,covariate,0.1,3,2,2000,-0.167752049277637,0.0343522725825452,0.0062146298606289,0.185343660756297,0.168858235680837,0.4245,2000,806.89586186409,0.001762757762800791,0.0006232096880373281,0.0016812274169354204
102,adaptive,1000,5,covariate,0.1,3,2,2000,-0.167752049277637,0.0343522725825452,0.0062146298606289,0.185343660756297,0.168858235680837,0.4245,2000,806.89586186409,0.001762757762800791,0.0006232096880373281,0.0016812274169354204
103,naive,200,10,covariate,0.1,3,2,2000,-0.11559716995985,0.0591371556384523,0.0457973486100308,0.243181322552642,0.192449813980635,0.919,2000,271.650045871735,0.004785255928894023,0.0018224571661881958,0.003747115829164233
103,ipw_robust,200,10,covariate,0.1,3,2,2000,-0.116046221513337,0.0567079627301587,0.0432628686369547,0.238134337570537,0.189101681855463,0.916,2000,271.650045871735,0.004650960580189575,0.0017426686884295184,0.0036590033722317095
103,dr_robust,200,10,covariate,0.1,3,2,2000,-0.125898977539014,0.0658648809704323,0.0500393480991126,0.256641541786267,0.199397417573759,0.921,2000,271.650045871735,0.005001967018039633,0.0020224339274612082,0.003940192054226174
103,aipw_robust,200,10,covariate,0.1,3,2,2000,-0.0862294529925092,0.0570811974620826,0.0496705141557732,0.238916716581495,0.191107712644011,0.938,2000,271.650045871735,0.004983498477765053,0.0017904781586535361,0.0037470759356488985
103,reg_adj,200,10,covariate,0.1,3,2,2000,-0.130480339919955,0.0529910273281206,0.0359839001725799,0.230197800441535,0.18443421491009,0.894,2000,271.650045871735,0.004241691889599002,0.001587482738260963,0.0034480840720807573
103,adaptive,200,10,covariate,0.1,3,2,2000,-0.130068133011605,0.05495708684465,0.0380583968179343,0.234429278983343,0.187164827713443,0.901,2000,271.650045871735,0.004362246944977686,0.0016541354573914814,0.0035280052572038436
104,naive,500,10,covariate,0.1,3,2,2000,-0.130307267478523,0.0346709732225327,0.0176998391844056,0.186201431848772,0.152646962809352,0.841,2000,660.765488147736,0.002974881441705333,0.0009562271058512504,0.002567722214477581
104,ipw_robust,500,10,covariate,0.1,3,2,2000,-0.131195076049127,0.0338302083030453,0.0166263735102643,0.183929900513879,0.151977208392122,0.8335,2000,660.765488147736,0.0028832597446522487,0.0009212966398214196,0.0025044776223099746
104,dr_robust,500,10,covariate,0.1,3,2,2000,-0.15192100706729,0.0431255420613484,0.0200555774617396,0.207666901699208,0.168721907116011,0.8405,2000,660.765488147736,0.003166668396101777,0.0011523850648308693,0.00277459974459489
104,aipw_robust,500,10,covariate,0.1,3,2,2000,-0.118106969648294,0.0331799754967473,0.0192403393869376,0.18215371392521,0.147946027293633,0.855,2000,660.765488147736,0.003101639839418626,0.0009523484182538238,0.0026141339578858273
104,reg_adj,500,10,covariate,0.1,3,2,2000,-0.139662026995802,0.0326815240680692,0.0131826336002932,0.180780319913616,0.150824318697811,0.7635,2000,660.765488147736,0.002567355994042626,0.000829487231828254,0.002294185650917688
104,adaptive,500,10,covariate,0.1,3,2,2000,-0.139288234895539,0.0327888022990074,0.0133942870622236,0.18107678564357,0.150955652726111,0.7665,2000,660.765488147736,0.002587883987181767,0.0008361445699515469,0.0023088121621437628
105,naive,1000,10,covariate,0.1,3,2,2000,-0.139487013811217,0.0281794823518726,0.0087272189393715,0.167867454713153,0.145861988643294,0.6875,2000,1390.81193494797,0.0020889254342091176,0.0006448013943072577,0.001920567019405505
105,ipw_robust,1000,10,covariate,0.1,3,2,2000,-0.136749932287378,0.0272070585067717,0.0085107699111249,0.164945622878486,0.142985562033923,0.688,2000,1390.81193494797,0.0020628584429287556,0.0006250961994314696,0.0018948553727065936
105,dr_robust,1000,10,covariate,0.1,3,2,2000,-0.16115901134367,0.0359103724993461,0.0099431171206372,0.189500323216996,0.164681413674702,0.656,2000,1390.81193494797,0.002229699208484992,0.0007844458978902113,0.0020697745644263246
105,aipw_robust,1000,10,covariate,0.1,3,2,2000,-0.127370826827222,0.026475797269713,0.0102575985423339,0.162713850884653,0.138085462919983,0.76,2000,1390.81193494797,0.0022646852477037397,0.0006618482374638729,0.0020337796501818817
105,reg_adj,1000,10,covariate,0.1,3,2,2000,-0.146843673356546,0.0284462434413856,0.0068866223477154,0.168660141827835,0.149544484604038,0.5735,2000,1390.81193494797,0.0018556161170505338,0.0005868721579622799,0.0017398069028109425
105,adaptive,1000,10,covariate,0.1,3,2,2000,-0.146843673356546,0.0284462434413856,0.0068866223477154,0.168660141827835,0.149544484604038,0.5735,2000,1390.81193494797,0.0018556161170505338,0.0005868721579622799,0.0017398069028109425
106,naive,200,20,covariate,0.1,3,2,2000,-0.0832349779436679,0.0505522462871067,0.0436460077376926,0.224838266954508,0.178389414413471,0.9305,2000,611.090111970901,0.0046715098061383,0.0015842154044707155,0.0035230110646406404
106,ipw_robust,200,20,covariate,0.1,3,2,2000,-0.0918666997864717,0.0512892468648511,0.042871191931159,0.226471293688298,0.180193869189518,0.9245,2000,611.090111970901,0.004629859173406844,0.0016004877800828666,0.0035335334426218395
106,dr_robust,200,20,covariate,0.1,3,2,2000,-0.0814058001257767,0.0531459865106774,0.0465423533932561,0.230534133070739,0.179619674505142,0.933,2000,611.090111970901,0.004824020801844458,0.0016682488131280003,0.003618225186237608
106,aipw_robust,200,20,covariate,0.1,3,2,2000,-0.0601747341859105,0.0559219508333427,0.0523271157568761,0.236478224860858,0.188406510668058,0.95,2000,611.090111970901,0.005115032539333259,0.0017655253815290312,0.003732955502706122
106,reg_adj,200,20,covariate,0.1,3,2,2000,-0.113102553625947,0.0492317457055018,0.0364577869622729,0.221882278935254,0.17750575807841,0.9065,2000,611.090111970901,0.004269530826816507,0.0015039680626488317,0.0033891126183350916
106,adaptive,200,20,covariate,0.1,3,2,2000,-0.111931096338087,0.050956628120412,0.0384472814336827,0.225735748432569,0.179354407916542,0.9115,2000,611.090111970901,0.004384477245560906,0.0015625531633588715,0.003461022842435681
107,naive,500,20,covariate,0.1,3,2,2000,-0.128689378268739,0.0369783856574417,0.0204276433999471,0.192297648600917,0.155944660032373,0.874,2000,1515.93079185486,0.0031959070230489417,0.0010458925495342955,0.0027194626589139375
107,ipw_robust,500,20,covariate,0.1,3,2,2000,-0.128891781140913,0.0356504491925195,0.0190468813875363,0.188813265403995,0.154541368064864,0.8595,2000,1515.93079185486,0.003086007241366771,0.000997817041077337,0.002642338288420451
107,dr_robust,500,20,covariate,0.1,3,2,2000,-0.149297209171187,0.0445928629501164,0.0223143634655441,0.21117022268804,0.170913696822257,0.8575,2000,1515.93079185486,0.0033402367779503373,0.0012217568569975992,0.0028928246640211445
107,aipw_robust,500,20,covariate,0.1,3,2,2000,-0.101054592900348,0.0298855385715669,0.0196833495000619,0.172874343300465,0.139357524348068,0.893,2000,1515.93079185486,0.00313714436231917,0.0008885089690652649,0.002569811552432011
107,reg_adj,500,20,covariate,0.1,3,2,2000,-0.143124926989851,0.0340216819964269,0.0135437091251393,0.184449673343237,0.156080890523882,0.759,2000,1515.93079185486,0.0026022787249965463,0.0008592501993049952,0.0023292266766611227
107,adaptive,500,20,covariate,0.1,3,2,2000,-0.143304363143627,0.0345524402731578,0.0140233114328737,0.185882867078055,0.156815961714334,0.7735,2000,1515.93079185486,0.002647953118247536,0.0008789895625959933,0.002364364119224857
108,naive,1000,20,covariate,0.1,3,2,2000,-0.140429410398883,0.0292131718852896,0.0094975013309772,0.170918611875037,0.147578908207353,0.707,2000,3335.07818818092,0.002179162835927733,0.0006817565171854435,0.001994389346210854
108,ipw_robust,1000,20,covariate,0.1,3,2,2000,-0.138695342968304,0.0282267714913736,0.008994870765661,0.168008248283748,0.144782740395021,0.6945,2000,3335.07818818092,0.0021207157713447836,0.0006534259950466069,0.0019446247482535503
108,dr_robust,1000,20,covariate,0.1,3,2,2000,-0.167079577607893,0.0384496974101054,0.0105393818473971,0.196085943938125,0.171049979170732,0.648,2000,3335.07818818092,0.002295580737786966,0.000836363912832466,0.0021326462673336264
108,aipw_robust,1000,20,covariate,0.1,3,2,2000,-0.122625966985922,0.0251654274123697,0.0101333663162953,0.158636147874215,0.133554816676258,0.78,2000,3335.07818818092,0.002250929398747915,0.0006383091423158788,0.0020118653625591175
108,reg_adj,1000,20,covariate,0.1,3,2,2000,-0.149478938579766,0.0290971197262738,0.0067565449198002,0.170578778651607,0.151864968393874,0.5545,2000,3335.07818818092,0.0018380077420675084,0.0005895648773296469,0.0017281307850544065
108,adaptive,1000,20,covariate,0.1,3,2,2000,-0.149478938579766,0.0290971197262738,0.0067565449198002,0.170578778651607,0.151864968393874,0.5545,2000,3335.07818818092,0.0018380077420675084,0.0005895648773296469,0.0017281307850544065
109,naive,200,5,outcome,0.1,3,2,2000,0.0048077029201261,0.0850032206799451,0.0850226179815677,0.291553118110483,0.226144309224494,0.9515,2000,177.898247003555,0.006520069707509564,0.0026893820842856402,0.004612164846178234
109,ipw_robust,200,5,outcome,0.1,3,2,2000,-0.0204494813619334,0.0404961130649217,0.0400979807673333,0.201236460575418,0.160158926949936,0.949,2000,177.898247003555,0.004477609896324897,0.001281165294605718,0.0031832335227481596
109,dr_robust,200,5,outcome,0.1,3,2,2000,0.0020265595297313,0.0402973946466065,0.0403134444252916,0.200742109799131,0.159124027940229,0.9475,2000,177.898247003555,0.0044896238386579555,0.0012749529134483302,0.003175599067689607
109,aipw_robust,200,5,outcome,0.1,3,2,2000,0.000141115975357,0.0482638342437587,0.0482879583091948,0.21969031440589,0.175455989863156,0.955,2000,177.898247003555,0.004913652323333164,0.0015269999478900295,0.0034753465395584364
109,reg_adj,200,5,outcome,0.1,3,2,2000,0.0047323178725835,0.0823464708073459,0.0823652586042009,0.286960747851245,0.222745868275475,0.952,2000,177.898247003555,0.006417369344373164,0.0026053262631134527,0.004539516785173707
109,adaptive,200,5,outcome,0.1,3,2,2000,-0.0227599025317657,0.0421685436912197,0.0416713662110698,0.205349808110988,0.163476006133963,0.9475,2000,177.898247003555,0.0045646120432666455,0.0013340447497567078,0.003248224972861138
110,naive,500,5,outcome,0.1,3,2,2000,0.0124984526063887,0.0359117156182196,0.0357733909961635,0.189503867027086,0.148379768211825,0.948,2000,388.540223121643,0.004229266543749844,0.0011361830488289166,0.002997783281822214
110,ipw_robust,500,5,outcome,0.1,3,2,2000,-0.0199472088824211,0.0153327410428727,0.0149423210612044,0.123825445861797,0.0992966006037098,0.9515,2000,388.540223121643,0.002733342373469193,0.0004849368959817394,0.0019581471829424424
110,dr_robust,500,5,outcome,0.1,3,2,2000,0.0054063838066533,0.0150099614531366,0.0149882265805621,0.122515147851752,0.0976288211505383,0.9525,2000,388.540223121643,0.0027375378153152606,0.00047489274300203087,0.0019380980692145482
110,aipw_robust,500,5,outcome,0.1,3,2,2000,0.0008872945917084,0.0180051939298697,0.0180134133448497,0.134183433887607,0.108123375873721,0.9525,2000,388.540223121643,0.003001117570576809,0.0005696590418432488,0.0021226876721622706
110,reg_adj,500,5,outcome,0.1,3,2,2000,0.0094378051308772,0.0338506331912183,0.0337784502506552,0.183985415702491,0.14478183908787,0.949,2000,388.540223121643,0.004109650243673736,0.001070981391421362,0.0029105062141261393
110,adaptive,500,5,outcome,0.1,3,2,2000,-0.0201604069004337,0.0155887273379674,0.0151898802717122,0.124854825048804,0.0998719939404923,0.949,2000,388.540223121643,0.0027558918948057632,0.0004930315136965392,0.0019744191444095974
111,naive,1000,5,outcome,0.1,3,2,2000,0.0085888724363525,0.0180061259038391,0.0179413278380302,0.134186906603584,0.106766276615168,0.9485,2000,714.414262056351,0.0029951066623770013,0.0005696825980492694,0.002122720511518423
111,ipw_robust,1000,5,outcome,0.1,3,2,2000,-0.0220915785863673,0.0081347845725747,0.0076505720141441,0.090193040599454,0.0725259565014474,0.941,2000,714.414262056351,0.0019558338393309517,0.00025690229561566903,0.001424180257746096
111,dr_robust,1000,5,outcome,0.1,3,2,2000,0.0025464139954398,0.0074028422113057,0.0074000580160776,0.0860397711021232,0.0696583256350206,0.9435,2000,714.414262056351,0.0019235459464329934,0.00023421534089890057,0.001361087656898246
111,aipw_robust,1000,5,outcome,0.1,3,2,2000,-0.0030621469826623,0.0090461315730605,0.0090412754666504,0.0951111537784113,0.0772144009151692,0.948,2000,714.414262056351,0.0021261791395188697,0.000286206599360351,0.0015045900926990716
111,reg_adj,1000,5,outcome,0.1,3,2,2000,0.0079260039221589,0.0173469359458103,0.0172927607880302,0.131707767218985,0.105180439289476,0.951,2000,714.414262056351,0.0029404728181051257,0.0005488281072758535,0.0020835069899990785
111,adaptive,1000,5,outcome,0.1,3,2,2000,-0.0219598981105551,0.0081677706961865,0.0076893782602907,0.0903757196164244,0.0726524984493572,0.9405,2000,714.414262056351,0.001960787885046557,0.0002579588055500154,0.0014271466199375928
112,naive,200,10,outcome,0.1,3,2,2000,0.005329889929901,0.0968902347119676,0.0969102821263659,0.311271962617849,0.240013991507942,0.951,2000,304.165143013,0.006960972709555968,0.003065470401655047,0.004924102986780324
112,ipw_robust,200,10,outcome,0.1,3,2,2000,-0.017855949720474,0.0427385175387927,0.0424409030498976,0.206732961906883,0.165597737757608,0.946,2000,304.165143013,0.004606566131615696,0.0013521440519713075,0.003270267207268917
112,dr_robust,200,10,outcome,0.1,3,2,2000,-0.0019330769531864,0.0413027446846655,0.0413196677320246,0.20323076707198,0.161727273553338,0.9475,2000,304.165143013,0.004545308995658304,0.0013067607841677142,0.003214967898302739
112,aipw_robust,200,10,outcome,0.1,3,2,2000,-0.0014497968625939,0.0495828373433101,0.049605538201468,0.222672039877732,0.177597257450863,0.947,2000,304.165143013,0.0049802378558392165,0.0015687313196033404,0.0035225152660943023
112,reg_adj,200,10,outcome,0.1,3,2,2000,0.0070729606994604,0.0899565605105125,0.0899515094922025,0.299927592112684,0.232474312297292,0.952,2000,304.165143013,0.006706396554491931,0.0028460980354563753,0.004744641890745225
112,adaptive,200,10,outcome,0.1,3,2,2000,-0.0205848345629571,0.0446900158550743,0.0442884246534167,0.211400132107514,0.168865841097828,0.9445,2000,304.165143013,0.004705763734688382,0.0014138591535905636,0.003344035643439197
113,naive,500,10,outcome,0.1,3,2,2000,0.0062438295398665,0.038632118662825,0.0386124394752397,0.196550549891943,0.152038090397491,0.9545,2000,683.314461946487,0.004393884356423124,0.001222264752658112,0.0031092885604493926
113,ipw_robust,500,10,outcome,0.1,3,2,2000,-0.0168745847677234,0.0158639945167211,0.01558703642385,0.125952350183397,0.101760703857322,0.9545,2000,683.314461946487,0.002791687341362747,0.000501829225878516,0.0019921391905264618
113,dr_robust,500,10,outcome,0.1,3,2,2000,0.0020729146659976,0.0153661855253443,0.0153695733368001,0.123960419188321,0.100646473240701,0.9595,2000,683.314461946487,0.002772144777676673,0.00048616444739057855,0.0019609664543486106
113,aipw_robust,500,10,outcome,0.1,3,2,2000,-0.0052839219771987,0.0184233126543937,0.0184045951204929,0.13573250404525,0.109388147861317,0.9555,2000,683.314461946487,0.0030335288955680726,0.0005828866338637556,0.0021471888327847946
113,reg_adj,500,10,outcome,0.1,3,2,2000,0.004485448112824,0.0362311212640451,0.036229116577561,0.190344743200449,0.148495636336772,0.9555,2000,683.314461946487,0.00425612009802126,0.0011463013098305175,0.0030111189060350514
113,adaptive,500,10,outcome,0.1,3,2,2000,-0.0179541255984403,0.0161182010477418,0.0158037522978862,0.126957477321117,0.102549606030626,0.9545,2000,683.314461946487,0.0028110275966171335,0.000509850258003105,0.002007956792940706
114,naive,1000,10,outcome,0.1,3,2,2000,0.0136568302281153,0.019053065052326,0.0188759940374651,0.138032840484886,0.107104657794909,0.9545,2000,1212.95443081856,0.0030721323244177734,0.0006027804217911878,0.002183467425844901
114,ipw_robust,1000,10,outcome,0.1,3,2,2000,-0.0144980711521565,0.0078163647491241,0.007609975669826,0.0884102072677365,0.0702355341549673,0.9435,2000,1212.95443081856,0.0019506378020824368,0.00024720613497442045,0.001398063315391826
114,dr_robust,1000,10,outcome,0.1,3,2,2000,0.0049888331128347,0.0075790819977761,0.0075579725282125,0.0870579232337651,0.0697574027815537,0.9565,2000,1212.95443081856,0.00194396148730016,0.0002397898272822387,0.001377185547134882
114,aipw_robust,1000,10,outcome,0.1,3,2,2000,-0.0022689775649047,0.0088142595001226,0.0088135179999325,0.0938842878234834,0.0740365420329313,0.94,2000,1212.95443081856,0.0020992281914947336,0.0002788706655157793,0.0014851828350665988
114,reg_adj,1000,10,outcome,0.1,3,2,2000,0.0129131599672228,0.0180367555206103,0.0178789452929177,0.134300988531769,0.105357516210556,0.9515,2000,1212.95443081856,0.002989895089540576,0.000570630618112181,0.0021244468277953066
114,adaptive,1000,10,outcome,0.1,3,2,2000,-0.0143934639928056,0.007820351104231,0.007616987792415,0.0884327490482513,0.0702803794484834,0.9455,2000,1212.95443081856,0.0019515362912863035,0.0002473349010145633,0.0013984349897322014
115,naive,200,20,outcome,0.1,3,2,2000,0.009782758892741,0.128118004368601,0.128086345169632,0.357935754526704,0.266878159070428,0.954,2000,719.716346979141,0.008002697831657522,0.004053471123975945,0.005662288654755687
115,ipw_robust,200,20,outcome,0.1,3,2,2000,-0.0154755913957467,0.0498320043097733,0.0496173190402453,0.223230831897776,0.178705194982236,0.952,2000,719.716346979141,0.004980829200055213,0.0015765926684191615,0.003531305812498898
115,dr_robust,200,20,outcome,0.1,3,2,2000,0.006689239282394,0.050275956909679,0.0502563391570804,0.224223007092669,0.179065112999912,0.956,2000,719.716346979141,0.0050128005723886725,0.0015906593469228892,0.003547047574528082
115,aipw_robust,200,20,outcome,0.1,3,2,2000,0.0032507562436703,0.0575477271929367,0.057565942748155,0.23989107359995,0.191111706641453,0.951,2000,719.716346979141,0.005364976362862888,0.0018207290877642111,0.0037949079564346716
115,reg_adj,200,20,outcome,0.1,3,2,2000,0.0072163288037172,0.104231890293091,0.104231930857117,0.322849640379375,0.247620782336594,0.9495,2000,719.716346979141,0.007219138828735634,0.003297749421875422,0.005107252741555317
115,adaptive,200,20,outcome,0.1,3,2,2000,-0.0170834126413011,0.0510007458145948,0.0507342699621029,0.225833447067955,0.181504506636117,0.952,2000,719.716346979141,0.005036579690727771,0.0016135609782135713,0.0035724579311939533
116,naive,500,20,outcome,0.1,3,2,2000,0.0129325617545857,0.0397178924354209,0.0395704264951323,0.199293483173487,0.154521183445338,0.95,2000,1871.76591086388,0.004448057244187191,0.001256604572632587,0.0031526484273916274
116,ipw_robust,500,20,outcome,0.1,3,2,2000,-0.0114438078094934,0.01681111248149,0.0166884959923055,0.129657674209782,0.104195323636534,0.951,2000,1871.76591086388,0.0028886412023913163,0.0005318617996814333,0.0020510232152587352
116,dr_robust,500,20,outcome,0.1,3,2,2000,0.0077606113715873,0.0168306228313217,0.0167787851350284,0.129732890322083,0.104061237807219,0.9505,2000,1871.76591086388,0.0028964448152026304,0.0005324929157970626,0.0020522664471402064
116,aipw_robust,500,20,outcome,0.1,3,2,2000,0.0033729628905914,0.0199431740569634,0.0199417680623333,0.141220303274577,0.113033937141274,0.9485,2000,1871.76591086388,0.0031576706654061707,0.0006309737424037315,0.0022340050537100137
116,reg_adj,500,20,outcome,0.1,3,2,2000,0.0105696345663686,0.0361083019873874,0.0360145921085752,0.190021846079306,0.147851636354018,0.951,2000,1871.76591086388,0.004243500448248781,0.0011424087454653571,0.003005993176670251
116,adaptive,500,20,outcome,0.1,3,2,2000,-0.0124774439965307,0.017052079153806,0.0169048449676033,0.130583609820705,0.104784257856945,0.95,2000,1871.76591086388,0.0029073050207712382,0.0005394789146439914,0.002065645586703842
117,naive,1000,20,outcome,0.1,3,2,2000,0.0101565897050317,0.0210862212929639,0.0209935617594072,0.145210954452355,0.111140828182841,0.9495,2000,3306.95401191711,0.0032398735900808846,0.0006671288273354924,0.00229710227390036
117,ipw_robust,1000,20,outcome,0.1,3,2,2000,-0.0139777654801572,0.0085654695740166,0.0083742787855912,0.0925498221176933,0.0730226171607205,0.9405,2000,3306.95401191711,0.0020462500807075365,0.00027092590066474915,0.0014636759664444273
117,dr_robust,1000,20,outcome,0.1,3,2,2000,0.0067343079746868,0.0083682892198406,0.0083271018668761,0.0914783538321531,0.0720198094404317,0.9445,2000,3306.95401191711,0.002040478113932627,0.0002647563194606644,0.0014470981842679763
117,aipw_robust,1000,20,outcome,0.1,3,2,2000,0.0020890649798475,0.009689768059458,0.0096902489914637,0.0984366195044206,0.0775448510412728,0.949,2000,3306.95401191711,0.0022011643500047537,0.00030657055589262527,0.0015571977046553176
117,reg_adj,1000,20,outcome,0.1,3,2,2000,0.0089974608738976,0.0197815040904614,0.0197104049907795,0.140646735086391,0.107659797511426,0.9505,2000,3306.95401191711,0.0031392996823160655,0.0006258524978490277,0.0022249094423151855
117,adaptive,1000,20,outcome,0.1,3,2,2000,-0.013914248348504,0.0085861505525211,0.0083967426167256,0.0926614836516293,0.0731595730741922,0.941,2000,3306.95401191711,0.002048992754590118,0.0002715816842701056,0.0014654507653425119
118,naive,200,5,treatment,0.1,3,2,2000,-0.478730892092637,0.260277540170898,0.0311098280411072,0.510174029298727,0.479089297448182,0.2265,2000,178.788392066956,0.003943971858489053,0.003902246206483075,0.00382442655092323
118,ipw_robust,200,5,treatment,0.1,3,2,2000,-0.443720542889276,0.229959701916744,0.0330883258977394,0.479541136834729,0.444518647162887,0.316,2000,178.788392066956,0.004067451652923449,0.003758220409626369,0.003918558931599665
118,dr_robust,200,5,treatment,0.1,3,2,2000,-0.434601948654396,0.218942957500755,0.0300791432982054,0.467913408122437,0.435378961647406,0.2905,2000,178.788392066956,0.0038780886592627946,0.0035024824166444805,0.0037426608811004626
118,aipw_robust,200,5,treatment,0.1,3,2,2000,-0.366588022884853,0.180557345370799,0.0461936636800136,0.424920398864069,0.37355606699401,0.5945,2000,178.788392066956,0.004805916337183451,0.003814379355073572,0.004488345776374203
118,reg_adj,200,5,treatment,0.1,3,2,2000,-0.471025865662471,0.251097237388366,0.0292464945125423,0.501096036093249,0.471258373027698,0.216,2000,178.788392066956,0.003824035467444196,0.0037192641566519413,0.0037111290937849517
118,adaptive,200,5,treatment,0.1,3,2,2000,-0.471015134781571,0.251089904502865,0.0292492719455365,0.501088719193383,0.471247642146798,0.2165,2000,178.788392066956,0.003824217040489236,0.0037193721795125024,0.0037112910718681545
119,naive,500,5,treatment,0.1,3,2,2000,-0.470285615037098,0.23276926853444,0.0116065120796579,0.48246167571574,0.470285615037098,0.0055,2000,396.815514087677,0.0024089948193860753,0.0022953653832241227,0.002378805922583291
119,ipw_robust,500,5,treatment,0.1,3,2,2000,-0.436577207780056,0.203515947265367,0.0129227502874803,0.451127417993372,0.436577207780056,0.023,2000,396.815514087677,0.0025419235125668416,0.0022567988511480387,0.0025012876197886024
119,dr_robust,500,5,treatment,0.1,3,2,2000,-0.423035413221511,0.190424903071026,0.0114716780705673,0.436377019412144,0.423035413221511,0.019,2000,396.815514087677,0.0023949611761537285,0.0020585233957724695,0.002358652385665915
119,aipw_robust,500,5,treatment,0.1,3,2,2000,-0.359963447780367,0.147939797328506,0.0183753012411975,0.384629428578348,0.360188308414899,0.25,2000,396.815514087677,0.003031113759098914,0.0022582211226841696,0.002935580268819935
119,reg_adj,500,5,treatment,0.1,3,2,2000,-0.462411520644123,0.225029640390574,0.0112108313818545,0.474372891711335,0.462411520644123,0.0075,2000,396.815514087677,0.0023675759102776937,0.0022181031651264675,0.0023379320402610883
119,adaptive,500,5,treatment,0.1,3,2,2000,-0.462411520644123,0.225029640390574,0.0112108313818545,0.474372891711335,0.462411520644123,0.0075,2000,396.815514087677,0.0023675759102776937,0.0022181031651264675,0.0023379320402610883
120,naive,1000,5,treatment,0.1,3,2,2000,-0.476352355718427,0.232626088634129,0.0057173805258965,0.482313268150617,0.476352355718427,0.0,2000,726.429688930511,0.0016907661763083178,0.0016209157863092871,0.0016803557908789551
120,ipw_robust,1000,5,treatment,0.1,3,2,2000,-0.442608220159781,0.201979394085463,0.0060803977313194,0.449421176721194,0.442608220159781,0.0,2000,726.429688930511,0.001743616605122726,0.0015554085745573634,0.0017304575920354184
120,dr_robust,1000,5,treatment,0.1,3,2,2000,-0.428520855073581,0.189144520274982,0.0055171556197986,0.434907484730928,0.428520855073581,0.0,2000,726.429688930511,0.0016608966885087405,0.0014341098071108463,0.0016487527318575727
120,aipw_robust,1000,5,treatment,0.1,3,2,2000,-0.363869147410861,0.141280782150512,0.0088844679469782,0.375873359192311,0.363869147410861,0.035,2000,726.429688930511,0.0021076607823578017,0.001559344196818098,0.002074294650954869
120,reg_adj,1000,5,treatment,0.1,3,2,2000,-0.468774624392536,0.225221111295869,0.0054741999214667,0.474574663562931,0.468774624392536,0.0,2000,726.429688930511,0.0016544183149171646,0.0015607286380474902,0.0016443446710051029
120,adaptive,1000,5,treatment,0.1,3,2,2000,-0.468774624392536,0.225221111295869,0.0054741999214667,0.474574663562931,0.468774624392536,0.0,2000,726.429688930511,0.0016544183149171646,0.0015607286380474902,0.0016443446710051029
121,naive,200,10,treatment,0.1,3,2,2000,-0.487024029208972,0.270081095428491,0.0329051429730358,0.519693270524538,0.487203127426783,0.2325,2000,308.858469963074,0.004056176954537105,0.00408563929307708,0.0039308179697548845
121,ipw_robust,200,10,treatment,0.1,3,2,2000,-0.44333640852405,0.23082023401969,0.0342902080006872,0.480437544348577,0.444004581285129,0.3355,2000,308.858469963074,0.004140664680983429,0.0038281986787834415,0.003984075270360144
121,dr_robust,200,10,treatment,0.1,3,2,2000,-0.442432038709129,0.226858047217579,0.0311275020923095,0.476296175942637,0.442814419126075,0.2915,2000,308.858469963074,0.0039450920199856875,0.003626995480245969,0.003807500105441523
121,aipw_robust,200,10,treatment,0.1,3,2,2000,-0.385521508184909,0.194700479737984,0.0460966948122233,0.441248773072497,0.391627862965602,0.563,2000,308.858469963074,0.004800869442727187,0.003978356045053282,0.004508064710697382
121,reg_adj,200,10,treatment,0.1,3,2,2000,-0.476432774078564,0.25627490364307,0.0293013661099287,0.506236015750627,0.476543780956954,0.2045,2000,308.858469963074,0.0038276210699289904,0.0037630702979099926,0.003716715307513491
121,adaptive,200,10,treatment,0.1,3,2,2000,-0.476495089013913,0.256336699365291,0.0293037814016152,0.506297046569789,0.476606095892303,0.205,2000,308.858469963074,0.003827778820779435,0.003763697160239501,0.0037168863473912295
122,naive,500,10,treatment,0.1,3,2,2000,-0.484393808797988,0.247455850948418,0.0128249013972945,0.49744934510804,0.484393808797988,0.0115,2000,711.915347099304,0.0025322817178677513,0.002486539796472127,0.002499289446176756
122,ipw_robust,500,10,treatment,0.1,3,2,2000,-0.440963798992744,0.207819377186934,0.0133769936616508,0.455872106173358,0.440963798992745,0.0295,2000,711.915347099304,0.0025862128355619535,0.0023197482551628786,0.002544297209402773
122,dr_robust,500,10,treatment,0.1,3,2,2000,-0.436804282156244,0.203245422080334,0.0124536680043046,0.450827485941501,0.436804282156244,0.0245,2000,711.915347099304,0.0024953624991476287,0.0022152569302570303,0.0024568787389157546
122,aipw_robust,500,10,treatment,0.1,3,2,2000,-0.374267619331047,0.158263234967008,0.0181960821283426,0.39782312020169,0.374389433488583,0.21,2000,711.915347099304,0.0030162959178720015,0.0023299732477642635,0.002928403515842674
122,reg_adj,500,10,treatment,0.1,3,2,2000,-0.473202077701078,0.235765429367898,0.0118511486015819,0.48555682403597,0.473202077701078,0.0095,2000,711.915347099304,0.002434250254347517,0.002334067908964057,0.002403496144450386
122,adaptive,500,10,treatment,0.1,3,2,2000,-0.473202077701078,0.235765429367898,0.0118511486015819,0.48555682403597,0.473202077701078,0.0095,2000,711.915347099304,0.002434250254347517,0.002334067908964057,0.002403496144450386
123,naive,1000,10,treatment,0.1,3,2,2000,-0.485599258865073,0.241474346333914,0.0056705413943025,0.491400393094993,0.485599258865073,0.0,2000,1253.88312387466,0.0016838262075259578,0.0016451315049054273,0.0016739216411121242
123,ipw_robust,1000,10,treatment,0.1,3,2,2000,-0.44150084298564,0.201154440384581,0.0062345633092052,0.448502441893666,0.44150084298564,0.001,2000,1253.88312387466,0.001765582525571263,0.001571429055711393,0.0017518623188276397
123,dr_robust,1000,10,treatment,0.1,3,2,2000,-0.437158672064528,0.196559871556007,0.0054548944420071,0.443350731989931,0.437158672064528,0.0,2000,1253.88312387466,0.00165149847744512,0.0014542010123242677,0.0016400119672716523
123,aipw_robust,1000,10,treatment,0.1,3,2,2000,-0.371265010294884,0.146565013086514,0.0087316710527801,0.382838102971104,0.371265010294884,0.0235,2000,1253.88312387466,0.002089458189672636,0.0015758645649106772,0.002058134434217512
123,reg_adj,1000,10,treatment,0.1,3,2,2000,-0.474408019645029,0.230461945187202,0.0054016769221444,0.480064521900132,0.474408019645029,0.0,2000,1253.88312387466,0.0016434227882904022,0.0015686341211521482,0.0016337742632421312
123,adaptive,1000,10,treatment,0.1,3,2,2000,-0.474408019645029,0.230461945187202,0.0054016769221444,0.480064521900132,0.474408019645029,0.0,2000,1253.88312387466,0.0016434227882904022,0.0015686341211521482,0.0016337742632421312
124,naive,200,20,treatment,0.1,3,2,2000,-0.484737477064412,0.275596873287745,0.0406467750044757,0.524973211971568,0.486008776150465,0.3275,2000,733.516541004181,0.004508146792445633,0.004555627294125554,0.004338914053363434
124,ipw_robust,200,20,treatment,0.1,3,2,2000,-0.44397665311689,0.237394525781449,0.0402994069720602,0.487231490958301,0.445977339238765,0.4035,2000,733.516541004181,0.004488842109723854,0.004184650410095723,0.004294314394442395
124,dr_robust,200,20,treatment,0.1,3,2,2000,-0.44424769133878,0.234633212704061,0.0372958493689099,0.48438952579929,0.445459779131873,0.3665,2000,733.516541004181,0.004318324291256384,0.004013988106128352,0.00414334733962804
124,aipw_robust,200,20,treatment,0.1,3,2,2000,-0.400238919222419,0.212535575789839,0.0523705686138163,0.461015808611635,0.407711817378308,0.589,2000,733.516541004181,0.005117155880653642,0.004418289728965267,0.004791906965480315
124,reg_adj,200,20,treatment,0.1,3,2,2000,-0.475152387632952,0.257510290539783,0.0317563772551155,0.507454717723447,0.475425403417127,0.239,2000,733.516541004181,0.003984744487110528,0.003917617750373133,0.003860066340449474
124,adaptive,200,20,treatment,0.1,3,2,2000,-0.474476533550725,0.257164421077156,0.0320524664200542,0.507113814717324,0.474848348778095,0.243,2000,733.516541004181,0.004003277808250022,0.003931815700031142,0.003876660017853014
125,naive,500,20,treatment,0.1,3,2,2000,-0.484320117500156,0.246895536895794,0.0123357285447013,0.496885838896415,0.484320117500156,0.0085,2000,1936.85755181313,0.0024835185266775545,0.0024370585991230834,0.0024523325161930534
125,ipw_robust,500,20,treatment,0.1,3,2,2000,-0.442704438099703,0.208732929569545,0.0127520860994216,0.456872990632566,0.442704438099702,0.023,2000,1936.85755181313,0.002525082780763989,0.002271807099012486,0.0024862567339196864
125,dr_robust,500,20,treatment,0.1,3,2,2000,-0.43745933339843,0.202978137912985,0.0116132761736727,0.450530951115442,0.43745933339843,0.014,2000,1936.85755181313,0.0024096966794259294,0.0021400348198803037,0.0023750142077718773
125,aipw_robust,500,20,treatment,0.1,3,2,2000,-0.380415467401025,0.161946745853097,0.0172394377340237,0.40242607501639,0.380454089137416,0.173,2000,1936.85755181313,0.0029359357736523884,0.0022993130860221186,0.002856814243371869
125,reg_adj,500,20,treatment,0.1,3,2,2000,-0.47324599455047,0.235227496238499,0.0112713605607156,0.485002573434924,0.47324599455047,0.0045,2000,1936.85755181313,0.002373958778150497,0.002275027763012183,0.0023453770017134133
125,adaptive,500,20,treatment,0.1,3,2,2000,-0.47324599455047,0.235227496238499,0.0112713605607156,0.485002573434924,0.47324599455047,0.0045,2000,1936.85755181313,0.002373958778150497,0.002275027763012183,0.0023453770017134133
126,naive,1000,20,treatment,0.1,3,2,2000,-0.487360963914922,0.243459336821781,0.0059415984729356,0.493415987602531,0.487360963914922,0.0,2000,3501.62141108513,0.0017236006603815746,0.0016905052374787954,0.0017130628921174867
126,ipw_robust,1000,20,treatment,0.1,3,2,2000,-0.443769610113685,0.203255060488596,0.0063267570066476,0.450838175500474,0.443769610113685,0.0005,2000,3501.62141108513,0.0017785889079053089,0.001591195440478219,0.001764707967234405
126,dr_robust,1000,20,treatment,0.1,3,2,2000,-0.439184756207475,0.198598559817622,0.0057181688170119,0.445643983262001,0.439184756207475,0.0,2000,3501.62141108513,0.001690882730559973,0.0014961869624281509,0.0016786796396042886
126,aipw_robust,1000,20,treatment,0.1,3,2,2000,-0.376454244457165,0.150714674450247,0.009001376968917,0.388219878999321,0.376454244457165,0.0245,2000,3501.62141108513,0.002121482614696265,0.0016224473601320168,0.002089598508342813
126,reg_adj,1000,20,treatment,0.1,3,2,2000,-0.475002908017248,0.231176496362056,0.0055515094919592,0.480808170024237,0.475002908017248,0.0,2000,3501.62141108513,0.0016660596465851996,0.0015924724767988833,0.0016560372473689545
126,adaptive,1000,20,treatment,0.1,3,2,2000,-0.475002908017248,0.231176496362056,0.0055515094919592,0.480808170024237,0.475002908017248,0.0,2000,3501.62141108513,0.0016660596465851996,0.0015924724767988833,0.0016560372473689545
127,naive,200,5,mixed,0.1,3,2,2000,-0.249747538354359,0.113705073133983,0.0513569186792606,0.337201828485527,0.27962200880114,0.813,2000,174.202294826508,0.0050673917689113305,0.0030073557863330254,0.004459281552297549
127,ipw_robust,200,5,mixed,0.1,3,2,2000,-0.237653646530376,0.0951957843810251,0.0387358966201505,0.30853814088541,0.257767470987886,0.7795,2000,174.202294826508,0.004400903124368367,0.002424050104192372,0.0039282827355413665
127,dr_robust,200,5,mixed,0.1,3,2,2000,-0.241918082409837,0.100420758662894,0.0419173587454138,0.316892345541659,0.260534434235319,0.8005,2000,174.202294826508,0.004578065024953982,0.0025813635996292253,0.004072934603732605
127,aipw_robust,200,5,mixed,0.1,3,2,2000,-0.187516404384452,0.0821393615085806,0.0470004598252198,0.286599653713295,0.232517933458969,0.8615,2000,174.202294826508,0.004847703571033392,0.0023482634734518547,0.00409676606902146
127,reg_adj,200,5,mixed,0.1,3,2,2000,-0.262536491694713,0.116266788627086,0.0473650616865606,0.340979161573087,0.285998356355448,0.787,2000,174.202294826508,0.004866470059836011,0.0029618848072363126,0.004343205012253291
127,adaptive,200,5,mixed,0.1,3,2,2000,-0.257441455745805,0.104300859270148,0.0380437780226401,0.322956435560817,0.274012781233069,0.743,2000,174.202294826508,0.004361409062598927,0.0025475705599842754,0.0039441396415593865
128,naive,500,5,mixed,0.1,3,2,2000,-0.240757779844807,0.082903012086764,0.0249511791205236,0.287928831635118,0.251066720258997,0.672,2000,398.644880056381,0.003532080061417323,0.0018748645365067337,0.00325577769662658
128,ipw_robust,500,5,mixed,0.1,3,2,2000,-0.231427377551363,0.0707444966819195,0.0171944628330348,0.265978376342739,0.235576876504959,0.5745,2000,398.644880056381,0.0029321035821603236,0.0014620100324941464,0.0027483625785620336
128,dr_robust,500,5,mixed,0.1,3,2,2000,-0.262736265951017,0.0923877067122966,0.0233690457893078,0.303953461425095,0.265379907252104,0.6335,2000,398.644880056381,0.0034182631400543023,0.0019422818817710112,0.0031950316878520874
128,aipw_robust,500,5,mixed,0.1,3,2,2000,-0.18460984279864,0.0526108597153191,0.0185393353248429,0.229370572906202,0.194407416433826,0.725,2000,398.644880056381,0.0030446128920474354,0.0012678239202067677,0.002763702213721259
128,reg_adj,500,5,mixed,0.1,3,2,2000,-0.260724828754671,0.0885798990298004,0.0206127690851906,0.297623754142374,0.265984485185064,0.55,2000,398.644880056381,0.0032103558280345344,0.0017964667114843862,0.003018016348629572
128,adaptive,500,5,mixed,0.1,3,2,2000,-0.245332440889406,0.0778638626515144,0.0176846984479847,0.279040969485691,0.248894834668756,0.539,2000,398.644880056381,0.002973608787986804,0.001562549855632681,0.0027998574161218416
129,naive,1000,5,mixed,0.1,3,2,2000,-0.245311129317276,0.0730460333684181,0.0128749206618318,0.270270296866707,0.246857294843041,0.4165,2000,773.365140199661,0.0025372150738390115,0.0013097045277822743,0.0024229531379621042
129,ipw_robust,1000,5,mixed,0.1,3,2,2000,-0.234898978070378,0.0650087345774122,0.0098361227402742,0.254968105019848,0.235752775641501,0.3415,2000,773.365140199661,0.0022176702573054228,0.0010872972103962587,0.0021322220093207694
129,dr_robust,1000,5,mixed,0.1,3,2,2000,-0.289809882399599,0.0985890384123394,0.0146065737627516,0.313988914473647,0.289948423950583,0.3545,2000,773.365140199661,0.0027024594134557878,0.0016330822019872612,0.0026005411763101037
129,aipw_robust,1000,5,mixed,0.1,3,2,2000,-0.184740923755228,0.0436814089939839,0.0095569785733354,0.209000978452217,0.187209172217613,0.531,2000,773.365140199661,0.0021859755915077596,0.0008623688746733988,0.002063073773768381
129,reg_adj,1000,5,mixed,0.1,3,2,2000,-0.263717146159297,0.0794744353268639,0.0099326684827014,0.281912105676333,0.264201448683067,0.242,2000,773.365140199661,0.0022285273705635075,0.0012166458780677326,0.002157846104460267
129,adaptive,1000,5,mixed,0.1,3,2,2000,-0.242948654633127,0.0687364865787448,0.0097172964389177,0.262176441692889,0.243790146575462,0.3045,2000,773.365140199661,0.002204234157130056,0.0011142415394693283,0.002124984099018592
130,naive,200,10,mixed,0.1,3,2,2000,-0.237640946819456,0.109434020608679,0.0529872946507571,0.330808132621734,0.274792494961281,0.8245,2000,288.856004953384,0.005147198007205333,0.002965194706694061,0.004481743969221947
130,ipw_robust,200,10,mixed,0.1,3,2,2000,-0.227335133134815,0.0908116189685278,0.0391499311766922,0.301349662300338,0.252271221398166,0.793,2000,288.856004953384,0.004424360472242977,0.0023620653825191062,0.003919143901619791
130,dr_robust,200,10,mixed,0.1,3,2,2000,-0.221674408263379,0.0901298227247256,0.0410107848382257,0.300216293236602,0.248275944458555,0.808,2000,288.856004953384,0.004528288022985381,0.0023900600297833766,0.003980563486439022
130,aipw_robust,200,10,mixed,0.1,3,2,2000,-0.187714566428387,0.0827634704896733,0.047550487283918,0.287686409984332,0.233850767833822,0.86,2000,288.856004953384,0.0048759864275815,0.002368986895296629,0.004117307618781244
130,reg_adj,200,10,mixed,0.1,3,2,2000,-0.247398722383193,0.109381971686453,0.0481999438215272,0.330729453914302,0.277118543970155,0.8015,2000,288.856004953384,0.004909172222560908,0.00286766428142065,0.004335362707313806
130,adaptive,200,10,mixed,0.1,3,2,2000,-0.246445928662709,0.10004547492777,0.0393295439453173,0.316299660018423,0.26730356883573,0.7625,2000,288.856004953384,0.004434497939187552,0.002514800109647687,0.003975344313524098
131,naive,500,10,mixed,0.1,3,2,2000,-0.234074968485592,0.0821728026775329,0.0273954095107577,0.2866579890349,0.246110301696617,0.7185,2000,670.058841943741,0.003701041036705598,0.001937151828379894,0.003378855469721533
131,ipw_robust,500,10,mixed,0.1,3,2,2000,-0.216272054261459,0.0657476278663951,0.0189835181710093,0.256413002529893,0.223892317032879,0.659,2000,670.058841943741,0.003080869858579659,0.0014615844102952291,0.002850059076323236
131,dr_robust,500,10,mixed,0.1,3,2,2000,-0.24768581169296,0.0855749176329064,0.0242387757067592,0.292531908743143,0.252516489074041,0.682,2000,670.058841943741,0.0034812911187344846,0.0018872020929783853,0.003225634600147909
131,aipw_robust,500,10,mixed,0.1,3,2,2000,-0.179773370369961,0.0517862288605305,0.0194775029178142,0.227565878067276,0.192344963563944,0.743,2000,670.058841943741,0.003120697271269211,0.0012799762109795654,0.002812320155047942
131,reg_adj,500,10,mixed,0.1,3,2,2000,-0.249275744356368,0.0835824770307663,0.0214548077101999,0.289106342079807,0.255291770387918,0.605,2000,670.058841943741,0.0032752715696717353,0.001768231738253446,0.0030580991851180675
131,adaptive,500,10,mixed,0.1,3,2,2000,-0.233998143758382,0.0739743176661647,0.0192288007841884,0.271982201009854,0.240194396351788,0.618,2000,670.058841943741,0.0031007096594318855,0.0015733714762507592,0.0028924162507857555
132,naive,1000,10,mixed,0.1,3,2,2000,-0.231729562202879,0.0691713042238739,0.015480454452362,0.26300438061727,0.235771989767789,0.5305,2000,1327.43590307236,0.0027821263857310654,0.0013792032567082721,0.0026220157502154316
132,ipw_robust,1000,10,mixed,0.1,3,2,2000,-0.216638942362088,0.0578927503492912,0.0109658019024785,0.240609123578661,0.218172457654897,0.4585,2000,1327.43590307236,0.0023415595126409345,0.0010721717685552568,0.002228036394897423
132,dr_robust,1000,10,mixed,0.1,3,2,2000,-0.274694078904391,0.091422364412394,0.0159735141843546,0.302361314344931,0.275074673326506,0.443,2000,1327.43590307236,0.0028260851176454857,0.0016327200823089206,0.0026999487117692718
132,aipw_robust,1000,10,mixed,0.1,3,2,2000,-0.175845019183071,0.0405310934893081,0.0096144299327798,0.201323355548501,0.178280012785556,0.5635,2000,1327.43590307236,0.0021925361950010996,0.0008288678370128733,0.002058548633750519
132,reg_adj,1000,10,mixed,0.1,3,2,2000,-0.24797446478571,0.0723402262591561,0.010854318232513,0.268961384327111,0.249059204012578,0.3245,2000,1327.43590307236,0.002329626389843766,0.00120528389418816,0.0022406262839618145
132,adaptive,1000,10,mixed,0.1,3,2,2000,-0.223558265490223,0.0608792755044573,0.0109064306507857,0.24673726006515,0.224923580415993,0.4285,2000,1327.43590307236,0.0023352120514833017,0.0010995998878719586,0.00222828098111654
133,naive,200,20,mixed,0.1,3,2,2000,-0.227012436327962,0.10775351502502,0.0562469922735999,0.328258305340504,0.270664688814041,0.854,2000,692.721170186996,0.005303159071421482,0.0029935032718279254,0.004559676363287669
133,ipw_robust,200,20,mixed,0.1,3,2,2000,-0.211888154176864,0.0848571836905627,0.0399805841021352,0.291302563824218,0.242283436784405,0.8235,2000,692.721170186996,0.004471050441570482,0.0022778127404110703,0.003909702528031269
133,dr_robust,200,20,mixed,0.1,3,2,2000,-0.202403756415469,0.0808572642711911,0.0399099386294134,0.284354117732083,0.235375802601118,0.8305,2000,692.721170186996,0.004467098534250918,0.0022051772063507425,0.003877519383117302
133,aipw_robust,200,20,mixed,0.1,3,2,2000,-0.174142684630235,0.082196173259696,0.051896446872907,0.286698750014185,0.233070178811932,0.8845,2000,692.721170186996,0.005093939873659042,0.0024167810659266845,0.004214844092984552
133,reg_adj,200,20,mixed,0.1,3,2,2000,-0.236115705960135,0.103726130585433,0.047999503736248,0.322065413519416,0.268106326808027,0.8125,2000,692.721170186996,0.004898954160647352,0.002766940038851023,0.004295618099153972
133,adaptive,200,20,mixed,0.1,3,2,2000,-0.230615582554858,0.0939741773665982,0.0408110359674652,0.30655207937086,0.256672562257519,0.7885,2000,692.721170186996,0.0045172467260193565,0.00245081454805568,0.003997386925388848
134,naive,500,20,mixed,0.1,3,2,2000,-0.229014463439778,0.0746259204029387,0.0221893906336461,0.273177452222797,0.235679459034529,0.6675,2000,1653.98437285423,0.0033308700540283843,0.001679264931687828,0.0030735789466223217
134,ipw_robust,500,20,mixed,0.1,3,2,2000,-0.213969358945697,0.0623015141850472,0.0165268910629461,0.24960271269569,0.218512629828074,0.619,2000,1653.98437285423,0.002874620937005965,0.00133657610554261,0.0026774070103399343
134,dr_robust,500,20,mixed,0.1,3,2,2000,-0.220155688507041,0.0677989246011047,0.0193400674528216,0.260382266295354,0.223735047699601,0.6765,2000,1653.98437285423,0.0031096677839297883,0.001499602407025823,0.0028796170114842043
134,aipw_robust,500,20,mixed,0.1,3,2,2000,-0.172875732833886,0.0489979253029814,0.019121467033645,0.221354749899299,0.186508856054203,0.76,2000,1653.98437285423,0.0030920435826201575,0.0012282343244587577,0.0027743572817333236
134,reg_adj,500,20,mixed,0.1,3,2,2000,-0.243175990526437,0.0785696203480469,0.0194447803697181,0.280302729826249,0.247121610448859,0.5855,2000,1653.98437285423,0.003118074756137038,0.0016364035683952994,0.002918993278106238
134,adaptive,500,20,mixed,0.1,3,2,2000,-0.228980839320244,0.0694297423366964,0.0170060205711785,0.263495241582645,0.232773085320017,0.591,2000,1653.98437285423,0.002915992161441668,0.0014396290223273776,0.002731793207498663
135,naive,1000,20,mixed,0.1,3,2,2000,-0.227761246831144,0.0669770664768168,0.0151094356365579,0.258799278354513,0.231164078146269,0.5645,2000,3232.63721990585,0.0027485846936703535,0.0013401136518608485,0.002589098509821017
135,ipw_robust,1000,20,mixed,0.1,3,2,2000,-0.214609159157356,0.0576956492427187,0.0116443802386109,0.240199186598787,0.216138368958093,0.4955,2000,3232.63721990585,0.00241292149049766,0.001099183404278501,0.002288066458181861
135,dr_robust,1000,20,mixed,0.1,3,2,2000,-0.257950373471038,0.0814986757156465,0.0149677644240103,0.285479729080099,0.258345690233489,0.48,2000,3232.63721990585,0.0027356685128145826,0.0014885886000102209,0.0026071704019176743
135,aipw_robust,1000,20,mixed,0.1,3,2,2000,-0.174479527689296,0.0398413992335606,0.0094029951484549,0.199603104268347,0.176807640633989,0.569,2000,3232.63721990585,0.0021682937010994267,0.0008129754399473231,0.0020364799508687916
135,reg_adj,1000,20,mixed,0.1,3,2,2000,-0.247074333653865,0.0715745547042821,0.0105340954014814,0.267534212212723,0.247704554551058,0.337,2000,3232.63721990585,0.0022950049456898127,0.001181985692123779,0.0022090365234932146
135,adaptive,1000,20,mixed,0.1,3,2,2000,-0.221913513563357,0.0607622209478652,0.0115223746331474,0.246499941070714,0.223183550148152,0.4605,2000,3232.63721990585,0.0024002473448737943,0.0011258853380950228,0.0022837436252612277
136,naive,200,5,none,0.15,3,2,2000,0.0122343976412318,0.0301216601440373,0.029986973144966,0.173555928000277,0.138960952908917,0.947,2000,179.925247192383,0.0038721423750274217,0.0009529929106785439,0.0027454922504203455
136,ipw_robust,200,5,none,0.15,3,2,2000,-0.0172872799050194,0.0316597407717081,0.031376579014701,0.177931843051513,0.142744699540975,0.9495,2000,179.925247192383,0.003960844544708931,0.0010016204345268686,0.002814618275596937
136,dr_robust,200,5,none,0.15,3,2,2000,0.0073609494269733,0.0298255014130398,0.0297862109420443,0.172700612080675,0.137692898134705,0.945,2000,179.925247192383,0.003859158648076307,0.0009436345739535025,0.002731995453243371
136,aipw_robust,200,5,none,0.15,3,2,2000,0.0082915366934117,0.0410530645500594,0.0410048173780102,0.202615558509359,0.16232637501419,0.951,2000,179.925247192383,0.004527958556458429,0.0012988584126878248,0.003205228715513052
136,reg_adj,200,5,none,0.15,3,2,2000,0.0120416679185178,0.028010535604376,0.0278794735749036,0.167363483485425,0.133575739005218,0.9485,2000,179.925247192383,0.0037335956914818455,0.0008861998604351393,0.0026475305185444313
136,adaptive,200,5,none,0.15,3,2,2000,0.011809520183701,0.0280433455892875,0.0279178397421894,0.167461474940619,0.133678081414786,0.9485,2000,179.925247192383,0.0037361637907209985,0.0008872389113978421,0.002649083652560843
137,naive,500,5,none,0.15,3,2,2000,0.0087387675706867,0.0118236066643216,0.0117531171642493,0.108736409101651,0.087037591999739,0.951,2000,399.848116159439,0.0024241614183310176,0.00037407331038988566,0.0017200922555764531
137,ipw_robust,500,5,none,0.15,3,2,2000,-0.0200243474020425,0.0124438190869446,0.0120488690325832,0.111551867249923,0.0886364332136469,0.945,2000,399.848116159439,0.0024544723498731045,0.0003934943750146003,0.001763728320804383
137,dr_robust,500,5,none,0.15,3,2,2000,0.0045051044816539,0.0116520792175358,0.0116376020521713,0.107944797084138,0.0863402320582261,0.947,2000,399.848116159439,0.002412219108224966,0.0003686545459979277,0.0017076068321782033
137,aipw_robust,500,5,none,0.15,3,2,2000,0.0024052059828965,0.016344709030749,0.0163470975637107,0.12784642752439,0.102056851047399,0.9495,2000,399.848116159439,0.0028589418989995847,0.0005171235202478378,0.002022440244367342
137,reg_adj,500,5,none,0.15,3,2,2000,0.0076489948173219,0.0111060059994071,0.0110530253903869,0.105385036885732,0.0838973911997322,0.945,2000,399.848116159439,0.0023508536099028903,0.00035137263935061224,0.0016670897963038257
137,adaptive,500,5,none,0.15,3,2,2000,0.0076489948173219,0.0111060059994071,0.0110530253903869,0.105385036885732,0.0838973911997322,0.945,2000,399.848116159439,0.0023508536099028903,0.00035137263935061224,0.0016670897963038257
138,naive,1000,5,none,0.15,3,2,2000,0.0079231434509585,0.0057827234848939,0.005722808687093,0.0760442205883785,0.0603303138721344,0.9445,2000,732.56229186058,0.0016915686044457377,0.00018294548821716603,0.0012028888375846198
138,ipw_robust,1000,5,none,0.15,3,2,2000,-0.0214503091201494,0.006226168733742,0.0057689374411126,0.0789060753918355,0.0633154256396853,0.9445,2000,732.56229186058,0.0016983723739381477,0.000196441841992144,0.0012447827433860058
138,dr_robust,1000,5,none,0.15,3,2,2000,0.0031548565097221,0.0056737314842954,0.0056666116705338,0.0753241759616093,0.0599690538675659,0.9485,2000,732.56229186058,0.0016832426548976532,0.0001795084642905796,0.0011915727055684634
138,aipw_robust,1000,5,none,0.15,3,2,2000,-0.0020846029025367,0.0074763038105631,0.0074756960893465,0.0864656221313601,0.0687222299354309,0.949,2000,732.56229186058,0.0019333515057208945,0.00023653964642430535,0.0013678248105643083
138,reg_adj,1000,5,none,0.15,3,2,2000,0.0064430258845096,0.0054614799620651,0.005422678718876,0.0739018265137278,0.0587247840979517,0.9475,2000,732.56229186058,0.0016466145145230561,0.0001727879141724122,0.001169036831182485
138,adaptive,1000,5,none,0.15,3,2,2000,0.0064430258845096,0.0054614799620651,0.005422678718876,0.0739018265137278,0.0587247840979517,0.9475,2000,732.56229186058,0.0016466145145230561,0.0001727879141724122,0.001169036831182485
139,naive,200,10,none,0.15,3,2,2000,0.0041460703283826,0.0351849915127671,0.0351853943107546,0.187576628375624,0.149099968247166,0.9525,2000,309.224457025528,0.0041943649287320365,0.0011132033235505773,0.0029673294940598277
139,ipw_robust,200,10,none,0.15,3,2,2000,-0.0185705667734228,0.0353550565355353,0.0350277044374679,0.188029403380257,0.149856582954831,0.953,2000,309.224457025528,0.004184955461977337,0.0011185257276043984,0.002974337277830886
139,dr_robust,200,10,none,0.15,3,2,2000,-0.0010077807843829,0.0342522825529703,0.0342684011314266,0.185073721940664,0.147365852455755,0.9545,2000,309.224457025528,0.004139347843044035,0.001083694109791155,0.002927736305369693
139,aipw_robust,200,10,none,0.15,3,2,2000,-0.0068049164985837,0.0419972549773751,0.0419719340558504,0.204932318040311,0.162776185353511,0.9565,2000,309.224457025528,0.0045810443163022555,0.0013287326396736049,0.0032418816426314904
139,reg_adj,200,10,none,0.15,3,2,2000,0.0056592045073853,0.0306126963835479,0.0305959677717773,0.174964843278722,0.140175838329859,0.952,2000,309.224457025528,0.003911263719808299,0.000968541694130264,0.002767818025554312
139,adaptive,200,10,none,0.15,3,2,2000,0.0053496441715563,0.0311469677850239,0.0311339160502868,0.176485035583825,0.141016900711376,0.954,2000,309.224457025528,0.003945498450784565,0.0009854454589586197,0.002791866901629071
140,naive,500,10,none,0.15,3,2,2000,0.0109086632099089,0.0119143764586716,0.0118012781647268,0.109152995646806,0.0874841976510004,0.9495,2000,724.871825933456,0.0024291231097586224,0.00037693347601556613,0.0017266290942450915
140,ipw_robust,500,10,none,0.15,3,2,2000,-0.0116821973288097,0.0122909401770221,0.0121605467159509,0.11086451270367,0.0880246275461267,0.9505,2000,724.871825933456,0.00246582103121363,0.00038884198188580217,0.001753681012990779
140,dr_robust,500,10,none,0.15,3,2,2000,0.0056004740253077,0.0115873676892234,0.011561783271551,0.107644636137726,0.0862476776053592,0.9535,2000,724.871825933456,0.0024043484846784377,0.00036660620594208224,0.0017028540347938364
140,aipw_robust,500,10,none,0.15,3,2,2000,-0.0004271514302141,0.0162769096634848,0.0162848696399605,0.127580992563488,0.10259012272805,0.9535,2000,724.871825933456,0.0028534951936143595,0.0005149785644191529,0.0020182417226566277
140,reg_adj,500,10,none,0.15,3,2,2000,0.0094322641185633,0.0110206555588086,0.0109371565306716,0.104979310146374,0.0837806590019746,0.9525,2000,724.871825933456,0.002338499148029736,0.00034866530979031385,0.0016606382214941465
140,adaptive,500,10,none,0.15,3,2,2000,0.0094322641185633,0.0110206555588086,0.0109371565306716,0.104979310146374,0.0837806590019746,0.9525,2000,724.871825933456,0.002338499148029736,0.00034866530979031385,0.0016606382214941465
141,naive,1000,10,none,0.15,3,2,2000,0.0103372320305253,0.0058230680680096,0.005719069236575,0.0763090300554899,0.0604432977109656,0.94,2000,1283.46940493584,0.001691015853943274,0.00018420101443984065,0.001206941133348796
141,ipw_robust,1000,10,none,0.15,3,2,2000,-0.0134548659103397,0.0062343201295046,0.0060563148702745,0.0789577110199163,0.0628510267516495,0.9465,2000,1283.46940493584,0.0017401601751382688,0.00019715917567955185,0.00124851121652843
141,dr_robust,1000,10,none,0.15,3,2,2000,0.0055487951068609,0.0057565244980368,0.0057285996707343,0.0758717635094695,0.0601136195634517,0.9485,2000,1283.46940493584,0.0016924242480439561,0.000182125262813005,0.0012002176724828207
141,aipw_robust,1000,10,none,0.15,3,2,2000,-0.0008691417252413,0.0080857360245741,0.0080890251298004,0.089920720774325,0.0711021046527859,0.9455,2000,1283.46940493584,0.002011097353411863,0.0002558213215672845,0.0014224826011421884
141,reg_adj,1000,10,none,0.15,3,2,2000,0.0095144567757814,0.0055461312665148,0.0054583355465499,0.0744723523632418,0.059408581312359,0.946,2000,1283.46940493584,0.001652019301725906,0.0001754470215304553,0.001177933930935239
141,adaptive,1000,10,none,0.15,3,2,2000,0.0095144567757814,0.0055461312665148,0.0054583355465499,0.0744723523632418,0.059408581312359,0.946,2000,1283.46940493584,0.001652019301725906,0.0001754470215304553,0.001177933930935239
142,naive,200,20,none,0.15,3,2,2000,0.0106846656533381,0.0386443237275449,0.0385494363656041,0.19658159559721,0.155264029346142,0.951,2000,720.270735025406,0.004390298188369675,0.001222645006447882,0.0031097646825317417
142,ipw_robust,200,20,none,0.15,3,2,2000,-0.0142168117869519,0.0380162709108743,0.0378330697083428,0.194977616435514,0.154994499546652,0.9435,2000,720.270735025406,0.0043493142970095185,0.0012027612533050483,0.003084357259293002
142,dr_robust,200,20,none,0.15,3,2,2000,0.0049471759572745,0.0369124776898696,0.0369064563681015,0.192126202507283,0.151515556236474,0.948,2000,720.270735025406,0.004295722079470546,0.0011678583216599785,0.003039299966426256
142,aipw_robust,200,20,none,0.15,3,2,2000,0.0034933715391827,0.0473093481562806,0.0473208049140269,0.217507122081739,0.172338896023586,0.953,2000,720.270735025406,0.004864195972307597,0.001496801105789473,0.003440809412270593
142,reg_adj,200,20,none,0.15,3,2,2000,0.009326031890068,0.0302938866648405,0.0302220228054287,0.174051390873042,0.137597287148596,0.95,2000,720.270735025406,0.003887288438322316,0.0009584507162657694,0.00275335552177486
142,adaptive,200,20,none,0.15,3,2,2000,0.0081743764053046,0.0318991091257801,0.0318482128025658,0.178603217008485,0.140642770789281,0.95,2000,720.270735025406,0.0039905020237161765,0.0010092397540928662,0.0028253683528133753
143,naive,500,20,none,0.15,3,2,2000,0.0093480106590133,0.0121034663156918,0.01202209205844,0.110015754852166,0.0862855719841897,0.95,2000,1975.12707400322,0.002451743467253456,0.00038292532664059256,0.0017403204075414
143,ipw_robust,500,20,none,0.15,3,2,2000,-0.0156753595453332,0.0124782255972112,0.0122386280143429,0.111705978341408,0.0894614765503871,0.945,2000,1975.12707400322,0.0024737247234022323,0.00039471317569705455,0.0017667504530987997
143,dr_robust,500,20,none,0.15,3,2,2000,0.0035680639651336,0.0113852434153011,0.0113782014355596,0.106701656103835,0.0849118151291641,0.9465,2000,1975.12707400322,0.0023851835815676325,0.0003602126892602295,0.0016879432916659435
143,aipw_robust,500,20,none,0.15,3,2,2000,-0.0017637409912412,0.0160433641751874,0.016048277531669,0.126662402374135,0.101017045032433,0.95,2000,1975.12707400322,0.0028326910819633155,0.0005075894572667427,0.0020037100503092725
143,reg_adj,500,20,none,0.15,3,2,2000,0.0063423833865852,0.0105640871150323,0.0105291258509353,0.102781745047612,0.0823128163488493,0.9465,2000,1975.12707400322,0.0022944635376199924,0.0003342298262800438,0.0016259201773876147
143,adaptive,500,20,none,0.15,3,2,2000,0.00647877801216,0.0105947360925327,0.010558040548276,0.10293073444085,0.0824251704000858,0.947,2000,1975.12707400322,0.002297611863248012,0.00033519928181257496,0.001628275964576936
144,naive,1000,20,none,0.15,3,2,2000,0.0088351417069816,0.0062111585368227,0.0061361668912859,0.0788109036670861,0.0626803173540476,0.9515,2000,3607.28095197678,0.0017515945437352077,0.0001964955957948242,0.0012466269681722158
144,ipw_robust,1000,20,none,0.15,3,2,2000,-0.0153314698851557,0.0065675705396357,0.0063356844130028,0.0810405487372571,0.0640090324013823,0.9455,2000,3607.28095197678,0.001779843309536376,0.00020765199858019078,0.0012811611089494392
144,dr_robust,1000,20,none,0.15,3,2,2000,0.0037807118376789,0.0060330565092545,0.0060217736140619,0.0776727526823565,0.0617327245453807,0.948,2000,3607.28095197678,0.0017351907120057293,0.00019087667562484522,0.001228723516504155
144,aipw_robust,1000,20,none,0.15,3,2,2000,-0.0015183515870929,0.008341268528825,0.0083431347046353,0.0913305454315534,0.0725637200142257,0.9485,2000,3607.28095197678,0.0020424415174779545,0.00026390597773459786,0.0014447848553164454
144,reg_adj,1000,20,none,0.15,3,2,2000,0.0075734100045457,0.0057177836615692,0.0056632587518482,0.0756160278087209,0.0606005286966147,0.952,2000,3607.28095197678,0.0016827445961654728,0.00018089264643544336,0.0011961263483254588
144,adaptive,1000,20,none,0.15,3,2,2000,0.0075734100045457,0.0057177836615692,0.0056632587518482,0.0756160278087209,0.0606005286966147,0.952,2000,3607.28095197678,0.0016827445961654728,0.00018089264643544336,0.0011961263483254588
145,naive,200,5,covariate,0.15,3,2,2000,-0.16178865713286,0.063590943524699,0.0374340909933416,0.252172447988869,0.204643706503612,0.8685,2000,169.363937139511,0.00432632008717233,0.0018333107961234457,0.003635033903871149
145,ipw_robust,200,5,covariate,0.15,3,2,2000,-0.162284216947959,0.0641904670899632,0.0378732366378697,0.253358376790591,0.206541786571917,0.8685,2000,169.363937139511,0.004351622492695667,0.001851824459448698,0.0036545554224545963
145,dr_robust,200,5,covariate,0.15,3,2,2000,-0.170656153887213,0.0680000445055041,0.0388959696307433,0.260768181543501,0.21105313348653,0.8605,2000,169.363937139511,0.004409986940498991,0.001943829152700506,0.0037271210413687664
145,aipw_robust,200,5,covariate,0.15,3,2,2000,-0.149188421407344,0.0714595992489322,0.0492270276807575,0.267319283346586,0.216818263892424,0.894,2000,169.363937139511,0.0049612008466074775,0.0021481644226032325,0.004017975051612877
145,reg_adj,200,5,covariate,0.15,3,2,2000,-0.170074936442436,0.0628599436516189,0.0339514353634018,0.250718853801661,0.206255503157761,0.856,2000,169.363937139511,0.0041201599097244876,0.001765452736381807,0.0035207817633420256
145,adaptive,200,5,covariate,0.15,3,2,2000,-0.169890676392339,0.0633407043108082,0.0344951099407322,0.251675792063536,0.20680885982363,0.8575,2000,169.363937139511,0.004153017574049754,0.0017835824681343181,0.0035434128437828644
146,naive,500,5,covariate,0.15,3,2,2000,-0.17141308254921,0.0443591148199207,0.0149841620319144,0.210616036473771,0.179968168285221,0.7075,2000,401.383224964142,0.0027371666036171785,0.0010512220228957863,0.002495588751207698
146,ipw_robust,500,5,covariate,0.15,3,2,2000,-0.170056186225598,0.0440866251605019,0.0151751062400265,0.209968152729174,0.179586012546165,0.714,2000,401.383224964142,0.002754551346410745,0.0010526086051343983,0.002506591098346468
146,dr_robust,500,5,covariate,0.15,3,2,2000,-0.177038358204623,0.0463992741746997,0.0150642260119171,0.215404907499109,0.185244672127037,0.6945,2000,401.383224964142,0.0027444695308854405,0.0010822358021616097,0.002512096439042565
146,aipw_robust,500,5,covariate,0.15,3,2,2000,-0.159250003180799,0.0448456207830231,0.0194948046722747,0.21176784643336,0.177046774876642,0.7955,2000,401.383224964142,0.0031220830123712836,0.0011699768687213183,0.0027624044169743483
146,reg_adj,500,5,covariate,0.15,3,2,2000,-0.173916333893533,0.0440633267016093,0.0138233471802324,0.209912664462174,0.18094027931727,0.678,2000,401.383224964142,0.002629006198189004,0.0010135637540316454,0.00241425108063046
146,adaptive,500,5,covariate,0.15,3,2,2000,-0.173916333893533,0.0440633267016093,0.0138233471802324,0.209912664462174,0.18094027931727,0.678,2000,401.383224964142,0.002629006198189004,0.0010135637540316454,0.00241425108063046
147,naive,1000,5,covariate,0.15,3,2,2000,-0.176155889942385,0.0384553376929779,0.0074281542086885,0.19610032558101,0.177645759520272,0.465,2000,805.72654914856,0.0019271941013671275,0.0007184581126190676,0.0018318636404361017
147,ipw_robust,1000,5,covariate,0.15,3,2,2000,-0.174371420835019,0.0380650130609118,0.00766345238308,0.195102570615848,0.175993210360487,0.4895,2000,805.72654914856,0.001957479550733545,0.0007243956489253122,0.001856448243195188
147,dr_robust,1000,5,covariate,0.15,3,2,2000,-0.182371437865352,0.0409848327467029,0.0077293560756649,0.202447110986309,0.183596349881957,0.4655,2000,805.72654914856,0.0019658784392307805,0.0007575549680403422,0.0018709947609269017
147,aipw_robust,1000,5,covariate,0.15,3,2,2000,-0.169123441779296,0.0387617577887669,0.0101641012801319,0.196880059398525,0.172961937710466,0.618,2000,805.72654914856,0.002254340400220417,0.0008274969595376091,0.002101525573655451
147,reg_adj,1000,5,covariate,0.15,3,2,2000,-0.17980303285716,0.039108839801264,0.0067831007269946,0.197759550467895,0.180622486816051,0.415,2000,805.72654914856,0.0018416162367597925,0.000696127829036203,0.001760035930980777
147,adaptive,1000,5,covariate,0.15,3,2,2000,-0.17980303285716,0.039108839801264,0.0067831007269946,0.197759550467895,0.180622486816051,0.415,2000,805.72654914856,0.0018416162367597925,0.000696127829036203,0.001760035930980777
148,naive,200,10,covariate,0.15,3,2,2000,-0.135832680785903,0.062670378512887,0.0442419823345694,0.250340525111071,0.198820798727608,0.8985,2000,267.267060041428,0.004703295777142311,0.0018947105082952388,0.0037842664655564537
148,ipw_robust,200,10,covariate,0.15,3,2,2000,-0.13354767794158,0.0601088939328031,0.0422950591788045,0.245171152325887,0.197238195818029,0.902,2000,267.267060041428,0.004598644320819153,0.0018159116975263808,0.003703355146596999
148,dr_robust,200,10,covariate,0.15,3,2,2000,-0.145193486881545,0.0683469526561798,0.0472894487477324,0.261432501147389,0.20518656933881,0.9025,2000,267.267060041428,0.0048625841251197085,0.0020567264666198765,0.003933570725891396
148,aipw_robust,200,10,covariate,0.15,3,2,2000,-0.117316211335008,0.0659321291919131,0.0521951333165711,0.256772524215332,0.205218695386879,0.912,2000,267.267060041428,0.005108577752984244,0.002039868852657417,0.003972132257707532
148,reg_adj,200,10,covariate,0.15,3,2,2000,-0.147484768371593,0.0571972116637861,0.0354631863553413,0.239159385481285,0.193479438735716,0.8695,2000,267.267060041428,0.004210889832051018,0.001673442799617095,0.003498593200198801
148,adaptive,200,10,covariate,0.15,3,2,2000,-0.146320329092351,0.0587935059742255,0.0374025685528079,0.242473722234442,0.195520679020442,0.878,2000,267.267060041428,0.004324498153127592,0.0017321960319515296,0.003571925270889171
149,naive,500,10,covariate,0.15,3,2,2000,-0.145541502061041,0.0364688790059221,0.0152941972823792,0.190968267012931,0.160228316900103,0.78,2000,665.374457836151,0.0027653387932023085,0.0009390665058055013,0.002458697773441895
149,ipw_robust,500,10,covariate,0.15,3,2,2000,-0.142445777271927,0.0356384627070311,0.015355340914885,0.188781521095236,0.158119032245399,0.7845,2000,665.374457836151,0.002770860959601275,0.0009267851859951278,0.002454650170785481
149,dr_robust,500,10,covariate,0.15,3,2,2000,-0.154662859049265,0.0394045632289128,0.015491709114177,0.198505826687563,0.166722995758097,0.765,2000,665.374457836151,0.002783137538298907,0.000990522591564688,0.002494945886711212
149,aipw_robust,500,10,covariate,0.15,3,2,2000,-0.140160944673156,0.039866438417877,0.0202314637380746,0.199665816848746,0.163996912426864,0.83,2000,665.374457836151,0.0031805238356342027,0.0010973650229412662,0.0027480042409376453
149,reg_adj,500,10,covariate,0.15,3,2,2000,-0.152826315657914,0.0370156124425172,0.013666562966428,0.192394418948464,0.163213231246361,0.738,2000,665.374457836151,0.002614054606012277,0.0009083855062698254,0.002360737674290727
149,adaptive,500,10,covariate,0.15,3,2,2000,-0.152934241313222,0.0370673467223865,0.0136853072099406,0.192528820498092,0.163321156901669,0.7385,2000,665.374457836151,0.0026158466325398935,0.0009096459250221841,0.0023623630027671595
150,naive,1000,10,covariate,0.15,3,2,2000,-0.152830381952113,0.031040453191508,0.0076871711294439,0.176183010507563,0.15545474183211,0.589,2000,1388.82527089119,0.0019605064561796144,0.0006466784702337371,0.0018352463962635521
150,ipw_robust,1000,10,covariate,0.15,3,2,2000,-0.148847846712607,0.0299611040317264,0.0078093272243587,0.17309276134988,0.152191671976396,0.598,2000,1388.82527089119,0.001976022168949364,0.0006379870881673026,0.0018429051659696828
150,dr_robust,1000,10,covariate,0.15,3,2,2000,-0.159364270999491,0.0331963014955217,0.0078032322404427,0.182198522210038,0.161565894542324,0.564,2000,1388.82527089119,0.001975250900574747,0.0006762006782174474,0.0018556700406107713
150,aipw_robust,1000,10,covariate,0.15,3,2,2000,-0.148843499259536,0.0320616975959491,0.0099122664573542,0.179057805180196,0.155297286307495,0.6735,2000,1388.82527089119,0.0022262374600830657,0.0007331121373958086,0.0020471381760153833
150,reg_adj,1000,10,covariate,0.15,3,2,2000,-0.155569002704987,0.0310703857441224,0.0068721071950957,0.176267937368435,0.157333669402688,0.53,2000,1388.82527089119,0.0018536595149994106,0.0006163273573431408,0.0017482684785006994
150,adaptive,1000,10,covariate,0.15,3,2,2000,-0.155569002704987,0.0310703857441224,0.0068721071950957,0.176267937368435,0.157333669402688,0.53,2000,1388.82527089119,0.0018536595149994106,0.0006163273573431408,0.0017482684785006994
151,naive,200,20,covariate,0.15,3,2,2000,-0.131492619518872,0.0629432733139123,0.045675802227091,0.250884980247747,0.19841322748566,0.9165,2000,576.299592971802,0.004778901663933409,0.001914621731999494,0.0038157360598247442
151,ipw_robust,200,20,covariate,0.15,3,2,2000,-0.132124876987353,0.0607709513756103,0.0433356360747246,0.246517649217273,0.197257600809987,0.912,2000,576.299592971802,0.004654870356665403,0.0018414657989790368,0.0037349573242036437
151,dr_robust,200,20,covariate,0.15,3,2,2000,-0.131206118062554,0.0639594004043308,0.0467677388567143,0.252901958087182,0.20144523040572,0.9135,2000,576.299592971802,0.004835687068903151,0.0019487018485934385,0.0038526824057282887
151,aipw_robust,200,20,covariate,0.15,3,2,2000,-0.0990461114423868,0.0619698916499606,0.052185852384295,0.248937525596204,0.198978081962914,0.9295,2000,576.299592971802,0.005108123549029281,0.0019357849596339056,0.0038880939203475074
151,reg_adj,200,20,covariate,0.15,3,2,2000,-0.151044039346213,0.0584841857281961,0.0356877277700607,0.241835038255825,0.195680409834908,0.88,2000,576.299592971802,0.004224199792271946,0.0017035243170458367,0.003522079201864382
151,adaptive,200,20,covariate,0.15,3,2,2000,-0.15084937556654,0.0606556231957433,0.037919048611234,0.246283623482649,0.198246928782441,0.886,2000,576.299592971802,0.0043542535876562125,0.0017786485475423828,0.0036109760819474277
152,naive,500,20,covariate,0.15,3,2,2000,-0.156339632312851,0.0415641306971078,0.0171306153730769,0.203872829717714,0.171296001678557,0.79,2000,1574.78955197334,0.0029266546920568627,0.0010634254781129078,0.0026080608180730747
152,ipw_robust,500,20,covariate,0.15,3,2,2000,-0.151915006597079,0.0399620099993325,0.0168922869133986,0.199905002436989,0.16770374923502,0.786,2000,1574.78955197334,0.002906224949431702,0.0010320055568078315,0.002581239949543345
152,dr_robust,500,20,covariate,0.15,3,2,2000,-0.168695680944402,0.0456407647974871,0.0171911275919876,0.213636993045416,0.180106954374867,0.7585,2000,1574.78955197334,0.002931819195652044,0.0011287130233336015,0.0026416609952323524
152,aipw_robust,500,20,covariate,0.15,3,2,2000,-0.142827110535745,0.0402142444465115,0.0198245732291361,0.2005348958324,0.165798530667743,0.824,2000,1574.78955197334,0.003148378410319835,0.0010962845332097091,0.002733400909251089
152,reg_adj,500,20,covariate,0.15,3,2,2000,-0.164914323097965,0.0403928505477947,0.0132027179439068,0.200979726708429,0.172106953768275,0.706,2000,1574.78955197334,0.002569310991677224,0.0009446975050885763,0.002350230843081737
152,adaptive,500,20,covariate,0.15,3,2,2000,-0.164877231083534,0.0404461431760246,0.0132682759842435,0.201112265105897,0.172069861753845,0.7075,2000,1574.78955197334,0.0025756820440655617,0.0009473278629223254,0.0023552215038289775
153,naive,1000,20,covariate,0.15,3,2,2000,-0.155323351904235,0.0322140425317839,0.0080927452576458,0.179482708169294,0.158655505018551,0.597,2000,3422.49109888077,0.0020115597502492685,0.0006752577630638862,0.001881122058919907
153,ipw_robust,1000,20,covariate,0.15,3,2,2000,-0.149718148391282,0.0305270870948418,0.0081156209476015,0.174720024882215,0.153408535147847,0.6105,2000,3422.49109888077,0.0020144007728852644,0.0006555113232664416,0.0018758906533705715
153,dr_robust,1000,20,covariate,0.15,3,2,2000,-0.163400648572759,0.0350487173119885,0.0083531219189497,0.187213026555281,0.166047521766346,0.567,2000,3422.49109888077,0.0020436636121130233,0.0007182113522304149,0.0019181660738184227
153,aipw_robust,1000,20,covariate,0.15,3,2,2000,-0.144879780821329,0.031315494727146,0.0103305090908551,0.176961845399357,0.151272186282805,0.7005,2000,3422.49109888077,0.002272719636344868,0.0007351172064838707,0.002077050012743995
153,reg_adj,1000,20,covariate,0.15,3,2,2000,-0.159001795955423,0.0322032479017235,0.0069251393543507,0.179452634145402,0.160901365000387,0.5085,2000,3422.49109888077,0.0018607981290767008,0.0006309630426912295,0.0017580211226656888
153,adaptive,1000,20,covariate,0.15,3,2,2000,-0.159001795955423,0.0322032479017235,0.0069251393543507,0.179452634145402,0.160901365000387,0.5085,2000,3422.49109888077,0.0018607981290767008,0.0006309630426912295,0.0017580211226656888
154,naive,200,5,outcome,0.15,3,2,2000,0.0108365954433451,0.122215215737229,0.122158863368111,0.349592928614452,0.27129384258942,0.949,2000,176.638633012772,0.007815333114081287,0.0038667141826113135,0.005530309491579724
154,ipw_robust,200,5,outcome,0.15,3,2,2000,-0.0215396530739373,0.0458653648533035,0.0454241202588874,0.214162006091892,0.169499837628447,0.949,2000,176.638633012772,0.004765717168427402,0.001451034233585081,0.0033877022821743544
154,dr_robust,200,5,outcome,0.15,3,2,2000,0.0042523693937175,0.0455931569647434,0.0455978732559108,0.213525541715139,0.168003196172122,0.9515,2000,176.638633012772,0.004774823203842777,0.0014425030696029024,0.003377823229052669
154,aipw_robust,200,5,outcome,0.15,3,2,2000,0.0013260830418104,0.0551725572908044,0.0551983979935674,0.234888393265407,0.186647873853582,0.947,2000,176.638633012772,0.005253493979894114,0.0017455822161692156,0.0037157694169180026
154,reg_adj,200,5,outcome,0.15,3,2,2000,0.0092268530526533,0.115869224159929,0.115842010347848,0.340395687634155,0.267065497720968,0.952,2000,176.638633012772,0.007610585074350328,0.00366593722507544,0.0053848173732087
154,adaptive,200,5,outcome,0.15,3,2,2000,-0.0224680820549861,0.0482172598051896,0.0477363132505853,0.21958428861189,0.17388299019957,0.949,2000,176.638633012772,0.004885504746215344,0.0015254348852492931,0.003473460908547658
155,naive,500,5,outcome,0.15,3,2,2000,0.0052116126497314,0.0498961431517847,0.0498939292099789,0.223374446058149,0.175905845937623,0.9475,2000,382.856841802597,0.00499469364475835,0.0015786432468084322,0.0035336254317950917
155,ipw_robust,500,5,outcome,0.15,3,2,2000,-0.0227808484711904,0.0174642827954025,0.0169537926346525,0.13215249825638,0.104742238736005,0.9435,2000,382.856841802597,0.0029115110024394977,0.0005522934043045131,0.002089606369881281
155,dr_robust,500,5,outcome,0.15,3,2,2000,0.0030129492144559,0.0171410972178449,0.0171405896497009,0.130924013144438,0.104031623960124,0.9435,2000,382.856841802597,0.002927506588353039,0.0005423200285694097,0.002071125134130709
155,aipw_robust,500,5,outcome,0.15,3,2,2000,-0.0025420095086026,0.0193799593972834,0.0193831891795314,0.139211922611835,0.109600973867365,0.946,2000,382.856841802597,0.0031131326007360657,0.0006131545676512828,0.002202234392527368
155,reg_adj,500,5,outcome,0.15,3,2,2000,0.0033721714864674,0.0481582982199579,0.0481710121855165,0.219449990248252,0.173603607137682,0.95,2000,382.856841802597,0.00490769865545535,0.0015236607142708823,0.0034715442742723444
155,adaptive,500,5,outcome,0.15,3,2,2000,-0.022915536092029,0.0175361591182886,0.0170195470974522,0.132424163649572,0.104907162926464,0.943,2000,382.856841802597,0.002917151615656289,0.0005545625786376725,0.002093887412063202
156,naive,1000,5,outcome,0.15,3,2,2000,0.0090507815396776,0.0235993217215728,0.0235291696599238,0.153620707333265,0.120505159510269,0.942,2000,706.933976173401,0.003429954056538061,0.0007466436139360129,0.0024301528970187693
156,ipw_robust,1000,5,outcome,0.15,3,2,2000,-0.019135919645652,0.0088951992723811,0.0085332824929427,0.0943143640830024,0.0746940496195888,0.9435,2000,706.933976173401,0.002065584964718554,0.0002811874877199094,0.0014906928040804433
156,dr_robust,1000,5,outcome,0.15,3,2,2000,0.0048802381308723,0.0084807232408142,0.0084611370851428,0.092090842328726,0.072702294217463,0.948,2000,706.933976173401,0.002056834592905176,0.0002683167417634735,0.0014568046886013614
156,aipw_robust,1000,5,outcome,0.15,3,2,2000,0.0015964636660443,0.0101048396380762,0.0101073446141463,0.100522831426876,0.0802203978220235,0.9495,2000,706.933976173401,0.002248037434535544,0.00031970288746190653,0.001590200370024745
156,reg_adj,1000,5,outcome,0.15,3,2,2000,0.0084210677929648,0.0229478468335155,0.0228883766390613,0.151485467400393,0.118794285638791,0.943,2000,706.933976173401,0.0033829259997124753,0.0007260330676874363,0.002396378610261174
156,adaptive,1000,5,outcome,0.15,3,2,2000,-0.019135919645652,0.0088951992723811,0.0085332824929427,0.0943143640830024,0.0746940496195888,0.9435,2000,706.933976173401,0.002065584964718554,0.0002811874877199094,0.0014906928040804433
157,naive,200,10,outcome,0.15,3,2,2000,0.005491064837876,0.139848741263406,0.139888533737221,0.373963556063163,0.283016943571189,0.948,2000,299.84445309639,0.008363268910456634,0.004424617232189615,0.005915840140639655
157,ipw_robust,200,10,outcome,0.15,3,2,2000,-0.0148269907592748,0.0494874794887562,0.0492922859767689,0.222457815076828,0.177830280759843,0.9545,2000,299.84445309639,0.0049644881899733075,0.0015656954541352392,0.0035190839521518067
157,dr_robust,200,10,outcome,0.15,3,2,2000,0.0014600363869323,0.0499387010954831,0.0499615501643141,0.223469687196011,0.178441326106794,0.95,2000,299.84445309639,0.0049980771384760606,0.0015799903485524463,0.003535133485837379
157,aipw_robust,200,10,outcome,0.15,3,2,2000,-0.0022434887219988,0.0559422165259663,0.0559651658672542,0.236521069940854,0.18705832888195,0.951,2000,299.84445309639,0.00528985660804025,0.0017699330956158718,0.0037415970933550925
157,reg_adj,200,10,outcome,0.15,3,2,2000,0.0053683541335543,0.127603964699143,0.127638964955517,0.357216971460123,0.275065248950186,0.945,2000,299.84445309639,0.007988709687913218,0.004037209715545747,0.005650920922155053
157,adaptive,200,10,outcome,0.15,3,2,2000,-0.0163150617283834,0.0518942522966803,0.0516538980064826,0.227803099839928,0.181921251876426,0.9535,2000,299.84445309639,0.005082022137224641,0.001641835490061644,0.003603628509039877
158,naive,500,10,outcome,0.15,3,2,2000,0.0173593342306519,0.0519700353350714,0.051694536118199,0.22796937367785,0.17955904715922,0.953,2000,666.201019048691,0.005084020855494153,0.0016442265652806326,0.0036062444238762876
158,ipw_robust,500,10,outcome,0.15,3,2,2000,-0.0109437907485923,0.0182239699868886,0.0181132600609701,0.134996185082722,0.108155870951388,0.9485,2000,666.201019048691,0.0030094235379030734,0.0005765664884342096,0.0021354917847526775
158,dr_robust,500,10,outcome,0.15,3,2,2000,0.0071312273199879,0.0184506000053457,0.018408950077295,0.135832985704304,0.109428596374783,0.9535,2000,666.201019048691,0.00303388777621182,0.0005837480580556172,0.0021487713570781087
158,aipw_robust,500,10,outcome,0.15,3,2,2000,-0.000160548779464,0.0202922386965639,0.0203023641027047,0.142450829048356,0.115003133489965,0.949,2000,666.201019048691,0.0031860919715777742,0.0006420179396112199,0.0022534721064813253
158,reg_adj,500,10,outcome,0.15,3,2,2000,0.0161242160302777,0.0482644728354622,0.0480284967412417,0.219691767791745,0.173723164238418,0.9515,2000,666.201019048691,0.0049004334880315276,0.001526993906296696,0.003475309798007992
158,adaptive,500,10,outcome,0.15,3,2,2000,-0.0113379757468699,0.018284397001134,0.0181649297719834,0.135219809943418,0.108293496673791,0.9495,2000,666.201019048691,0.003013712807483769,0.0005784763313653021,0.0021390221285156456
159,naive,1000,10,outcome,0.15,3,2,2000,0.0067513162177821,0.0258993750373472,0.0258667281307401,0.160932827718111,0.124836818729574,0.957,2000,1193.70832180977,0.0035962986618702916,0.0008194178721072923,0.0025458381727517395
159,ipw_robust,1000,10,outcome,0.15,3,2,2000,-0.0156203620760893,0.0092285397848424,0.0089890385927506,0.0960652891779463,0.0768439086126223,0.949,2000,1193.70832180977,0.0021200281357508675,0.00029187221271341805,0.0015191346177742164
159,dr_robust,1000,10,outcome,0.15,3,2,2000,0.0039059135114278,0.0089806407696369,0.0089698695440502,0.0947662427747189,0.0756552517335966,0.946,2000,1193.70832180977,0.002117766458329412,0.00028413421331054383,0.0014991319956938465
159,aipw_robust,1000,10,outcome,0.15,3,2,2000,-0.0002677772451229,0.0101941278751678,0.010199155748389,0.10096597384846,0.0812634107442144,0.9495,2000,1193.70832180977,0.0022582244959690125,0.000322527891249337,0.0015972108174453885
159,reg_adj,1000,10,outcome,0.15,3,2,2000,0.005877313226676,0.0246070152413785,0.0245847648130205,0.156866233592123,0.121568587159421,0.9565,2000,1193.70832180977,0.0035060494016072065,0.0007785300987558418,0.0024815095031227147
159,adaptive,1000,10,outcome,0.15,3,2,2000,-0.0156146419210286,0.0092285426382449,0.008989220206026,0.0960653040293162,0.076844158029158,0.949,2000,1193.70832180977,0.002120049552018301,0.00029187245515679267,0.001519135644788685
160,naive,200,20,outcome,0.15,3,2,2000,0.0198640299196202,0.15200565257,0.151686916343524,0.38987902299303,0.292769170305125,0.957,2000,715.584699869156,0.008708814969429652,0.004809222987244325,0.006167583665215941
160,ipw_robust,200,20,outcome,0.15,3,2,2000,-0.0101690161304411,0.0573317473894356,0.0572569669838664,0.239440488199961,0.188416279079626,0.9455,2000,715.584699869156,0.005350559175631384,0.001813891404380426,0.003787770852825887
160,dr_robust,200,20,outcome,0.15,3,2,2000,0.0113049723067373,0.0582727728366284,0.0581740574665056,0.241397541074114,0.189344691514655,0.9495,2000,715.584699869156,0.005393239168927408,0.001843662260368509,0.003818726264080848
160,aipw_robust,200,20,outcome,0.15,3,2,2000,0.0070393298801034,0.0638410340988187,0.0638233936304731,0.25266783352619,0.200582525651793,0.9495,2000,715.584699869156,0.005649043885051394,0.002019839287962022,0.003997024986864143
160,reg_adj,200,20,outcome,0.15,3,2,2000,0.0183221232478092,0.130210079666766,0.129939349141029,0.360846338025989,0.279692374105151,0.9495,2000,715.584699869156,0.008060376825590384,0.004119645104406844,0.005708309424647865
160,adaptive,200,20,outcome,0.15,3,2,2000,-0.0110191854232953,0.0582069767468899,0.0581146116052996,0.241261220976124,0.189298216325255,0.9455,2000,715.584699869156,0.005390482891416111,0.0018415810920987532,0.0038165708617569375
161,naive,500,20,outcome,0.15,3,2,2000,0.0235540069016515,0.0527688893808062,0.0522402182488076,0.229714800090909,0.177444596051166,0.947,2000,1837.73223495483,0.005110783611580889,0.0016694326083195573,0.003633707117823675
161,ipw_robust,500,20,outcome,0.15,3,2,2000,-0.0099587237551463,0.0182991410167013,0.0182090693725562,0.1352743176538,0.108453425871914,0.955,2000,1837.73223495483,0.0030173721491188487,0.0005789490644741151,0.002139907539418484
161,dr_robust,500,20,outcome,0.15,3,2,2000,0.0100642984795023,0.0185368700561516,0.0184448023534438,0.136150174646056,0.109467213474238,0.9495,2000,1837.73223495483,0.0030368406571175087,0.0005864701916982868,0.0021537621718918437
161,aipw_robust,500,20,outcome,0.15,3,2,2000,0.0037283498338731,0.020637887328141,0.0206343038876011,0.143658927074307,0.115112475683959,0.9545,2000,1837.73223495483,0.00321203236966886,0.0006529534095361815,0.002272582090211644
161,reg_adj,500,20,outcome,0.15,3,2,2000,0.0234295943175535,0.0486686889234841,0.0481438149410695,0.220609811485084,0.172882899930452,0.953,2000,1837.73223495483,0.004906313022070111,0.0015397024438996414,0.0034896508762116973
161,adaptive,500,20,outcome,0.15,3,2,2000,-0.0102193810665134,0.0183401408499319,0.0182448275143064,0.135425776165145,0.108721829278728,0.955,2000,1837.73223495483,0.003020333385100592,0.0005802452546074101,0.0021422999041919087
162,naive,1000,20,outcome,0.15,3,2,2000,0.0050480358963183,0.026402774328949,0.0263904869059914,0.162489305275606,0.127924780825891,0.9525,2000,3136.47554993629,0.0036325257676987923,0.0008353459158239637,0.0025704642973489638
162,ipw_robust,1000,20,outcome,0.15,3,2,2000,-0.0153597454333887,0.0094883626876836,0.0092570694426264,0.0974082270020538,0.0779288514795917,0.951,2000,3136.47554993629,0.002151402965813983,0.0003001020214235198,0.001540434677130466
162,dr_robust,1000,20,outcome,0.15,3,2,2000,0.0042377385237513,0.0092836718017407,0.0092703485482191,0.0963518126541515,0.0769751806313334,0.9525,2000,3136.47554993629,0.0021529454879558726,0.00029372150751273907,0.001524213709227418
162,aipw_robust,1000,20,outcome,0.15,3,2,2000,-0.0004771262722553,0.0107611027136402,0.0107662581932572,0.103735734988673,0.0825540383453111,0.9515,2000,3136.47554993629,0.0023201571275731736,0.00034046617651395166,0.0016410264821043947
162,reg_adj,1000,20,outcome,0.15,3,2,2000,0.0049664571355871,0.0245581199372343,0.0245457271043068,0.156710305778638,0.123468669351733,0.954,2000,3136.47554993629,0.0035032646991275725,0.0007769836510431571,0.002479044524808373
162,adaptive,1000,20,outcome,0.15,3,2,2000,-0.0153597454333887,0.0094883626876836,0.0092570694426264,0.0974082270020538,0.0779288514795917,0.951,2000,3136.47554993629,0.002151402965813983,0.0003001020214235198,0.001540434677130466
163,naive,200,5,treatment,0.15,3,2,2000,-0.692282745333525,0.508911059290008,0.029670495051011,0.713380024454013,0.692282745333525,0.013,2000,180.362596035004,0.003851655167003596,0.005414778683736056,0.003795157208025462
163,ipw_robust,200,5,treatment,0.15,3,2,2000,-0.643712729943346,0.446542089308534,0.0321921066707539,0.668238048384357,0.643712729943346,0.0465,2000,180.362596035004,0.0040119887008037486,0.005264500521781147,0.003939090668744077
163,dr_robust,200,5,treatment,0.15,3,2,2000,-0.639152459049206,0.437654430264156,0.0291531409259717,0.661554555773109,0.639152459049206,0.0315,2000,180.362596035004,0.003817927508869943,0.004966784356554032,0.0037538735945592014
163,aipw_robust,200,5,treatment,0.15,3,2,2000,-0.56101656325926,0.36133483795995,0.0466185629902139,0.601111335744012,0.561375523735963,0.2645,2000,180.362596035004,0.004827968671719707,0.005614152178480028,0.00466981060299856
163,reg_adj,200,5,treatment,0.15,3,2,2000,-0.683964734745236,0.495666630579452,0.0278728086086362,0.704035958300038,0.683964734745236,0.0125,2000,180.362596035004,0.0037331493814630697,0.005182193135090917,0.00368034691552106
163,adaptive,200,5,treatment,0.15,3,2,2000,-0.683964734745236,0.495666630579452,0.0278728086086362,0.704035958300038,0.683964734745236,0.0125,2000,180.362596035004,0.0037331493814630697,0.005182193135090917,0.00368034691552106
164,naive,500,5,treatment,0.15,3,2,2000,-0.690165211864416,0.488134024300408,0.0118119105878475,0.698665888891399,0.690165211864416,0.0,2000,396.834959983826,0.0024302171289668235,0.0033752346865576063,0.002415485527648434
164,ipw_robust,500,5,treatment,0.15,3,2,2000,-0.646179769151459,0.430276111640121,0.0127341846718243,0.655954351796008,0.646179769151459,0.001,2000,396.834959983826,0.0025233097978472935,0.003285792694495914,0.0025045894470395605
164,dr_robust,500,5,treatment,0.15,3,2,2000,-0.636271862351318,0.416456560130091,0.0116204875538533,0.645334456022682,0.636271862351318,0.0,2000,396.834959983826,0.00241044472596379,0.00308932935313901,0.0023935877933584466
164,aipw_robust,500,5,treatment,0.15,3,2,2000,-0.551022254364072,0.322235122618328,0.0186189072674981,0.567657575143967,0.551022254364072,0.0225,2000,396.834959983826,0.003051139727011703,0.0034136512253883254,0.0030067873440450163
164,reg_adj,500,5,treatment,0.15,3,2,2000,-0.682589551149289,0.477373258989403,0.0114504888956634,0.690922035391406,0.682589551149288,0.0,2000,396.834959983826,0.0023927483043211417,0.003286537968750074,0.002378371075463136
164,adaptive,500,5,treatment,0.15,3,2,2000,-0.682589551149289,0.477373258989403,0.0114504888956634,0.690922035391406,0.682589551149288,0.0,2000,396.834959983826,0.0023927483043211417,0.003286537968750074,0.002378371075463136
165,naive,1000,5,treatment,0.15,3,2,2000,-0.688708587392919,0.479739972168587,0.0054231654025389,0.69263263868272,0.688708587392919,0.0,2000,729.075174808502,0.0016466884044255155,0.0022746509899980276,0.0016420327768007451
165,ipw_robust,1000,5,treatment,0.15,3,2,2000,-0.643259314255704,0.419832768113005,0.0060532493609667,0.647945034793079,0.643259314255704,0.0,2000,729.075174808502,0.001739719713196166,0.002246352529009558,0.0017334437401213593
165,dr_robust,1000,5,treatment,0.15,3,2,2000,-0.63285327599352,0.405908416229798,0.0054078512196773,0.637109422493341,0.63285327599352,0.0,2000,729.075174808502,0.0016443617636756973,0.0020882933313143143,0.001638881216935809
165,aipw_robust,1000,5,treatment,0.15,3,2,2000,-0.550204422365665,0.312221729064022,0.0095015734600167,0.55876804585089,0.550204422365665,0.0,2000,729.075174808502,0.002179629952539731,0.0024172310131041655,0.002163000399766252
165,reg_adj,1000,5,treatment,0.15,3,2,2000,-0.681737925773919,0.470075402794973,0.0053114590859898,0.685620450974862,0.681737925773919,0.0,2000,729.075174808502,0.0016296409245581986,0.0022283153171234137,0.0016250356257277935
165,adaptive,1000,5,treatment,0.15,3,2,2000,-0.681737925773919,0.470075402794973,0.0053114590859898,0.685620450974862,0.681737925773919,0.0,2000,729.075174808502,0.0016296409245581986,0.0022283153171234137,0.0016250356257277935
166,naive,200,10,treatment,0.15,3,2,2000,-0.709526100996952,0.535153965312492,0.0317425485908496,0.731542182866095,0.709526100996952,0.018,2000,310.400478839874,0.003983876792199377,0.005741752319055897,0.003924416427061251
166,ipw_robust,200,10,treatment,0.15,3,2,2000,-0.657836029779949,0.465447873850644,0.0327159897688827,0.682237402852294,0.657836029779949,0.049,2000,310.400478839874,0.004044501809177658,0.00542087724516251,0.003972867232505093
166,dr_robust,200,10,treatment,0.15,3,2,2000,-0.660306916162331,0.466076433470635,0.0300862530653605,0.682697907914353,0.660306916162331,0.0305,2000,310.400478839874,0.0038785469615153882,0.005209674616471453,0.0038155050396939446
166,aipw_robust,200,10,treatment,0.15,3,2,2000,-0.592841338451396,0.39696251954411,0.0455244291818578,0.630049616731976,0.593411859796916,0.2175,2000,310.400478839874,0.00477097627230831,0.005837172520920865,0.004632311778235718
166,reg_adj,200,10,treatment,0.15,3,2,2000,-0.700473650086739,0.519447693353647,0.0287987582669418,0.72072719759535,0.700473650086739,0.0115,2000,310.400478839874,0.0037946513849721293,0.005393547811708392,0.003741740168612717
166,adaptive,200,10,treatment,0.15,3,2,2000,-0.700473650086739,0.519447693353647,0.0287987582669418,0.72072719759535,0.700473650086739,0.0115,2000,310.400478839874,0.0037946513849721293,0.005393547811708392,0.003741740168612717
167,naive,500,10,treatment,0.15,3,2,2000,-0.7048235828349,0.508536339529746,0.0117659395793096,0.713117339243512,0.7048235828349,0.0,2000,712.586220026016,0.0024254834136012557,0.0034392610823737596,0.002411427189543723
167,ipw_robust,500,10,treatment,0.15,3,2,2000,-0.651317615454208,0.436941701597054,0.0127334321121544,0.661015659116374,0.651317615454208,0.0,2000,712.586220026016,0.0025232352359772564,0.0033114282168649123,0.002504803154959695
167,dr_robust,500,10,treatment,0.15,3,2,2000,-0.651150994735852,0.435483401956361,0.0114915297757601,0.659911662236971,0.651150994735852,0.0,2000,712.586220026016,0.002397032517067729,0.00314274048555255,0.00238118271383421
167,aipw_robust,500,10,treatment,0.15,3,2,2000,-0.572517857696651,0.346891179254429,0.0191240438948133,0.58897468473138,0.572517857696651,0.0115,2000,712.586220026016,0.003092251921724142,0.0035920134954833655,0.0030493785120167035
167,reg_adj,500,10,treatment,0.15,3,2,2000,-0.695161498543249,0.494183428636665,0.0109393892744075,0.702981812450838,0.695161498543248,0.0,2000,712.586220026016,0.0023387378299424134,0.0032699509522585214,0.002325772085666299
167,adaptive,500,10,treatment,0.15,3,2,2000,-0.695161498543249,0.494183428636665,0.0109393892744075,0.702981812450838,0.695161498543248,0.0,2000,712.586220026016,0.0023387378299424134,0.0032699509522585214,0.002325772085666299
168,naive,1000,10,treatment,0.15,3,2,2000,-0.700065662694337,0.495839062494133,0.0057500054131787,0.704158407245226,0.700065662694337,0.0,2000,1268.22240591049,0.0016955832939107858,0.0023809924584349495,0.0016906653630322694
168,ipw_robust,1000,10,treatment,0.15,3,2,2000,-0.644961125893046,0.422373371029591,0.0064017179753525,0.64990258580005,0.644961125893046,0.0,2000,1268.22240591049,0.0017890944602441342,0.0023166547848606626,0.0017823092533235496
168,dr_robust,1000,10,treatment,0.15,3,2,2000,-0.645295710330451,0.4221568815247,0.0057532043559976,0.649736009102697,0.645295710330451,0.0,2000,1268.22240591049,0.0016960548864935945,0.002196461554046197,0.0016902722977287113
168,aipw_robust,1000,10,treatment,0.15,3,2,2000,-0.563906158916924,0.327637545371513,0.009652215414781,0.572396318446855,0.563906158916924,0.0,2000,1268.22240591049,0.0021968403918788686,0.0024963541885399446,0.0021806169153162735
168,reg_adj,1000,10,treatment,0.15,3,2,2000,-0.690356208385047,0.482131107349711,0.0055421839859248,0.694356613959794,0.690356208385047,0.0,2000,1268.22240591049,0.0016646597228750384,0.0023050886136999162,0.0016598737358850808
168,adaptive,1000,10,treatment,0.15,3,2,2000,-0.690356208385047,0.482131107349711,0.0055421839859248,0.694356613959794,0.690356208385047,0.0,2000,1268.22240591049,0.0016646597228750384,0.0023050886136999162,0.0016598737358850808
169,naive,200,20,treatment,0.15,3,2,2000,-0.701303540914545,0.527527684264044,0.0357188872083698,0.726311010699992,0.701324768935259,0.0385,2000,723.50500702858,0.0042260434929357864,0.006034139594220456,0.004153964008066581
169,ipw_robust,200,20,treatment,0.15,3,2,2000,-0.649569205082207,0.457752972893667,0.0358307360705716,0.67657444002391,0.649569205082207,0.0675,2000,723.50500702858,0.004232654962938251,0.005614329355215399,0.0041490847296987675
169,dr_robust,200,20,treatment,0.15,3,2,2000,-0.652755486395175,0.459744143899582,0.0336712545078348,0.678044352457553,0.652810971892428,0.055,2000,723.50500702858,0.004103124084635682,0.0054614745745730315,0.004027372659899067
169,aipw_robust,200,20,treatment,0.15,3,2,2000,-0.593671346316654,0.402394639094195,0.0499739586360848,0.634345835561482,0.594628628893746,0.244,2000,723.50500702858,0.004998697762221917,0.006141954652529748,0.004841172045445278
169,reg_adj,200,20,treatment,0.15,3,2,2000,-0.691653438243112,0.508368004973502,0.0299985256027854,0.712999302225116,0.691653438243112,0.0225,2000,723.50500702858,0.0038728881731070804,0.005440732450586636,0.0038153841340428326
169,adaptive,200,20,treatment,0.15,3,2,2000,-0.691479808890034,0.508272998270904,0.0301437440403267,0.712932674430696,0.691479808890034,0.023,2000,723.50500702858,0.0038822508960863608,0.005452959349336025,0.003824315776865201
170,naive,500,20,treatment,0.15,3,2,2000,-0.704947760470771,0.510019560834137,0.0130747532179911,0.714156538046202,0.70494776047077,0.0,2000,1957.05063295364,0.0025568294055324753,0.0036284957717998573,0.002540406464475379
170,ipw_robust,500,20,treatment,0.15,3,2,2000,-0.652510344083986,0.439559705874315,0.0137968551652952,0.662992990818391,0.652510344083986,0.0,2000,1957.05063295364,0.0026264857857311165,0.0034552742782094255,0.0026058150885911132
170,dr_robust,500,20,treatment,0.15,3,2,2000,-0.652313908472029,0.438112263253029,0.0126051306322906,0.661900493467884,0.652313908472029,0.0,2000,1957.05063295364,0.0025104910507996836,0.0032994233118663306,0.0024923862003635305
170,aipw_robust,500,20,treatment,0.15,3,2,2000,-0.58358649556986,0.359982863238471,0.0194193751145183,0.599985719195442,0.58358649556986,0.0165,2000,1957.05063295364,0.0031160371559497088,0.00368843455877204,0.003073768625458361
170,reg_adj,500,20,treatment,0.15,3,2,2000,-0.694895390481269,0.494838440738005,0.011964819435607,0.703447539435604,0.694895390481269,0.0,2000,1957.05063295364,0.0024458965059469505,0.0034202765150251413,0.00243108144053594
170,adaptive,500,20,treatment,0.15,3,2,2000,-0.694895390481269,0.494838440738005,0.011964819435607,0.703447539435604,0.694895390481269,0.0,2000,1957.05063295364,0.0024458965059469505,0.0034202765150251413,0.00243108144053594
171,naive,1000,20,treatment,0.15,3,2,2000,-0.704919720305081,0.502847526243685,0.0059386835104463,0.709117427682951,0.704919720305081,0.0,2000,3519.19464588165,0.0017231778071989988,0.0024366517869545408,0.0017180876479910578
171,ipw_robust,1000,20,treatment,0.15,3,2,2000,-0.653163355446235,0.433159531091801,0.0065404324102215,0.658148563085722,0.653163355446235,0.0,2000,3519.19464588165,0.0018083739118641227,0.002371363909871651,0.0018015415081615758
171,dr_robust,1000,20,treatment,0.15,3,2,2000,-0.650417580663828,0.428875406364805,0.0058352947756054,0.654885796429274,0.650417580663828,0.0,2000,3519.19464588165,0.0017081122292761386,0.0022296215422890247,0.0017022979842026686
171,aipw_robust,1000,20,treatment,0.15,3,2,2000,-0.573139742442679,0.337981128903271,0.0094967128924564,0.581361444286832,0.573139742442679,0.0,2000,3519.19464588165,0.0021790723820534737,0.0025158144049828735,0.002163726567788714
171,reg_adj,1000,20,treatment,0.15,3,2,2000,-0.694534019891237,0.48799826424939,0.0056235712487324,0.698568725501929,0.694534019891237,0.0,2000,3519.19464588165,0.0016768379839347033,0.0023360207806208365,0.0016720049834340785
171,adaptive,1000,20,treatment,0.15,3,2,2000,-0.694534019891237,0.48799826424939,0.0056235712487324,0.698568725501929,0.694534019891237,0.0,2000,3519.19464588165,0.0016768379839347033,0.0023360207806208365,0.0016720049834340785
172,naive,200,5,mixed,0.15,3,2,2000,-0.325683141224173,0.170790075846745,0.0647529438410209,0.413267559635092,0.349702863543925,0.7555,2000,171.537906885147,0.005690032681849064,0.0042343322481205505,0.005122991327772487
172,ipw_robust,200,5,mixed,0.15,3,2,2000,-0.307122155949262,0.136286098428434,0.0419830712891559,0.369169471149002,0.317791270404429,0.6795,2000,171.537906885147,0.0045816520649846326,0.0031116880106283563,0.00421444384464342
172,dr_robust,200,5,mixed,0.15,3,2,2000,-0.320845805152305,0.149578556191136,0.0466598554350229,0.386753870298846,0.330096780503459,0.704,2000,171.537906885147,0.0048301063878046675,0.0034327339904233352,0.004437879300045336
172,aipw_robust,200,5,mixed,0.15,3,2,2000,-0.267069471785644,0.12298195837185,0.0516816964602173,0.35068783607626,0.294762754757783,0.7805,2000,171.537906885147,0.005083389443088996,0.0031691490551971585,0.0045184758768022975
172,reg_adj,200,5,mixed,0.15,3,2,2000,-0.342887002193297,0.17969911057688,0.0621586936505989,0.423909318813446,0.361672335143678,0.741,2000,171.537906885147,0.005574885364319113,0.0042988236104909055,0.005070451886412447
172,adaptive,200,5,mixed,0.15,3,2,2000,-0.329457439793129,0.153086993046551,0.0445670719474816,0.391263329544888,0.338576702509476,0.66,2000,171.537906885147,0.0047205440336618824,0.003414826553221772,0.004363846922728294
173,naive,500,5,mixed,0.15,3,2,2000,-0.330405486995993,0.138340900862932,0.0291877088803123,0.371942066541191,0.336924342770097,0.502,2000,397.958005189896,0.0038201903670047844,0.0026878685708052385,0.003613289289647436
173,ipw_robust,500,5,mixed,0.15,3,2,2000,-0.312437784378539,0.115309761885065,0.0177012433993939,0.339572911000075,0.314135523709981,0.3425,2000,397.958005189896,0.0029749994453271665,0.001941450910798587,0.0028586657650058523
173,dr_robust,500,5,mixed,0.15,3,2,2000,-0.337410331000522,0.133773246781212,0.0199374840573588,0.365750251922281,0.338266702212025,0.338,2000,397.958005189896,0.0031573314727281012,0.002221958186540911,0.0030375347315045177
173,aipw_robust,500,5,mixed,0.15,3,2,2000,-0.271062004362536,0.0941870314098756,0.0207227825921359,0.306899057362312,0.273735655716597,0.5375,2000,397.958005189896,0.0032189115079585442,0.0018640360686339934,0.003036887901603086
173,reg_adj,500,5,mixed,0.15,3,2,2000,-0.344824942519784,0.144753946334947,0.0258626366695094,0.380465433824082,0.349090022314266,0.409,2000,397.958005189896,0.003596014228942191,0.002611365608556802,0.003431804017397589
173,adaptive,500,5,mixed,0.15,3,2,2000,-0.322659124390794,0.122128118337637,0.0180282218959518,0.349468336673922,0.323958325587493,0.3205,2000,397.958005189896,0.0030023509035380755,0.002019607354489243,0.0028895426889184463
174,naive,1000,5,mixed,0.15,3,2,2000,-0.335689692993626,0.126728431510054,0.0140478854706348,0.355989369939686,0.33590394868944,0.182,2000,784.941940069199,0.0026502722002310253,0.0018339539907922945,0.0025758549912642263
174,ipw_robust,1000,5,mixed,0.15,3,2,2000,-0.315159555138881,0.10839528735992,0.0090742793042354,0.32923439577286,0.31515955513888,0.087,2000,784.941940069199,0.002130056255622771,0.001372937734635905,0.002085046022322497
174,dr_robust,1000,5,mixed,0.15,3,2,2000,-0.358274621067068,0.139953112825171,0.011598207828334,0.37410307780767,0.358288539949751,0.065,2000,784.941940069199,0.002408132868877255,0.0017640937251554465,0.002357764249753626
174,aipw_robust,1000,5,mixed,0.15,3,2,2000,-0.277126078822122,0.0868208686870606,0.0100270186330521,0.294653811594319,0.277302091147838,0.2165,2000,784.941940069199,0.0022390867148295197,0.0012808857773279182,0.002173543539785341
174,reg_adj,1000,5,mixed,0.15,3,2,2000,-0.352357250737723,0.136233507550539,0.0120839173617739,0.369098235637261,0.352389035678734,0.107,2000,784.941940069199,0.0024580396011632828,0.0017738641031779373,0.0024029701742075507
174,adaptive,1000,5,mixed,0.15,3,2,2000,-0.318831737896137,0.110871373653736,0.0092223077177233,0.33297353296281,0.318831737896138,0.084,2000,784.941940069199,0.002147359741371168,0.001400004978977617,0.00210227666823895
175,naive,200,10,mixed,0.15,3,2,2000,-0.307345469308731,0.165875308927568,0.0714497963211247,0.407277925902655,0.339998578907209,0.799,2000,279.690447092056,0.005977030881680498,0.004313182787017136,0.00529513449256767
175,ipw_robust,200,10,mixed,0.15,3,2,2000,-0.284063553059046,0.125037913890313,0.0443679957116393,0.353607004866013,0.300385687486934,0.7325,2000,279.690447092056,0.004709989156656271,0.003021392515071632,0.004272246411261681
175,dr_robust,200,10,mixed,0.15,3,2,2000,-0.29606998475514,0.136512904633726,0.0488799087151745,0.369476527852211,0.310775005708435,0.757,2000,279.690447092056,0.004943678221485218,0.0033103807036883063,0.004479825447819034
175,aipw_robust,200,10,mixed,0.15,3,2,2000,-0.251245694399661,0.118209560688804,0.0551127180934824,0.343816172814491,0.283471968423576,0.82,2000,279.690447092056,0.0052494151147286115,0.003161538566020798,0.004597716477587914
175,reg_adj,200,10,mixed,0.15,3,2,2000,-0.319833444614311,0.167033512153818,0.0647724660930088,0.408697335633373,0.347357308686518,0.766,2000,279.690447092056,0.005690890356218823,0.0041769687709333515,0.005110100319665838
175,adaptive,200,10,mixed,0.15,3,2,2000,-0.305095913555907,0.139783048011617,0.0467228929895989,0.373875711984099,0.319456471855286,0.7105,2000,279.690447092056,0.00483336802807312,0.003298680203873263,0.004411466294999067
176,naive,500,10,mixed,0.15,3,2,2000,-0.316084580122031,0.12930661190066,0.0294118560377587,0.359592285652321,0.321882710169434,0.5475,2000,661.278040885925,0.0038348308983421095,0.002596555928455011,0.0036104166191228354
176,ipw_robust,500,10,mixed,0.15,3,2,2000,-0.292956251937613,0.104708093052921,0.0188941745908818,0.323586299235491,0.295256128884614,0.4235,2000,661.278040885925,0.0030736114418450653,0.0018973964105592441,0.0029318243928158523
176,dr_robust,500,10,mixed,0.15,3,2,2000,-0.326493614147173,0.129360123231599,0.0227734298676504,0.359666683516279,0.32768440798383,0.425,2000,661.278040885925,0.0033744206812170293,0.0023181537717205133,0.003222641793030561
176,aipw_robust,500,10,mixed,0.15,3,2,2000,-0.257661554596302,0.0858510913713623,0.019471350329544,0.293003568871375,0.261080675507366,0.5525,2000,661.278040885925,0.0031202043466369315,0.0017217778609213209,0.0029381516879699856
176,reg_adj,500,10,mixed,0.15,3,2,2000,-0.330094647739708,0.133703366998145,0.0247532671653255,0.365654710072419,0.333446528730493,0.4275,2000,661.278040885925,0.003518043999534791,0.0024509342743726644,0.0033514326588152655
176,adaptive,500,10,mixed,0.15,3,2,2000,-0.305518524562125,0.112674956966599,0.0193430596458045,0.335670905749365,0.307253296546987,0.403,2000,661.278040885925,0.003109908330305292,0.0019962908164598875,0.002973583325613653
177,naive,1000,10,mixed,0.15,3,2,2000,-0.322015832764083,0.118454923223143,0.0147681107277609,0.344172810115998,0.322636293571637,0.236,2000,1332.48847198486,0.0027173618389681655,0.001811306668524864,0.002631391288455343
177,ipw_robust,1000,10,mixed,0.15,3,2,2000,-0.297771965532613,0.0987386839915374,0.0100755783235435,0.314227121667652,0.297811716472748,0.15,2000,1332.48847198486,0.002244501985245669,0.0013741480731585608,0.0021865523031012477
177,dr_robust,1000,10,mixed,0.15,3,2,2000,-0.346795909890422,0.132503433074041,0.0122421510328312,0.364010210123343,0.346843928197229,0.111,2000,1332.48847198486,0.0024740807416928816,0.001759128673086011,0.0024163177627489337
177,aipw_robust,1000,10,mixed,0.15,3,2,2000,-0.267575990096992,0.0816214663743436,0.0100295706832995,0.285694708341516,0.267725751696492,0.2465,2000,1332.48847198486,0.002239371639913695,0.0012396631948835344,0.0021695592509918945
177,reg_adj,1000,10,mixed,0.15,3,2,2000,-0.338061375449211,0.126443972581916,0.0121645612919495,0.355589612590014,0.338299547225249,0.1265,2000,1332.48847198486,0.002466228019866523,0.0017112692172964563,0.00240624185396201
177,adaptive,1000,10,mixed,0.15,3,2,2000,-0.302605955139987,0.101767573018812,0.0102023100876726,0.319010302370962,0.302665604600634,0.1445,2000,1332.48847198486,0.0022585736746531648,0.0014044734350003483,0.002201297927624846
178,naive,200,20,mixed,0.15,3,2,2000,-0.295357498810489,0.159546553932484,0.0723466751664796,0.39943279025699,0.331503128245575,0.818,2000,662.010474205017,0.006014427452654143,0.004225697345567102,0.005289622495499608
178,ipw_robust,200,20,mixed,0.15,3,2,2000,-0.278679517641365,0.121254718034805,0.0436142516077847,0.348216481566862,0.29509428236775,0.742,2000,662.010474205017,0.004669810039379798,0.0029456012665732743,0.004229554634115848
178,dr_robust,200,20,mixed,0.15,3,2,2000,-0.276375078665775,0.118925894624831,0.0425639925135743,0.344856339110695,0.292826317536863,0.744,2000,662.010474205017,0.004613241404564382,0.002883407708203253,0.004180592584783126
178,aipw_robust,200,20,mixed,0.15,3,2,2000,-0.242577591781904,0.115979533037213,0.0571642271160631,0.340557679457112,0.278527987176634,0.8285,2000,662.010474205017,0.005346224233796367,0.0031615312147428376,0.004641697141850803
178,reg_adj,200,20,mixed,0.15,3,2,2000,-0.308108331420989,0.158332539531244,0.0634335123964161,0.397910215414538,0.334774690697665,0.7755,2000,662.010474205017,0.005631763151820933,0.004008415090003913,0.005036833605576065
178,adaptive,200,20,mixed,0.15,3,2,2000,-0.29594310837064,0.132526228878765,0.0449663886810293,0.364041520817015,0.311098622878907,0.7195,2000,662.010474205017,0.004741644687290967,0.0031461878045477227,0.004321193634021145
179,naive,500,20,mixed,0.15,3,2,2000,-0.314854312246169,0.12957831956881,0.0304603117846946,0.359969887030582,0.320822820066985,0.575,2000,1553.60303902626,0.003902583233237608,0.002639524439322116,0.0036663128422987634
179,ipw_robust,500,20,mixed,0.15,3,2,2000,-0.290056160473346,0.104320080333882,0.0201976029067954,0.322986192172176,0.292810563412815,0.462,2000,1553.60303902626,0.0031778611444488415,0.0019510243195716597,0.003020290598880488
179,dr_robust,500,20,mixed,0.15,3,2,2000,-0.310453188563066,0.118751620036811,0.0223816285621171,0.344603569390699,0.31283134183176,0.469,2000,1553.60303902626,0.0033452674453709305,0.002194373017932829,0.00318390929875269
179,aipw_robust,500,20,mixed,0.15,3,2,2000,-0.251343719569399,0.0850978930784251,0.0219351953090992,0.291715431676874,0.256554678725734,0.6045,2000,1553.60303902626,0.0033117363503983224,0.0018034983142994955,0.0030911945657663836
179,reg_adj,500,20,mixed,0.15,3,2,2000,-0.334952215062815,0.137528149683329,0.0253478372264554,0.370847879437551,0.337620879476199,0.454,2000,1553.60303902626,0.003560044748767591,0.0025159912490408994,0.0033922146903695325
179,adaptive,500,20,mixed,0.15,3,2,2000,-0.301070127363811,0.111053566988483,0.0204205556754595,0.333247005970771,0.303551045333714,0.4395,2000,1553.60303902626,0.0031953525373156796,0.002029524328578728,0.003045075112777963
180,naive,1000,20,mixed,0.15,3,2,2000,-0.323183871657782,0.120485477384232,0.0160456853271816,0.347110180467574,0.323971568230424,0.275,2000,3231.26824998856,0.0028324622969407376,0.0018998256655819667,0.002736632015550236
180,ipw_robust,1000,20,mixed,0.15,3,2,2000,-0.299869358826902,0.100528386929028,0.0106120605960684,0.317062118407462,0.299951588042084,0.171,2000,3231.26824998856,0.002303482211356146,0.001421662214862297,0.0022419301019040287
180,dr_robust,1000,20,mixed,0.15,3,2,2000,-0.338905676781437,0.127122440680363,0.0122715186850221,0.356542340655866,0.338905676781437,0.131,2000,3231.26824998856,0.002477046495831487,0.0017232327850651454,0.0024165892638378208
180,aipw_robust,1000,20,mixed,0.15,3,2,2000,-0.266335623813964,0.081723929529519,0.01079466234832,0.285873974907684,0.26641803510434,0.2695,2000,3231.26824998856,0.0023232156968650158,0.0012837274787193315,0.002245268180032617
180,reg_adj,1000,20,mixed,0.15,3,2,2000,-0.341636276581893,0.129363619505214,0.0126546013291388,0.35967154391919,0.341671949466153,0.1465,2000,3231.26824998856,0.00251541262312357,0.0017646844666401782,0.0024531888836841964
180,adaptive,1000,20,mixed,0.15,3,2,2000,-0.303914962312542,0.103204707670698,0.010845826266397,0.321254895170015,0.303997191527724,0.1695,2000,3231.26824998856,0.0023287149102452407,0.001456422446643791,0.002266770823636821
181,naive,200,5,none,0.2,3,2,2000,0.0060039141271257,0.030709062043043,0.030688359237816,0.175240012677022,0.140133211417046,0.9485,2000,180.896025896072,0.003917164742375281,0.00097159036550906,0.002772170438322668
181,ipw_robust,200,5,none,0.2,3,2,2000,-0.0254494084545529,0.0325279354257098,0.0318962111405934,0.180355026061681,0.144756111704122,0.95,2000,180.896025896072,0.003993507927912088,0.0010289241350905634,0.0028524964276256813
181,dr_robust,200,5,none,0.2,3,2,2000,0.0014135080730182,0.0300949388349936,0.0301079948273348,0.17347892908072,0.138841561348652,0.951,2000,180.896025896072,0.003879948119971116,0.0009521615747212202,0.002744314770003503
181,aipw_robust,200,5,none,0.2,3,2,2000,-0.003155844863971,0.0422293098862675,0.0422404707648445,0.205497712605925,0.166486190578362,0.952,2000,180.896025896072,0.004595675726421769,0.0013360758759425446,0.003250829070065333
181,reg_adj,200,5,none,0.2,3,2,2000,0.0053304329751,0.0277151343023349,0.0277005710721689,0.166478630167162,0.133651949730106,0.9525,2000,180.896025896072,0.0037215971754187005,0.0008768670246659463,0.002633572320319671
181,adaptive,200,5,none,0.2,3,2,2000,0.0052281693071551,0.0277567683923425,0.0277433062911838,0.166603626588206,0.133724231688029,0.952,2000,180.896025896072,0.003724466827022614,0.0008781843208586349,0.002635549834185909
182,naive,500,5,none,0.2,3,2,2000,0.0101108344002587,0.0118952730084768,0.0117989435079613,0.109065452864217,0.0867218690127103,0.9475,2000,400.4643201828,0.0024288828201419373,0.0003763342339482692,0.0017252678280114662
182,ipw_robust,500,5,none,0.2,3,2,2000,-0.0189971392174215,0.0127635094246342,0.0124088225374568,0.112975702806551,0.0898398016905597,0.949,2000,400.4643201828,0.0024908655661693988,0.00040365251011427596,0.0017864571765729693
182,dr_robust,500,5,none,0.2,3,2,2000,0.0058246419839664,0.0117454668410531,0.0117173990863549,0.108376505023244,0.0864895624554595,0.95,2000,400.4643201828,0.002420475065597134,0.00037160799366640803,0.0017144306027709031
182,aipw_robust,500,5,none,0.2,3,2,2000,0.0019546791547706,0.0162368243096733,0.0162411241011258,0.12742379805073,0.10096174227256,0.948,2000,400.4643201828,0.002849659988588621,0.0005137102483765148,0.0020157547343393274
182,reg_adj,500,5,none,0.2,3,2,2000,0.0098500909950747,0.0112950759038304,0.0112036534379381,0.10627829460351,0.0848215966226571,0.9475,2000,400.4643201828,0.0023668178465967864,0.00035734563584347484,0.001681178820080883
182,adaptive,500,5,none,0.2,3,2,2000,0.0098500909950747,0.0112950759038304,0.0112036534379381,0.10627829460351,0.0848215966226571,0.9475,2000,400.4643201828,0.0023668178465967864,0.00035734563584347484,0.001681178820080883
183,naive,1000,5,none,0.2,3,2,2000,0.0114291783745415,0.0057603695208253,0.0056325596823493,0.0758970982371875,0.0611752531387048,0.9495,2000,734.562507867813,0.0016781775356542734,0.00018220111797191606,0.0012003167591632805
183,ipw_robust,1000,5,none,0.2,3,2,2000,-0.0179762666333418,0.0061311620521516,0.005810921350754,0.0783017372230762,0.0629619524453806,0.95,2000,734.562507867813,0.001704541192044651,0.0001937068940689956,0.0012369259031708205
183,dr_robust,1000,5,none,0.2,3,2,2000,0.0071570914297001,0.005597989180529,0.0055495399927923,0.0748197111764608,0.0601595446688571,0.949,2000,734.562507867813,0.0016657640878576263,0.0001771042995967599,0.0011835403853609038
183,aipw_robust,1000,5,none,0.2,3,2,2000,0.0035868539348644,0.007698266457913,0.0076892455595427,0.0877397655451223,0.0707045061138216,0.947,2000,734.562507867813,0.0019607709656590056,0.00024356179827242125,0.001387978397019785
183,reg_adj,1000,5,none,0.2,3,2,2000,0.0102524550749692,0.0054532739805573,0.0053508365637749,0.0738462861663151,0.0591412547086372,0.9455,2000,734.562507867813,0.0016356705908854173,0.0001725002467667747,0.001167968328009571
183,adaptive,1000,5,none,0.2,3,2,2000,0.0102524550749692,0.0054532739805573,0.0053508365637749,0.0738462861663151,0.0591412547086372,0.9455,2000,734.562507867813,0.0016356705908854173,0.0001725002467667747,0.001167968328009571
184,naive,200,10,none,0.2,3,2,2000,0.0118854447850474,0.0338764984608556,0.0337521107184765,0.184055693910446,0.14534466425053,0.9425,2000,307.034719944,0.004108047633516224,0.0010717933012646865,0.002911600501167265
184,ipw_robust,200,10,none,0.2,3,2,2000,-0.009752611022116,0.0336028520417862,0.0335245008704728,0.183310807214922,0.146129795658634,0.945,2000,307.034719944,0.004094172741255112,0.0010631412975680829,0.0028998325677591047
184,dr_robust,200,10,none,0.2,3,2,2000,0.0074313920008868,0.0320762818386206,0.0320370747889442,0.179098525506551,0.141645695427595,0.948,2000,307.034719944,0.0040023165035354335,0.001014846142801414,0.0028332063034329485
184,aipw_robust,200,10,none,0.2,3,2,2000,0.0063579190978826,0.0410106945329069,0.0409907667810422,0.202510973857979,0.161531343885665,0.9515,2000,307.034719944,0.004527182721132548,0.001297519522750006,0.003203578300057845
184,reg_adj,200,10,none,0.2,3,2,2000,0.0113593337708022,0.0291943659853906,0.0290798714574028,0.170863588822752,0.13527609679521,0.946,2000,307.034719944,0.003813126765359552,0.000923657693745887,0.0027029096723002162
184,adaptive,200,10,none,0.2,3,2,2000,0.0101898789698027,0.0293366203891434,0.0292474104609546,0.171279363582258,0.135674900645147,0.945,2000,307.034719944,0.003824095347984579,0.0009281620270535126,0.00270949753560871
185,naive,500,10,none,0.2,3,2,2000,0.0081211745166651,0.0123251361662878,0.0122653153484319,0.111018629816296,0.0881701099861028,0.9505,2000,726.372075080872,0.002476420334720249,0.00038994338172083833,0.0017562069643900435
185,ipw_robust,500,10,none,0.2,3,2,2000,-0.0153560625123144,0.0127129966761074,0.0124834297350929,0.112751925376498,0.088869838272976,0.9445,2000,726.372075080872,0.0024983424239976492,0.00040214850431683017,0.0017833332023998144
185,dr_robust,500,10,none,0.2,3,2,2000,0.001977508612692,0.0119710623170395,0.0119731383458992,0.109412349929245,0.0867904393655079,0.9485,2000,726.372075080872,0.002446746650748622,0.0003787475210881226,0.0017308261879625645
185,aipw_robust,500,10,none,0.2,3,2,2000,-0.0025956780664122,0.0168937424220976,0.0168954526037751,0.129975930164387,0.102932813772241,0.943,2000,726.372075080872,0.0029064972564734255,0.0005344941406770961,0.002056127392206753
185,reg_adj,500,10,none,0.2,3,2,2000,0.0075438650343695,0.0114217890939826,0.0113705644765641,0.10687277059187,0.0848241743249491,0.9455,2000,726.372075080872,0.002384382989010375,0.00036136398808196967,0.0016906270235192127
185,adaptive,500,10,none,0.2,3,2,2000,0.0075438650343695,0.0114217890939826,0.0113705644765641,0.10687277059187,0.0848241743249491,0.9455,2000,726.372075080872,0.002384382989010375,0.00036136398808196967,0.0016906270235192127
186,naive,1000,10,none,0.2,3,2,2000,0.0116185962188622,0.0058746101446471,0.0057424896113558,0.0766460054056775,0.0615444246396648,0.9485,2000,1291.00540590286,0.001694474787560411,0.00018581325222709428,0.0012121522266138236
186,ipw_robust,1000,10,none,0.2,3,2,2000,-0.0116772569759904,0.0060560320282144,0.0059226350152387,0.0778205116162471,0.0617518639769327,0.94,2000,1291.00540590286,0.0017208479036856658,0.00019155366550711444,0.0012307402092890025
186,dr_robust,1000,10,none,0.2,3,2,2000,0.0066891632835015,0.0056280117837616,0.0055860599082824,0.0750200758714733,0.0600395581524297,0.9455,2000,1291.00540590286,0.0016712360557806308,0.00017805606067641211,0.001186722744598814
186,aipw_robust,1000,10,none,0.2,3,2,2000,0.0001227879266862,0.0081278310443158,0.008131881908395,0.0901544843272691,0.0719832354273329,0.953,2000,1291.00540590286,0.0020164178520826236,0.0002571531617126553,0.0014261806477599362
186,reg_adj,1000,10,none,0.2,3,2,2000,0.010789115746189,0.0053950309170982,0.0052812665317794,0.0734508741751807,0.0585657876621881,0.948,2000,1291.00540590286,0.0016250025433486865,0.00017064966462685443,0.0011616584999373468
186,adaptive,1000,10,none,0.2,3,2,2000,0.010789115746189,0.0053950309170982,0.0052812665317794,0.0734508741751807,0.0585657876621881,0.948,2000,1291.00540590286,0.0016250025433486865,0.00017064966462685443,0.0011616584999373468
187,naive,200,20,none,0.2,3,2,2000,0.0086188555515684,0.0394011925394971,0.0393465811590579,0.198497336353658,0.156821016405729,0.944,2000,722.205759048462,0.004435458328011768,0.0012465950202774597,0.0031400799707871924
187,ipw_robust,200,20,none,0.2,3,2,2000,-0.0143233385138213,0.0376934393258028,0.0375070348170298,0.194147983058807,0.154673504144479,0.945,2000,722.205759048462,0.004330533155226374,0.0011925466025392267,0.0030712309851243904
187,dr_robust,200,20,none,0.2,3,2,2000,0.0056529727437575,0.0369048720097636,0.0368913615897168,0.192106408039304,0.15287281736979,0.945,2000,722.205759048462,0.004294843512266588,0.00116761738942409,0.003038986052941038
187,aipw_robust,200,20,none,0.2,3,2,2000,-0.0022601959985377,0.045497587288619,0.0455152364208777,0.213301634519333,0.170697103324599,0.9505,2000,722.205759048462,0.004770494545687989,0.0014394796887556593,0.0033742818989631073
187,reg_adj,200,20,none,0.2,3,2,2000,0.0089826512577606,0.0309604815114899,0.0308952411084255,0.175955907861856,0.139991238070896,0.941,2000,722.205759048462,0.003930346111249333,0.0009795415637104225,0.002783485861922483
187,adaptive,200,20,none,0.2,3,2,2000,0.0094738526664426,0.032401160699051,0.0323275706000056,0.180003224135156,0.143166556675542,0.942,2000,722.205759048462,0.004020421035165696,0.0010251218810287642,0.0028475097764333606
188,naive,500,20,none,0.2,3,2,2000,0.0096793893801994,0.0130589164793167,0.0129717117564214,0.114275616293752,0.0906655740924369,0.949,2000,1955.92901706696,0.0025467343556426726,0.00041315367631907364,0.00180770705824521
188,ipw_robust,500,20,none,0.2,3,2,2000,-0.0141739223568209,0.0133776316646704,0.0131833232513189,0.11566171218113,0.092242034877075,0.9505,2000,1955.92901706696,0.002567423148929574,0.0004231986214628333,0.0018294672172935263
188,dr_robust,500,20,none,0.2,3,2,2000,0.0062525249777678,0.0125683280146675,0.0125355016969183,0.112108554600742,0.088967643284536,0.95,2000,1955.92901706696,0.0025035476525241437,0.00039764171099110205,0.0017734672987589756
188,aipw_robust,500,20,none,0.2,3,2,2000,0.0052507603647087,0.0165148872824051,0.0164955645802876,0.128510261389529,0.101080156882052,0.9435,2000,1955.92901706696,0.0028718952435880735,0.0005225066815214419,0.002032937587519434
188,reg_adj,500,20,none,0.2,3,2,2000,0.0101528948562994,0.0113970910548863,0.0112996596107286,0.106757159267594,0.0851404412171341,0.9435,2000,1955.92901706696,0.002376937063820643,0.0003605715933547416,0.0016887466649938888
188,adaptive,500,20,none,0.2,3,2,2000,0.010138172245894,0.0113921061888396,0.0112949711379212,0.106733809961228,0.0851257186067287,0.9435,2000,1955.92901706696,0.0023764438913975224,0.0003604139627881921,0.0016883776702017648
189,naive,1000,20,none,0.2,3,2,2000,0.0101386305198905,0.0061708874272425,0.0060711311640057,0.0785549961952936,0.0627449315708978,0.9445,2000,3628.96169686317,0.0017422874567656309,0.00019520952579537657,0.0012425022929800102
189,ipw_robust,1000,20,none,0.2,3,2,2000,-0.0129022801311636,0.0063778389173212,0.0062144773233999,0.0798613731244413,0.0638778057805684,0.9455,2000,3628.96169686317,0.0017627361293454985,0.0002017145556803763,0.0012629043791049107
189,dr_robust,1000,20,none,0.2,3,2,2000,0.0059718919056801,0.0059852320071417,0.0059525447866019,0.0773642812100116,0.0621171951737755,0.9495,2000,3628.96169686317,0.001725187640026716,0.00018936041432771438,0.0012238232642120736
189,aipw_robust,1000,20,none,0.2,3,2,2000,0.001945260215356,0.0079165162717768,0.0079166905797613,0.0889748069499276,0.0705883833927718,0.945,2000,3628.96169686317,0.0019895590692112284,0.0002504673708103718,0.001407518484144211
189,reg_adj,1000,20,none,0.2,3,2,2000,0.0099919470858771,0.0057818812830396,0.005684884718832,0.0760386828071056,0.0610295168943181,0.9435,2000,3628.96169686317,0.001685954435747301,0.00018290177897429386,0.0012026890276247801
189,adaptive,1000,20,none,0.2,3,2,2000,0.0099919470858771,0.0057818812830396,0.005684884718832,0.0760386828071056,0.0610295168943181,0.9435,2000,3628.96169686317,0.001685954435747301,0.00018290177897429386,0.0012026890276247801
190,naive,200,5,covariate,0.2,3,2,2000,-0.183935919530296,0.0676588409111717,0.03384334008776,0.260113130985677,0.213100783092897,0.8285,2000,169.053545951843,0.004113595756012008,0.001853476740931317,0.0035628280931218684
190,ipw_robust,200,5,covariate,0.2,3,2,2000,-0.182562017538799,0.068089885515199,0.0347783844595921,0.260940386899382,0.212517178368366,0.8395,2000,169.053545951843,0.004170035039396678,0.0018782401185473679,0.0035989831640581053
190,dr_robust,200,5,covariate,0.2,3,2,2000,-0.187185988347415,0.0690107099239624,0.0339891102454868,0.262698895932134,0.215209150615914,0.8315,2000,169.053545951843,0.004122445284384427,0.0018807235043421925,0.003579618212076653
190,aipw_robust,200,5,covariate,0.2,3,2,2000,-0.177410719016523,0.0782431771005622,0.0467920098835441,0.279719818927015,0.225195300883779,0.8675,2000,169.053545951843,0.004836941693030013,0.002266055677971314,0.004050581197041632
190,reg_adj,200,5,covariate,0.2,3,2,2000,-0.187094326197071,0.0670143469929423,0.0320260731343734,0.258871294262114,0.21415657646396,0.818,2000,169.053545951843,0.004001629239095834,0.001807697171721155,0.0034914979215324156
190,adaptive,200,5,covariate,0.2,3,2,2000,-0.187012045742425,0.0671904084845368,0.0322330197416407,0.259211127239046,0.214451715723645,0.819,2000,169.053545951843,0.0040145373171537905,0.0018148198070768947,0.0035006595326504976
191,naive,500,5,covariate,0.2,3,2,2000,-0.18529135606193,0.0489322370834439,0.0146066537790645,0.221206322430992,0.191923355945109,0.6685,2000,395.514253139496,0.002702466815620915,0.0011028742045850442,0.0024928632067672913
191,ipw_robust,500,5,covariate,0.2,3,2,2000,-0.181502488730568,0.0479170958847058,0.014981433185909,0.218899739343622,0.188940251942627,0.667,2000,395.514253139496,0.002736917352233074,0.0011006882592067043,0.0025141378936931443
191,dr_robust,500,5,covariate,0.2,3,2,2000,-0.187790640690694,0.0499881333012852,0.0147301736570924,0.223580261430398,0.193760514493592,0.651,2000,395.514253139496,0.002713869346255674,0.0011206724457625869,0.002506197189753845
191,aipw_robust,500,5,covariate,0.2,3,2,2000,-0.175483783655936,0.0504620302235636,0.0196773105526365,0.224637553012767,0.190319792096289,0.7645,2000,395.514253139496,0.0031366630798219707,0.0012645571262765722,0.0028146610157490067
191,reg_adj,500,5,covariate,0.2,3,2,2000,-0.186930660683581,0.0492380794176415,0.0143021585933381,0.221896551162116,0.192933343613968,0.6505,2000,395.514253139496,0.002674150200843073,0.0010973032637500014,0.0024725559230263107
191,adaptive,500,5,covariate,0.2,3,2,2000,-0.186930660683581,0.0492380794176415,0.0143021585933381,0.221896551162116,0.192933343613968,0.6505,2000,395.514253139496,0.002674150200843073,0.0010973032637500014,0.0024725559230263107
192,naive,1000,5,covariate,0.2,3,2,2000,-0.182481623925991,0.0401332630392339,0.0068371385378361,0.200332880574393,0.183555393647262,0.3995,2000,787.856691837311,0.0018489373350435785,0.0007085856630126959,0.0017685206267214952
192,ipw_robust,1000,5,covariate,0.2,3,2,2000,-0.178413730110889,0.0388780894754025,0.0070501554610518,0.197175276024664,0.179690049179853,0.4375,2000,787.856691837311,0.001877519035995614,0.0007060723492161156,0.0017904687733968111
192,dr_robust,1000,5,covariate,0.2,3,2,2000,-0.184334780806642,0.0409023468993696,0.0069264987337038,0.202243286413591,0.185291076601257,0.401,2000,787.856691837311,0.0018609807540251187,0.0007202025407374674,0.0017805351008404818
192,aipw_robust,1000,5,covariate,0.2,3,2,2000,-0.173750106240435,0.0394983595569727,0.0093139170969585,0.198741942118348,0.176123973791796,0.564,2000,787.856691837311,0.002157998736903998,0.0008056715150243759,0.002026928756046396
192,reg_adj,1000,5,covariate,0.2,3,2,2000,-0.184300049089557,0.0404468110151709,0.0064835446931041,0.201113925463084,0.18511410843993,0.361,2000,787.856691837311,0.0018004922511780078,0.0006946100333173266,0.0017269068556986314
192,adaptive,1000,5,covariate,0.2,3,2,2000,-0.184300049089557,0.0404468110151709,0.0064835446931041,0.201113925463084,0.18511410843993,0.361,2000,787.856691837311,0.0018004922511780078,0.0006946100333173266,0.0017269068556986314
193,naive,200,10,covariate,0.2,3,2,2000,-0.149777846657879,0.0652215557160039,0.0428095571451053,0.255385112557494,0.205312819345299,0.8935,2000,267.552532911301,0.004626529862926711,0.0019373658168391423,0.00379302810065522
193,ipw_robust,200,10,covariate,0.2,3,2,2000,-0.146245727348605,0.0629768211593228,0.0416098132982494,0.25095183035659,0.2023192408457,0.896,2000,267.552532911301,0.0045612395956718494,0.0018738362668496067,0.003733458058837385
193,dr_robust,200,10,covariate,0.2,3,2,2000,-0.154865982466086,0.0661111347538693,0.0421487365969817,0.257120856318326,0.206778564426834,0.8875,2000,267.552532911301,0.00459068277040473,0.0019489130634822512,0.0037898774362150893
193,aipw_robust,200,10,covariate,0.2,3,2,2000,-0.137233320519207,0.0724888712766258,0.0536827283800885,0.269237574043122,0.215444829227658,0.9135,2000,267.552532911301,0.005180865197053891,0.0022144632043997886,0.004112470579691661
193,reg_adj,200,10,covariate,0.2,3,2,2000,-0.153611346026228,0.0593434594160765,0.0357648962362052,0.243605130110342,0.197866120222657,0.8705,2000,267.552532911301,0.004228764372497314,0.001722491411195752,0.003535416947942644
193,adaptive,200,10,covariate,0.2,3,2,2000,-0.152917110676509,0.0601973953794718,0.0368321687261831,0.24535157504991,0.199255738977518,0.8745,2000,267.552532911301,0.0042913965516008365,0.0017547504673217694,0.0035759918536590074
194,naive,500,10,covariate,0.2,3,2,2000,-0.154407502546519,0.0395835752263646,0.0157497732703466,0.198956214344676,0.167341519582733,0.772,2000,664.537630081177,0.0028062228413248476,0.0009995285725684126,0.002511931019246295
194,ipw_robust,500,10,covariate,0.2,3,2,2000,-0.149962202498365,0.0387365865058153,0.0162560523538315,0.196816123592086,0.165074923411061,0.792,2000,664.537630081177,0.0028509693398764834,0.0009977038526547493,0.002534609041286054
194,dr_robust,500,10,covariate,0.2,3,2,2000,-0.157602725495713,0.0404411122156858,0.0156102982811494,0.201099756876247,0.169499219013893,0.76,2000,664.537630081177,0.002793769700704534,0.0010095335150467038,0.002510031664702488
194,aipw_robust,500,10,covariate,0.2,3,2,2000,-0.150272769823653,0.0436359834818454,0.0210646104365911,0.208892277219253,0.172996634034771,0.815,2000,664.537630081177,0.0032453513243246176,0.0011811333079262043,0.002827134932055168
194,reg_adj,500,10,covariate,0.2,3,2,2000,-0.156086856632788,0.0384656975525302,0.0141096455618067,0.196126738494603,0.166280827266499,0.7495,2000,664.537630081177,0.0026560916363904596,0.0009415899859948516,0.002400463071027825
194,adaptive,500,10,covariate,0.2,3,2,2000,-0.156271961780328,0.0385786869597024,0.0141648433427013,0.196414579295179,0.166465932414039,0.751,2000,664.537630081177,0.002661281960137003,0.0009447115804129033,0.00240489169338381
195,naive,1000,10,covariate,0.2,3,2,2000,-0.158810078179232,0.0324520583970793,0.0072350349832773,0.180144548618823,0.160836482303328,0.534,2000,1367.7169649601,0.0019019772584441303,0.0006459800074974598,0.0017929490857486942
195,ipw_robust,1000,10,covariate,0.2,3,2,2000,-0.152416768359275,0.0306181639314732,0.0073909881484625,0.174980467285561,0.154898644298226,0.5785,2000,1367.7169649601,0.0019223667897233477,0.0006308921416418958,0.0018027501910036208
195,dr_robust,1000,10,covariate,0.2,3,2,2000,-0.159708245175326,0.032792881923454,0.0072898032480959,0.181088050195075,0.161601359201693,0.5325,2000,1367.7169649601,0.0019091625452139873,0.0006519349846077333,0.0018000497103631186
195,aipw_robust,1000,10,covariate,0.2,3,2,2000,-0.152555665638994,0.0329133743352175,0.0096449656995106,0.181420435274578,0.157003734493274,0.6625,2000,1367.7169649601,0.0021960152207476384,0.000736182311017629,0.002028939876324915
195,reg_adj,1000,10,covariate,0.2,3,2,2000,-0.159868521020632,0.0323233790076613,0.006768819404039,0.17978703793005,0.161523643323008,0.51,2000,1367.7169649601,0.001839676521027406,0.0006259481854386657,0.001740804544769808
195,adaptive,1000,10,covariate,0.2,3,2,2000,-0.159868521020632,0.0323233790076613,0.006768819404039,0.17978703793005,0.161523643323008,0.51,2000,1367.7169649601,0.001839676521027406,0.0006259481854386657,0.001740804544769808
196,naive,200,20,covariate,0.2,3,2,2000,-0.150200938645203,0.0704426518221353,0.0479062829937322,0.265410346109822,0.212022553746879,0.908,2000,563.600545883179,0.004894194672963684,0.0021110599915007263,0.003976973811388664
196,ipw_robust,200,20,covariate,0.2,3,2,2000,-0.147018004481791,0.0667012900247313,0.0451095511585027,0.258265928888677,0.205731353448523,0.894,2000,563.600545883179,0.0047491868334749,0.0019962198714825077,0.0038646597328425747
196,dr_robust,200,20,covariate,0.2,3,2,2000,-0.155564909872072,0.071342998301118,0.047166140187706,0.267101101272754,0.214421984864688,0.893,2000,563.600545883179,0.004856240324968792,0.002123093870543052,0.003974326313943246
196,aipw_robust,200,20,covariate,0.2,3,2,2000,-0.129007032213334,0.0749674404110994,0.0583538029520832,0.273801826895109,0.218923950388185,0.9165,2000,563.600545883179,0.005401564724784995,0.002312468235131259,0.004222886788876585
196,reg_adj,200,20,covariate,0.2,3,2,2000,-0.166860201109858,0.0653669757501779,0.0375434207461286,0.255669661380027,0.209419249974839,0.868,2000,563.600545883179,0.004332633191612728,0.001870855636895135,0.0036587360948436855
196,adaptive,200,20,covariate,0.2,3,2,2000,-0.166448942169069,0.067822404578071,0.0401372228402891,0.260427349904097,0.211528833933359,0.8775,2000,563.600545883179,0.004479800377265102,0.0019583207785127715,0.0037598216532056406
197,naive,500,20,covariate,0.2,3,2,2000,-0.159550249621837,0.0421325952319526,0.0166846554052648,0.205262259638621,0.173765001778497,0.772,2000,1548.55583310127,0.002888308796273764,0.0010619963828953592,0.0025869255867227623
197,ipw_robust,500,20,covariate,0.2,3,2,2000,-0.153506435200331,0.0402359986768923,0.0166801130855214,0.200589129009755,0.168813010114998,0.779,2000,1548.55583310127,0.0028879156052005225,0.0010316656772935994,0.0025715892042270836
197,dr_robust,500,20,covariate,0.2,3,2,2000,-0.166156028904997,0.0447171091612777,0.0171178421408699,0.21146420302566,0.178930316447614,0.76,2000,1548.55583310127,0.002925563376588337,0.0011127413590756006,0.0026310395403910886
197,aipw_robust,500,20,covariate,0.2,3,2,2000,-0.149251433399024,0.0432592498413727,0.0209937563478834,0.20798858103601,0.172073101179534,0.8315,2000,1548.55583310127,0.0032398886051748293,0.0011730521020548433,0.0028199915981246765
197,reg_adj,500,20,covariate,0.2,3,2,2000,-0.165137835107271,0.0417347178810831,0.0144714490216778,0.204290767978103,0.174543630426615,0.725,2000,1548.55583310127,0.002689930205570193,0.0009993549272156355,0.002445913090215491
197,adaptive,500,20,covariate,0.2,3,2,2000,-0.165404384831936,0.0419612937156319,0.0146099881880947,0.204844559887813,0.174810180151281,0.7285,2000,1548.55583310127,0.002702775257776227,0.001006414282481969,0.0024565316331396614
198,naive,1000,20,covariate,0.2,3,2,2000,-0.169592888721756,0.0364820792823453,0.0077241934740923,0.191002825325557,0.171035784406494,0.515,2000,3468.64519286156,0.001965221803524007,0.0007099195558425139,0.0018584006666720325
198,ipw_robust,1000,20,covariate,0.2,3,2,2000,-0.16436690790272,0.0348820037459593,0.0078694580614887,0.186767244842235,0.166252629735609,0.547,2000,3468.64519286156,0.001983615141791459,0.0006979530710210303,0.0018685103793510509
198,dr_robust,1000,20,covariate,0.2,3,2,2000,-0.17280310483536,0.0376517175022648,0.0077947018124305,0.194040504798005,0.174009024663783,0.5095,2000,3468.64519286156,0.001974170941487907,0.000725445519900485,0.001869314658441209
198,aipw_robust,1000,20,covariate,0.2,3,2,2000,-0.162537835618492,0.0367231436389554,0.0103097505066649,0.191632835492656,0.168006323552008,0.6255,2000,3468.64519286156,0.0022704350361400895,0.0008068632058297932,0.0021052321324669717
198,reg_adj,1000,20,covariate,0.2,3,2,2000,-0.171172691270526,0.036310276170257,0.0070136927798522,0.190552554877275,0.172020983723852,0.473,2000,3468.64519286156,0.001872657574124565,0.0006783771437009079,0.0017800263663161468
198,adaptive,1000,20,covariate,0.2,3,2,2000,-0.171172691270526,0.036310276170257,0.0070136927798522,0.190552554877275,0.172020983723852,0.473,2000,3468.64519286156,0.001872657574124565,0.0006783771437009079,0.0017800263663161468
199,naive,200,5,outcome,0.2,3,2,2000,0.0067562507140737,0.155511048117551,0.15554317278023,0.394348891360875,0.308025087544732,0.95,2000,174.883041143417,0.008818820011209833,0.00492015027547167,0.006238321424579791
199,ipw_robust,200,5,outcome,0.2,3,2,2000,-0.0273732935645588,0.0530715762008713,0.0523484532269132,0.230372689789548,0.184188686280766,0.949,2000,174.883041143417,0.005116075313505128,0.0016789311046510125,0.003643945613051538
199,dr_robust,200,5,outcome,0.2,3,2,2000,-0.0012600729004035,0.053615427399185,0.0536406599454434,0.231550053766318,0.186108818082878,0.9515,2000,174.883041143417,0.005178834808402533,0.0016963168156082372,0.0036629592349828877
199,aipw_robust,200,5,outcome,0.2,3,2,2000,-0.0091700226169257,0.0589305539411606,0.0588759025776545,0.242756161489591,0.193009901498245,0.9445,2000,174.883041143417,0.005425675191976317,0.0018644767558070655,0.00384022540224383
199,reg_adj,200,5,outcome,0.2,3,2,2000,0.0057836118055516,0.146434832598668,0.146474619743022,0.382668044914477,0.302143723167154,0.943,2000,174.883041143417,0.008557879986977558,0.004632991844306643,0.006053538969189441
199,adaptive,200,5,outcome,0.2,3,2,2000,-0.0288751520335098,0.0549075261290414,0.0541008021251457,0.234323550094824,0.187556211469757,0.947,2000,174.883041143417,0.005201000006015463,0.0017369837416577885,0.003706378938341624
200,naive,500,5,outcome,0.2,3,2,2000,0.0108281411831435,0.0625312522910617,0.062445226262711,0.250062496770431,0.194589137529349,0.946,2000,376.745650053024,0.0055877198508296295,0.001978395693205447,0.003955802486891319
200,ipw_robust,500,5,outcome,0.2,3,2,2000,-0.0199707854369167,0.01925929486352,0.0188698975413233,0.138777861575685,0.110882135048165,0.941,2000,376.745650053024,0.003071636171596768,0.0006092001981275892,0.002194875289223818
200,dr_robust,500,5,outcome,0.2,3,2,2000,0.0052907410684519,0.0194483656493975,0.0194300887527205,0.139457397255927,0.11090297076691,0.949,2000,376.745650053024,0.003116896593786879,0.0006153179021746829,0.002206114248086369
200,aipw_robust,500,5,outcome,0.2,3,2,2000,0.0018758241570151,0.0209826713089887,0.0209896474164288,0.14485396545828,0.116377577061437,0.947,2000,376.745650053024,0.003239571531578582,0.0006638621934510546,0.0022914878144715215
200,reg_adj,500,5,outcome,0.2,3,2,2000,0.0127111861475413,0.0605309016792405,0.0603995271895579,0.246030286101611,0.192015887436881,0.952,2000,376.745650053024,0.0054954311564042865,0.0019151033658082457,0.0038920073543655194
200,adaptive,500,5,outcome,0.2,3,2,2000,-0.0203066532151643,0.0192751575991707,0.0188722335511453,0.138835001347537,0.110973980790188,0.941,2000,376.745650053024,0.0030718262931963866,0.0006096929668969446,0.002195746609209655
201,naive,1000,5,outcome,0.2,3,2,2000,0.0089355383863742,0.0307766445553558,0.0307121567874952,0.175432735130465,0.138591684394943,0.95,2000,697.172827005386,0.003918683247437537,0.0009737252836344802,0.0027752097774407514
201,ipw_robust,1000,5,outcome,0.2,3,2,2000,-0.019203160931107,0.0107991845811967,0.0104356410119567,0.103919125194531,0.0826669436599063,0.942,2000,697.172827005386,0.002284254912652778,0.0003414661422386582,0.0016429417664912593
201,dr_robust,1000,5,outcome,0.2,3,2,2000,0.0066535445933322,0.0105062455925611,0.0104672095416765,0.102499978500296,0.0814201431471667,0.9495,2000,697.172827005386,0.0022877073175645198,0.00033239921045864524,0.0016214599033193228
201,aipw_robust,1000,5,outcome,0.2,3,2,2000,-0.0006878238352625,0.0114131687433028,0.0114184048440965,0.106832433012184,0.0849293828829562,0.948,2000,697.172827005386,0.002389393735249226,0.0003610966260096268,0.0016900140520456207
201,reg_adj,1000,5,outcome,0.2,3,2,2000,0.0091732356884479,0.0292232152803201,0.0291536438492489,0.170947989986195,0.135572901174591,0.9475,2000,697.172827005386,0.0038179604404216198,0.0009245763387009216,0.002704262093914021
201,adaptive,1000,5,outcome,0.2,3,2,2000,-0.019203160931107,0.0107991845811967,0.0104356410119567,0.103919125194531,0.0826669436599063,0.942,2000,697.172827005386,0.002284254912652778,0.0003414661422386582,0.0016429417664912593
202,naive,200,10,outcome,0.2,3,2,2000,0.0206042546533753,0.183794302838766,0.183461498278084,0.428712377753157,0.322239144565612,0.955,2000,297.42138504982,0.00957761709085522,0.005814971463254389,0.006781902931902889
202,ipw_robust,200,10,outcome,0.2,3,2,2000,-0.0098833202192363,0.0554782194148458,0.0554082435180488,0.235538148534045,0.186502507642034,0.947,2000,297.42138504982,0.0052634705051918355,0.0017552487021118659,0.003726039100324676
202,dr_robust,200,10,outcome,0.2,3,2,2000,0.0122053820208889,0.0571487934571497,0.0570283362750113,0.239058138236601,0.188268929678251,0.9475,2000,297.42138504982,0.005339865928794997,0.001808099088770722,0.0037817141514362657
202,aipw_robust,200,10,outcome,0.2,3,2,2000,0.0012633609925911,0.0619316858201067,0.0619610702742462,0.248860775977466,0.196651788105603,0.946,2000,297.42138504982,0.005566016092064692,0.001959431555146489,0.003936802711175169
202,reg_adj,200,10,outcome,0.2,3,2,2000,0.0215755014769168,0.169330569748956,0.168949542256103,0.411497958377627,0.31259279355053,0.948,2000,297.42138504982,0.009191015783255489,0.005357353882037669,0.006509575288246371
202,adaptive,200,10,outcome,0.2,3,2,2000,-0.0112245866713245,0.0570070828207869,0.0569095462479688,0.238761560601339,0.188738956230783,0.946,2000,297.42138504982,0.005334301559153213,0.0018036176631445946,0.003777026876943775
203,naive,500,10,outcome,0.2,3,2,2000,0.0080819367702895,0.0647636100881102,0.0647306577150088,0.25448695465212,0.197610566862948,0.948,2000,647.893548965454,0.005689053423681693,0.002049027614219511,0.004025800884411741
203,ipw_robust,500,10,outcome,0.2,3,2,2000,-0.0175077008598417,0.0203988957953822,0.0201024274196944,0.142824703029211,0.113594900626769,0.9515,2000,647.893548965454,0.0031703649174577996,0.0006453147788182484,0.002259114722914097
203,dr_robust,500,10,outcome,0.2,3,2,2000,0.0020557115640698,0.0207699627571941,0.0207761248695943,0.144117877992961,0.114444765211716,0.95,2000,647.893548965454,0.0032230517269813013,0.0006571323780854203,0.002279843372789308
203,aipw_robust,500,10,outcome,0.2,3,2,2000,-0.0073934911734869,0.0235075540608608,0.0234646226604586,0.153321733817684,0.123201601632357,0.9535,2000,647.893548965454,0.0034252461707487973,0.000743743129941884,0.0024254328183709248
203,reg_adj,500,10,outcome,0.2,3,2,2000,0.007022423324718,0.0611815935577593,0.0611628605586871,0.247349132922999,0.193408984331051,0.948,2000,647.893548965454,0.005530047945483253,0.0019356983067754443,0.003912886784563818
203,adaptive,500,10,outcome,0.2,3,2,2000,-0.0177042486717836,0.020490765419145,0.0201874187074664,0.143145958445026,0.113791448438711,0.9505,2000,647.893548965454,0.003177059859954357,0.0006482183120747313,0.0022641865656433256
204,naive,1000,10,outcome,0.2,3,2,2000,0.0087075837050822,0.0317008808793558,0.0316408793050273,0.178047411886148,0.141398776372968,0.95,2000,1152.4760761261,0.00397749162821415,0.0010029672943727426,0.002816573641109952
204,ipw_robust,1000,10,outcome,0.2,3,2,2000,-0.0158447431017323,0.0107313162022318,0.0104855030698068,0.103592066309307,0.0826526872307569,0.9445,2000,1152.4760761261,0.0022897055563769328,0.000339426971690284,0.0016382865203056045
204,dr_robust,1000,10,outcome,0.2,3,2,2000,0.0037696932604918,0.0104126620367953,0.0104036532761552,0.10204245213045,0.0813228476685064,0.9485,2000,1152.4760761261,0.0022807513319249868,0.0003294414751306226,0.00161423735049736
204,aipw_robust,1000,10,outcome,0.2,3,2,2000,-0.0009586519773467,0.0112454494302422,0.0112501554943757,0.106044563416718,0.0846953676589734,0.9535,2000,1152.4760761261,0.0023717246356160003,0.0003557902145081315,0.0016775504705036153
204,reg_adj,1000,10,outcome,0.2,3,2,2000,0.0087163558559808,0.0297957113528327,0.0297346037953223,0.172614342836372,0.13659384691611,0.948,2000,1152.4760761261,0.003855814038262368,0.0009426902076242254,0.0027306253702157265
204,adaptive,1000,10,outcome,0.2,3,2,2000,-0.0158447431017323,0.0107313162022318,0.0104855030698068,0.103592066309307,0.0826526872307569,0.9445,2000,1152.4760761261,0.0022897055563769328,0.000339426971690284,0.0016382865203056045
205,naive,200,20,outcome,0.2,3,2,2000,0.0033953095965793,0.249316176783112,0.249429363337524,0.499315708528293,0.359698966896094,0.9545,2000,707.420969009399,0.011167572774276512,0.007888013577691581,0.00789882377318059
205,ipw_robust,200,20,outcome,0.2,3,2,2000,-0.0132046593824031,0.0635629488869312,0.0634202960055287,0.252116934946725,0.200809412412727,0.9495,2000,707.420969009399,0.005631176431507395,0.0020110321368151944,0.0039882924509615884
205,dr_robust,200,20,outcome,0.2,3,2,2000,0.0101863589696509,0.0668185930044631,0.0667482051980035,0.258492926410885,0.205455713618327,0.9525,2000,707.420969009399,0.005777032334945144,0.0021140422747783307,0.004089168520259573
205,aipw_robust,200,20,outcome,0.2,3,2,2000,0.0092644521113642,0.0769043984190531,0.0768569968445516,0.27731642291623,0.221795096738386,0.9505,2000,707.420969009399,0.006199072384016483,0.002433144312869903,0.004386945942983139
205,reg_adj,200,20,outcome,0.2,3,2,2000,0.0076238656827221,0.192009850033671,0.192047750581013,0.438189285621717,0.337297653968265,0.955,2000,707.420969009399,0.009799177276205717,0.006074920856439567,0.00693184550122018
205,adaptive,200,20,outcome,0.2,3,2,2000,-0.0148048152617619,0.0645187173562134,0.0643317006516043,0.25400534907008,0.20217158369509,0.949,2000,707.420969009399,0.0056714945407539755,0.0020412663916676522,0.004018156308795819
206,naive,500,20,outcome,0.2,3,2,2000,0.0131826550945009,0.0751544299372814,0.075018156620251,0.274143082964501,0.207761882806566,0.955,2000,1754.56205487251,0.00612446555301975,0.0023777715391945274,0.004336734513747382
206,ipw_robust,500,20,outcome,0.2,3,2,2000,-0.0156506004095107,0.0233524103268243,0.0231190285479201,0.152814954526134,0.122601861543823,0.955,2000,1754.56205487251,0.003399928568949655,0.0007387929957022103,0.002417279768178264
206,dr_robust,500,20,outcome,0.2,3,2,2000,0.0038369891001517,0.0237854477883593,0.0237826166113102,0.154225315004896,0.123699466130426,0.9545,2000,1754.56205487251,0.003448377633852635,0.000752537793954616,0.0024397349875107275
206,aipw_robust,500,20,outcome,0.2,3,2,2000,-0.0001382323359273,0.0253431499285582,0.0253558087247418,0.159195320058594,0.127849283039958,0.9545,2000,1754.56205487251,0.003560604493954769,0.0008018216791109732,0.002518358199273232
206,reg_adj,500,20,outcome,0.2,3,2,2000,0.0100115000339045,0.0671644154201348,0.0670977341542831,0.259160983599258,0.199212969820147,0.9545,2000,1754.56205487251,0.0057921383855309904,0.002124983848942356,0.004099737196993028
206,adaptive,500,20,outcome,0.2,3,2,2000,-0.0156453522196391,0.0233937642177666,0.0231605674554177,0.152950201757849,0.122696127894592,0.955,2000,1754.56205487251,0.00340298159379519,0.0007401015034651273,0.0024194198339040347
207,naive,1000,20,outcome,0.2,3,2,2000,0.0102201734455072,0.0344969642528659,0.0344097171661928,0.18573358407371,0.140597984146021,0.955,2000,2999.45232892036,0.004147873983512083,0.0010914288612845254,0.002938157002482067
207,ipw_robust,1000,20,outcome,0.2,3,2,2000,-0.0131869332377248,0.0104955428442804,0.0103268110415849,0.102447756658115,0.081322456273765,0.9455,2000,2999.45232892036,0.0022723128131470916,0.00033201595172697887,0.0016204159200624113
207,dr_robust,1000,20,outcome,0.2,3,2,2000,0.0075948761879818,0.0106639698215494,0.0106115934739757,0.10326649902824,0.0818573059523667,0.95,2000,2999.45232892036,0.002303431513413813,0.0003373871885374279,0.0016335752238737344
207,aipw_robust,1000,20,outcome,0.2,3,2,2000,0.0023220614040164,0.0117477377033858,0.0117482198441439,0.108386981244916,0.0857488567672634,0.948,2000,2999.45232892036,0.002423656312696161,0.0003716818015246376,0.0017146053762894687
207,reg_adj,1000,20,outcome,0.2,3,2,2000,0.0096264547986404,0.0323861766373188,0.0323096628367469,0.179961597673834,0.138167810476705,0.953,2000,2999.45232892036,0.004019307330669483,0.001024647498964673,0.002846850417558986
207,adaptive,1000,20,outcome,0.2,3,2,2000,-0.0131869332377248,0.0104955428442804,0.0103268110415849,0.102447756658115,0.081322456273765,0.9455,2000,2999.45232892036,0.0022723128131470916,0.00033201595172697887,0.0016204159200624113
208,naive,200,5,treatment,0.2,3,2,2000,-0.896095852570654,0.832236818760287,0.0292636736027608,0.912270145713586,0.896095852570654,0.0005,2000,180.653680086136,0.003825158402129303,0.006917594019503159,0.0037914175159662568
208,ipw_robust,200,5,treatment,0.2,3,2,2000,-0.846769214564169,0.748604308448868,0.031602006718607,0.865219225658369,0.846769214564169,0.002,2000,180.653680086136,0.003975047592080313,0.006805667390384595,0.003932915028099368
208,dr_robust,200,5,treatment,0.2,3,2,2000,-0.84364415348635,0.740860186475506,0.0291392984130121,0.860732354727941,0.84364415348635,0.001,2000,180.653680086136,0.003817020985861363,0.006506000499444227,0.003779340037415367
208,aipw_robust,200,5,treatment,0.2,3,2,2000,-0.759553249573813,0.623374946974136,0.046477046559277,0.789540972321346,0.759553249573813,0.0555,2000,180.653680086136,0.004820635153134751,0.007469089444356066,0.004730020167538639
208,reg_adj,200,5,treatment,0.2,3,2,2000,-0.890214390580956,0.820577139243414,0.028109532812397,0.905857129597937,0.890214390580956,0.0005,2000,180.653680086136,0.003748968712352572,0.006733700643200208,0.003716756441597445
208,adaptive,200,5,treatment,0.2,3,2,2000,-0.890214390580956,0.820577139243414,0.028109532812397,0.905857129597937,0.890214390580956,0.0005,2000,180.653680086136,0.003748968712352572,0.006733700643200208,0.003716756441597445
209,naive,500,5,treatment,0.2,3,2,2000,-0.896901135607334,0.816023676923609,0.0115978287842759,0.903340288553327,0.896901135607334,0.0,2000,401.129680156708,0.002408093518146243,0.00433518519268482,0.0023995305244425063
209,ipw_robust,500,5,treatment,0.2,3,2,2000,-0.848105535747256,0.731920052048703,0.0126433739705488,0.855523262131839,0.848105535747256,0.0,2000,401.129680156708,0.0025142965189639825,0.004283477888204492,0.0025034257265727
209,dr_robust,500,5,treatment,0.2,3,2,2000,-0.841985036647014,0.720443643275992,0.0115105966368363,0.848789516473897,0.841985036647014,0.0,2000,401.129680156708,0.0023990202830360043,0.0040562434608322545,0.002389428345959665
209,aipw_robust,500,5,treatment,0.2,3,2,2000,-0.749547385436308,0.581251195779102,0.019439632580988,0.762398318321271,0.749547385436308,0.0005,2000,401.129680156708,0.003117661991059005,0.004713925959414555,0.0030915112521458427
209,reg_adj,500,5,treatment,0.2,3,2,2000,-0.890906656352218,0.80501285396607,0.011303835551156,0.897225085452959,0.890906656352218,0.0,2000,401.129680156708,0.0023773762376994518,0.004251095966233767,0.0023690242477380275
209,adaptive,500,5,treatment,0.2,3,2,2000,-0.890906656352218,0.80501285396607,0.011303835551156,0.897225085452959,0.890906656352218,0.0,2000,401.129680156708,0.0023773762376994518,0.004251095966233767,0.0023690242477380275
210,naive,1000,5,treatment,0.2,3,2,2000,-0.894266950313384,0.805317636240743,0.0056070613486162,0.897394916544964,0.894266950313384,0.0,2000,733.593167066574,0.0016743747114394973,0.002999920513150086,0.0016714606121795291
210,ipw_robust,1000,5,treatment,0.2,3,2,2000,-0.845688395218073,0.721383203471164,0.0061974403848363,0.849342806804863,0.845688395218073,0.0,2000,733.593167066574,0.0017603182077164771,0.002983804440175875,0.0017565371816125864
210,dr_robust,1000,5,treatment,0.2,3,2,2000,-0.838321442420074,0.708374964100602,0.0055949207396991,0.84165014352794,0.838321442420073,0.0,2000,733.593167066574,0.001672561021263365,0.0028098632922821535,0.0016692584881552244
210,aipw_robust,1000,5,treatment,0.2,3,2,2000,-0.742768678811309,0.561146404608306,0.0094458172938558,0.749097059537885,0.742768678811309,0.0,2000,733.593167066574,0.002173225401776792,0.003242196567943365,0.0021640697468118903
210,reg_adj,1000,5,treatment,0.2,3,2,2000,-0.888809276320139,0.795423382096176,0.0054441745107024,0.891865114294856,0.888809276320139,0.0,2000,733.593167066574,0.001649874921123174,0.0029378968679963082,0.0016470522396871226
210,adaptive,1000,5,treatment,0.2,3,2,2000,-0.888809276320139,0.795423382096176,0.0054441745107024,0.891865114294856,0.888809276320139,0.0,2000,733.593167066574,0.001649874921123174,0.0029378968679963082,0.0016470522396871226
211,naive,200,10,treatment,0.2,3,2,2000,-0.903256274929796,0.846978955840429,0.031122618949853,0.920314596124841,0.903256274929796,0.0,2000,311.220577955246,0.003944782563706966,0.00719393896342224,0.003908412945808793
211,ipw_robust,200,10,treatment,0.2,3,2,2000,-0.84553857320347,0.74810953277556,0.0331906493252629,0.86493325336442,0.84553857320347,0.002,2000,311.220577955246,0.004073735958875029,0.006968498025762068,0.004028344383023767
211,dr_robust,200,10,treatment,0.2,3,2,2000,-0.852764762460007,0.758004614679878,0.0308122807267701,0.870634604572939,0.852764762460007,0.001,2000,311.220577955246,0.003925065650837582,0.0067648543748158796,0.0038850134943431034
211,aipw_robust,200,10,treatment,0.2,3,2,2000,-0.776518999650242,0.651047848202753,0.048090136453166,0.806875361008596,0.776518999650242,0.0505,2000,311.220577955246,0.004903577084800748,0.0077657975219780784,0.004812265869830759
211,reg_adj,200,10,treatment,0.2,3,2,2000,-0.894329552116524,0.828849868813353,0.0290390405446825,0.910411922600618,0.894329552116524,0.0,2000,311.220577955246,0.0038104488282013774,0.006877178729826023,0.0037769599447803597
211,adaptive,200,10,treatment,0.2,3,2,2000,-0.894329552116524,0.828849868813353,0.0290390405446825,0.910411922600618,0.894329552116524,0.0,2000,311.220577955246,0.0038104488282013774,0.006877178729826023,0.0037769599447803597
212,naive,500,10,treatment,0.2,3,2,2000,-0.906505454319964,0.833966889697398,0.0122208614162611,0.913217876356676,0.906505454319964,0.0,2000,721.027786016464,0.0024719285402556744,0.004498264939416385,0.0024628651365008404
212,ipw_robust,500,10,treatment,0.2,3,2,2000,-0.852253643279239,0.739748246829339,0.0134186836884465,0.860086185698468,0.852253643279239,0.0,2000,721.027786016464,0.0025902397271726123,0.004435427201038569,0.0025784783401890127
212,dr_robust,500,10,treatment,0.2,3,2,2000,-0.853504839799734,0.740681092415064,0.0122166891980929,0.860628312580445,0.853504839799734,0.0,2000,721.027786016464,0.0024715065444069636,0.004236536693386435,0.0024613045094251623
212,aipw_robust,500,10,treatment,0.2,3,2,2000,-0.767832692185661,0.609795028672054,0.020238104535242,0.780893737119241,0.767832692185661,0.0,2000,721.027786016464,0.003181045782069318,0.004926765650644209,0.0031545685516824046
212,reg_adj,500,10,treatment,0.2,3,2,2000,-0.899229297012233,0.820245038946507,0.0116375291059443,0.905673803831438,0.899229297012233,0.0,2000,721.027786016464,0.002412211548138378,0.004353843632686497,0.0024036488712976096
212,adaptive,500,10,treatment,0.2,3,2,2000,-0.899229297012233,0.820245038946507,0.0116375291059443,0.905673803831438,0.899229297012233,0.0,2000,721.027786016464,0.002412211548138378,0.004353843632686497,0.0024036488712976096
213,naive,1000,10,treatment,0.2,3,2,2000,-0.905278397066176,0.825182680673551,0.0056565327452183,0.908395663064037,0.905278397066176,0.0,2000,1274.94302511215,0.0016817450379320732,0.0030501444788237297,0.0016788634087791276
213,ipw_robust,1000,10,treatment,0.2,3,2,2000,-0.848522336775287,0.726336892791681,0.0063499117409589,0.852254007201891,0.848522336775286,0.0,2000,1274.94302511215,0.001781840585035443,0.003030522936577145,0.0017779458418311915
213,dr_robust,1000,10,treatment,0.2,3,2,2000,-0.850735841086384,0.729385777434335,0.0056371246877213,0.854040852321676,0.850735841086384,0.0,2000,1274.94302511215,0.0016788574519180151,0.0028620852097947036,0.0016756137613407128
213,aipw_robust,1000,10,treatment,0.2,3,2,2000,-0.763083928044084,0.591886057333884,0.0095937729811849,0.769341313939323,0.763083928044084,0.0,2000,1274.94302511215,0.0021901795567013335,0.0033563212733654134,0.0021812953578300375
213,reg_adj,1000,10,treatment,0.2,3,2,2000,-0.897550216411019,0.811033974800064,0.0054403039725833,0.900574247244537,0.897550216411019,0.0,2000,1274.94302511215,0.0016492883272162116,0.002965632377689931,0.001646522975070516
213,adaptive,1000,10,treatment,0.2,3,2,2000,-0.897550216411019,0.811033974800064,0.0054403039725833,0.900574247244537,0.897550216411019,0.0,2000,1274.94302511215,0.0016492883272162116,0.002965632377689931,0.001646522975070516
214,naive,200,20,treatment,0.2,3,2,2000,-0.905645112345795,0.856170465734055,0.0359953939151854,0.925294799366156,0.905645112345795,0.001,2000,723.638305902481,0.004242369262286429,0.007768012205871196,0.004197587737006858
214,ipw_robust,200,20,treatment,0.2,3,2,2000,-0.846973413034568,0.755969930370873,0.0386252806237601,0.869465312919885,0.846973413034568,0.0065,2000,723.638305902481,0.004394614921910684,0.0075437842636463135,0.004338174365066027
214,dr_robust,200,20,treatment,0.2,3,2,2000,-0.857401204271617,0.770613849050353,0.0354947713496093,0.877846142014848,0.857401204271617,0.0025,2000,723.638305902481,0.0042127646118439435,0.007310739075319361,0.004164020735193769
214,aipw_robust,200,20,treatment,0.2,3,2,2000,-0.78584598898581,0.672709129202272,0.0551828021982853,0.820188471756506,0.78584598898581,0.08,2000,723.638305902481,0.005252751764469995,0.008438119050517291,0.005144012224681916
214,reg_adj,200,20,treatment,0.2,3,2,2000,-0.896264402406459,0.8347747513197,0.0315006226099969,0.913660085217528,0.896264402406459,0.0,2000,723.638305902481,0.003968666187146312,0.007183352412053794,0.003931085820797103
214,adaptive,200,20,treatment,0.2,3,2,2000,-0.896264402406459,0.8347747513197,0.0315006226099969,0.913660085217528,0.896264402406459,0.0,2000,723.638305902481,0.003968666187146312,0.007183352412053794,0.003931085820797103
215,naive,500,20,treatment,0.2,3,2,2000,-0.910276657074447,0.840713037406003,0.0121155027427433,0.916904050272439,0.910276657074447,0.0,2000,1981.94494795799,0.0024612499611725036,0.0044971861869175745,0.0024523755705852367
215,ipw_robust,500,20,treatment,0.2,3,2,2000,-0.854859910073281,0.743923093489499,0.0131441997388701,0.862509764286468,0.854859910073281,0.0,2000,1981.94494795799,0.0025636107094165156,0.004402720777607828,0.0025522730060047985
215,dr_robust,500,20,treatment,0.2,3,2,2000,-0.858141050013159,0.748644275936936,0.012244336387442,0.865242322090717,0.858141050013159,0.0,2000,1981.94494795799,0.0024743015567470755,0.004264215150342946,0.0024641739322454575
215,aipw_robust,500,20,treatment,0.2,3,2,2000,-0.777385796191373,0.624302135148755,0.019983450754037,0.790127923281259,0.777385796191373,0.0,2000,1981.94494795799,0.0031609690566372995,0.004955046213814318,0.003135597456951593
215,reg_adj,500,20,treatment,0.2,3,2,2000,-0.902373023501457,0.825854100349619,0.0115828182155651,0.908765151372795,0.902373023501457,0.0,2000,1981.94494795799,0.0024065346678954266,0.004358601647056125,0.0023980902219192454
215,adaptive,500,20,treatment,0.2,3,2,2000,-0.902373023501457,0.825854100349619,0.0115828182155651,0.908765151372795,0.902373023501457,0.0,2000,1981.94494795799,0.0024065346678954266,0.004358601647056125,0.0023980902219192454
216,naive,1000,20,treatment,0.2,3,2,2000,-0.906435429977271,0.827471746860676,0.0058494828840386,0.909654740470623,0.906435429977271,0.0,2000,3532.44317913055,0.0017101875458613595,0.0031058624256417814,0.0017071655252601215
216,ipw_robust,1000,20,treatment,0.2,3,2,2000,-0.852449951734075,0.733147303488385,0.0064796230885023,0.85624021365992,0.852449951734075,0.0,2000,3532.44317913055,0.001799947650419631,0.0030755638279930725,0.0017959702072662868
216,dr_robust,1000,20,treatment,0.2,3,2,2000,-0.853287814935382,0.733916445455116,0.0058192599679017,0.856689235052662,0.853287814935382,0.0,2000,3532.44317913055,0.0017057637538507055,0.002916825544809955,0.001702382512505047
216,aipw_robust,1000,20,treatment,0.2,3,2,2000,-0.767434051701525,0.598530646320767,0.0095804128161565,0.773647624129207,0.767434051701524,0.0,2000,3532.44317913055,0.0021886540174450254,0.0033729288199322526,0.0021798870149240834
216,reg_adj,1000,20,treatment,0.2,3,2,2000,-0.899138373687993,0.814069333978696,0.0056223301054605,0.902257908792545,0.899138373687993,0.0,2000,3532.44317913055,0.0016766529315067713,0.0030203235031205275,0.001673758397508814
216,adaptive,1000,20,treatment,0.2,3,2,2000,-0.899138373687993,0.814069333978696,0.0056223301054605,0.902257908792545,0.899138373687993,0.0,2000,3532.44317913055,0.0016766529315067713,0.0030203235031205275,0.001673758397508814
217,naive,200,5,mixed,0.2,3,2,2000,-0.419554010114093,0.250539327084081,0.0745510351988643,0.500539036523707,0.434877944044838,0.6745,2000,170.021985054016,0.006105367933174228,0.005639471020576057,0.0056333978062357935
217,ipw_robust,200,5,mixed,0.2,3,2,2000,-0.390245417829759,0.194455396276773,0.04218500264097,0.440970969879847,0.395226055316979,0.511,2000,170.021985054016,0.0045926573266993264,0.003824710176941806,0.004336691571764847
217,dr_robust,200,5,mixed,0.2,3,2,2000,-0.413923302336341,0.216348499048544,0.0450385180905672,0.465132775719519,0.418193310104678,0.508,2000,170.021985054016,0.004745446137644342,0.004178706969009343,0.004491950672090626
217,aipw_robust,200,5,mixed,0.2,3,2,2000,-0.35458269733606,0.178369010775494,0.0526664547527538,0.422337555487898,0.367551584851737,0.658,2000,170.021985054016,0.00513159111547061,0.0040021425724022265,0.004738085117458738
217,reg_adj,200,5,mixed,0.2,3,2,2000,-0.435286019420225,0.262403514986411,0.0729660793233679,0.512253369912205,0.448794531453619,0.6465,2000,170.021985054016,0.006040119176115978,0.005742332861770189,0.005604973240834283
217,adaptive,200,5,mixed,0.2,3,2,2000,-0.412490905836409,0.214604910251482,0.0444784020547677,0.463254692638382,0.417069965980614,0.4965,2000,170.021985054016,0.004715845738293805,0.004136933289417326,0.004465074348039717
218,naive,500,5,mixed,0.2,3,2,2000,-0.412150625361915,0.199881351654097,0.0300282277817711,0.447080922936886,0.414242119957876,0.322,2000,395.772909164429,0.003874805013272997,0.003332172376145157,0.003726587520505272
218,ipw_robust,500,5,mixed,0.2,3,2,2000,-0.392248423928376,0.171442389458866,0.017592359564353,0.414056022126071,0.392280549274809,0.1525,2000,395.772909164429,0.0029658354273587907,0.002392273123190155,0.002888827834101348
218,dr_robust,500,5,mixed,0.2,3,2,2000,-0.419997302102269,0.195139611022021,0.0187512528752735,0.441746093386258,0.420017156565456,0.127,2000,395.772909164429,0.0030619644736078746,0.0026395011857555145,0.0029875772816937663
218,aipw_robust,500,5,mixed,0.2,3,2,2000,-0.361288744825912,0.152306961167356,0.0217882981785625,0.390265244631592,0.361842353869052,0.313,2000,395.772909164429,0.0033006285900236106,0.002482491442400106,0.0031805182200423236
218,reg_adj,500,5,mixed,0.2,3,2,2000,-0.425568571203363,0.209625125269008,0.0285307818638672,0.457848364929927,0.427267883083821,0.268,2000,395.772909164429,0.0037769552462179902,0.0033389138857152258,0.0036463097189680274
218,adaptive,500,5,mixed,0.2,3,2,2000,-0.400038080467099,0.177830997570531,0.0178094364649629,0.421700127543888,0.400070205813532,0.143,2000,395.772909164429,0.002984077450818167,0.00245301464616385,0.0029084822198785737
219,naive,1000,5,mixed,0.2,3,2,2000,-0.418606817470101,0.191074723154164,0.015850981012224,0.437120947969969,0.418608599123833,0.0805,2000,789.402892112732,0.0028152247700871063,0.0024096558409479134,0.002756280443820621
219,ipw_robust,1000,5,mixed,0.2,3,2,2000,-0.394919193155373,0.165203599945369,0.0092470543500535,0.406452457177182,0.394919193155373,0.012,2000,789.402892112732,0.0021502388646442864,0.001723331317216733,0.0021199666612736127
219,dr_robust,1000,5,mixed,0.2,3,2,2000,-0.425207396182351,0.190599395180426,0.0098029668956989,0.436576906375527,0.425207396182351,0.0045,2000,789.402892112732,0.0022139294134749304,0.0019081082413714592,0.002185305971876323
219,aipw_robust,1000,5,mixed,0.2,3,2,2000,-0.366248132495256,0.145482618469995,0.0113505992133383,0.381421837956343,0.366248132495256,0.0665,2000,789.402892112732,0.0023822887328510687,0.001781550595161555,0.002335407176352431
219,reg_adj,1000,5,mixed,0.2,3,2,2000,-0.431873933655215,0.201422003684499,0.0149143662968181,0.448800627990313,0.431873933655215,0.0505,2000,789.402892112732,0.002730784346741619,0.0024053995931374254,0.0026798086311828244
219,adaptive,1000,5,mixed,0.2,3,2,2000,-0.396955658295616,0.166785958721445,0.0092167724547664,0.408394366662232,0.396955658295616,0.012,2000,789.402892112732,0.00214671521804435,0.0017290438151714895,0.0021168800996238008
220,naive,200,10,mixed,0.2,3,2,2000,-0.407208955011719,0.236172897206802,0.0703889586443882,0.485976231113006,0.421311232995319,0.663,2000,274.290824174881,0.005932493516405568,0.005319612551237875,0.005473120093810601
220,ipw_robust,200,10,mixed,0.2,3,2,2000,-0.372548539209847,0.181440683644248,0.0426696043790466,0.425958546861368,0.378628585958351,0.554,2000,274.290824174881,0.004618961159126941,0.0036966376527868047,0.004339198825830707
220,dr_robust,200,10,mixed,0.2,3,2,2000,-0.394006131536489,0.201000434167737,0.0457824937262513,0.448330719634219,0.399618714460293,0.5455,2000,274.290824174881,0.004784479790230663,0.004038646002988377,0.0045040924323492704
220,aipw_robust,200,10,mixed,0.2,3,2,2000,-0.341730501560024,0.175374064428437,0.0586236405522473,0.418776867112352,0.358233001087713,0.718,2000,274.290824174881,0.005414039183098295,0.004138700004845866,0.0049414143066019815
220,reg_adj,200,10,mixed,0.2,3,2,2000,-0.421942300716256,0.246419150525327,0.0684180544188091,0.496406235381192,0.433693428898543,0.6335,2000,274.290824174881,0.005848848366080673,0.005389126882962806,0.005428141810934826
220,adaptive,200,10,mixed,0.2,3,2,2000,-0.393933089543333,0.199972338875534,0.0448114655711638,0.447182668353251,0.399006164105399,0.531,2000,274.290824174881,0.004733469423750606,0.003989492170467716,0.004460696324791623
221,naive,500,10,mixed,0.2,3,2,2000,-0.405801386931547,0.194578982668383,0.0299191766211268,0.441111077471858,0.407658994461051,0.352,2000,654.620522975922,0.0038677627009116524,0.003278570408863072,0.0037162639710314666
221,ipw_robust,500,10,mixed,0.2,3,2,2000,-0.373565166742494,0.158982644712729,0.0194414316251946,0.398726277931026,0.37387925207099,0.2275,2000,654.620522975922,0.0031178062500093395,0.002409171878296936,0.0030210849041578452
221,dr_robust,500,10,mixed,0.2,3,2,2000,-0.406354343037439,0.185334514426433,0.0202207727073979,0.430504952847738,0.406523370685832,0.178,2000,654.620522975922,0.003179683373183398,0.0026620938024176284,0.0030918271494999082
221,aipw_robust,500,10,mixed,0.2,3,2,2000,-0.346488000593919,0.143475989183393,0.0234337715135783,0.378782245074124,0.347582063835796,0.377,2000,654.620522975922,0.00342299368342817,0.00248511057917214,0.0032803947538325457
221,reg_adj,500,10,mixed,0.2,3,2,2000,-0.419737968221211,0.202752139145527,0.0265854699140146,0.450280067453055,0.42043816596269,0.2615,2000,654.620522975922,0.0036459203168757405,0.003174026050172343,0.0035245020594912952
221,adaptive,500,10,mixed,0.2,3,2,2000,-0.384095593142691,0.167307171936775,0.0197876410856822,0.409031993781385,0.384393252079969,0.2115,2000,654.620522975922,0.003145444411023838,0.0024960106870153434,0.00305111913611015
222,naive,1000,10,mixed,0.2,3,2,2000,-0.40889361751006,0.182375960468131,0.015189564810073,0.4270549852983,0.408975085448709,0.0935,2000,1371.7994120121,0.002755863277638515,0.002304328706243901,0.002697929757961163
222,ipw_robust,1000,10,mixed,0.2,3,2,2000,-0.378072224305873,0.152218022526312,0.0092840577636032,0.390151281589991,0.378072224305873,0.025,2000,1371.7994120121,0.0021545368137494423,0.0016553834277176088,0.0021214635268803845
222,dr_robust,1000,10,mixed,0.2,3,2,2000,-0.413451986082302,0.180873022014162,0.0099354449412319,0.425291690506835,0.413451986082302,0.0135,2000,1371.7994120121,0.002228838816652283,0.0018696239060404048,0.0021980489482551473
222,aipw_robust,1000,10,mixed,0.2,3,2,2000,-0.355890528323004,0.136885144607991,0.0102321925542411,0.36997992460131,0.35592915404216,0.0595,2000,1371.7994120121,0.002261878926273586,0.0016421562800737332,0.0022192505199347223
222,reg_adj,1000,10,mixed,0.2,3,2,2000,-0.423175379127478,0.192710485722077,0.0136399041744791,0.438988024577068,0.423175379127478,0.05,2000,1371.7994120121,0.0026115037980519095,0.0022519423124116237,0.002564924538182108
222,adaptive,1000,10,mixed,0.2,3,2,2000,-0.380356909215875,0.154106810610845,0.0094401522987408,0.392564403137682,0.380356909215875,0.0265,2000,1371.7994120121,0.002172573623463748,0.001679451150206865,0.002139077227562378
223,naive,200,20,mixed,0.2,3,2,2000,-0.397787050988964,0.242707800715813,0.0845155205415872,0.492653834569278,0.421826870378357,0.7425,2000,644.124401807785,0.006500596916498792,0.005821462178422056,0.005908268412760553
223,ipw_robust,200,20,mixed,0.2,3,2,2000,-0.372890699906233,0.184083274725534,0.0450583298138802,0.42904926841277,0.379729094496707,0.5765,2000,644.124401807785,0.004746489745795317,0.0038158546852669365,0.004446872382958903
223,dr_robust,200,20,mixed,0.2,3,2,2000,-0.378626580081056,0.188005737694782,0.0446699855436779,0.433596284226216,0.384822016366076,0.5675,2000,644.124401807785,0.0047259911946425535,0.003847468644322515,0.004436694667700626
223,aipw_robust,200,20,mixed,0.2,3,2,2000,-0.335146472407987,0.171335455551447,0.0590418184931759,0.413926872226782,0.353022463083374,0.72,2000,644.124401807785,0.005433314756811716,0.004092610822149856,0.004943639923802289
223,reg_adj,200,20,mixed,0.2,3,2,2000,-0.413041664545147,0.246805995251221,0.0762406989504709,0.496795727891476,0.430232167472093,0.693,2000,644.124401807785,0.006174167917641652,0.005641497286533033,0.0056778842588652515
223,adaptive,200,20,mixed,0.2,3,2,2000,-0.393200226121256,0.201360173209409,0.0467771439595817,0.448731738580423,0.398902177327833,0.5525,2000,644.124401807785,0.004836173278511725,0.004080710051457616,0.004546937179401519
224,naive,500,20,mixed,0.2,3,2,2000,-0.403861086621733,0.198356351970672,0.0352702097882794,0.445372149971989,0.409053272976432,0.4185,2000,1532.02305603027,0.004199417208868357,0.003570629717973576,0.004008591150342636
224,ipw_robust,500,20,mixed,0.2,3,2,2000,-0.375486343864849,0.160238450848207,0.019258085461946,0.400297952590576,0.376184027971663,0.2255,2000,1532.02305603027,0.003103069888187019,0.0024085822758721028,0.003008486878692078
224,dr_robust,500,20,mixed,0.2,3,2,2000,-0.403024286191264,0.183190075584693,0.020771886267849,0.428007097586819,0.403660038483157,0.202,2000,1532.02305603027,0.003222722937815862,0.002679434090068737,0.0031301281043887687
224,aipw_robust,500,20,mixed,0.2,3,2,2000,-0.347069004096888,0.142241057484889,0.0217950614107895,0.377148588072247,0.348101901493943,0.3585,2000,1532.02305603027,0.003301140818776859,0.0023928550914836945,0.0031722975601135178
224,reg_adj,500,20,mixed,0.2,3,2,2000,-0.422117277542279,0.208464753885494,0.030296906338958,0.456579405892879,0.42579897848466,0.3075,2000,1532.02305603027,0.003892101382220021,0.003422672875941784,0.003748168261387592
224,adaptive,500,20,mixed,0.2,3,2,2000,-0.383566077904627,0.167100319283165,0.0199873768524535,0.408779059252263,0.384232708049993,0.222,2000,1532.02305603027,0.003161279555216013,0.0025061321531689657,0.0030653871528462987
225,naive,1000,20,mixed,0.2,3,2,2000,-0.41400465627007,0.187320554688718,0.0159286636072222,0.432805446694837,0.414136728328487,0.087,2000,3268.93358707428,0.0028221147750598485,0.0023904107602506232,0.00276153035793015
225,ipw_robust,1000,20,mixed,0.2,3,2,2000,-0.385033086310394,0.157770271881862,0.0095245566064574,0.397203061269499,0.385033086310394,0.0225,2000,3268.93358707428,0.002182264489751116,0.0017072660335574145,0.00214910986347994
225,dr_robust,1000,20,mixed,0.2,3,2,2000,-0.423718642489468,0.190664622188073,0.0111327005452282,0.4366516027545,0.423759221254018,0.0145,2000,3268.93358707428,0.0023593113979748625,0.0020301259080090298,0.002324651845089452
225,aipw_robust,1000,20,mixed,0.2,3,2,2000,-0.357052980397821,0.138445371282034,0.0109640224823086,0.372082479138744,0.357152588936229,0.072,2000,3268.93358707428,0.0023413695225560404,0.001707555781639942,0.002294593104185403
225,reg_adj,1000,20,mixed,0.2,3,2,2000,-0.429556103904427,0.19895084219876,0.0144396156050114,0.446039059050617,0.42960320970373,0.054,2000,3268.93358707428,0.002686970004020458,0.0023531369222731338,0.002637814866798579
225,adaptive,1000,20,mixed,0.2,3,2,2000,-0.387246526628617,0.159630477830332,0.0096754431659867,0.399537830286861,0.387246526628617,0.0235,2000,3268.93358707428,0.0021994821169978515,0.0017307428016188806,0.002165931071378445
226,naive,200,5,none,0.0,5,2,2000,0.0060060063581195,0.0311646554575234,0.0311441554228611,0.176535139441198,0.139211199504981,0.9435,2000,181.177634000778,0.0039461471983987815,0.0009860047099034203,0.002792658484380239
226,ipw_robust,200,5,none,0.0,5,2,2000,-0.0236690192209368,0.0322131908231418,0.0316688027536375,0.179480335477572,0.142030342705206,0.945,2000,181.177634000778,0.003979246332764378,0.0010190172803764294,0.0028387992413346215
226,dr_robust,200,5,none,0.0,5,2,2000,0.001080501767908,0.0302121636890653,0.0302261092596247,0.173816465529205,0.137359845192547,0.9465,2000,181.177634000778,0.003887551238223408,0.0009558704190301711,0.002749654401612383
226,aipw_robust,200,5,none,0.0,5,2,2000,-0.0009695320390392,0.0409635128820114,0.0409830644218476,0.20239444874307,0.163956003344612,0.9495,2000,181.177634000778,0.0045267573616136975,0.0012960280154924928,0.0032017380504781976
226,reg_adj,200,5,none,0.0,5,2,2000,0.0058760873406225,0.028501203751391,0.0284809158068598,0.168822995327624,0.134315971682974,0.945,2000,181.177634000778,0.003773653124418022,0.0009017368608650797,0.002670657688293993
226,adaptive,200,5,none,0.0,5,2,2000,0.0057189820942733,0.0286525446837005,0.0286341550050084,0.169270625578393,0.134625398722056,0.9455,2000,181.177634000778,0.003783791419000815,0.00090652517532831,0.0026777391890374916
227,naive,500,5,none,0.0,5,2,2000,0.0080236374648659,0.0113048881839046,0.011246132491983,0.106324447724428,0.0855413072870906,0.949,2000,401.822273015976,0.002371300538943029,0.0003576639765412224,0.001681946081997138
227,ipw_robust,500,5,none,0.0,5,2,2000,-0.0203644107042564,0.0123065999156882,0.0118978396121627,0.110935115791566,0.0893427009845965,0.9495,2000,401.822273015976,0.0024390407553137256,0.000389136062433844,0.001753890369416411
227,dr_robust,500,5,none,0.0,5,2,2000,0.0038680496419356,0.0111012610020844,0.0110918451166103,0.105362521809629,0.0846105912710463,0.952,2000,401.822273015976,0.0023549782500705075,0.000351227755460176,0.001666758489772962
227,aipw_robust,500,5,none,0.0,5,2,2000,-0.0006977762678512,0.0153094207824199,0.0153165921867933,0.123731244164196,0.100127215026023,0.9555,2000,401.822273015976,0.002767362660259159,0.000484368569645436,0.0019573413850209925
227,reg_adj,500,5,none,0.0,5,2,2000,0.0068315366815809,0.0106364417802501,0.0105950694215291,0.10313312649314,0.0829685277355776,0.9535,2000,401.822273015976,0.0023016373977593754,0.0003365181088271941,0.0016314743878611006
227,adaptive,500,5,none,0.0,5,2,2000,0.0068315366815809,0.0106364417802501,0.0105950694215291,0.10313312649314,0.0829685277355776,0.9535,2000,401.822273015976,0.0023016373977593754,0.0003365181088271941,0.0016314743878611006
228,naive,1000,5,none,0.0,5,2,2000,0.0083487849932346,0.005593820777188,0.0055268820073284,0.0747918496708569,0.0599619100392572,0.951,2000,733.606303930283,0.0016623600704011752,0.0001769658060561778,0.0011830554187051586
228,ipw_robust,1000,5,none,0.0,5,2,2000,-0.0208679665098157,0.0062784752272294,0.0058459261640566,0.079236829992305,0.0631302544291424,0.938,2000,733.606303930283,0.0017096675355250505,0.00019815732976500455,0.0012504117705380718
228,dr_robust,1000,5,none,0.0,5,2,2000,0.0037740480735184,0.0054286756728484,0.0054171408043893,0.0736795471813475,0.0588794211995654,0.951,2000,733.606303930283,0.0016457734966254165,0.0001717548599669876,0.0011655531727430904
228,aipw_robust,1000,5,none,0.0,5,2,2000,-0.000362111757352,0.0079961072141644,0.0079999760772782,0.0894209551177152,0.0710148414054049,0.9465,2000,733.606303930283,0.0019999970096575394,0.0002529856028108057,0.0014145767201757763
228,reg_adj,1000,5,none,0.0,5,2,2000,0.0068885197071675,0.0052338427271165,0.0051889855161185,0.0723453020390165,0.0579781130231062,0.9475,2000,733.606303930283,0.0016107429211575787,0.0001655838853678038,0.0011443997101463676
228,adaptive,1000,5,none,0.0,5,2,2000,0.0068885197071675,0.0052338427271165,0.0051889855161185,0.0723453020390165,0.0579781130231062,0.9475,2000,733.606303930283,0.0016107429211575787,0.0001655838853678038,0.0011443997101463676
229,naive,200,10,none,0.0,5,2,2000,0.0120955576488702,0.0336689544322806,0.0335394216282576,0.183491020031719,0.143818159653173,0.9535,2000,306.974190235138,0.00409508373713271,0.001065226082396985,0.0029026654334714736
229,ipw_robust,200,10,none,0.0,5,2,2000,-0.0106270789155407,0.0330646497797397,0.0329681990729991,0.181836876842239,0.144321140323283,0.955,2000,306.974190235138,0.004060061518807265,0.0010461112103730315,0.0028765100581897743
229,dr_robust,200,10,none,0.0,5,2,2000,0.0063382253576409,0.0322572561357648,0.032233199634898,0.179603051576984,0.141139407475156,0.95,2000,306.974190235138,0.00401454851975275,0.001020572865527888,0.0028411902152186866
229,aipw_robust,200,10,none,0.0,5,2,2000,0.0047899607072241,0.040138663892995,0.0401357880634499,0.200346359819676,0.160980957122669,0.9585,2000,306.974190235138,0.004479720307309927,0.0012699303966469551,0.003169337336076309
229,reg_adj,200,10,none,0.0,5,2,2000,0.0107987542336647,0.0283465331228034,0.0282440420508297,0.168364286957785,0.133784617807623,0.9465,2000,306.974190235138,0.0037579277568115716,0.0008968350804767416,0.0026633768261721995
229,adaptive,200,10,none,0.0,5,2,2000,0.0098399403560778,0.0287228551962819,0.0286403509455435,0.169478185015895,0.134277353141392,0.948,2000,306.974190235138,0.0037842007706742715,0.0009087441187581199,0.002681006168059006
230,naive,500,10,none,0.0,5,2,2000,0.0130572388590005,0.0123465970248814,0.0121821966365787,0.111115242090729,0.0889026823065139,0.9505,2000,720.837799072266,0.0024680150563336015,0.00039058908909751756,0.0017575855559878526
230,ipw_robust,500,10,none,0.0,5,2,2000,-0.0109176603949561,0.012486606727075,0.0123735982176843,0.111743486284772,0.0894017810629889,0.9485,2000,720.837799072266,0.0024873277043530374,0.00039503883678227624,0.0017676146051839744
230,dr_robust,500,10,none,0.0,5,2,2000,0.0083768610902006,0.0117773318766693,0.0117130165832364,0.108523416259669,0.086552130762482,0.946,2000,720.837799072266,0.00242002237419785,0.00037261052646660506,0.0017167286992470021
230,aipw_robust,500,10,none,0.0,5,2,2000,0.0045467533432184,0.0160900386739343,0.0160774044101754,0.126846516207322,0.102014139184299,0.9495,2000,720.837799072266,0.0028352605180278763,0.0005090654848216009,0.0020066198900944507
230,reg_adj,500,10,none,0.0,5,2,2000,0.0120290360651709,0.0109901823866042,0.0108509101330136,0.104834070733728,0.0842669271754513,0.9465,2000,720.837799072266,0.0023292606265737635,0.00034768154161663714,0.0016582468809196896
230,adaptive,500,10,none,0.0,5,2,2000,0.0120290360651709,0.0109901823866042,0.0108509101330136,0.104834070733728,0.0842669271754513,0.9465,2000,720.837799072266,0.0023292606265737635,0.00034768154161663714,0.0016582468809196896
231,naive,1000,10,none,0.0,5,2,2000,0.0074098368752428,0.0059232676664719,0.0058712976327706,0.076962768053598,0.0607829786714245,0.941,2000,1285.06174898148,0.0017133735192261202,0.0001873949601781259,0.0012174390612329673
231,ipw_robust,1000,10,none,0.0,5,2,2000,-0.014508203874928,0.0063145375342608,0.0061071031061374,0.079464064420723,0.0634787768155108,0.941,2000,1285.06174898148,0.0017474414305116781,0.00019966885570355398,0.0012563468604274125
231,dr_robust,1000,10,none,0.0,5,2,2000,0.0032847525925734,0.0057897555652966,0.0057818568941493,0.0760904433243535,0.0601512275857216,0.9495,2000,1285.06174898148,0.0017002730507405714,0.00018317924824068355,0.001203694184431537
231,aipw_robust,1000,10,none,0.0,5,2,2000,-9.12926012666126e-05,0.0080410830062347,0.0080450972205059,0.0896720859924356,0.071333329601606,0.9515,2000,1285.06174898148,0.00200562923050422,0.00025440857569769055,0.001418549445360017
231,reg_adj,1000,10,none,0.0,5,2,2000,0.0075948745610778,0.005553752678934,0.0054988199693202,0.0745235042046068,0.0591559465699149,0.9495,2000,1285.06174898148,0.0016581344893162617,0.00017570255614884087,0.001178839870884517
231,adaptive,1000,10,none,0.0,5,2,2000,0.0075948745610778,0.005553752678934,0.0054988199693202,0.0745235042046068,0.0591559465699149,0.9495,2000,1285.06174898148,0.0016581344893162617,0.00017570255614884087,0.001178839870884517
232,naive,200,20,none,0.0,5,2,2000,0.0087022493858763,0.0381641660290734,0.0381074906300145,0.195356510075998,0.15378712453008,0.9525,2000,722.855781078339,0.004365059600395767,0.0012074570540751932,0.0030903936951102006
232,ipw_robust,200,20,none,0.0,5,2,2000,-0.0142306255568243,0.0359860309457123,0.0358014209524499,0.18969984434815,0.151264744344771,0.9525,2000,722.855781078339,0.0042309231234123066,0.0011385262773069224,0.003000862444613876
232,dr_robust,200,20,none,0.0,5,2,2000,0.0062218922405783,0.0353099857656183,0.0352889182817057,0.187909514835248,0.14818177027149,0.9515,2000,722.855781078339,0.0042005308165579324,0.001117157087737788,0.0029725931885814013
232,aipw_robust,200,20,none,0.0,5,2,2000,0.0031230805056665,0.0444517098156971,0.0444641882779912,0.210835741314648,0.169658018125745,0.944,2000,722.855781078339,0.0047150921665430464,0.0014063894957891787,0.0033352729642036946
232,reg_adj,200,20,none,0.0,5,2,2000,0.0085852831204524,0.029691556871264,0.0296326661180647,0.172312381653972,0.137616848307622,0.9495,2000,722.855781078339,0.0038491990152539983,0.0009393951118778276,0.0027258491318524858
232,adaptive,200,20,none,0.0,5,2,2000,0.0082589603186784,0.0308347339664298,0.0307819144981333,0.175598217435228,0.139289135636926,0.949,2000,722.855781078339,0.0039231310517323596,0.0009755642239978027,0.0027778306586672898
233,naive,500,20,none,0.0,5,2,2000,0.0116613701586026,0.0126811477288127,0.0125514358927831,0.112610602204289,0.0896931631759575,0.9425,2000,1983.63814282417,0.002505138308834774,0.0004011885106811197,0.0017813087881073403
233,ipw_robust,500,20,none,0.0,5,2,2000,-0.0127767651243327,0.0129313588863275,0.0127745004094898,0.113716132920213,0.0908343071852296,0.9465,2000,1983.63814282417,0.0025273009723309372,0.0004090948862134008,0.0017987548279558333
233,dr_robust,500,20,none,0.0,5,2,2000,0.0061674219995158,0.0123204761443161,0.0122885833418669,0.110997640264629,0.0882457766211487,0.942,2000,1983.63814282417,0.0024787681761176154,0.00038980010845606947,0.0017558936727247027
233,aipw_robust,500,20,none,0.0,5,2,2000,0.0011181737153052,0.0165285303350023,0.0165355477964429,0.128563332000234,0.101539086263854,0.9445,2000,1983.63814282417,0.002875373697142938,0.0005229394708102017,0.002033781571596363
233,reg_adj,500,20,none,0.0,5,2,2000,0.0087209654421553,0.0113789909828167,0.0113085900395932,0.106672353413697,0.0853710158048724,0.9485,2000,1983.63814282417,0.0023778761573716575,0.00036000606064745625,0.0016874384464514427
233,adaptive,500,20,none,0.0,5,2,2000,0.0087209654421553,0.0113789909828167,0.0113085900395932,0.106672353413697,0.0853710158048724,0.9485,2000,1983.63814282417,0.0023778761573716575,0.00036000606064745625,0.0016874384464514427
234,naive,1000,20,none,0.0,5,2,2000,0.0140421213208373,0.006136258561967,0.0059420484149853,0.0783342745033552,0.0622117777901655,0.946,2000,3590.19438481331,0.0017236659210800246,0.00019403932461613997,0.0012385339996212573
234,ipw_robust,1000,20,none,0.0,5,2,2000,-0.0088861529732338,0.0060303302381792,0.0059543436953631,0.0776552009731429,0.062060780587613,0.9435,2000,3590.19438481331,0.0017254483033929328,0.0001907735910330645,0.0012283375011742205
234,dr_robust,1000,20,none,0.0,5,2,2000,0.0099047267219249,0.0059225757407634,0.0058273858222385,0.0769582727246618,0.0610323932397714,0.947,2000,3590.19438481331,0.0017069542791531501,0.0001873547456298119,0.001217248899933878
234,aipw_robust,1000,20,none,0.0,5,2,2000,0.0063373595219773,0.0078441975009523,0.0078079393449139,0.0885674742834655,0.0708738209623708,0.951,2000,3590.19438481331,0.0019758465710821146,0.0002481755098652563,0.0014010533317849606
234,reg_adj,1000,20,none,0.0,5,2,2000,0.0138036348390531,0.0056495054472197,0.00546169596043,0.0751631921037137,0.0595944946731611,0.947,2000,3590.19438481331,0.0016525277547487667,0.0001786378165943625,0.0011883330896050135
234,adaptive,1000,20,none,0.0,5,2,2000,0.0138036348390531,0.0056495054472197,0.00546169596043,0.0751631921037137,0.0595944946731611,0.947,2000,3590.19438481331,0.0016525277547487667,0.0001786378165943625,0.0011883330896050135
235,naive,200,5,covariate,0.0,5,2,2000,0.0112402743168296,0.031448626730855,0.0313379519401074,0.177337606645784,0.141395716815828,0.951,2000,179.401039123535,0.003958405735906023,0.0009949803724592441,0.0028053281852580443
235,ipw_robust,200,5,covariate,0.0,5,2,2000,-0.0161797355923856,0.0321685358013583,0.0319227133141758,0.179355891459852,0.14326057512647,0.9485,2000,179.401039123535,0.00399516666199145,0.001017729495756805,0.002837178883484346
235,dr_robust,200,5,covariate,0.0,5,2,2000,0.0047415278139082,0.0301135893698604,0.0301061603640323,0.17353267522245,0.139126711809635,0.9465,2000,179.401039123535,0.0038798299166350257,0.000952751064254616,0.002745163304355485
235,aipw_robust,200,5,covariate,0.0,5,2,2000,0.0022804089266297,0.039904222924121,0.0399189821503235,0.199760413806442,0.15865195685357,0.9485,2000,179.401039123535,0.004467604623862966,0.001262513490810733,0.003160069271867965
235,reg_adj,200,5,covariate,0.0,5,2,2000,0.0097237732151023,0.0284835903472304,0.0284032402017926,0.168770821966448,0.134983167488828,0.95,2000,179.401039123535,0.003768503695221261,0.0009011743488232054,0.0026698167915611645
235,adaptive,200,5,covariate,0.0,5,2,2000,0.00967137237931,0.0286974108504781,0.0286181844990283,0.169403101655424,0.13537161596171,0.9505,2000,179.401039123535,0.0037827360798123556,0.000907939487625906,0.0026798195509805628
236,naive,500,5,covariate,0.0,5,2,2000,0.0050923612995119,0.0112998822269671,0.0112795898783015,0.106300904168154,0.0851720463739774,0.952,2000,409.888164997101,0.0023748252439181185,0.0003575110567685084,0.0016815993220667862
236,ipw_robust,500,5,covariate,0.0,5,2,2000,-0.0228692899364953,0.012404642549207,0.0118875819179665,0.111376130967129,0.0903536331352257,0.951,2000,409.888164997101,0.0024379891219985478,0.000392108555990652,0.001760289895984881
236,dr_robust,500,5,covariate,0.0,5,2,2000,0.000725948628133,0.0110629217050474,0.0110679286679707,0.1051804245335,0.0846038990082398,0.954,2000,409.888164997101,0.0023524379553954977,0.0003500153005617476,0.001663880432666763
236,aipw_robust,500,5,covariate,0.0,5,2,2000,-0.003152174570137,0.0162315136607408,0.0162296923023714,0.127402957817865,0.102399383050022,0.957,2000,409.888164997101,0.0028486569030309176,0.0005135420482430817,0.0020154243552855354
236,reg_adj,500,5,covariate,0.0,5,2,2000,0.0054189687303343,0.0106907298273518,0.0106666979542285,0.103395985547563,0.0833954208356463,0.9455,2000,409.888164997101,0.0023094044637339407,0.0003382379416265254,0.0016356434915499364
236,adaptive,500,5,covariate,0.0,5,2,2000,0.0054189687303343,0.0106907298273518,0.0106666979542285,0.103395985547563,0.0833954208356463,0.9455,2000,409.888164997101,0.0023094044637339407,0.0003382379416265254,0.0016356434915499364
237,naive,1000,5,covariate,0.0,5,2,2000,0.0080032925005819,0.0058745309350433,0.0058133849366617,0.0766454886803085,0.0612476762391797,0.9535,2000,784.053021907806,0.0017049024805926144,0.00018584985961276305,0.001212399208438415
237,ipw_robust,1000,5,covariate,0.0,5,2,2000,-0.0212030345808123,0.0065195150811586,0.006072982897172,0.0807435141739485,0.0643666397620987,0.9405,2000,784.053021907806,0.0017425531408212492,0.00020577066609064364,0.0012742241169200594
237,dr_robust,1000,5,covariate,0.0,5,2,2000,0.0036629264803642,0.0057192226962724,0.0057086599958698,0.0756255426180364,0.0605935358983591,0.955,2000,784.053021907806,0.0016894762495918373,0.00018094746607196852,0.001196338299256138
237,aipw_robust,1000,5,covariate,0.0,5,2,2000,-0.0005177617371225,0.0082508815695705,0.0082547408627855,0.0908343633740587,0.0729197845280488,0.9585,2000,784.053021907806,0.0020315930772161904,0.0002610463034169347,0.001436935834194918
237,reg_adj,1000,5,covariate,0.0,5,2,2000,0.0069769673816679,0.0054880605143409,0.0054421034922422,0.0740814451420932,0.0594857985050568,0.9515,2000,784.053021907806,0.001649561076808343,0.00017362693527102355,0.0011718652014549352
237,adaptive,1000,5,covariate,0.0,5,2,2000,0.0069769673816679,0.0054880605143409,0.0054421034922422,0.0740814451420932,0.0594857985050568,0.9515,2000,784.053021907806,0.001649561076808343,0.00017362693527102355,0.0011718652014549352
238,naive,200,10,covariate,0.0,5,2,2000,0.0074105466349325,0.0335718867305772,0.0335337373978476,0.183226326521538,0.144918945316403,0.952,2000,307.04466509819,0.004094736706910934,0.0010621650694797795,0.002898505606820981
238,ipw_robust,200,10,covariate,0.0,5,2,2000,-0.01511032893813,0.0334079318116493,0.0331962078749683,0.182778368007949,0.144638091107658,0.9505,2000,307.04466509819,0.004074077065727175,0.0010569517818347835,0.002891348121099366
238,dr_robust,200,10,covariate,0.0,5,2,2000,0.0030450293832879,0.0324761484412106,0.0324831177961636,0.18021139930984,0.143279808704907,0.948,2000,307.04466509819,0.004030081748312532,0.0010274995483918214,0.00285081729659406
238,aipw_robust,200,10,covariate,0.0,5,2,2000,-0.0005692770009921,0.0415906281573907,0.0416111096359048,0.203937804630212,0.161511639569976,0.946,2000,307.04466509819,0.0045613106469470375,0.001315869072317041,0.0032261528820098514
238,reg_adj,200,10,covariate,0.0,5,2,2000,0.0095540973509145,0.0290215035757133,0.0289446951470961,0.170356988631853,0.135600304833565,0.947,2000,307.04466509819,0.003804253878692647,0.0009181936427778139,0.002694910405941902
238,adaptive,200,10,covariate,0.0,5,2,2000,0.0089550544032754,0.029509470811012,0.0294439998115522,0.171783208757469,0.136431674032515,0.948,2000,307.04466509819,0.0038369258405364184,0.000933633509584518,0.0027174760453527865
239,naive,500,10,covariate,0.0,5,2,2000,0.0132466894481569,0.0114748305875357,0.011305008310355,0.107120635675558,0.0854958672141302,0.9475,2000,721.371061086655,0.0023774995594484346,0.00036300234244384153,0.0016943623427669256
239,ipw_robust,500,10,covariate,0.0,5,2,2000,-0.0086632682487441,0.0119047920966287,0.0118356577087334,0.109109083474424,0.0869150343844587,0.95,2000,721.371061086655,0.0024326588035247973,0.0003766422415154234,0.0017259893930082878
239,dr_robust,500,10,covariate,0.0,5,2,2000,0.0087746079949457,0.011315106374159,0.011243734495942,0.106372488803069,0.0846133717539494,0.95,2000,721.371061086655,0.002371047711027975,0.000357984580504452,0.0016826934507812494
239,aipw_robust,500,10,covariate,0.0,5,2,2000,0.0060538552833144,0.0158623225225357,0.0158335901538213,0.125945712600849,0.100164748688406,0.946,2000,721.371061086655,0.0028136799883623316,0.0005018596943739263,0.001992365138956478
239,reg_adj,500,10,covariate,0.0,5,2,2000,0.0132726158686354,0.0108276569765157,0.0106568230560473,0.104056028064287,0.0826270436181013,0.949,2000,721.371061086655,0.002308335228692672,0.00034252377910205426,0.0016458622603317088
239,adaptive,500,10,covariate,0.0,5,2,2000,0.0132726158686354,0.0108276569765157,0.0106568230560473,0.104056028064287,0.0826270436181013,0.949,2000,721.371061086655,0.002308335228692672,0.00034252377910205426,0.0016458622603317088
240,naive,1000,10,covariate,0.0,5,2,2000,0.0083120951913744,0.0057776797150856,0.0057114445108706,0.0760110499538433,0.0608180879597009,0.9495,2000,1301.68321490288,0.0016898882375575314,0.00018278352328980683,0.0012023483651442766
240,ipw_robust,1000,10,covariate,0.0,5,2,2000,-0.0144140986706021,0.0062714709965265,0.0060667381251032,0.0791926195836867,0.0633931953859876,0.948,2000,1301.68321490288,0.001741656987627472,0.000198308442137773,0.001252063911891504
240,dr_robust,1000,10,covariate,0.0,5,2,2000,0.0043438418937573,0.005666884206344,0.0056508406642782,0.0752787101798644,0.060350565039563,0.953,2000,1301.68321490288,0.001680898668016338,0.0001792909680186996,0.0011908477681825138
240,aipw_robust,1000,10,covariate,0.0,5,2,2000,3.08535020181466e-05,0.0078826259941728,0.0078865683263974,0.08878415395876,0.0708213143102595,0.9535,2000,1301.68321490288,0.001985770420566965,0.0002493952184425197,0.0014045029846112126
240,reg_adj,1000,10,covariate,0.0,5,2,2000,0.0089111132210364,0.005467892072084,0.0053911797231074,0.0739451964098008,0.0591263987039458,0.948,2000,1301.68321490288,0.0016418251616885703,0.00017297694570745587,0.001169629361377484
240,adaptive,1000,10,covariate,0.0,5,2,2000,0.0089111132210364,0.005467892072084,0.0053911797231074,0.0739451964098008,0.0591263987039458,0.948,2000,1301.68321490288,0.0016418251616885703,0.00017297694570745587,0.001169629361377484
241,naive,200,20,covariate,0.0,5,2,2000,0.0124118305487602,0.0392263093206476,0.0390918016839184,0.198056328655884,0.156563244672275,0.954,2000,732.32973408699,0.0044210746252420574,0.001241053350816829,0.0031330817834483746
241,ipw_robust,200,20,covariate,0.0,5,2,2000,-0.0107830484930858,0.037197002707616,0.0370992782119178,0.192865244944796,0.152879966920209,0.949,2000,732.32973408699,0.004306929196766404,0.0011768533539898605,0.003050973114224681
241,dr_robust,200,20,covariate,0.0,5,2,2000,0.0062646907994312,0.0367980903746981,0.0367772326402057,0.191828283562925,0.152499154450704,0.9485,2000,732.32973408699,0.0042881949955783085,0.0011642386288987455,0.0030345854304556787
241,aipw_robust,200,20,covariate,0.0,5,2,2000,0.0051246137017795,0.0463802973888694,0.0463772243354447,0.215360853891485,0.171013641621805,0.947,2000,732.32973408699,0.004815455551422145,0.0014674068363522683,0.0034068560043220724
241,reg_adj,200,20,covariate,0.0,5,2,2000,0.0128604986526626,0.0322979031268194,0.0321485849937211,0.179716173804194,0.143437847437251,0.9465,2000,732.32973408699,0.004009275807033055,0.0010218443041880869,0.00284293918170497
241,adaptive,200,20,covariate,0.0,5,2,2000,0.0122726303650147,0.0332138735655301,0.0330797960074576,0.182246738147848,0.144752254923242,0.947,2000,732.32973408699,0.0040669273418305375,0.0010508271472222913,0.0028829793002105907
242,naive,500,20,covariate,0.0,5,2,2000,0.0114538948041685,0.0128135475007801,0.0126887001446674,0.113196941216537,0.0895979111026114,0.9465,2000,1985.32103514671,0.002518799331493817,0.0004053793480232793,0.0017905932071424966
242,ipw_robust,500,20,covariate,0.0,5,2,2000,-0.0114474445786439,0.0132057594216096,0.0130812560622596,0.114916314862641,0.0912517948351469,0.9485,2000,1985.32103514671,0.002557465157363791,0.0004177890616987327,0.0018177969864336244
242,dr_robust,500,20,covariate,0.0,5,2,2000,0.0070886935416583,0.012380659230546,0.0123365779433901,0.11126841074872,0.088512066671816,0.948,2000,1985.32103514671,0.0024836040287644586,0.00039170265633306435,0.0017601700864482348
242,aipw_robust,500,20,covariate,0.0,5,2,2000,0.0013319272207819,0.0167361456023533,0.0167427429437037,0.129368255775338,0.103614597726968,0.9505,2000,1985.32103514671,0.0028933322435993848,0.0005295081165945769,0.0020465148634071606
242,reg_adj,500,20,covariate,0.0,5,2,2000,0.0096922113540571,0.0115293519617393,0.0114411335675914,0.107374819961383,0.0855473392674659,0.9475,2000,1985.32103514671,0.0023917706377902755,0.0003647589254698337,0.001698531022454883
242,adaptive,500,20,covariate,0.0,5,2,2000,0.0096626054961901,0.0115399212938922,0.0114522814896621,0.107424025682769,0.085576945125333,0.948,2000,1985.32103514671,0.0023929355914506035,0.00036509349143097755,0.0016993102293016151
243,naive,1000,20,covariate,0.0,5,2,2000,0.0079794111268065,0.006090045762687,0.0060293894554841,0.0780387452659703,0.0614848869712158,0.947,2000,3646.24275493622,0.0017362876281716833,0.0001926689693262094,0.0012344443050023317
243,ipw_robust,1000,20,covariate,0.0,5,2,2000,-0.0154168175869749,0.0062506691855261,0.0060159989204763,0.0790611736918073,0.0629837516022671,0.946,2000,3646.24275493622,0.001734358515485812,0.00019761575690363964,0.0012497648825324581
243,dr_robust,1000,20,covariate,0.0,5,2,2000,0.0038696172970618,0.0058132110872231,0.0058011377180564,0.0762444167609876,0.0602028144331413,0.952,2000,3646.24275493622,0.001703105651164425,0.00018392099003972957,0.0012061275949968144
243,aipw_robust,1000,20,covariate,0.0,5,2,2000,0.0012618937379569,0.0075637747450348,0.0075659653519049,0.0869699646144282,0.0697121756513096,0.9495,2000,3646.24275493622,0.001944989119751689,0.00023930718214582416,0.001375803607640674
243,reg_adj,1000,20,covariate,0.0,5,2,2000,0.0076232557396429,0.0056371622134989,0.0055818391049794,0.0750810376426629,0.0594627379448914,0.944,2000,3646.24275493622,0.0016706045470097643,0.00017834150975798522,0.0011876601293576634
243,adaptive,1000,20,covariate,0.0,5,2,2000,0.0076232557396429,0.0056371622134989,0.0055818391049794,0.0750810376426629,0.0594627379448914,0.944,2000,3646.24275493622,0.0016706045470097643,0.00017834150975798522,0.0011876601293576634
244,naive,200,5,outcome,0.0,5,2,2000,0.0058145106695168,0.0306201282073769,0.0306016204832926,0.17498608003889,0.138355064151288,0.956,2000,180.419646024704,0.003911625012912958,0.0009687767379930991,0.002768153723364145
244,ipw_robust,200,5,outcome,0.0,5,2,2000,-0.0243331928037864,0.0310389481911973,0.0304620749566494,0.176178739327983,0.140740065265561,0.9425,2000,180.419646024704,0.0039026961806326536,0.0009818408527341679,0.0027864907436598372
244,dr_robust,200,5,outcome,0.0,5,2,2000,0.0003120748426739,0.0294398300245663,0.0294544598637908,0.171580389393912,0.135784808281037,0.9495,2000,180.419646024704,0.003837607318616041,0.0009314348839554107,0.0027142812976634375
244,aipw_robust,200,5,outcome,0.0,5,2,2000,-0.0091113271346248,0.0415825270492627,0.0415202709025598,0.203917941950341,0.161976380878946,0.951,2000,180.419646024704,0.004556329164061778,0.0013156088373337577,0.003225829038756532
244,reg_adj,200,5,outcome,0.0,5,2,2000,0.0051898211634324,0.0273239901587996,0.0273107112707265,0.165299697999723,0.131924544494418,0.948,2000,180.419646024704,0.003695315363451846,0.0008644918373353326,0.002614922615698854
244,adaptive,200,5,outcome,0.0,5,2,2000,0.0051944082301655,0.0273489852585368,0.0273356712172839,0.165375286117778,0.131974448649934,0.948,2000,180.419646024704,0.003697003598678523,0.0008652826453413196,0.0026161183622233535
245,naive,500,5,outcome,0.0,5,2,2000,0.008303138809266,0.0113014468490055,0.0112381237968179,0.106308263314784,0.0845620561053473,0.9525,2000,401.979119062424,0.002370456052832229,0.0003575541728164126,0.0016816857018803755
245,ipw_robust,500,5,outcome,0.0,5,2,2000,-0.0206831547460642,0.012199912800917,0.0117780089151249,0.110453215439466,0.0882605466352607,0.9475,2000,401.979119062424,0.002426727108177277,0.00038574420404607017,0.0017461882051658228
245,dr_robust,500,5,outcome,0.0,5,2,2000,0.0031558515340512,0.0111507952790819,0.0111464090847193,0.105597326098164,0.0841594127500828,0.9485,2000,401.979119062424,0.002360763550709738,0.0003527952076669671,0.0016704741526267733
245,aipw_robust,500,5,outcome,0.0,5,2,2000,0.0008722607897535,0.0156888927310375,0.0156959798820932,0.125255310190975,0.100132942137426,0.948,2000,401.979119062424,0.0028014264118563954,0.0004963745246109535,0.001981451021334498
245,reg_adj,500,5,outcome,0.0,5,2,2000,0.006361211005275,0.0105176900709249,0.0104824662986206,0.102555790040957,0.0815037634926522,0.948,2000,401.979119062424,0.0022893739644956,0.00033276184548953184,0.0016223454831591616
245,adaptive,500,5,outcome,0.0,5,2,2000,0.006361211005275,0.0105176900709249,0.0104824662986206,0.102555790040957,0.0815037634926522,0.948,2000,401.979119062424,0.0022893739644956,0.00033276184548953184,0.0016223454831591616
246,naive,1000,5,outcome,0.0,5,2,2000,0.0065682763598915,0.005649332500471,0.0056089947435029,0.0751620416198965,0.0596028697072937,0.9445,2000,732.064571142197,0.0016746633607240143,0.00017873105882379255,0.0011889715538040936
246,ipw_robust,1000,5,outcome,0.0,5,2,2000,-0.0227173441745159,0.00644656448909,0.0059334534894914,0.0802905006155155,0.0644202673202004,0.942,2000,732.064571142197,0.0017224188644884553,0.00020329809808357745,0.0012660158831061747
246,dr_robust,1000,5,outcome,0.0,5,2,2000,0.0015699405127422,0.0055560950798442,0.0055564085709161,0.0745392184010824,0.0592697506635594,0.944,2000,732.064571142197,0.0016667946140595876,0.00017578699074220232,0.001179157727388041
246,aipw_robust,1000,5,outcome,0.0,5,2,2000,-0.003308282835422,0.0076391053831593,0.0076319766361582,0.0874019758538634,0.0694080922544411,0.944,2000,732.064571142197,0.0019534554814684413,0.00024169014730301684,0.0013826354893116154
246,reg_adj,1000,5,outcome,0.0,5,2,2000,0.0053384482922056,0.005352364759527,0.0053265289938553,0.0731598575690728,0.0578761328968813,0.944,2000,732.064571142197,0.0016319511319055023,0.0001693384567762452,0.001157318114078932
246,adaptive,1000,5,outcome,0.0,5,2,2000,0.0053384482922056,0.005352364759527,0.0053265289938553,0.0731598575690728,0.0578761328968813,0.944,2000,732.064571142197,0.0016319511319055023,0.0001693384567762452,0.001157318114078932
247,naive,200,10,outcome,0.0,5,2,2000,0.0035513844037957,0.0335555204066129,0.033559687919389,0.183181659580354,0.144448321419382,0.95,2000,321.017203092575,0.004096320783299875,0.0010616492759116327,0.00289780450276446
247,ipw_robust,200,10,outcome,0.0,5,2,2000,-0.0224057265265849,0.0337864869766407,0.0333011209559346,0.183811008855946,0.145694776891777,0.945,2000,321.017203092575,0.004080509830642159,0.001068831177831925,0.0029074188333016978
247,dr_robust,200,10,outcome,0.0,5,2,2000,-0.0015046076030369,0.0322987559494607,0.0323126484296364,0.179718546481605,0.141380001032844,0.952,2000,321.017203092575,0.004019493029577013,0.0010218872492258405,0.0028430211272892614
247,aipw_robust,200,10,outcome,0.0,5,2,2000,-0.0075867514342622,0.0420859194149609,0.0420493853102907,0.205148530131124,0.160590352289495,0.945,2000,321.017203092575,0.004585269092991746,0.0013315372428387973,0.0032453004708045525
247,reg_adj,200,10,outcome,0.0,5,2,2000,0.0029331549082165,0.0296884634930624,0.0296947074490713,0.172303405343778,0.136296055348794,0.9495,2000,321.017203092575,0.0038532264045259075,0.0009393011238375029,0.0027257183976237115
247,adaptive,200,10,outcome,0.0,5,2,2000,0.0026116696206721,0.0298824272830103,0.029890551740673,0.172865344366678,0.136668755125679,0.949,2000,321.017203092575,0.0038659120360319244,0.0009454379088025517,0.0027346080044740213
248,naive,500,10,outcome,0.0,5,2,2000,0.0122706345434613,0.0124477858569639,0.0123033690693994,0.111569645768748,0.0885244732452742,0.947,2000,721.472860097885,0.0024802589652493344,0.000393799300942444,0.00176481379961839
248,ipw_robust,500,10,outcome,0.0,5,2,2000,-0.0099992046355565,0.0127543220179398,0.0126606682587254,0.112935034501875,0.0893324228471674,0.947,2000,721.472860097885,0.0025160155264550136,0.00040351487163603494,0.001786491115958067
248,dr_robust,500,10,outcome,0.0,5,2,2000,0.0072827260745609,0.0119495567974199,0.0119024699333094,0.109314028365164,0.0865724492414943,0.9465,2000,721.472860097885,0.0024395153138799313,0.0003780626393502857,0.0017292503304670364
248,aipw_robust,500,10,outcome,0.0,5,2,2000,0.0031518329837214,0.0164458634027902,0.0164441514273466,0.128241426235013,0.101944686583848,0.9535,2000,721.472860097885,0.00286741620865777,0.0005203237744410106,0.0020286883486755457
248,reg_adj,500,10,outcome,0.0,5,2,2000,0.0119483178154556,0.0114067330859364,0.0112696055901124,0.106802308429811,0.0851058444317085,0.9485,2000,721.472860097885,0.002373773956183739,0.0003608625219579385,0.0016893947671322682
248,adaptive,500,10,outcome,0.0,5,2,2000,0.0119483178154556,0.0114067330859364,0.0112696055901124,0.106802308429811,0.0851058444317085,0.9485,2000,721.472860097885,0.002373773956183739,0.0003608625219579385,0.0016893947671322682
249,naive,1000,10,outcome,0.0,5,2,2000,0.0094703581742714,0.0060085652699046,0.0059218385052082,0.0775149357859801,0.0615588645535018,0.9455,2000,1287.21843504906,0.0017207321850317382,0.00019007999169368307,0.0012260862359384313
249,ipw_robust,1000,10,outcome,0.0,5,2,2000,-0.0140023829407518,0.0064921605346361,0.0062992434283308,0.0805739445145645,0.0639379841885331,0.946,2000,1287.21843504906,0.0017747173617693045,0.00020530614181107817,0.0012740231538122548
249,dr_robust,1000,10,outcome,0.0,5,2,2000,0.0048471645088255,0.0058095506606747,0.005788950131965,0.0762204084263179,0.0605053847885736,0.952,2000,1287.21843504906,0.0017013156867502573,0.00018380415240356335,0.0012057410619968432
249,aipw_robust,1000,10,outcome,0.0,5,2,2000,-0.0019997982705926,0.0084545210759699,0.0084547492574756,0.091948469677151,0.072870407727191,0.9505,2000,1287.21843504906,0.0020560580314616123,0.0002674890826874242,0.0014545597312637748
249,reg_adj,1000,10,outcome,0.0,5,2,2000,0.0088862003229826,0.005600728163386,0.0055245258701409,0.0748380128236047,0.0596936670887784,0.946,2000,1287.21843504906,0.0016620056964614922,0.00017718033061471362,0.001183758920966626
249,adaptive,1000,10,outcome,0.0,5,2,2000,0.0088862003229826,0.005600728163386,0.0055245258701409,0.0748380128236047,0.0596936670887784,0.946,2000,1287.21843504906,0.0016620056964614922,0.00017718033061471362,0.001183758920966626
250,naive,200,20,outcome,0.0,5,2,2000,0.0099177425576608,0.0390691775790291,0.0389903111171477,0.197659246125824,0.156553177070844,0.95,2000,722.802932977676,0.004415331874114771,0.001236088451990357,0.003126816671160174
250,ipw_robust,200,20,outcome,0.0,5,2,2000,-0.0122814496149801,0.0375420069673821,0.0374098779016877,0.193757598476504,0.154973499767915,0.9525,2000,722.802932977676,0.004324920687231599,0.0011877644244603336,0.0030650783086691893
250,dr_robust,200,20,outcome,0.0,5,2,2000,0.0034004464486314,0.0365690514915497,0.0365757763436716,0.1912303623684,0.152674917438718,0.951,2000,722.802932977676,0.0042764340485778336,0.0011569932018742053,0.003025129450011944
250,aipw_robust,200,20,outcome,0.0,5,2,2000,0.0038735174707125,0.0471304352161406,0.0471390005788341,0.217095451855032,0.171858908208803,0.9535,2000,722.802932977676,0.004854842972683776,0.0014911404815351767,0.003434296915927338
250,reg_adj,200,20,outcome,0.0,5,2,2000,0.0073055543938558,0.0309529488640241,0.0309150352566509,0.175934501630647,0.14066325626176,0.9465,2000,722.802932977676,0.003931604968498927,0.0009793055423830657,0.0027831537683239587
250,adaptive,200,20,outcome,0.0,5,2,2000,0.0079456190223568,0.0322892414554671,0.032242229708673,0.179692073991779,0.14326771246445,0.9465,2000,722.802932977676,0.004015110814701943,0.0010215833128246101,0.0028425942506271813
251,naive,500,20,outcome,0.0,5,2,2000,0.0087954964441627,0.012995673157071,0.0129247747867651,0.113998566469368,0.0908243894044004,0.948,2000,1984.88748598099,0.0025421226157254,0.0004111563498595056,0.00180334000063933
251,ipw_robust,500,20,outcome,0.0,5,2,2000,-0.0150472588985016,0.0134082633776585,0.013188437596098,0.115794055882236,0.0922723335500843,0.943,2000,1984.88748598099,0.002567921104327195,0.0004241546160501442,0.0018315042720392952
251,dr_robust,500,20,outcome,0.0,5,2,2000,0.0041561447586122,0.0122677524985552,0.0122566072629321,0.110759886685366,0.0888697256911162,0.9485,2000,1984.88748598099,0.0024755410785252687,0.0003881338062719188,0.0017521406796599786
251,aipw_robust,500,20,outcome,0.0,5,2,2000,0.0010005557696244,0.0164707223516344,0.0164779602198962,0.128338312095938,0.101428945894429,0.9495,2000,1984.88748598099,0.0028703623656165956,0.0005211105118599124,0.0020302219319760163
251,reg_adj,500,20,outcome,0.0,5,2,2000,0.0081650211084776,0.0114042644223157,0.0113432684868572,0.106790750640286,0.0850738887239279,0.946,2000,1984.88748598099,0.002381519314099426,0.0003608076998207177,0.0016893209274090716
251,adaptive,500,20,outcome,0.0,5,2,2000,0.0081650211084776,0.0114042644223157,0.0113432684868572,0.106790750640286,0.0850738887239279,0.946,2000,1984.88748598099,0.002381519314099426,0.0003608076998207177,0.0016893209274090716
252,naive,1000,20,outcome,0.0,5,2,2000,0.0078604052726811,0.00616152877421,0.0061027942002593,0.0784954060707377,0.0624135023581118,0.9445,2000,3604.55289006233,0.001746824862466083,0.00019493134992168627,0.0012416736193836618
252,ipw_robust,1000,20,outcome,0.0,5,2,2000,-0.0160814453339453,0.0063732037395092,0.0061176496803207,0.0798323477013501,0.0636891966495149,0.9475,2000,3604.55289006233,0.0017489496391149605,0.0002014692126994534,0.0012618269316915392
252,dr_robust,1000,20,outcome,0.0,5,2,2000,0.0029965413809161,0.005898806860855,0.0058927739876012,0.076803690411692,0.0610043614775836,0.9455,2000,3604.55289006233,0.0017165042947224454,0.0001866296085067388,0.0012149781313003662
252,aipw_robust,1000,20,outcome,0.0,5,2,2000,-0.0022506774752915,0.0079184240527565,0.0079173171622399,0.088985527209522,0.0712594371227714,0.9495,2000,3604.55289006233,0.0019896378014905,0.00025052768742219806,0.0014076878301362136
252,reg_adj,1000,20,outcome,0.0,5,2,2000,0.0068608123692062,0.0057144253255948,0.0056701896740664,0.0755938180382155,0.0599406384679161,0.9435,2000,3604.55289006233,0.0016837739863274999,0.00018078952143272354,0.0011957956756551687
252,adaptive,1000,20,outcome,0.0,5,2,2000,0.0068608123692062,0.0057144253255948,0.0056701896740664,0.0755938180382155,0.0599406384679161,0.9435,2000,3604.55289006233,0.0016837739863274999,0.00018078952143272354,0.0011957956756551687
253,naive,200,5,treatment,0.0,5,2,2000,0.0173983850777026,0.0303493889671091,0.030061716021808,0.174210760193247,0.138272245739775,0.9525,2000,179.927586078644,0.003876965051545345,0.0009601595501392477,0.002755741232843971
253,ipw_robust,200,5,treatment,0.0,5,2,2000,-0.0113991616534954,0.0313619267296702,0.0312476096480917,0.177092988934261,0.140554215474191,0.949,2000,179.927586078644,0.003952695893190602,0.0009922367625273614,0.00280145693089999
253,dr_robust,200,5,treatment,0.0,5,2,2000,0.0126620709558964,0.0299372895728904,0.0297918574607286,0.173023956644421,0.137339845421326,0.946,2000,179.927586078644,0.0038595244176406374,0.0009471577013585458,0.0027370709805955825
253,aipw_robust,200,5,treatment,0.0,5,2,2000,0.0094426799234548,0.0426426801282622,0.0425748033257883,0.206501041470164,0.164271932793467,0.951,2000,179.927586078644,0.004613827225080513,0.00134915016774976,0.003266690952608803
253,reg_adj,200,5,treatment,0.0,5,2,2000,0.0169496169627692,0.02803640851262,0.0277630004976843,0.167440761204135,0.132726126796654,0.951,2000,179.927586078644,0.003725788540543082,0.0008869815299883743,0.0026486427904702753
253,adaptive,200,5,treatment,0.0,5,2,2000,0.0169710823269242,0.0280836970059558,0.0278095841626899,0.167581911332804,0.132862880988392,0.951,2000,179.927586078644,0.003728912989242971,0.0008884775026092608,0.0026508753108944348
254,naive,500,5,treatment,0.0,5,2,2000,0.013914048356003,0.0111968428390709,0.011008746470653,0.105815135207922,0.0845810407241468,0.948,2000,398.774306058884,0.002346140071548692,0.0003541964170031871,0.001673656685819127
254,ipw_robust,500,5,treatment,0.0,5,2,2000,-0.016114217065756,0.0119647600704216,0.0117109475525556,0.109383545702366,0.0874809652448079,0.946,2000,398.774306058884,0.0024198086238952452,0.0003784550290868241,0.0017299449686729162
254,dr_robust,500,5,treatment,0.0,5,2,2000,0.008684863780068,0.0109651322640706,0.0108951529816831,0.104714527473845,0.0833844614598535,0.9485,2000,398.774306058884,0.002334004389636307,0.0003469119957958974,0.0016564654597832525
254,aipw_robust,500,5,treatment,0.0,5,2,2000,0.007068846539084,0.0155783730724999,0.0155361725673905,0.124813352941502,0.0999866082856779,0.955,2000,398.774306058884,0.0027871286808640984,0.0004928745269958704,0.0019744463047430215
254,reg_adj,500,5,treatment,0.0,5,2,2000,0.0121994335018427,0.0105868969068517,0.0104432923752735,0.102892647486843,0.0823023819910614,0.9465,2000,398.774306058884,0.0022850921617380664,0.00033491913383748725,0.0016275173300420408
254,adaptive,500,5,treatment,0.0,5,2,2000,0.0121994335018427,0.0105868969068517,0.0104432923752735,0.102892647486843,0.0823023819910614,0.9465,2000,398.774306058884,0.0022850921617380664,0.00033491913383748725,0.0016275173300420408
255,naive,1000,5,treatment,0.0,5,2,2000,0.0102911031009221,0.0057076970310341,0.0056045925242624,0.0755493019890594,0.0599104520905718,0.9465,2000,731.007091999054,0.001674006051999574,0.0001805507859748099,0.0011949202786873938
255,ipw_robust,1000,5,treatment,0.0,5,2,2000,-0.0193441635709537,0.0062254723517582,0.0058542027888928,0.0789016625411544,0.0626837727940517,0.9395,2000,731.007091999054,0.0017108773756311117,0.00019660350099753716,0.0012458767956568123
255,dr_robust,1000,5,treatment,0.0,5,2,2000,0.0059978075547348,0.0056268757611878,0.0055936989151818,0.075012504032247,0.0597389870647769,0.947,2000,731.007091999054,0.0016723783834978554,0.00017802224466702488,0.0011866171311285328
255,aipw_robust,1000,5,treatment,0.0,5,2,2000,0.0016211803777208,0.0080633776062563,0.0080647817713249,0.0897963117631028,0.0716553762506941,0.9465,2000,731.007091999054,0.0020080813941826285,0.00025511389055560236,0.0014205143036867375
255,reg_adj,1000,5,treatment,0.0,5,2,2000,0.0094434645353729,0.0054142852759718,0.0053277701386102,0.0735818270768796,0.0585398235846735,0.952,2000,731.007091999054,0.001632141252865419,0.00017127575810739116,0.0011638455099004215
255,adaptive,1000,5,treatment,0.0,5,2,2000,0.0094434645353729,0.0054142852759718,0.0053277701386102,0.0735818270768796,0.0585398235846735,0.952,2000,731.007091999054,0.001632141252865419,0.00017127575810739116,0.0011638455099004215
256,naive,200,10,treatment,0.0,5,2,2000,0.0087675753221701,0.0331669700924707,0.0331066530419618,0.182118011444422,0.145279613071117,0.943,2000,306.136882066727,0.004068577948249351,0.001049352332366926,0.002880968016409412
256,ipw_robust,200,10,treatment,0.0,5,2,2000,-0.0143219013673126,0.0338129528280524,0.0336246482934241,0.183882986782498,0.146155100516446,0.9485,2000,306.136882066727,0.004100283422729708,0.00106977144163003,0.002908837463292311
256,dr_robust,200,10,treatment,0.0,5,2,2000,0.0031697893467734,0.0323093439656149,0.0323154541281761,0.179748001284061,0.144529733621405,0.9495,2000,306.136882066727,0.004019667531536414,0.0010222220691854787,0.0028434866087051268
256,aipw_robust,200,10,treatment,0.0,5,2,2000,4.57890860285914e-05,0.043427034685134,0.043448756966977,0.208391541779253,0.166982337963201,0.955,2000,306.136882066727,0.004660941802199261,0.0013739704014891553,0.0032966078895480984
256,reg_adj,200,10,treatment,0.0,5,2,2000,0.0071149072241012,0.0297052193511468,0.0296694321624205,0.172352021604468,0.138175201253811,0.9515,2000,306.136882066727,0.003851586177305429,0.0009398292670382813,0.002726481703809378
256,adaptive,200,10,treatment,0.0,5,2,2000,0.0067726028556607,0.0301136055994722,0.0300827788394514,0.173532721984853,0.139001585184345,0.9505,2000,306.136882066727,0.003878323016424199,0.0009527503689288878,0.0027451605611650857
257,naive,500,10,treatment,0.0,5,2,2000,0.0134242143056267,0.0113134489977516,0.0111388088724644,0.10636469808048,0.0843634524140288,0.945,2000,719.68629693985,0.0023599585666346347,0.00035789342284325756,0.0016823881856575212
257,ipw_robust,500,10,treatment,0.0,5,2,2000,-0.0103319636000088,0.011609909755488,0.0115089147410266,0.10774929120643,0.0859497244886663,0.945,2000,719.68629693985,0.002398845007605389,0.00036730404252627747,0.0017044383235087044
257,dr_robust,500,10,treatment,0.0,5,2,2000,0.0082904599966369,0.0110183077469471,0.0109550535467646,0.104968127290845,0.0830396116175665,0.948,2000,719.68629693985,0.0023404116675025998,0.0003485959232561466,0.0016604846263964456
257,aipw_robust,500,10,treatment,0.0,5,2,2000,0.0005322016129221,0.0145604489325049,0.0145674494186574,0.120666685263601,0.095675332558971,0.954,2000,719.68629693985,0.002698837658942957,0.0004606721553250651,0.0019088622278746995
257,reg_adj,500,10,treatment,0.0,5,2,2000,0.0112737747522913,0.0103368222933259,0.0102148317120165,0.101670164223955,0.0806266598947833,0.9445,2000,719.68629693985,0.002259959259811612,0.00032701583479821856,0.0016082192710827193
257,adaptive,500,10,treatment,0.0,5,2,2000,0.0112737747522913,0.0103368222933259,0.0102148317120165,0.101670164223955,0.0806266598947833,0.9445,2000,719.68629693985,0.002259959259811612,0.00032701583479821856,0.0016082192710827193
258,naive,1000,10,treatment,0.0,5,2,2000,0.008437241881035,0.005866138787131,0.0057978506619028,0.0765907225917801,0.061148066314027,0.9485,2000,1288.7399058342,0.0017026230736576432,0.00018558161566850477,0.001211514981113534
258,ipw_robust,1000,10,treatment,0.0,5,2,2000,-0.0144317730733901,0.0062248911401873,0.0060196248785848,0.0788979793162498,0.0624035218376832,0.945,2000,1288.7399058342,0.00173488110235036,0.00019683335934924593,0.0012473916382590182
258,dr_robust,1000,10,treatment,0.0,5,2,2000,0.0041705281712483,0.005726050771457,0.0057115132228413,0.0756706731267608,0.0603102219254898,0.9505,2000,1288.7399058342,0.0016898984026919044,0.0001811630963532001,0.0011970495891434861
258,aipw_robust,1000,10,treatment,0.0,5,2,2000,-0.0010461870568585,0.0079619401022381,0.0079648280088846,0.0892297041474312,0.0706636208821256,0.9475,2000,1288.7399058342,0.0019955986581580726,0.0002519045857796827,0.0014115511655371474
258,reg_adj,1000,10,treatment,0.0,5,2,2000,0.0081005975428643,0.0055737292327557,0.0055108649846966,0.0746574124434792,0.0596132847705491,0.945,2000,1288.7399058342,0.0016599495451212667,0.00017633171943604216,0.0011809391302540614
258,adaptive,1000,10,treatment,0.0,5,2,2000,0.0081005975428643,0.0055737292327557,0.0055108649846966,0.0746574124434792,0.0596132847705491,0.945,2000,1288.7399058342,0.0016599495451212667,0.00017633171943604216,0.0011809391302540614
259,naive,200,20,treatment,0.0,5,2,2000,0.0024332452741591,0.0408165874013427,0.0408310822599085,0.202031154531529,0.158866200473292,0.9445,2000,728.379953861237,0.004518356020717519,0.0012913794075596233,0.00319599076329114
259,ipw_robust,200,20,treatment,0.0,5,2,2000,-0.0191743762211578,0.039646708947384,0.0392987015947108,0.199114813480524,0.157512652871817,0.942,2000,728.379953861237,0.004432758824632285,0.0012543065052801447,0.0031497066525460497
259,dr_robust,200,20,treatment,0.0,5,2,2000,-0.0008289953115858,0.0383276097162829,0.0383460955308216,0.195774384729675,0.15515473399384,0.9445,2000,728.379953861237,0.0043787038910402245,0.0012126317445460583,0.003097013294717944
259,aipw_robust,200,20,treatment,0.0,5,2,2000,-0.0032766271904713,0.046861786669831,0.0468744876278996,0.21647583391647,0.174132810503966,0.954,2000,728.379953861237,0.004841202723905476,0.0014826409228686464,0.0034244952335897747
259,reg_adj,200,20,treatment,0.0,5,2,2000,0.0059207606264597,0.0320651783796324,0.0320461460462596,0.179067524637027,0.142585627423556,0.9465,2000,728.379953861237,0.004002883088866049,0.001014496060990058,0.0028327192857735073
259,adaptive,200,20,treatment,0.0,5,2,2000,0.0041004784397604,0.0341214158692481,0.0341216627772018,0.184719830741716,0.146288595958559,0.9475,2000,728.379953861237,0.004130475927614262,0.0010795532912885293,0.0029221369653537953
260,naive,500,20,treatment,0.0,5,2,2000,0.0080634991174028,0.0134114981798581,0.0133531547392113,0.115808022951167,0.0921761537719932,0.951,2000,1971.7866499424,0.0025839073840998347,0.0004243149610993685,0.0018319756709700944
260,ipw_robust,500,20,treatment,0.0,5,2,2000,-0.0143494899279046,0.0136719310077979,0.0134727595263701,0.116927032835858,0.0929226628515182,0.949,2000,1971.7866499424,0.0025954536719396573,0.0004325084316544919,0.001849480061046476
260,dr_robust,500,20,treatment,0.0,5,2,2000,0.0032927454673705,0.0128215101374916,0.0128170765030302,0.113232107361347,0.0905691678849789,0.9515,2000,1971.7866499424,0.002531509085805362,0.0004056542616548841,0.0017912510466680518
260,aipw_robust,500,20,treatment,0.0,5,2,2000,-0.002314803497303,0.0171994004047794,0.0172026434112539,0.13114648453077,0.104143182093743,0.9505,2000,1971.7866499424,0.002932801000004424,0.000544164767976731,0.0020746448901154397
260,reg_adj,500,20,treatment,0.0,5,2,2000,0.0071479525867825,0.0117591191538606,0.0117138828691122,0.10843947230534,0.086753419093319,0.957,2000,1971.7866499424,0.0024201118640583743,0.00037203770239735537,0.0017154164184319566
260,adaptive,500,20,treatment,0.0,5,2,2000,0.0072589272350942,0.0118472742934798,0.0118004825101305,0.108845184980686,0.0868871577392898,0.957,2000,1971.7866499424,0.002429041221359829,0.0003748265867056802,0.0017218335692671715
261,naive,1000,20,treatment,0.0,5,2,2000,0.0112042704098765,0.0063212675627025,0.0061988313029364,0.0795063995078545,0.0636060530240552,0.9515,2000,3595.74170780182,0.0017605157345131001,0.00019995464103414148,0.0012574751357869488
261,ipw_robust,1000,20,treatment,0.0,5,2,2000,-0.0126040712051856,0.006556136254747,0.006400473880742,0.08096997131497,0.0649165695474164,0.953,2000,3595.74170780182,0.0017889206076209753,0.00020736358861194853,0.001280496863493457
261,dr_robust,1000,20,treatment,0.0,5,2,2000,0.006913133343966,0.0061290371123116,0.0060842878436019,0.078288167128319,0.062731064991376,0.9525,2000,3595.74170780182,0.0017441742807990691,0.00019390748305727167,0.0012384213998741704
261,aipw_robust,1000,20,treatment,0.0,5,2,2000,0.000812286015468,0.0079944059099021,0.0079977449738181,0.0894114417169421,0.0713373557612414,0.948,2000,3595.74170780182,0.0019997181018606225,0.00025293176674272505,0.0014144261734614126
261,reg_adj,1000,20,treatment,0.0,5,2,2000,0.0104111618438423,0.0058157810014391,0.0057102438324167,0.076261268029316,0.0611742627664435,0.9475,2000,3595.74170780182,0.001689710601318566,0.0001839695014052089,0.0012061791402058002
261,adaptive,1000,20,treatment,0.0,5,2,2000,0.0104111618438423,0.0058157810014391,0.0057102438324167,0.076261268029316,0.0611742627664435,0.9475,2000,3595.74170780182,0.001689710601318566,0.0001839695014052089,0.0012061791402058002
262,naive,200,5,mixed,0.0,5,2,2000,0.0066157502760102,0.0301040063187298,0.0300752758049178,0.173505061363436,0.137810660558606,0.949,2000,180.451095104218,0.003877839334276099,0.0009524467928501024,0.0027447233681991558
262,ipw_robust,200,5,mixed,0.0,5,2,2000,-0.0231982396815751,0.0311896626966556,0.0306668377912274,0.176605953174449,0.140753925340609,0.9485,2000,180.451095104218,0.003915790966792495,0.0009866418641987207,0.0027933425982082528
262,dr_robust,200,5,mixed,0.0,5,2,2000,0.0021205164465354,0.0297284660415136,0.0297388388709491,0.172419447979379,0.136810938820721,0.95,2000,180.451095104218,0.0038560886187268247,0.0009405668419220573,0.0027275543824805282
262,aipw_robust,200,5,mixed,0.0,5,2,2000,-0.0007583758069087,0.041026201562129,0.041046149503016,0.202549257125591,0.161683746778179,0.9495,2000,180.451095104218,0.004530240032438458,0.0012980114032954849,0.003204187025209998
262,reg_adj,200,5,mixed,0.0,5,2,2000,0.0058813704252491,0.0277608248547091,0.0277401043888245,0.166615800135248,0.132395535347029,0.948,2000,180.451095104218,0.003724251897282493,0.0008783122910830919,0.0026357412993549666
262,adaptive,200,5,mixed,0.0,5,2,2000,0.0059147867920388,0.027759999698855,0.0277388844382789,0.166613323893544,0.132369837866097,0.948,2000,180.451095104218,0.0037241700040598915,0.0008782861624414236,0.0026357020612667093
263,naive,500,5,mixed,0.0,5,2,2000,0.0110526840991829,0.0115820041872619,0.0114655751490401,0.107619720252665,0.0858691914035247,0.9515,2000,399.968101024628,0.002394324032899484,0.00036641605407829696,0.001702364832476989
263,ipw_robust,500,5,mixed,0.0,5,2,2000,-0.0193073342155796,0.0120207421377859,0.0116537958812144,0.109639145097843,0.0878789193493192,0.951,2000,399.968101024628,0.0024138968371923437,0.0003801307708491517,0.0017335540627844163
263,dr_robust,500,5,mixed,0.0,5,2,2000,0.006677949436324,0.0114268829504391,0.0113879819327314,0.106896599339919,0.0853040641201732,0.95,2000,399.968101024628,0.0023862084918057137,0.0003615270761732212,0.0016910129901495103
263,aipw_robust,500,5,mixed,0.0,5,2,2000,0.0003911348075784,0.0154379894821241,0.0154455592753241,0.124249706165142,0.0987717957293005,0.9465,2000,399.968101024628,0.002778988959614998,0.0004884363082836226,0.001965543112168149
263,reg_adj,500,5,mixed,0.0,5,2,2000,0.0096375922107236,0.0110741191281603,0.0109867293091947,0.105233640667613,0.0841991181913519,0.9465,2000,399.968101024628,0.0023437927925901107,0.00035035579873200415,0.001664656836489316
263,adaptive,500,5,mixed,0.0,5,2,2000,0.0096375922107236,0.0110741191281603,0.0109867293091947,0.105233640667613,0.0841991181913519,0.9465,2000,399.968101024628,0.0023437927925901107,0.00035035579873200415,0.001664656836489316
264,naive,1000,5,mixed,0.0,5,2,2000,0.0096868613136629,0.0054383431481622,0.0053471814567804,0.0737451228771246,0.0590912635031231,0.947,2000,734.65754199028,0.0016351118397192896,0.00017203446774620006,0.001166412509969282
264,ipw_robust,1000,5,mixed,0.0,5,2,2000,-0.0192252528316426,0.0060111615333096,0.0056443733735558,0.0775316808363501,0.0617754862601591,0.943,2000,734.65754199028,0.0016799365127224005,0.00018981935722203253,0.0012241406040370355
264,dr_robust,1000,5,mixed,0.0,5,2,2000,0.0052993861098582,0.0053526571019698,0.0053272372274421,0.0731618555120754,0.0587010535364861,0.948,2000,734.65754199028,0.0016320596232126602,0.00016934778220491553,0.0011573502409118412
264,aipw_robust,1000,5,mixed,0.0,5,2,2000,4.15992456570535e-05,0.0076086030599544,0.0076124075332237,0.0872273068479957,0.0701052477514812,0.953,2000,734.65754199028,0.0019509494526029755,0.00024072551754722926,0.0013798747562315723
264,reg_adj,1000,5,mixed,0.0,5,2,2000,0.0083895102224351,0.00517049639545,0.0051026638456004,0.0719061638209829,0.0576246275698121,0.9505,2000,734.65754199028,0.0015972889290294977,0.00016357099039518883,0.0011373919960631891
264,adaptive,1000,5,mixed,0.0,5,2,2000,0.0083895102224351,0.00517049639545,0.0051026638456004,0.0719061638209829,0.0576246275698121,0.9505,2000,734.65754199028,0.0015972889290294977,0.00016357099039518883,0.0011373919960631891
265,naive,200,10,mixed,0.0,5,2,2000,0.0064047811607128,0.0328594268453802,0.0328348230351811,0.181271693447654,0.143114267878971,0.9475,2000,308.552321910858,0.004051840509890604,0.001039624669225949,0.0028675869062980935
265,ipw_robust,200,10,mixed,0.0,5,2,2000,-0.0163651765897543,0.033034516659958,0.032783089199744,0.181754000396024,0.143148551122075,0.9495,2000,308.552321910858,0.004048647255549933,0.0010451271722267915,0.0028751146328266854
265,dr_robust,200,10,mixed,0.0,5,2,2000,0.0008422020268601,0.0314268410261011,0.0314418526481712,0.177276171625239,0.140115813967088,0.9495,2000,308.552321910858,0.003964962335771375,0.000994301112153148,0.0028043845459814415
265,aipw_robust,200,10,mixed,0.0,5,2,2000,-0.0012152871659481,0.0414004662376381,0.0414196991643245,0.203471045207022,0.160955229352686,0.947,2000,308.552321910858,0.0045508075747236615,0.0013098525971525204,0.0032187690288311252
265,reg_adj,200,10,mixed,0.0,5,2,2000,0.0057109203879375,0.0284775103119485,0.0284591252629026,0.168752808308331,0.133107916190198,0.954,2000,308.552321910858,0.003772209250750984,0.0009009873347432997,0.002669547676792113
265,adaptive,200,10,mixed,0.0,5,2,2000,0.0057165364028191,0.0288279447268131,0.0288096707737552,0.16978794046343,0.133729785701326,0.953,2000,308.552321910858,0.0037953702568889903,0.0009120745914479373,0.0026859227721311154
266,naive,500,10,mixed,0.0,5,2,2000,0.0095402197464773,0.0124172653389762,0.0123324157540421,0.111432783950578,0.0890897697844815,0.9495,2000,727.21340918541,0.002483185026739057,0.00039285285734585876,0.001762734643334831
266,ipw_robust,500,10,mixed,0.0,5,2,2000,-0.0129910343777717,0.012608166206588,0.0124456220434052,0.112286090886574,0.0896387484250533,0.946,2000,727.21340918541,0.0024945562775176267,0.0003988663034100634,0.0017761162591944666
266,dr_robust,500,10,mixed,0.0,5,2,2000,0.0048251023086827,0.0121374464145236,0.0121202249146917,0.110170079488596,0.0878406226829826,0.95,2000,727.21340918541,0.0024617295662492764,0.0003840106883113519,0.001742808438070982
266,aipw_robust,500,10,mixed,0.0,5,2,2000,0.0019573929743832,0.0156704337245187,0.015674439557041,0.125181602979506,0.100361528576559,0.954,2000,727.21340918541,0.0027995034878564628,0.0004957904447680132,0.0019802847741500046
266,reg_adj,500,10,mixed,0.0,5,2,2000,0.0088772613746446,0.0116242169491382,0.0115511867730109,0.107815661891667,0.0859147984764801,0.9515,2000,727.21340918541,0.0024032464265042503,0.00036776421276392635,0.0017055231415889058
266,adaptive,500,10,mixed,0.0,5,2,2000,0.0088772613746446,0.0116242169491382,0.0115511867730109,0.107815661891667,0.0859147984764801,0.9515,2000,727.21340918541,0.0024032464265042503,0.00036776421276392635,0.0017055231415889058
267,naive,1000,10,mixed,0.0,5,2,2000,0.0088086340828477,0.0058194489447715,0.0057447292750035,0.0762853127723256,0.0606882811694853,0.948,2000,1286.59349298477,0.0016948051916080946,0.00018410161570772544,0.0012066648809396564
267,ipw_robust,1000,10,mixed,0.0,5,2,2000,-0.0141538970737816,0.0063060885357937,0.0061088101384878,0.0794108842400951,0.0634762744744626,0.9475,2000,1286.59349298477,0.0017476856322702606,0.00019941201422315048,0.001255571047542032
267,dr_robust,1000,10,mixed,0.0,5,2,2000,0.0044569412004942,0.005831772487889,0.0058148155708097,0.0763660427669852,0.06087541541614,0.947,2000,1286.59349298477,0.0017051122500893747,0.00018450770957763326,0.0012080481251373692
267,aipw_robust,1000,10,mixed,0.0,5,2,2000,-0.0007700436715432,0.008336132514251,0.0083397094016958,0.0913024233755658,0.0728410187068789,0.9505,2000,1286.59349298477,0.0020420222087058457,0.00026374351793728365,0.0014443401838984827
267,reg_adj,1000,10,mixed,0.0,5,2,2000,0.0084798773988219,0.0054904033061563,0.0054212055882514,0.0740972557262167,0.0587062782194495,0.947,2000,1286.59349298477,0.0016463908388124917,0.000173692629694294,0.0011720584520435822
267,adaptive,1000,10,mixed,0.0,5,2,2000,0.0084798773988219,0.0054904033061563,0.0054212055882514,0.0740972557262167,0.0587062782194495,0.947,2000,1286.59349298477,0.0016463908388124917,0.000173692629694294,0.0011720584520435822
268,naive,200,20,mixed,0.0,5,2,2000,0.0087904661230697,0.040510769586202,0.0404537241536179,0.201272873448465,0.158057211586263,0.957,2000,730.044416904449,0.004497428384844938,0.0012817003167990798,0.0031839867311459964
268,ipw_robust,200,20,mixed,0.0,5,2,2000,-0.0147704638325457,0.0389438611434385,0.0387450670751476,0.197341990319948,0.156988664924041,0.954,2000,730.044416904449,0.004401424035192905,0.0012321063192356795,0.003121754060648931
268,dr_robust,200,20,mixed,0.0,5,2,2000,0.0057224392481654,0.0367818104000028,0.0367674478129604,0.191785845150269,0.151944701677822,0.9525,2000,730.044416904449,0.004287624506236548,0.0011637238569508367,0.00303391487531061
268,aipw_robust,200,20,mixed,0.0,5,2,2000,0.001167990635571,0.0476061018931082,0.0476285519669669,0.218188225835191,0.174926909671958,0.952,2000,730.044416904449,0.004879987293373155,0.0015061901979543134,0.0034515845027586816
268,reg_adj,200,20,mixed,0.0,5,2,2000,0.0072174726830649,0.0315123629420903,0.0314760090346768,0.177517218720017,0.142105832859149,0.953,2000,730.044416904449,0.003967115389970199,0.0009970047320510518,0.002808191620057837
268,adaptive,200,20,mixed,0.0,5,2,2000,0.0082087876396821,0.0335856931447056,0.0335350764884364,0.183263998495901,0.145956432853049,0.953,2000,730.044416904449,0.004094818462913612,0.0010626009708820695,0.002899099058197828
269,naive,500,20,mixed,0.0,5,2,2000,0.0096391966681648,0.0136185395358866,0.0135323916192887,0.1166984984303,0.0932369739457132,0.955,2000,2001.39083790779,0.002601191228964981,0.0004308599810262151,0.0018460390957110427
269,ipw_robust,500,20,mixed,0.0,5,2,2000,-0.0142207410937547,0.0136951477026842,0.0134996680594583,0.117026269284653,0.0940968325537016,0.9545,2000,2001.39083790779,0.002598044270163453,0.0004332448491847716,0.0018510581078635992
269,dr_robust,500,20,mixed,0.0,5,2,2000,0.0051267410822668,0.0129182571656863,0.0128984229030132,0.113658511188939,0.0912481615625219,0.9545,2000,2001.39083790779,0.0025395297697618354,0.0004087142572925668,0.001797992306150945
269,aipw_robust,500,20,mixed,0.0,5,2,2000,0.0016394836113415,0.0168319824191616,0.0168377133693344,0.129738130166738,0.104019927430398,0.9485,2000,2001.39083790779,0.0029015266127794177,0.000532540240645421,0.002052365946545577
269,reg_adj,500,20,mixed,0.0,5,2,2000,0.0087278939068697,0.0121688770375257,0.0120987502806164,0.110312633172841,0.0878119939610582,0.951,2000,2001.39083790779,0.002459547751174634,0.000384997442005447,0.0017450287919526949
269,adaptive,500,20,mixed,0.0,5,2,2000,0.0087040038888899,0.0121620155763052,0.0120923020436292,0.110281528717665,0.0877881039430782,0.9505,2000,2001.39083790779,0.0024588922346891495,0.00038478043956309213,0.001744537113500575
270,naive,1000,20,mixed,0.0,5,2,2000,0.011498812353842,0.0058583068567141,0.005728948645488,0.0765395770612442,0.0610340722609505,0.949,2000,3601.02419495583,0.0016924757967971063,0.00018529934304577217,0.0012104805785476337
270,ipw_robust,1000,20,mixed,0.0,5,2,2000,-0.0122165676495849,0.0061448274777129,0.0059985822436979,0.0783889499720014,0.0621761657845091,0.948,2000,3601.02419495583,0.001731846159983314,0.000194354058489444,0.0012396776494573692
270,dr_robust,1000,20,mixed,0.0,5,2,2000,0.0073720850298029,0.0056140036683466,0.0055624372492846,0.0749266552593047,0.0597554893637341,0.9465,2000,3601.02419495583,0.0016676986012593223,0.00017761001886376355,0.001185225860203517
270,aipw_robust,1000,20,mixed,0.0,5,2,2000,0.0032548145460986,0.0076963019635849,0.0076895529223166,0.0877285698252568,0.0693876021646961,0.947,2000,3601.02419495583,0.0019608101542878393,0.00024349978971093265,0.0013878021162088395
270,reg_adj,1000,20,mixed,0.0,5,2,2000,0.0107909187559003,0.0053282362977118,0.0052143995699003,0.0729947689749877,0.0580736912658714,0.9445,2000,3601.02419495583,0.0016146825647631643,0.0001685358513982387,0.0011544378711301148
270,adaptive,1000,20,mixed,0.0,5,2,2000,0.0107909187559003,0.0053282362977118,0.0052143995699003,0.0729947689749877,0.0580736912658714,0.9445,2000,3601.02419495583,0.0016146825647631643,0.0001685358513982387,0.0011544378711301148
271,naive,200,5,none,0.05,5,2,2000,0.0038289559103708,0.0309670182423115,0.0309678412595777,0.17597448179299,0.139961258677583,0.954,2000,179.682987928391,0.003934961325069009,0.0009797526347678645,0.0027837917884037584
271,ipw_robust,200,5,none,0.05,5,2,2000,-0.0254657722974656,0.0319451342915584,0.0313122848752897,0.178732018092893,0.142399185884568,0.946,2000,179.682987928391,0.003956784355716754,0.0010104808586540082,0.0028268042554323632
271,dr_robust,200,5,none,0.05,5,2,2000,0.0005943161744159,0.0303186523699739,0.0303334658912043,0.174122521145238,0.139689463588926,0.9535,2000,179.682987928391,0.0038944489912697724,0.0009592395849024808,0.0027544960255381492
271,aipw_robust,200,5,none,0.05,5,2,2000,-0.0003971314605908,0.0396803620706674,0.0397000543844626,0.199199302384992,0.158063767472619,0.9475,2000,179.682987928391,0.004455336933637152,0.0012554309382001717,0.0031511931095366073
271,reg_adj,200,5,none,0.05,5,2,2000,0.0046064595260531,0.028311472317101,0.0283044050502609,0.168260132880908,0.135441888667345,0.9485,2000,179.682987928391,0.0037619413239882477,0.0008957346449484699,0.0026617554307485822
271,adaptive,200,5,none,0.05,5,2,2000,0.0046793999649126,0.0283439719868353,0.0283362433244659,0.168356680850019,0.135514829106205,0.9485,2000,179.682987928391,0.003764056543442586,0.0008967628621570058,0.002663282673515907
272,naive,500,5,none,0.05,5,2,2000,0.0084751630646562,0.0117558607724696,0.0116898773221582,0.108424447300734,0.0868907667811547,0.9565,2000,400.37389421463,0.0024176307950303537,0.00037193085636685544,0.0017151614125144707
272,ipw_robust,500,5,none,0.05,5,2,2000,-0.0204746687404493,0.0125546963757757,0.0121415550932912,0.112047741502342,0.0895923149104284,0.9495,2000,400.37389421463,0.0024638947921219365,0.0003969850535331345,0.001771499577815394
272,dr_robust,500,5,none,0.05,5,2,2000,0.0038261168440345,0.0116806739682594,0.011671870733522,0.108077166729423,0.0866710565283276,0.957,2000,400.37389421463,0.002415768069737035,0.0003695596019889782,0.0017097024893065087
272,aipw_robust,500,5,none,0.05,5,2,2000,-0.0011051213461292,0.0160366976532324,0.0160434981090972,0.126636083535588,0.101498156566815,0.949,2000,400.37389421463,0.002832269241182519,0.0005073785758253532,0.002003293854562261
272,reg_adj,500,5,none,0.05,5,2,2000,0.0076288281449672,0.0110714229455746,0.0110187332933558,0.105220829428277,0.0847986793229603,0.955,2000,400.37389421463,0.0023472040061907487,0.00035027852107106735,0.0016644923014498385
272,adaptive,500,5,none,0.05,5,2,2000,0.0076288281449672,0.0110714229455746,0.0110187332933558,0.105220829428277,0.0847986793229603,0.955,2000,400.37389421463,0.0023472040061907487,0.00035027852107106735,0.0016644923014498385
273,naive,1000,5,none,0.05,5,2,2000,0.0090234214841915,0.0059115073144847,0.0058330016800434,0.0768863272271783,0.0615969833804802,0.954,2000,734.297746181488,0.001707776577899375,0.00018701277898359518,0.0012161640809751715
273,ipw_robust,1000,5,none,0.05,5,2,2000,-0.0208734876310421,0.0063904949259264,0.005957771325706,0.0799405712134112,0.0636609405609839,0.936,2000,734.297746181488,0.0017259448608959093,0.00020170937192721844,0.001261620781947695
273,dr_robust,1000,5,none,0.05,5,2,2000,0.0048256535264927,0.0058102434565064,0.0057898514502737,0.076224952978053,0.0611810983691293,0.95,2000,734.297746181488,0.001701448125902418,0.00018382610143766987,0.0012058131507840866
273,aipw_robust,1000,5,none,0.05,5,2,2000,-0.0019713714448192,0.0079747430033914,0.007974844120078,0.0893014165811016,0.0714267880987121,0.9535,2000,734.297746181488,0.001996853039169132,0.00025230957987887656,0.0014126852044375718
273,reg_adj,1000,5,none,0.05,5,2,2000,0.0078145062033612,0.0056173059101361,0.0055590189123899,0.0749486885151179,0.0601754248584224,0.9495,2000,734.297746181488,0.001667186089251872,0.00017771221400120967,0.001185559197379173
273,adaptive,1000,5,none,0.05,5,2,2000,0.0078145062033612,0.0056173059101361,0.0055590189123899,0.0749486885151179,0.0601754248584224,0.9495,2000,734.297746181488,0.001667186089251872,0.00017771221400120967,0.001185559197379173
274,naive,200,10,none,0.05,5,2,2000,0.0012372772370232,0.0329163586047048,0.0329312933964418,0.181428659821718,0.142882785880386,0.9535,2000,308.869390010834,0.0040577883998824905,0.0010414273430394867,0.0028700739565150615
274,ipw_robust,200,10,none,0.05,5,2,2000,-0.0207918466204327,0.0337489682110572,0.0333333339921657,0.183708922513462,0.145448610577752,0.95,2000,308.869390010834,0.004082482944983708,0.001067675613031444,0.0029058893776735474
274,dr_robust,200,10,none,0.05,5,2,2000,-0.0029447830771689,0.0328036730138121,0.0328114069699255,0.181117842891892,0.143546055102016,0.9495,2000,308.869390010834,0.0040503954726622375,0.0010378619810988234,0.002865156642016535
274,aipw_robust,200,10,none,0.05,5,2,2000,-0.0035311298012457,0.0420123108001522,0.0420208523486533,0.204969048395489,0.16379345763596,0.9445,2000,308.869390010834,0.004583713142674468,0.0013292102684837501,0.003242465823227688
274,reg_adj,200,10,none,0.05,5,2,2000,0.002209056451361,0.029483374001001,0.0294932406909412,0.171707233397434,0.137066455310859,0.952,2000,308.869390010834,0.003840132855184909,0.0009328124658138885,0.0027162876232907397
274,adaptive,200,10,none,0.05,5,2,2000,0.0025841037553635,0.0297201541582222,0.0297283407363719,0.17239534262335,0.137858223418077,0.951,2000,308.869390010834,0.0038554079379730945,0.0009403038181414389,0.0027271729149778087
275,naive,500,10,none,0.05,5,2,2000,0.0092769711822255,0.0119117753874881,0.0118316290076761,0.109141080201215,0.0870934798825815,0.9445,2000,725.074225187302,0.00243224474587531,0.0003768606597732718,0.0017264840107798218
275,ipw_robust,500,10,none,0.05,5,2,2000,-0.014095316214136,0.0124926513388239,0.0123001234613781,0.111770529831543,0.0883971746585377,0.9465,2000,725.074225187302,0.0024799317996043865,0.00039519686679804263,0.0017678938598290213
275,dr_robust,500,10,none,0.05,5,2,2000,0.0046284904451585,0.0114483598422208,0.0114326532450424,0.106997008566692,0.0854610496664102,0.9445,2000,725.074225187302,0.0023908840671436164,0.00036220905833510075,0.0016926130140794229
275,aipw_robust,500,10,none,0.05,5,2,2000,-0.0003686883238163,0.0157503193168836,0.015758062417012,0.125500276162579,0.10047596762266,0.951,2000,725.074225187302,0.002806961205379583,0.0004983179859882,0.0019853262527592184
275,reg_adj,500,10,none,0.05,5,2,2000,0.0091877988483979,0.0107181572327733,0.0106390611156525,0.103528533423271,0.0824046799948665,0.944,2000,725.074225187302,0.002306410752191866,0.000339095602879379,0.001637691521684193
275,adaptive,500,10,none,0.05,5,2,2000,0.0091877988483979,0.0107181572327733,0.0106390611156525,0.103528533423271,0.0824046799948665,0.944,2000,725.074225187302,0.002306410752191866,0.000339095602879379,0.001637691521684193
276,naive,1000,10,none,0.05,5,2,2000,0.0102111063033101,0.0063360871560325,0.0062349379330615,0.079599542436075,0.0635405772554194,0.9475,2000,1285.74185180664,0.0017656355701363602,0.00020043613380466384,0.0012590281782438044
276,ipw_robust,1000,10,none,0.05,5,2,2000,-0.0129267041294758,0.0065309323819058,0.00636701621036,0.0808141842865835,0.0643943213585315,0.9495,2000,1285.74185180664,0.0017842388027335353,0.00020655930906438196,0.0012779891976133838
276,dr_robust,1000,10,none,0.05,5,2,2000,0.0056893199546537,0.0061135981943979,0.0060842719688359,0.0781895018170464,0.0621892635529219,0.95,2000,1285.74185180664,0.001744172005399109,0.0001934224423908207,0.0012368824323974138
276,aipw_robust,1000,10,none,0.05,5,2,2000,0.0018216663320331,0.0081870173589727,0.008187792787141,0.0904821383421766,0.0728443471116624,0.9455,2000,1285.74185180664,0.002023337933606371,0.000259025660090958,0.0014313634980165908
276,reg_adj,1000,10,none,0.05,5,2,2000,0.009851361855445,0.0057887213231216,0.0056945192523409,0.0760836468836877,0.0603525019038723,0.9485,2000,1285.74185180664,0.0016873824777359904,0.00018311976429686425,0.0012034107971770017
276,adaptive,1000,10,none,0.05,5,2,2000,0.009851361855445,0.0057887213231216,0.0056945192523409,0.0760836468836877,0.0603525019038723,0.9485,2000,1285.74185180664,0.0016873824777359904,0.00018311976429686425,0.0012034107971770017
277,naive,200,20,none,0.05,5,2,2000,0.0124996861450031,0.0384512018731771,0.0383141167778425,0.19608978013445,0.154934938039039,0.9475,2000,724.632230997086,0.00437687769864789,0.0012165295330212604,0.003101970771212912
277,ipw_robust,200,20,none,0.05,5,2,2000,-0.0152591560455617,0.0378587308765518,0.0376447113890235,0.194573201845865,0.153994043889695,0.949,2000,724.632230997086,0.004338473890034576,0.001197770772534418,0.0030779438308345666
277,dr_robust,200,20,none,0.05,5,2,2000,0.007720384950868,0.0366053418276297,0.036564019493587,0.191325225277875,0.150505519659519,0.949,2000,724.632230997086,0.004275746688801092,0.0011581391411673557,0.0030266242715389705
277,aipw_robust,200,20,none,0.05,5,2,2000,0.0016853912933649,0.0451471278682313,0.0451668707597995,0.212478535076443,0.168691734992728,0.95,2000,724.632230997086,0.004752203213236966,0.0014283916868922531,0.0033612611419274975
277,reg_adj,200,20,none,0.05,5,2,2000,0.0139815530786187,0.0306844139504826,0.0305041822150999,0.175169671891234,0.139620510844007,0.9455,2000,724.632230997086,0.003905392567662046,0.0009707889992880756,0.0027709962255648224
277,adaptive,200,20,none,0.05,5,2,2000,0.012835780753583,0.0319967926225648,0.0318479593346781,0.178876473082865,0.142290656045996,0.9455,2000,724.632230997086,0.003990486144235944,0.0010123175782814492,0.0028296554623270394
278,naive,500,20,none,0.05,5,2,2000,0.0093208458016307,0.0131635818979086,0.0130832453541279,0.11473265401754,0.0915675285909087,0.9495,2000,1962.49595594406,0.002557659609303777,0.00041646681228121527,0.0018149445589289122
278,ipw_robust,500,20,none,0.05,5,2,2000,-0.0146496258754749,0.0135883256695873,0.0133804043334626,0.11656897387207,0.0926339454762119,0.9465,2000,1962.49595594406,0.002586542512067277,0.00042985857958272153,0.001843794988083514
278,dr_robust,500,20,none,0.05,5,2,2000,0.0048089038092356,0.0127057629816663,0.0126889819167783,0.112719842892307,0.0900970740152539,0.9535,2000,1962.49595594406,0.0025188272982459813,0.0004019914695664941,0.0017831442062537224
278,aipw_robust,500,20,none,0.05,5,2,2000,-0.0018156415830574,0.0171354684157219,0.01714074223248,0.130902514932762,0.104850054543595,0.9495,2000,1962.49595594406,0.002927519618421028,0.0005421420985842545,0.0020707856486283913
278,reg_adj,500,20,none,0.05,5,2,2000,0.0084759777192222,0.0117629346327717,0.0116969409049275,0.10845706354485,0.0870006695330333,0.9535,2000,1962.49595594406,0.002418361108780852,0.0003721546646614557,0.0017156773957260948
278,adaptive,500,20,none,0.05,5,2,2000,0.0084759777192222,0.0117629346327717,0.0116969409049275,0.10845706354485,0.0870006695330333,0.9535,2000,1962.49595594406,0.002418361108780852,0.0003721546646614557,0.0017156773957260948
279,naive,1000,20,none,0.05,5,2,2000,0.0101628037592807,0.0060199423358642,0.0059196195653972,0.0775882873626182,0.0619952205294021,0.946,2000,3618.9540719986,0.0017204097717400352,0.00019043288309704916,0.0012272012282410498
279,ipw_robust,1000,20,none,0.05,5,2,2000,-0.0131471886558365,0.0062569034343354,0.0060870984139902,0.079100590606742,0.0632405726837579,0.946,2000,3618.9540719986,0.0017445770854264651,0.0001978814281552587,0.0012508214327946663
279,dr_robust,1000,20,none,0.05,5,2,2000,0.0056122550274131,0.0058323838540134,0.0058037883416915,0.076370045528423,0.0607403139463534,0.947,2000,3618.9540719986,0.001703494693518518,0.00018452524942767627,0.0012080996426733872
279,aipw_robust,1000,20,none,0.05,5,2,2000,0.0029449726685548,0.0080155913441077,0.0080109239420602,0.0895298349384592,0.0714914831472376,0.9505,2000,3618.9540719986,0.002001365026932893,0.00025360176993368555,0.0014162975398536461
279,reg_adj,1000,20,none,0.05,5,2,2000,0.0085074857520468,0.0054730169389508,0.0054033412957774,0.0739798414363728,0.0589543747521216,0.948,2000,3618.9540719986,0.0016436759558649935,0.0001731422993261592,0.0011701991783469297
279,adaptive,1000,20,none,0.05,5,2,2000,0.0085074857520468,0.0054730169389508,0.0054033412957774,0.0739798414363728,0.0589543747521216,0.948,2000,3618.9540719986,0.0016436759558649935,0.0001731422993261592,0.0011701991783469297
280,naive,200,5,covariate,0.05,5,2,2000,-0.129665874478788,0.059481334321559,0.0426894400372288,0.243887954441295,0.194731368048645,0.904,2000,174.50279211998,0.004620034633919361,0.001804960888027118,0.003700389574716739
280,ipw_robust,200,5,covariate,0.05,5,2,2000,-0.137345586505105,0.0617650519134911,0.0429227031326262,0.248525757042386,0.198694235718728,0.8945,2000,174.50279211998,0.0046326398053715655,0.0018605724626417288,0.0037432185798038
280,dr_robust,200,5,covariate,0.05,5,2,2000,-0.13577724270024,0.0711166741869739,0.0527075683358618,0.266677097229916,0.20347011236763,0.929,2000,174.50279211998,0.005133593689408122,0.0021728930615514913,0.004074015136886931
280,aipw_robust,200,5,covariate,0.05,5,2,2000,-0.0835286537292008,0.0577395911059881,0.0507879490867187,0.240290638823047,0.191666621291989,0.934,2000,174.50279211998,0.005039243449503046,0.001813315877086797,0.003773172117666526
280,reg_adj,200,5,covariate,0.05,5,2,2000,-0.156419509738897,0.0578757527120498,0.0334254023862861,0.240573798889343,0.197903066920228,0.863,2000,174.50279211998,0.004088117071848977,0.0016591866617287085,0.0034483943583812435
280,adaptive,200,5,covariate,0.05,5,2,2000,-0.155158398695941,0.0600670041614011,0.0360108809159704,0.24508570778689,0.199607531230068,0.8765,2000,174.50279211998,0.004243281802801365,0.0017408746959131673,0.003551563066718918
281,naive,500,5,covariate,0.05,5,2,2000,-0.152978762056898,0.0433903588914887,0.0199978561791172,0.208303525873876,0.171848818167294,0.815,2000,387.607424020767,0.0031621081717042193,0.0011558174491828905,0.0027743588216618017
281,ipw_robust,500,5,covariate,0.05,5,2,2000,-0.155124388802864,0.0426154955186593,0.0185612001172558,0.206435209009169,0.171986858392101,0.7995,2000,387.607424020767,0.0030464077302009163,0.0011125717276619434,0.0026947237658778633
281,dr_robust,500,5,covariate,0.05,5,2,2000,-0.184123079615472,0.0587136428584625,0.0248247467847696,0.242308982207558,0.19643588137462,0.8275,2000,387.607424020767,0.003523119837925585,0.0015163940281702718,0.0031290503850809645
281,aipw_robust,500,5,covariate,0.05,5,2,2000,-0.102453446863769,0.0301634947404659,0.0196766242783379,0.17367640812864,0.140452250318264,0.8765,2000,387.607424020767,0.003136608381543503,0.0008945664494109149,0.002575382744984916
281,reg_adj,500,5,covariate,0.05,5,2,2000,-0.167746695862988,0.0413470479164735,0.0132147012941707,0.203339735212952,0.174821529089231,0.691,2000,387.607424020767,0.0025704767353713492,0.0009582922692269075,0.0023563822098600523
281,adaptive,500,5,covariate,0.05,5,2,2000,-0.167363547639573,0.0413594031445357,0.013355523827946,0.203370113695537,0.174911893601403,0.694,2000,387.607424020767,0.0025841365896509803,0.0009625805637508097,0.0023665733038628223
282,naive,1000,5,covariate,0.05,5,2,2000,-0.162657077304077,0.0358106392665105,0.009357993466139,0.189236992331073,0.166964516961773,0.617,2000,764.877549886703,0.002163098872698495,0.0007633786654589859,0.002016991118003618
282,ipw_robust,1000,5,covariate,0.05,5,2,2000,-0.163020898766295,0.0353601824648131,0.0087887634119484,0.188043033545019,0.166245761477954,0.588,2000,764.877549886703,0.002096278060271156,0.0007378207342059755,0.0019618401179146458
282,dr_robust,1000,5,covariate,0.05,5,2,2000,-0.196921909645561,0.0506073534834376,0.0118350325012336,0.224960782100876,0.198779642054473,0.5875,2000,764.877549886703,0.0024325945512182665,0.0010285676546755928,0.0022861043713263023
282,aipw_robust,1000,5,covariate,0.05,5,2,2000,-0.118099005381925,0.0245846905162122,0.0106426367623934,0.156795058966194,0.131575191388003,0.7925,2000,764.877549886703,0.0023067982966000085,0.000640421275896434,0.002042224034733495
282,reg_adj,1000,5,covariate,0.05,5,2,2000,-0.174160982789059,0.0368108025148018,0.006481995586544,0.19186141486709,0.174947992949678,0.4195,2000,764.877549886703,0.0018002771434620837,0.0006597277228970918,0.001719281918550719
282,adaptive,1000,5,covariate,0.05,5,2,2000,-0.174160982789059,0.0368108025148018,0.006481995586544,0.19186141486709,0.174947992949678,0.4195,2000,764.877549886703,0.0018002771434620837,0.0006597277228970918,0.001719281918550719
283,naive,200,10,covariate,0.05,5,2,2000,-0.0841272195917555,0.0492439257296541,0.042187630468649,0.221909724279163,0.176431986483643,0.933,2000,277.090846061707,0.00459280036952669,0.0015417369148534282,0.0034737930477393574
283,ipw_robust,200,10,covariate,0.05,5,2,2000,-0.0925285180491477,0.0498337638621567,0.0412928836516111,0.223234772968184,0.177881073243503,0.932,2000,277.090846061707,0.004543835585252349,0.0015531138039881606,0.0034786556398395748
283,dr_robust,200,10,covariate,0.05,5,2,2000,-0.0721368171911656,0.0524492688440467,0.0472691830410956,0.229018053533006,0.17527483966261,0.955,2000,277.090846061707,0.004861542092849531,0.0016511592561029734,0.0036048670195011697
283,aipw_robust,200,10,covariate,0.05,5,2,2000,-0.0537031747390266,0.0499044772415874,0.0470439682486614,0.223393100255105,0.179329287282481,0.9425,2000,277.090846061707,0.004849946816649715,0.0015762257046521271,0.0035279194004921087
283,reg_adj,200,10,covariate,0.05,5,2,2000,-0.11701341852618,0.0482854286886549,0.034610593870407,0.219739456376534,0.177245558465529,0.9035,2000,277.090846061707,0.004159963573783248,0.001464813779819423,0.003333069545119368
283,adaptive,200,10,covariate,0.05,5,2,2000,-0.115129212860192,0.0492010291412922,0.0359642756252974,0.221813049979689,0.178696724642926,0.9095,2000,277.090846061707,0.004240535085652364,0.00149894064393502,0.00337883781876737
284,naive,500,10,covariate,0.05,5,2,2000,-0.112801201832349,0.0372198693917688,0.0245080122630779,0.192924517342324,0.15555732918295,0.9,2000,633.040992021561,0.003500572257722864,0.0011064935646198583,0.002867685195906188
284,ipw_robust,500,10,covariate,0.05,5,2,2000,-0.113420009823286,0.0344281257226893,0.0215748145016258,0.185548176285,0.151342898271634,0.8835,2000,633.040992021561,0.0032844188604398343,0.0010102245809979892,0.0027222703052771995
284,dr_robust,500,10,covariate,0.05,5,2,2000,-0.139496720466172,0.0480497671722778,0.0286047345187199,0.21920257108957,0.172261304113222,0.8825,2000,633.040992021561,0.003781847069800675,0.0013897802204841825,0.0031700819328353
284,aipw_robust,500,10,covariate,0.05,5,2,2000,-0.0722465167193644,0.0251466367043847,0.0199370460493279,0.158576911006567,0.127501196488466,0.9165,2000,633.040992021561,0.0031572967907157463,0.0007782101185118471,0.0024537308539186384
284,reg_adj,500,10,covariate,0.05,5,2,2000,-0.138493991216266,0.0330551327951887,0.0138814879361455,0.181810705942166,0.152826983244772,0.777,2000,633.040992021561,0.0026345291738890937,0.0008515901846746263,0.002341969303352018
284,adaptive,500,10,covariate,0.05,5,2,2000,-0.138026817396428,0.0335252443332298,0.01448108255392,0.183099001453394,0.153538495072056,0.7875,2000,633.040992021561,0.002690825389533851,0.0008726234075923986,0.00238292781682514
285,naive,1000,10,covariate,0.05,5,2,2000,-0.138129843206028,0.0320316493313076,0.0129582748846279,0.17897387890781,0.151628082409454,0.794,2000,1269.69293785095,0.0025454149843029427,0.0008138801281445484,0.0022737399812510647
285,ipw_robust,1000,10,covariate,0.05,5,2,2000,-0.136219298049618,0.0300799481678774,0.0115300160147541,0.17343571768202,0.147529413406358,0.766,2000,1269.69293785095,0.0024010431081879914,0.0007488900053853125,0.0021589843643347447
285,dr_robust,1000,10,covariate,0.05,5,2,2000,-0.177316336045567,0.0453403056299433,0.0139061756891636,0.212932631670074,0.182461116221325,0.706,2000,1269.69293785095,0.00263687084336374,0.0010333596523984996,0.002426494343055006
285,aipw_robust,1000,10,covariate,0.05,5,2,2000,-0.0927122617300442,0.019136205584608,0.0105459150670413,0.138333674803383,0.113151486276017,0.852,2000,1269.69293785095,0.002296292127217408,0.000540844237581198,0.0019548538645774898
285,reg_adj,1000,10,covariate,0.05,5,2,2000,-0.147733917092419,0.0286995883076485,0.0068777169066321,0.16940952838506,0.150465689674016,0.571,2000,1269.69293785095,0.0018544159332027025,0.0005895079308846192,0.0017398901245527793
285,adaptive,1000,10,covariate,0.05,5,2,2000,-0.147625894365712,0.0286775133722599,0.0068875524612141,0.16934436327277,0.150357666947309,0.572,2000,1269.69293785095,0.001855741423422738,0.0005896141238896391,0.0017408731902694723
286,naive,200,20,covariate,0.05,5,2,2000,-0.0532968774993334,0.0428310403798739,0.0400104884729314,0.206956614728483,0.163265099790029,0.942,2000,670.434565067291,0.0044727222400307515,0.0013520885126908197,0.0032665989305649735
286,ipw_robust,200,20,covariate,0.05,5,2,2000,-0.0635889394228168,0.0431919914554459,0.0391680222496521,0.20782683045133,0.164187449235424,0.94,2000,670.434565067291,0.004425382596434578,0.0013604741569339298,0.00327309557187452
286,dr_robust,200,20,covariate,0.05,5,2,2000,-0.0308831488868326,0.0395678466004186,0.0386333944124586,0.198916682559354,0.158376394277507,0.9505,2000,670.434565067291,0.0043950764733084345,0.0012514926379593714,0.0031457709375027993
286,aipw_robust,200,20,covariate,0.05,5,2,2000,-0.022193991511078,0.0485217283370636,0.0480531816687042,0.220276481579545,0.176553881437186,0.9495,2000,670.434565067291,0.00490169264992738,0.0015350725367564426,0.0034844222264420587
286,reg_adj,200,20,covariate,0.05,5,2,2000,-0.0865426422736728,0.0434328913873647,0.0359612430771944,0.208405593464678,0.166111420208553,0.9335,2000,670.434565067291,0.0042403562985434615,0.001353470995921008,0.003247204101914864
286,adaptive,200,20,covariate,0.05,5,2,2000,-0.0845479605316639,0.0433846997009483,0.0362544693055373,0.208289941430085,0.165468852363044,0.934,2000,670.434565067291,0.004257609030050628,0.001353774859123351,0.003249736520708951
287,naive,500,20,covariate,0.05,5,2,2000,-0.101846571056122,0.0306021507820659,0.0202395465194359,0.174934704338693,0.139775676122675,0.8915,2000,1515.52140903473,0.0031811591063192596,0.0009107786254780748,0.002603195943655372
287,ipw_robust,500,20,covariate,0.05,5,2,2000,-0.107016543316335,0.0305003764212654,0.0190573645601684,0.174643569653353,0.141729118297087,0.8845,2000,1515.52140903473,0.003086856375033377,0.0008942559055044882,0.002560231410980322
287,dr_robust,500,20,covariate,0.05,5,2,2000,-0.101141281295607,0.0338337927692225,0.0236160420081095,0.183939644365271,0.142457707291627,0.9005,2000,1515.52140903473,0.0034362801114075016,0.0010202356688405862,0.0027732892285433097
287,aipw_robust,500,20,covariate,0.05,5,2,2000,-0.0526601792487456,0.0224555226131841,0.01969227427181,0.149851668703368,0.120218773511795,0.934,2000,1515.52140903473,0.0031378554995259104,0.0007049842126609023,0.002352273480705849
287,reg_adj,500,20,covariate,0.05,5,2,2000,-0.133998315125395,0.0317085010065512,0.0137598324663398,0.178068809752161,0.149391972414892,0.801,2000,1515.52140903473,0.0026229594417699065,0.0008267186139827677,0.00232134593119763
287,adaptive,500,20,covariate,0.05,5,2,2000,-0.134165089237347,0.032134514703856,0.0141413141908861,0.17926102393955,0.149956871271633,0.8085,2000,1515.52140903473,0.0026590707202786184,0.0008420639805379641,0.0023487090557452214
288,naive,1000,20,covariate,0.05,5,2,2000,-0.133285992167333,0.0309696962041615,0.0132111460691658,0.175982090577881,0.147409471234666,0.801,2000,2967.80652499199,0.002570130937244813,0.000802452811361118,0.0022799274878655676
288,ipw_robust,1000,20,covariate,0.05,5,2,2000,-0.132942767331617,0.0297122934060327,0.0120445362883883,0.172372542494542,0.145092797653983,0.78,2000,2967.80652499199,0.0024540309990287714,0.0007555235328780294,0.002191542579648241
288,dr_robust,1000,20,covariate,0.05,5,2,2000,-0.168750959687342,0.0441241236932081,0.0156550648302241,0.210057429512046,0.175766343831049,0.7465,2000,2967.80652499199,0.0027977727597344373,0.0010661594909788653,0.0025377809617481897
288,aipw_robust,1000,20,covariate,0.05,5,2,2000,-0.0755256687189632,0.015553398732909,0.0098541991970609,0.124713266066241,0.100846719386051,0.8825,2000,2967.80652499199,0.0022197070974636383,0.0004577383991290859,0.001835163225081283
288,reg_adj,1000,20,covariate,0.05,5,2,2000,-0.154213744527019,0.0308925901720188,0.0071142683051266,0.175762880529476,0.15629735342041,0.544,2000,2967.80652499199,0.001886036625456489,0.0006236939550326786,0.0017742482176948708
288,adaptive,1000,20,covariate,0.05,5,2,2000,-0.154204707232564,0.0308893939851263,0.0071138591820366,0.175753787968073,0.156288316125955,0.544,2000,2967.80652499199,0.0018859823941432487,0.0006236418945098941,0.0017741919014092125
289,naive,200,5,outcome,0.05,5,2,2000,0.015150559674074,0.116902880157628,0.116731706552466,0.341910631828885,0.256224867621281,0.9555,2000,184.546040058136,0.007639754791629964,0.0036986322309821708,0.005408770431030665
289,ipw_robust,200,5,outcome,0.05,5,2,2000,-0.023468838147535,0.0370708758321123,0.0365383586474408,0.192537985426545,0.153130596109671,0.9485,2000,184.546040058136,0.004274246053249673,0.0011727324128123025,0.003045457264482781
289,dr_robust,200,5,outcome,0.05,5,2,2000,0.0028140483108312,0.0365785620248934,0.0365889376258106,0.19125522744462,0.152634375201317,0.9545,2000,184.546040058136,0.004277203386899587,0.0011572941901316464,0.0030255230290810045
289,aipw_robust,200,5,outcome,0.05,5,2,2000,-0.0019165458144434,0.0458126377498183,0.0458318805422305,0.214038869717204,0.170500174289333,0.949,2000,184.546040058136,0.004787059668639535,0.0014494474701019866,0.003385944506287689
289,reg_adj,200,5,outcome,0.05,5,2,2000,0.0161792038497657,0.113103690377162,0.112898372926413,0.336308921049029,0.253794394346526,0.952,2000,184.546040058136,0.007513267362686257,0.0035784282393652653,0.005320150634427539
289,adaptive,200,5,outcome,0.05,5,2,2000,-0.0238974981049496,0.0378278669101759,0.0372754142016006,0.194493873708598,0.15464253288587,0.9485,2000,184.546040058136,0.0043171410795571985,0.0011966752974314574,0.003076383010460231
290,naive,500,5,outcome,0.05,5,2,2000,0.0109934112434407,0.0487969554839633,0.0487004506185052,0.220900329297997,0.167500234819937,0.953,2000,392.725321054459,0.004934594746202833,0.001543860513519693,0.0034944730920636337
290,ipw_robust,500,5,outcome,0.05,5,2,2000,-0.0188212137020933,0.0147884736203812,0.014441456263293,0.121607868250296,0.0968673508269473,0.947,2000,392.725321054459,0.002687141256362698,0.0004677468189454582,0.0019231766236652195
290,dr_robust,500,5,outcome,0.05,5,2,2000,0.0064443376442313,0.0141750423921755,0.0141405831961007,0.119058987028177,0.0944036456379533,0.9485,2000,392.725321054459,0.0026590019928631778,0.0004484758582988659,0.001883418755245783
290,aipw_robust,500,5,outcome,0.05,5,2,2000,0.0041311282037117,0.0179650351818406,0.0179569474353228,0.134033709125132,0.106218460717539,0.944,2000,392.725321054459,0.00299641013842588,0.0005683879622531807,0.0021203172170761227
290,reg_adj,500,5,outcome,0.05,5,2,2000,0.0092439629726266,0.0449939698993077,0.0449309845401385,0.21211782079615,0.163858535864833,0.955,2000,392.725321054459,0.004739777660404468,0.0014235421151185116,0.0033555457758699296
290,adaptive,500,5,outcome,0.05,5,2,2000,-0.0187545613942552,0.0148448223017482,0.0145003388981064,0.121839329864163,0.0969826383606923,0.947,2000,392.725321054459,0.0026926138692826345,0.00046953204383008517,0.0019268492544794855
291,naive,1000,5,outcome,0.05,5,2,2000,0.0113121282802955,0.0229076598198337,0.0227910911191635,0.1513527661453,0.11743248370377,0.947,2000,721.390462875366,0.0033757288930809817,0.0007247528709799315,0.002394250496499556
291,ipw_robust,1000,5,outcome,0.05,5,2,2000,-0.0164049669017063,0.007053443037181,0.0067877139551125,0.0839847786041083,0.0663380983066551,0.9435,2000,721.390462875366,0.0018422423775269774,0.00022299443893163996,0.0013275884192229786
291,dr_robust,1000,5,outcome,0.05,5,2,2000,0.0070591976530063,0.0065176099640906,0.0064710131991859,0.0807317159739008,0.0640720724886851,0.9475,2000,721.390462875366,0.0017987514001642777,0.00020620121822466627,0.0012770768943603753
291,aipw_robust,1000,5,outcome,0.05,5,2,2000,0.0026577147770443,0.0086008035863128,0.0085980391580557,0.0927405175007822,0.0741205599453642,0.949,2000,721.390462875366,0.002073407721367857,0.00027211714566640385,0.0014670887816865413
291,reg_adj,1000,5,outcome,0.05,5,2,2000,0.0095814532662337,0.0219510954831608,0.0218702263496426,0.148159020930758,0.115269244283572,0.9465,2000,721.390462875366,0.003306828265093502,0.0006944943195553661,0.002343746317950959
291,adaptive,1000,5,outcome,0.05,5,2,2000,-0.0164049669017063,0.007053443037181,0.0067877139551125,0.0839847786041083,0.0663380983066551,0.9435,2000,721.390462875366,0.0018422423775269774,0.00022299443893163996,0.0013275884192229786
292,naive,200,10,outcome,0.05,5,2,2000,0.0177533250228734,0.131281550728051,0.131031886121744,0.362327960179795,0.274537712036575,0.951,2000,304.613170146942,0.008094191933780172,0.004153546988337411,0.005731750575192059
292,ipw_robust,200,10,outcome,0.05,5,2,2000,-0.0105129839793634,0.0421348647637515,0.0420453646139081,0.205267787935057,0.164293389528292,0.954,2000,304.613170146942,0.004585049869625634,0.0013330816295592412,0.003247176877993648
292,dr_robust,200,10,outcome,0.05,5,2,2000,0.0083976016566405,0.040712024991128,0.0406618361956422,0.201772210651338,0.160905862085183,0.9495,2000,304.613170146942,0.004508981935849943,0.001288068260957407,0.0031918871701891263
292,aipw_robust,200,10,outcome,0.05,5,2,2000,0.0059737914752067,0.0485749747730778,0.0485635703736754,0.220397311174791,0.17603190498032,0.946,2000,304.613170146942,0.0049276551408187754,0.0015368430188253644,0.0034865285121526207
292,reg_adj,200,10,outcome,0.05,5,2,2000,0.0174256692248971,0.121700721205908,0.121457796156051,0.348856304523666,0.263487359571077,0.9515,2000,304.613170146942,0.007792874827560462,0.003850423161901235,0.005518637777176859
292,adaptive,200,10,outcome,0.05,5,2,2000,-0.0129190507714902,0.0428224412924314,0.0426768778585243,0.206935838588755,0.1655725254304,0.9545,2000,304.613170146942,0.004619354817424415,0.0013548289949045942,0.0032735484683178904
293,naive,500,10,outcome,0.05,5,2,2000,0.009309973877408,0.051210178029843,0.0511490769547223,0.226296659343091,0.171087387701229,0.959,2000,694.758122205734,0.005057127492693965,0.00162021443907285,0.0035798461271503434
293,ipw_robust,500,10,outcome,0.05,5,2,2000,-0.0099172623090952,0.0144396843405617,0.0143485065021054,0.120165237654497,0.0951756388491455,0.947,2000,694.758122205734,0.0026784796529099675,0.00045683919500813356,0.0019008791724011418
293,dr_robust,500,10,outcome,0.05,5,2,2000,0.0079437988500066,0.0140631359658454,0.0140070355434477,0.118588093693445,0.0945989373485196,0.949,2000,694.758122205734,0.002646416023931961,0.0004449324027098667,0.00187595731094234
293,aipw_robust,500,10,outcome,0.05,5,2,2000,0.0045230750245317,0.0176909015940831,0.0176792830279196,0.133007148657819,0.106088865161833,0.9515,2000,694.758122205734,0.0029731534629009316,0.0005597145891155925,0.0021040770919597065
293,reg_adj,500,10,outcome,0.05,5,2,2000,0.0098817779956315,0.0480238122106765,0.0479501377431931,0.219143359951144,0.167796011478224,0.9515,2000,694.758122205734,0.004896434301774767,0.0015194013054584193,0.0034666834208372907
293,adaptive,500,10,outcome,0.05,5,2,2000,-0.0102215935648862,0.0144582469346161,0.0143609464328268,0.120242450634608,0.0952019037883661,0.9475,2000,694.758122205734,0.002679640501338454,0.00045742504721225555,0.0019020946629001926
294,naive,1000,10,outcome,0.05,5,2,2000,0.0134711252747768,0.0232361219858198,0.0230661838615819,0.152433992225552,0.119297404038418,0.948,2000,1238.2035009861,0.0033960406256096157,0.0007351330048445431,0.0024113158558387317
294,ipw_robust,1000,10,outcome,0.05,5,2,2000,-0.0120073933267411,0.0073617371720827,0.007221170262711,0.08580056626901,0.0678633491208923,0.9485,2000,1238.2035009861,0.001900153975696575,0.00023286811811576335,0.0013570313591267761
294,dr_robust,1000,10,outcome,0.05,5,2,2000,0.0069326345601421,0.0070669848617047,0.0070224346570887,0.0840653606529152,0.0665578157658955,0.949,2000,1238.2035009861,0.0018738242523097918,0.0002235835523989728,0.001329819741820256
294,aipw_robust,1000,10,outcome,0.05,5,2,2000,0.0003645028838898,0.0090199238852398,0.0090243031744746,0.0949732798488069,0.076159879881616,0.9515,2000,1238.2035009861,0.0021241825691868626,0.0002853777247178356,0.0015024105999716124
294,reg_adj,1000,10,outcome,0.05,5,2,2000,0.0122568068649977,0.0225934395669229,0.0224544374711326,0.150311142524175,0.11757823759563,0.947,2000,1238.2035009861,0.0033507042148727927,0.0007148065414108264,0.0023777563306587933
294,adaptive,1000,10,outcome,0.05,5,2,2000,-0.0120099832988099,0.0073612563885811,0.007220627003245,0.0857977644730974,0.0678607591488235,0.9485,2000,1238.2035009861,0.0019000824986359144,0.0002328528643773265,0.0013569867805258461
295,naive,200,20,outcome,0.05,5,2,2000,0.014440406515229,0.136229396389163,0.136088915506591,0.369092666398512,0.279404464497447,0.952,2000,724.592456102371,0.008248906458027967,0.004310098478991058,0.005838775558788011
295,ipw_robust,200,20,outcome,0.05,5,2,2000,-0.0182948919936541,0.0437398833016988,0.0434268936754771,0.209140821700831,0.166474212175075,0.9545,2000,724.592456102371,0.0046597689682792804,0.0013838227212451784,0.0033083515451246786
295,dr_robust,200,20,outcome,0.05,5,2,2000,0.0008099451131249,0.0435968479349735,0.0436180009243494,0.208798582214951,0.166987232226643,0.9545,2000,724.592456102371,0.004670010756109101,0.0013793430437787693,0.0033030469583332296
295,aipw_robust,200,20,outcome,0.05,5,2,2000,-0.00069074898779,0.0488657399746306,0.0488897076943137,0.221055965706946,0.177292699031686,0.9505,2000,724.592456102371,0.004944173727444946,0.001546043392772359,0.003496950167863711
295,reg_adj,200,20,outcome,0.05,5,2,2000,0.0223793945081989,0.120325873564205,0.119884978755029,0.346880200594103,0.268431873156363,0.953,2000,724.592456102371,0.0077422535077013915,0.0038069008220450668,0.00548734233825536
295,adaptive,200,20,outcome,0.05,5,2,2000,-0.0199290233897826,0.0446757970569858,0.0443007814744525,0.211366499372502,0.168209968732496,0.953,2000,724.592456102371,0.004706420161569328,0.0014134174065820345,0.00334352276916669
296,naive,500,20,outcome,0.05,5,2,2000,0.0049824665390993,0.0633035456177131,0.0633103758328163,0.251601958692124,0.17833509950856,0.961,2000,1902.49336600304,0.005626294332543237,0.0020028347522474594,0.003980165263137427
296,ipw_robust,500,20,outcome,0.05,5,2,2000,-0.0153203037489622,0.0152657771601187,0.015038584745531,0.123554753692922,0.0990589767660589,0.949,2000,1902.49336600304,0.0027421328145743598,0.00048292700788038777,0.0019543036323824295
296,dr_robust,500,20,outcome,0.05,5,2,2000,0.0018936352959038,0.0147836399728194,0.0147874478421066,0.121587992716466,0.096490376638881,0.946,2000,1902.49336600304,0.002719140290800256,0.0004677335405546188,0.0019234363941073444
296,aipw_robust,500,20,outcome,0.05,5,2,2000,-0.0033927629231858,0.0178022615380966,0.0177996505231052,0.133425115844419,0.106027761028005,0.9505,2000,1902.49336600304,0.0029832574916611875,0.0005632382591871212,0.0021106905383686827
296,reg_adj,500,20,outcome,0.05,5,2,2000,0.0064066236188429,0.060408479512201,0.0603976335027589,0.24578136526637,0.174307655205356,0.964,2000,1902.49336600304,0.00549534500749311,0.0019112383821681758,0.0038880864301832577
296,adaptive,500,20,outcome,0.05,5,2,2000,-0.0152973027172867,0.0152579481475169,0.0150314564052953,0.123523067268899,0.0990206206327569,0.949,2000,1902.49336600304,0.002741482847410804,0.00048267963272204253,0.0019538036230564563
297,naive,1000,20,outcome,0.05,5,2,2000,0.0104297580205945,0.0230592161925169,0.0229619172987981,0.151852613387182,0.117325695484659,0.9535,2000,3389.48767590523,0.003388356334478275,0.0007295513922847036,0.0024021693667679927
297,ipw_robust,1000,20,outcome,0.05,5,2,2000,-0.0164864035901935,0.0077069007964828,0.0074388187024953,0.0877889560051992,0.0700000702569174,0.9495,2000,3389.48767590523,0.0019285770275640146,0.0002436796829885476,0.0013878720859496036
297,dr_robust,1000,20,outcome,0.05,5,2,2000,0.002949910724884,0.0071617528746454,0.0071566292159686,0.0846271402958023,0.0679849719596635,0.951,2000,3389.48767590523,0.001891643361731883,0.00022658750037755457,0.0013387401463971825
297,aipw_robust,1000,20,outcome,0.05,5,2,2000,-0.0032366813879427,0.0086586252901715,0.0086524754214751,0.0930517344823378,0.0747296586615951,0.9475,2000,3389.48767590523,0.002079960987792211,0.000273946380566764,0.0014720111456856394
297,reg_adj,1000,20,outcome,0.05,5,2,2000,0.0074791215258733,0.0213398328300066,0.0212945428426291,0.146081596479524,0.11423699515272,0.947,2000,3389.48767590523,0.0032630156943101807,0.0006751591453757744,0.002310897339728931
297,adaptive,1000,20,outcome,0.05,5,2,2000,-0.0164864035901935,0.0077069007964828,0.0074388187024953,0.0877889560051992,0.0700000702569174,0.9495,2000,3389.48767590523,0.0019285770275640146,0.0002436796829885476,0.0013878720859496036
298,naive,200,5,treatment,0.05,5,2,2000,-0.245446341044818,0.092099808831704,0.0318718384186242,0.303479503149231,0.260492846096195,0.7255,2000,179.92316699028,0.003991981864852607,0.0022036293201992455,0.0036306065110361793
298,ipw_robust,200,5,treatment,0.05,5,2,2000,-0.233085298406044,0.0868257582356794,0.0325132585319107,0.294662108584866,0.250854822949917,0.7445,2000,179.92316699028,0.004031951049548513,0.0021424102737592375,0.003635367784558901
298,dr_robust,200,5,treatment,0.05,5,2,2000,-0.218237024419483,0.0781457059737949,0.0305335739332915,0.27954553470552,0.236210659385892,0.7625,2000,179.92316699028,0.00390727359761839,0.0019597878823580913,0.0035053106543493514
298,aipw_robust,200,5,treatment,0.05,5,2,2000,-0.181683123301666,0.0781633053091436,0.0451771365847878,0.279577011410351,0.229443501250436,0.865,2000,179.92316699028,0.004752743238635336,0.0022413067490659874,0.004008388847422606
298,reg_adj,200,5,treatment,0.05,5,2,2000,-0.23905543535988,0.0862839913761773,0.0291510657339423,0.293741368173053,0.252079268426618,0.7195,2000,179.92316699028,0.003817791621732536,0.002044897493762584,0.003480778867615721
298,adaptive,200,5,treatment,0.05,5,2,2000,-0.239114823576822,0.0863195802099986,0.0291582604860671,0.293801940446279,0.252138656643559,0.719,2000,179.92316699028,0.0038182627257737976,0.002045605939374308,0.003481266897466837
299,naive,500,5,treatment,0.05,5,2,2000,-0.241800611131216,0.0704000056374904,0.0119384393137178,0.265329993851977,0.24240776529119,0.3965,2000,397.343372106552,0.0024431986527621735,0.0012403824341964324,0.0023374335034440554
299,ipw_robust,500,5,treatment,0.05,5,2,2000,-0.231694583243615,0.066571612669239,0.012895680605109,0.258014752813166,0.233248430255333,0.465,2000,397.343372106552,0.0025392597942224225,0.0012453273581706737,0.0024132871174859564
299,dr_robust,500,5,treatment,0.05,5,2,2000,-0.213925705751577,0.0573068547326283,0.0115484213619989,0.239388501671714,0.215414291003386,0.49,2000,397.343372106552,0.0024029587347683375,0.0010910429601295195,0.0022788123750941973
299,aipw_robust,500,5,treatment,0.05,5,2,2000,-0.175803810778489,0.0484362361673469,0.0175380252957562,0.220082339517161,0.187175845950998,0.741,2000,397.343372106552,0.0029612518717390623,0.0011796936557110916,0.00268011885528667
299,reg_adj,500,5,treatment,0.05,5,2,2000,-0.236091769851294,0.0669791414173069,0.0112454403459636,0.258803287106843,0.236712796522833,0.392,2000,397.343372106552,0.0023712275666797145,0.001174770790332446,0.0022696210768131777
299,adaptive,500,5,treatment,0.05,5,2,2000,-0.236091769851294,0.0669791414173069,0.0112454403459636,0.258803287106843,0.236712796522833,0.392,2000,397.343372106552,0.0023712275666797145,0.001174770790332446,0.0022696210768131777
300,naive,1000,5,treatment,0.05,5,2,2000,-0.244004916741596,0.0651000008745239,0.005564383672287,0.255147018157226,0.244004916741596,0.0985,2000,729.940778017044,0.00166799035852834,0.000832797310620886,0.0016319949898605161
300,ipw_robust,1000,5,treatment,0.05,5,2,2000,-0.23233976280017,0.0599371387788692,0.0059583525771187,0.244820625721913,0.232362749552107,0.1505,2000,729.940778017044,0.001726029052061219,0.0008238851541013295,0.001682630194396212
300,dr_robust,1000,5,treatment,0.05,5,2,2000,-0.21461777867163,0.0515127122812521,0.0054546486836492,0.226964121132068,0.21461777867163,0.171,2000,729.940778017044,0.0016514612746972301,0.0007295505859105934,0.001607193644245814
300,aipw_robust,1000,5,treatment,0.05,5,2,2000,-0.17412019720699,0.0385130407197776,0.0081992972930229,0.19624739672102,0.175951680280677,0.5235,2000,729.940778017044,0.0020247589107129397,0.0007512645961418861,0.0019140753169069131
300,reg_adj,1000,5,treatment,0.05,5,2,2000,-0.237423954716727,0.0616976232808981,0.0053301540846098,0.248390062766001,0.237423954716727,0.095,2000,729.940778017044,0.0016325063682279773,0.0007933054553321015,0.0015968945103883743
300,adaptive,1000,5,treatment,0.05,5,2,2000,-0.237423954716727,0.0616976232808981,0.0053301540846098,0.248390062766001,0.237423954716727,0.095,2000,729.940778017044,0.0016325063682279773,0.0007933054553321015,0.0015968945103883743
301,naive,200,10,treatment,0.05,5,2,2000,-0.2498569909062,0.0962601062976177,0.0338485146502418,0.310258128495641,0.265105682044377,0.7355,2000,308.199323177338,0.004113910223269451,0.0023177461065470215,0.0037351899816213596
301,ipw_robust,200,10,treatment,0.05,5,2,2000,-0.229258614423076,0.0864350632645362,0.0338924972259604,0.29399840690816,0.24750589411653,0.7605,2000,308.199323177338,0.0041165821518561,0.0021705869291494587,0.0036914943723275217
301,dr_robust,200,10,treatment,0.05,5,2,2000,-0.223143170613219,0.0821108720094091,0.0323341645003393,0.28654994679708,0.241449740024394,0.7675,2000,308.199323177338,0.004020831039744104,0.0020653135814921726,0.003603758445215699
301,aipw_robust,200,10,treatment,0.05,5,2,2000,-0.187215897182901,0.0807188044415606,0.0456918582126684,0.284110549683676,0.231311821883043,0.8605,2000,308.199323177338,0.004779741531331396,0.0023001578585523487,0.004047997973171546
301,reg_adj,200,10,treatment,0.05,5,2,2000,-0.239526015398125,0.0870974494461073,0.0297396071972032,0.295122770124752,0.252527016354619,0.715,2000,308.199323177338,0.0038561384309437857,0.002072903296539252,0.0035119338566505904
301,adaptive,200,10,treatment,0.05,5,2,2000,-0.239901656967183,0.0874497463226596,0.0299118972556873,0.295719032736582,0.252876660686186,0.7165,2000,308.199323177338,0.0038672921570323143,0.0020827262850027254,0.0035214613441163895
302,naive,500,10,treatment,0.05,5,2,2000,-0.254047619450214,0.0768378688713678,0.0123038278369655,0.277196444550373,0.254829624956785,0.3785,2000,722.197145938873,0.0024803052067200824,0.0013189264667308157,0.0023790465077396334
302,ipw_robust,500,10,treatment,0.05,5,2,2000,-0.233807213955117,0.0674446174544977,0.0127851967554218,0.259701015505326,0.235008425150466,0.467,2000,722.197145938873,0.0025283588308843545,0.001249514951363548,0.0024056797562617208
302,dr_robust,500,10,treatment,0.05,5,2,2000,-0.224253021393259,0.0618956564073059,0.0116120448257132,0.248788376752826,0.225436197961888,0.4585,2000,722.197145938873,0.002409568926770222,0.001141387545046737,0.0022938924236414753
302,aipw_robust,500,10,treatment,0.05,5,2,2000,-0.185166717808179,0.0521587581752248,0.0178809852840131,0.228382920060202,0.194721903055939,0.716,2000,722.197145938873,0.002990065658477511,0.0012433382764295575,0.0027220474195307864
302,reg_adj,500,10,treatment,0.05,5,2,2000,-0.244520370982061,0.0710585421186599,0.0112739672770938,0.26656808158266,0.245200914443876,0.371,2000,722.197145938873,0.002374233273826921,0.0012145979258094885,0.0022782133528481997
302,adaptive,500,10,treatment,0.05,5,2,2000,-0.244504460540335,0.0710475613285288,0.0112707654871521,0.266547484190958,0.24518500400215,0.371,2000,722.197145938873,0.002373896110527175,0.001214338371222822,0.002277902518773831
303,naive,1000,10,treatment,0.05,5,2,2000,-0.247310374643953,0.0673570690973582,0.0061977465641079,0.2595324047154,0.24731999280031,0.117,2000,1271.35287499428,0.0017603616906914188,0.0008924967432560315,0.0017194321923590472
303,ipw_robust,1000,10,treatment,0.05,5,2,2000,-0.228221583824983,0.0586054329823089,0.0065236034604555,0.242085590199642,0.228473211004569,0.19,2000,1271.35287499428,0.0018060458826474344,0.0008497778333791781,0.0017551185774386392
303,dr_robust,1000,10,treatment,0.05,5,2,2000,-0.21781634222189,0.0534057187533332,0.0059647421855027,0.231096773567554,0.217931103903165,0.187,2000,1271.35287499428,0.0017269542821833329,0.0007756030660073653,0.0016780915069345217
303,aipw_robust,1000,10,treatment,0.05,5,2,2000,-0.183055739964119,0.0422684220618669,0.0087633998279698,0.205592855084672,0.185323652379495,0.5035,2000,1271.35287499428,0.002093251039408532,0.0008149293134270748,0.001981900862000899
303,reg_adj,1000,10,treatment,0.05,5,2,2000,-0.238948801377184,0.0629246272823037,0.0058310131092653,0.250847816977353,0.238951074848069,0.12,2000,1271.35287499428,0.0017074854478538464,0.000836577515829195,0.001667500092107086
303,adaptive,1000,10,treatment,0.05,5,2,2000,-0.238948801377184,0.0629246272823037,0.0058310131092653,0.250847816977353,0.238951074848069,0.12,2000,1271.35287499428,0.0017074854478538464,0.000836577515829195,0.001667500092107086
304,naive,200,20,treatment,0.05,5,2,2000,-0.254594150196206,0.105916263466084,0.0411186414726918,0.325447789155317,0.275412468806759,0.763,2000,723.835829973221,0.00453423871629471,0.0026497573083765456,0.004070940711033641
304,ipw_robust,200,20,treatment,0.05,5,2,2000,-0.234898550600755,0.0952107588245184,0.0400534564784219,0.308562406693554,0.259261381794261,0.7845,2000,723.835829973221,0.004475123265253254,0.002454458162857488,0.003977247567450936
304,dr_robust,200,20,treatment,0.05,5,2,2000,-0.228098681691376,0.0893383537005132,0.0373280091157274,0.298895221943264,0.250981503459769,0.7805,2000,723.835829973221,0.004320185708724071,0.0022973155809236107,0.003843011550983717
304,aipw_robust,200,20,treatment,0.05,5,2,2000,-0.197008467887751,0.0873782445787501,0.0485902032609017,0.295598113286858,0.243287062561635,0.8615,2000,723.835829973221,0.004929006150376651,0.0024764503799272275,0.004188880558794366
304,reg_adj,200,20,treatment,0.05,5,2,2000,-0.244805245728869,0.0922542109448167,0.0323407729949424,0.303733783015352,0.259760043351584,0.7175,2000,723.835829973221,0.004021241909842182,0.002218617884106053,0.003652240890164521
304,adaptive,200,20,treatment,0.05,5,2,2000,-0.243940422461931,0.0932378199137546,0.0337477640848918,0.305348685790122,0.260748917335861,0.728,2000,723.835829973221,0.004107783105574818,0.002270542497142315,0.0037179503348230346
305,naive,500,20,treatment,0.05,5,2,2000,-0.253009795513637,0.0772720680611076,0.0132647438071587,0.277978538849868,0.254193305102175,0.4135,2000,1956.74793505669,0.0025753391822397587,0.0013690182240271888,0.002462453090248407
305,ipw_robust,500,20,treatment,0.05,5,2,2000,-0.234345270281222,0.0684607343158786,0.0135498035144569,0.261650022579549,0.235978188250924,0.474,2000,1956.74793505669,0.0026028641449811494,0.0012929986151446868,0.0024708551568184533
305,dr_robust,500,20,treatment,0.05,5,2,2000,-0.222817384514934,0.0619127151999599,0.0122712639898791,0.248822658132172,0.224446531846932,0.4795,2000,1956.74793505669,0.0024770207901710375,0.0011700688907532017,0.002351210495733217
305,aipw_robust,500,20,treatment,0.05,5,2,2000,-0.18924596833954,0.0532313309769272,0.017426007447881,0.230719160402701,0.198789275655777,0.7,2000,1956.74793505669,0.0029517797553239807,0.0012457355539162694,0.002699679453890917
305,reg_adj,500,20,treatment,0.05,5,2,2000,-0.242442251852567,0.0702862193844019,0.0115137307664414,0.265115483109534,0.243208483999541,0.3795,2000,1956.74793505669,0.0023993468659659653,0.0012190487205194609,0.002299090015832466
305,adaptive,500,20,treatment,0.05,5,2,2000,-0.242442251852567,0.0702862193844019,0.0115137307664414,0.265115483109534,0.243208483999541,0.3795,2000,1956.74793505669,0.0023993468659659653,0.0012190487205194609,0.002299090015832466
306,naive,1000,20,treatment,0.05,5,2,2000,-0.252554476565415,0.0697817702193471,0.0060010070896611,0.264162393650851,0.252554476565415,0.0955,2000,3511.71372389793,0.0017321961623414798,0.000895290858674841,0.0016945842409691475
306,ipw_robust,1000,20,treatment,0.05,5,2,2000,-0.233927146240555,0.0609495700473125,0.0062307756869058,0.246879667140314,0.233927146240555,0.16,2000,3511.71372389793,0.001765046130686929,0.0008489655206552476,0.0017193913344284004
306,dr_robust,1000,20,treatment,0.05,5,2,2000,-0.223319456811701,0.0555898173653673,0.0057210981237558,0.235774929467421,0.22332675145859,0.1565,2000,3511.71372389793,0.0016913157782856222,0.0007767698287652259,0.0016472697723202132
306,aipw_robust,1000,20,treatment,0.05,5,2,2000,-0.183925982887323,0.0424214553400909,0.008596986652349,0.205964694401955,0.185130577806134,0.4965,2000,3511.71372389793,0.002073280812185002,0.0008096660418609583,0.001965545707267762
306,reg_adj,1000,20,treatment,0.05,5,2,2000,-0.243580663680748,0.0649347245950841,0.0056059878698654,0.254822927922673,0.243580663680748,0.096,2000,3511.71372389793,0.001674214423224427,0.0008346561471223364,0.0016377179124470618
306,adaptive,1000,20,treatment,0.05,5,2,2000,-0.243580663680748,0.0649347245950841,0.0056059878698654,0.254822927922673,0.243580663680748,0.096,2000,3511.71372389793,0.001674214423224427,0.0008346561471223364,0.0016377179124470618
307,naive,200,5,mixed,0.05,5,2,2000,-0.14369837792419,0.0780673585803742,0.0574468581914265,0.279405366055082,0.222790696487981,0.9115,2000,174.980755090714,0.005359424325029065,0.002381723657551856,0.0042621294128658985
307,ipw_robust,200,5,mixed,0.05,5,2,2000,-0.151332694633477,0.0585199353074321,0.0356361689268664,0.24190894011473,0.196632463182182,0.8725,2000,174.980755090714,0.00422114729231677,0.0017035803477269624,0.0035211190353672058
307,dr_robust,200,5,mixed,0.05,5,2,2000,-0.137916843234739,0.0639190535991417,0.0449204581803963,0.252822177822955,0.191106337081342,0.92,2000,174.980755090714,0.004739222414088428,0.0019304705728624587,0.0038178426226007723
307,aipw_robust,200,5,mixed,0.05,5,2,2000,-0.0996947720557821,0.0548562407859466,0.0449396630422133,0.234214091774911,0.187608330366205,0.9255,2000,174.980755090714,0.00474023538667719,0.0017067185510014787,0.0036435009910541646
307,reg_adj,200,5,mixed,0.05,5,2,2000,-0.164140184771697,0.0818097566944827,0.0548952040396159,0.286024049154058,0.229709495954978,0.8965,2000,174.980755090714,0.005239045907396493,0.002443656405721851,0.004271767379262663
307,adaptive,200,5,mixed,0.05,5,2,2000,-0.163049604218692,0.0622415602892986,0.0356742239654091,0.249482585142327,0.204383071390195,0.864,2000,174.980755090714,0.0042234005235952405,0.0017802980419455786,0.0035679805885648064
308,naive,500,5,mixed,0.05,5,2,2000,-0.152642195674626,0.0564733223212189,0.033190277559628,0.237641162935252,0.193713063511491,0.8805,2000,394.539887905121,0.004073713144026467,0.0016273406389414994,0.003423945201330475
308,ipw_robust,500,5,mixed,0.05,5,2,2000,-0.154818701868296,0.0467651274477093,0.0228077008499499,0.216252462292824,0.177513636148008,0.828,2000,394.539887905121,0.003376958753816065,0.001270251568482213,0.0029369644049698396
308,dr_robust,500,5,mixed,0.05,5,2,2000,-0.191779340534747,0.0712062314133911,0.0344441380264617,0.266844957631564,0.209339748030497,0.8405,2000,394.539887905121,0.004149948073558373,0.0019287462976121201,0.0036139830310662324
308,aipw_robust,500,5,mixed,0.05,5,2,2000,-0.0964331307203172,0.0280888600979077,0.0187989108528123,0.167597315306384,0.135039478280206,0.8925,2000,394.539887905121,0.003065853131904095,0.0008384714089774522,0.002501446420679967
308,reg_adj,500,5,mixed,0.05,5,2,2000,-0.182809772214068,0.0572771869577401,0.0238697089952783,0.239326527902237,0.202033147427905,0.7815,2000,394.539887905121,0.0034546858753928917,0.0014714572114020376,0.0030741623678322786
308,adaptive,500,5,mixed,0.05,5,2,2000,-0.162614677151257,0.0488992492362356,0.022466949485971,0.221131746332895,0.182894923053518,0.8095,2000,394.539887905121,0.003351637621072048,0.0013011436775386695,0.0029420101344921966
309,naive,1000,5,mixed,0.05,5,2,2000,-0.159349280448611,0.0451798273489655,0.0197975329359435,0.212555468875692,0.178643258323721,0.805,2000,747.10147190094,0.0031462305172971273,0.001182094696681851,0.002780673447111283
309,ipw_robust,1000,5,mixed,0.05,5,2,2000,-0.160586644886376,0.0387270875970643,0.0129454898261143,0.196791990683219,0.168587019606958,0.72,2000,747.10147190094,0.002544158979517033,0.0009139278504534562,0.00232206566761304
309,dr_robust,1000,5,mixed,0.05,5,2,2000,-0.242219519029417,0.0791046823248219,0.0204446092305952,0.281255546300552,0.24499235104193,0.6105,2000,747.10147190094,0.003197233900623725,0.001678381533602407,0.002983730553368136
309,aipw_robust,1000,5,mixed,0.05,5,2,2000,-0.0915713499693867,0.0170959660393478,0.0087150114098368,0.130751543162396,0.108105265327742,0.8405,2000,747.10147190094,0.002087463940986383,0.00047128293597422413,0.0018022079303067243
309,reg_adj,1000,5,mixed,0.05,5,2,2000,-0.192341495331585,0.0492485295620229,0.0122594084398526,0.221920097246786,0.197070068216265,0.5785,2000,747.10147190094,0.002475823947684144,0.0010282863782653893,0.0023167941773247435
309,adaptive,1000,5,mixed,0.05,5,2,2000,-0.162290516565439,0.0391471784815621,0.0128153744016859,0.197856459286934,0.170113616672733,0.711,2000,747.10147190094,0.0025313409886546204,0.0009161342209454622,0.0023151486290798134
310,naive,200,10,mixed,0.05,5,2,2000,-0.140417741566506,0.0872672373661008,0.0675838871630443,0.29541028649338,0.226692514484356,0.9345,2000,297.597809076309,0.005813083827154237,0.0026893687036364665,0.004551921220415481
310,ipw_robust,200,10,mixed,0.05,5,2,2000,-0.132596081142457,0.0533854978392666,0.035821687948904,0.231053019541547,0.186762020038442,0.893,2000,297.597809076309,0.0042321205056628525,0.0015946181847103864,0.0034507624870568914
310,dr_robust,200,10,mixed,0.05,5,2,2000,-0.11567341735057,0.0500673158752012,0.0367053290581711,0.223757269994075,0.178434162628225,0.911,2000,297.597809076309,0.004284000995458048,0.001526283298876704,0.003410578120918975
310,aipw_robust,200,10,mixed,0.05,5,2,2000,-0.0924571226571989,0.0533568188312709,0.0448309147586018,0.230990949673945,0.184461538855808,0.9315,2000,297.597809076309,0.004734496528597407,0.0016662139377807386,0.003606664980019089
310,reg_adj,200,10,mixed,0.05,5,2,2000,-0.153176609966103,0.0869099295129254,0.0634785949697027,0.294804900761377,0.228485114481418,0.923,2000,297.597809076309,0.005633764060097951,0.0026473265649489828,0.004489963630373635
310,adaptive,200,10,mixed,0.05,5,2,2000,-0.143734136054012,0.0574016204741804,0.0367604988564154,0.239586352854624,0.195529009796344,0.8765,2000,297.597809076309,0.004287219311885934,0.0016941786994584293,0.003535632725471683
311,naive,500,10,mixed,0.05,5,2,2000,-0.139707699364331,0.0502373992106011,0.0307345252115327,0.224137009908228,0.178124638005787,0.893,2000,670.232832193375,0.003920110024701647,0.001464369760771422,0.003266684429695485
311,ipw_robust,500,10,mixed,0.05,5,2,2000,-0.134064678916203,0.0375447592355561,0.0195812117085058,0.193764700695344,0.158326639005904,0.8475,2000,670.232832193375,0.0031289943838640716,0.0010427383804920845,0.0026907335978898985
311,dr_robust,500,10,mixed,0.05,5,2,2000,-0.150965707079086,0.0498070173221251,0.0270298875520126,0.223174858176554,0.172664969343113,0.867,2000,670.232832193375,0.0036762676420530513,0.0014009539424203043,0.003138691234906056
311,aipw_robust,500,10,mixed,0.05,5,2,2000,-0.0866026212845794,0.0253956850960794,0.0179046233944163,0.159360236872563,0.12894645164493,0.9055,2000,670.232832193375,0.0029920413929636984,0.0007675580705197495,0.0024082483986690778
311,reg_adj,500,10,mixed,0.05,5,2,2000,-0.164670602285423,0.0524690230331428,0.0253652984253115,0.229061177490082,0.186773221155651,0.84,2000,670.232832193375,0.0035612707300422624,0.0014209257154402953,0.0031016292918118332
311,adaptive,500,10,mixed,0.05,5,2,2000,-0.141206129652122,0.0392478826442276,0.019318370778285,0.198110783765618,0.162635382768087,0.8305,2000,670.232832193375,0.003107923002447535,0.00106938489249187,0.002698956796206116
312,naive,1000,10,mixed,0.05,5,2,2000,-0.147731452848238,0.0415274817390954,0.0197127559564226,0.203782927987345,0.168953414519287,0.8305,2000,1249.12523293495,0.0031394868972829462,0.001117603718392658,0.002742142655007052
312,ipw_robust,1000,10,mixed,0.05,5,2,2000,-0.143584759438844,0.0335343330173189,0.0129242119801983,0.183123818814809,0.154945239073882,0.7655,2000,1249.12523293495,0.002542067267028776,0.0008366250277197023,0.00228431515117586
312,dr_robust,1000,10,mixed,0.05,5,2,2000,-0.20849855136815,0.0641866743976748,0.0207253911706429,0.253350891843062,0.215570306850659,0.6985,2000,1249.12523293495,0.003219114099456782,0.0014938124287647385,0.0029481096709343332
312,aipw_robust,1000,10,mixed,0.05,5,2,2000,-0.0897630104949765,0.0169902859336025,0.0089373565587606,0.130346791036843,0.106360378212314,0.839,2000,1249.12523293495,0.0021139248518763152,0.0004731807486908544,0.0018150839960345022
312,reg_adj,1000,10,mixed,0.05,5,2,2000,-0.17737843070229,0.0436037651360583,0.0121467308230629,0.208815145849285,0.182054621195375,0.6415,2000,1249.12523293495,0.0024644198935107327,0.0009549297719420289,0.002286543363648683
312,adaptive,1000,10,mixed,0.05,5,2,2000,-0.145601376907095,0.033940250433318,0.0127468629075298,0.18422879914204,0.156366610471755,0.756,2000,1249.12523293495,0.00252456559704138,0.0008384172035282258,0.00227547812131644
313,naive,200,20,mixed,0.05,5,2,2000,-0.121973902026333,0.0894001197648849,0.0745597668727918,0.298998528031301,0.225269129132305,0.9455,2000,708.822808027267,0.006105725463562532,0.0027888536173220047,0.004663657770632989
313,ipw_robust,200,20,mixed,0.05,5,2,2000,-0.122227852947989,0.0552471265608688,0.0403276423457664,0.235047073074456,0.18818042720653,0.9135,2000,708.822808027267,0.004490414365388031,0.001682640871584049,0.0035793699737989037
313,dr_robust,200,20,mixed,0.05,5,2,2000,-0.107599430150901,0.0499854835451416,0.038427059706196,0.223574335613777,0.177906902025673,0.9175,2000,708.822808027267,0.004383324064348653,0.0015383198765271718,0.003440287259054206
313,aipw_robust,200,20,mixed,0.05,5,2,2000,-0.0919659553362902,0.0580893082807933,0.0496563995396466,0.241017236480699,0.191448799362642,0.9345,2000,708.822808027267,0.004982790359810786,0.0018181637837994063,0.003771854267246582
313,reg_adj,200,20,mixed,0.05,5,2,2000,-0.12595548903513,0.0753472651581478,0.0595122360580981,0.274494563075752,0.214999611613147,0.9205,2000,708.822808027267,0.005454916867290376,0.002330236882047284,0.0042445956960615846
313,adaptive,200,20,mixed,0.05,5,2,2000,-0.132542097653615,0.0565398261863276,0.0389919144931537,0.237781046734864,0.190914586702601,0.9015,2000,708.822808027267,0.004415422657750541,0.0017001009116474656,0.0035749294045777135
314,naive,500,20,mixed,0.05,5,2,2000,-0.127424483182127,0.0432024421693092,0.0269789327214378,0.207851971771521,0.164650632197984,0.893,2000,1764.94916701317,0.0036728008877039467,0.0012664819830531045,0.003046596027593308
314,ipw_robust,500,20,mixed,0.05,5,2,2000,-0.128442639126391,0.0319858559466778,0.015496092447149,0.17884589999963,0.146703204824709,0.8185,2000,1764.94916701317,0.002783531250691197,0.0008668464738651013,0.002423445194625358
314,dr_robust,500,20,mixed,0.05,5,2,2000,-0.106642744708914,0.0271952210400016,0.0158304612715868,0.164909736037632,0.131158663096394,0.8705,2000,1764.94916701317,0.0028134019683993612,0.0007814556201889123,0.002369343493493271
314,aipw_robust,500,20,mixed,0.05,5,2,2000,-0.0867344060801687,0.0250283473491251,0.0175142472746828,0.158203499800494,0.12770452229221,0.9025,2000,1764.94916701317,0.0029592437610547395,0.0007551577450819935,0.0023866657375920942
314,reg_adj,500,20,mixed,0.05,5,2,2000,-0.145069642724142,0.0451296574810114,0.0240965044931479,0.21243742015241,0.171818068555056,0.853,2000,1764.94916701317,0.003471059239853729,0.001262882853344415,0.0029723644083946674
314,adaptive,500,20,mixed,0.05,5,2,2000,-0.134595505820105,0.0336621858246333,0.0155540126439853,0.183472575129454,0.151439366729402,0.805,2000,1764.94916701317,0.0027887284417799896,0.0008974846772291605,0.002445827875353894
315,naive,1000,20,mixed,0.05,5,2,2000,-0.148087859155458,0.0390687616935832,0.017147321324999,0.197658194096737,0.164291930134306,0.803,2000,3129.20780992508,0.0029280813961533756,0.0010227964719655743,0.002587285785544013
315,ipw_robust,1000,20,mixed,0.05,5,2,2000,-0.143570140639521,0.0313693122967576,0.0107623081675895,0.177113839935668,0.15187975336489,0.724,2000,3129.20780992508,0.002319731468035632,0.0007479979692947364,0.002111630490215861
315,dr_robust,1000,20,mixed,0.05,5,2,2000,-0.159091587265523,0.0395971226045236,0.0142941365341272,0.19899025756183,0.166196865015426,0.753,2000,3129.20780992508,0.0026734001322405144,0.0009632732409956468,0.00242040302072663
315,aipw_robust,1000,20,mixed,0.05,5,2,2000,-0.0894211756784582,0.0173972121302997,0.0094057683547594,0.131898491766584,0.108132352920357,0.846,2000,3129.20780992508,0.00216861342276112,0.0004887619919422629,0.0018527959849882415
315,reg_adj,1000,20,mixed,0.05,5,2,2000,-0.172180067232794,0.0424065713030629,0.0127669792403938,0.205928558735943,0.179125414052659,0.668,2000,3129.20780992508,0.0025265568705645437,0.0009591532035077866,0.002328849406307176
315,adaptive,1000,20,mixed,0.05,5,2,2000,-0.146901988880327,0.0323362856157857,0.0107614720147974,0.179822928504086,0.154829128684928,0.7165,2000,3129.20780992508,0.00231964135318344,0.0007617601950667973,0.002118084165917386
316,naive,200,5,none,0.1,5,2,2000,0.0112445539173573,0.0299874287137956,0.0298759266843374,0.173168786776935,0.137093585776952,0.951,2000,179.582173109055,0.0038649661501970107,0.0009487497136535255,0.002739378531523826
316,ipw_robust,200,5,none,0.1,5,2,2000,-0.0193690629476266,0.0315122759778445,0.0311526917242375,0.177516973773903,0.141017521242974,0.948,2000,179.582173109055,0.003946687961078093,0.0009969276436482533,0.0028079783652632685
316,dr_robust,200,5,none,0.1,5,2,2000,0.0069835698727773,0.0293355195489653,0.0293014000007978,0.171276149971224,0.137136596520782,0.952,2000,179.582173109055,0.00382762328350099,0.00092813259564901,0.0027094624552366016
316,aipw_robust,200,5,none,0.1,5,2,2000,0.0030141843503845,0.0410586117236395,0.0410700614470649,0.202629246960155,0.161015485098708,0.952,2000,179.582173109055,0.004531559414101557,0.001299036649030228,0.0032054519979676736
316,reg_adj,200,5,none,0.1,5,2,2000,0.011192773297096,0.027512148009106,0.0274005701200859,0.165867863099233,0.132476871887838,0.9475,2000,179.582173109055,0.003701389612029913,0.0008704347360328315,0.0026238799963079064
316,adaptive,200,5,none,0.1,5,2,2000,0.010970210181549,0.0275493914536266,0.0274427673258622,0.165980093546264,0.132541243417133,0.947,2000,179.582173109055,0.0037042386077210387,0.000871613851564462,0.002625657791069732
317,naive,500,5,none,0.1,5,2,2000,0.0112599133780531,0.0122466599899273,0.0121259373093007,0.110664628449777,0.0877849597567581,0.948,2000,399.678625106812,0.002462309617950259,0.0003874443770386889,0.001750533944161404
317,ipw_robust,500,5,none,0.1,5,2,2000,-0.0181646990635973,0.0132800570743785,0.0129565790718433,0.115239129961912,0.09219661458813,0.948,2000,399.678625106812,0.0025452484232234875,0.00042002755959802136,0.0018224172628552723
317,dr_robust,500,5,none,0.1,5,2,2000,0.0067287056955027,0.0121124130022205,0.0120731741089383,0.110056408274214,0.0875927154193218,0.9445,2000,399.678625106812,0.0024569466934529025,0.0003832163495712043,0.0017409997090600637
317,aipw_robust,500,5,none,0.1,5,2,2000,0.0011835467463274,0.0170099655345364,0.0170170732882798,0.130422258585475,0.104027765529486,0.9455,2000,399.678625106812,0.0029169396024155006,0.000538171401831472,0.0020631884759102297
317,reg_adj,500,5,none,0.1,5,2,2000,0.0100185400887463,0.0115487700338439,0.0114541259513097,0.107465203828234,0.0854727380750783,0.947,2000,399.678625106812,0.0023931282823231293,0.0003653714942268481,0.0016999525484120246
317,adaptive,500,5,none,0.1,5,2,2000,0.0100185400887463,0.0115487700338439,0.0114541259513097,0.107465203828234,0.0854727380750783,0.947,2000,399.678625106812,0.0023931282823231293,0.0003653714942268481,0.0016999525484120246
318,naive,1000,5,none,0.1,5,2,2000,0.0092149341690657,0.0058690842543382,0.0057870627739849,0.076609948794776,0.0605940873736046,0.9465,2000,732.888571023941,0.0017010383261386118,0.00018566882494600536,0.0012117801138555651
318,ipw_robust,1000,5,none,0.1,5,2,2000,-0.0200375869703064,0.0066015392277521,0.0062031359041116,0.0812498567860409,0.0649529814577136,0.9405,2000,732.888571023941,0.0017611268983397533,0.00020847079858413582,0.0012828994833376252
318,dr_robust,1000,5,none,0.1,5,2,2000,0.0051584520829566,0.0057605242719827,0.0057367830356084,0.0758981177104067,0.0599740212527104,0.9435,2000,732.888571023941,0.0016936326395662667,0.00018225253611787003,0.0012006393677196597
318,aipw_robust,1000,5,none,0.1,5,2,2000,-0.0012674444925939,0.0085962251923265,0.0085989182359027,0.0927158303221547,0.074382631414663,0.9495,2000,732.888571023941,0.0020735137129884985,0.0002719724649657273,0.0014666991819019429
318,reg_adj,1000,5,none,0.1,5,2,2000,0.0082470320572394,0.0055766962601301,0.0055114384415977,0.0746772807494361,0.0590819166612003,0.9485,2000,732.888571023941,0.0016600359094907705,0.0001764246540270499,0.001181247176226232
318,adaptive,1000,5,none,0.1,5,2,2000,0.0082470320572394,0.0055766962601301,0.0055114384415977,0.0746772807494361,0.0590819166612003,0.9485,2000,732.888571023941,0.0016600359094907705,0.0001764246540270499,0.001181247176226232
319,naive,200,10,none,0.1,5,2,2000,0.0070297980883435,0.032450658120191,0.0324174487834199,0.180140662039949,0.142231768492336,0.949,2000,307.112267971039,0.0040260060098949125,0.0010266912878558478,0.0028496933347235145
319,ipw_robust,200,10,none,0.1,5,2,2000,-0.0152097260474044,0.0335208572065785,0.0333061745274051,0.183087020857784,0.146165905611789,0.9535,2000,307.112267971039,0.0040808194353220955,0.0010605239650629014,0.002896229235950815
319,dr_robust,200,10,none,0.1,5,2,2000,0.0023327029893889,0.0312372187392858,0.0312474009365173,0.176740540734959,0.140909772741462,0.9535,2000,307.112267971039,0.003952682692584702,0.0009883016396597403,0.0027959109877959535
319,aipw_robust,200,10,none,0.1,5,2,2000,0.0011550213292204,0.0418519785700683,0.0418715802859403,0.204577561257505,0.16411737444792,0.948,2000,307.112267971039,0.004575564461677941,0.001324137815802355,0.003236273342157114
319,reg_adj,200,10,none,0.1,5,2,2000,0.0068051310415882,0.0282531623887884,0.0282209630618261,0.168086770415724,0.134098664764534,0.948,2000,307.112267971039,0.0037563920896137894,0.0008938884555282757,0.002659008955069599
319,adaptive,200,10,none,0.1,5,2,2000,0.0058333366468938,0.0285186674420828,0.0284988890701819,0.168874709302734,0.134802995527107,0.9475,2000,307.112267971039,0.003774843643793866,0.0009022894148588652,0.0026714758491201075
320,naive,500,10,none,0.1,5,2,2000,0.00574465315472,0.0117302252517411,0.011703075749748,0.108306164421704,0.0858885232311546,0.9445,2000,724.069570064545,0.0024189952201015196,0.00037112586725143785,0.0017133183011006257
320,ipw_robust,500,10,none,0.1,5,2,2000,-0.016700962512098,0.0124678002023581,0.0121949755412982,0.111659304145951,0.0895135989136852,0.9445,2000,724.069570064545,0.0024693091687047006,0.00039436065475487023,0.0017659104083229708
320,dr_robust,500,10,none,0.1,5,2,2000,0.0009461260702758,0.011402486683695,0.0114072951767425,0.106782426848686,0.0847925096674569,0.949,2000,724.069570064545,0.0023882310584135806,0.00036075865316508406,0.0016892229546172904
320,aipw_robust,500,10,none,0.1,5,2,2000,-0.0056251448317077,0.0162720598877761,0.0162485419043506,0.127561984492936,0.102150179143048,0.9515,2000,724.069570064545,0.0028503106764307816,0.0005148236542835278,0.0020179352662549606
320,reg_adj,500,10,none,0.1,5,2,2000,0.0061494447291936,0.0109463230271338,0.0109139643388258,0.104624676951156,0.0837690593850707,0.9495,2000,724.069570064545,0.0023360184437227587,0.00034632362805220166,0.0016550762121534804
320,adaptive,500,10,none,0.1,5,2,2000,0.0061494447291936,0.0109463230271338,0.0109139643388258,0.104624676951156,0.0837690593850707,0.9495,2000,724.069570064545,0.0023360184437227587,0.00034632362805220166,0.0016550762121534804
321,naive,1000,10,none,0.1,5,2,2000,0.0099163441327183,0.0062748660396155,0.0061796219696418,0.0792140520338122,0.062783137978217,0.945,2000,1283.48466992378,0.0017577858188132308,0.00019850204056871086,0.0012529471443020052
321,ipw_robust,1000,10,none,0.1,5,2,2000,-0.0129220418596352,0.0064713301111039,0.0063075046976306,0.0804445778850505,0.0641074610073326,0.944,2000,1283.48466992378,0.0017758807248279091,0.00020467305454380548,0.0012721370409592336
321,dr_robust,1000,10,none,0.1,5,2,2000,0.0056430222840031,0.0060507538076252,0.0060219210676613,0.0777865914385329,0.0617200423220804,0.945,2000,1283.48466992378,0.0017352119564568041,0.00019143420239586882,0.0012305090045444428
321,aipw_robust,1000,10,none,0.1,5,2,2000,0.0007716643803252,0.0083458244834913,0.0083494037194352,0.0913554841456787,0.0731142360980312,0.9495,2000,1283.48466992378,0.002043208716631172,0.00026405015819117353,0.0014451795678194304
321,reg_adj,1000,10,none,0.1,5,2,2000,0.0097088842457946,0.0058872148682874,0.0057958503601692,0.0767281882249765,0.060660232575439,0.9475,2000,1283.48466992378,0.0017023293394888663,0.0001862378675603796,0.0012136209121366662
321,adaptive,1000,10,none,0.1,5,2,2000,0.0097088842457946,0.0058872148682874,0.0057958503601692,0.0767281882249765,0.060660232575439,0.9475,2000,1283.48466992378,0.0017023293394888663,0.0001862378675603796,0.0012136209121366662
322,naive,200,20,none,0.1,5,2,2000,0.0099169874378279,0.0374820933155352,0.037402447899643,0.193602926929154,0.152212950741716,0.9475,2000,724.351901054382,0.004324491178141251,0.0011858751700879408,0.0030626478351794065
322,ipw_robust,200,20,none,0.1,5,2,2000,-0.0138184026910424,0.0376750210742007,0.0375028242333856,0.19410054372464,0.154807128944848,0.954,2000,724.351901054382,0.004330290073042775,0.0011919664521348584,0.0030704871538789636
322,dr_robust,200,20,none,0.1,5,2,2000,0.0029293153721239,0.0354484842389547,0.0354576321664886,0.188277678546754,0.148721056788885,0.9525,2000,724.351901054382,0.004210560067644719,0.0011215400995210542,0.0029784202465682834
322,aipw_robust,200,20,none,0.1,5,2,2000,0.0061764999465356,0.043304436077887,0.0432879308917433,0.208097179408773,0.165064350174886,0.946,2000,724.351901054382,0.0046523075399065835,0.001370090419119672,0.0032919485574293933
322,reg_adj,200,20,none,0.1,5,2,2000,0.0085030487212707,0.0288215167556081,0.02876359671641,0.169769009997726,0.136071263435357,0.9545,2000,724.351901054382,0.0037923341569810276,0.0009118683116870122,0.0026856147411686805
322,adaptive,200,20,none,0.1,5,2,2000,0.0062341402078467,0.0313576028121162,0.0313344055107405,0.177080780470711,0.140622374261057,0.951,2000,724.351901054382,0.0039581817486530665,0.0009921091477132745,0.002801289742105492
323,naive,500,20,none,0.1,5,2,2000,0.0090451119205035,0.0122301175919016,0.0121543807326135,0.110589862066564,0.0877107313502896,0.952,2000,1975.05846881866,0.002465195806889739,0.0003869338046887092,0.001749409021126249
323,ipw_robust,500,20,none,0.1,5,2,2000,-0.013710392786551,0.012425870892741,0.0122440180313952,0.111471390467424,0.0880331341092139,0.9495,2000,1975.05846881866,0.002474269390284251,0.00039308919211476903,0.0017631842146512203
323,dr_robust,500,20,none,0.1,5,2,2000,0.0050191279973055,0.011862761264164,0.0118434913639926,0.10891630394098,0.0865934514731943,0.954,2000,1975.05846881866,0.002433463721117761,0.00037531986593995363,0.0017229737530541501
323,aipw_robust,500,20,none,0.1,5,2,2000,0.0005265589956637,0.0157017020828858,0.015709279458239,0.125306432727477,0.099575182602785,0.946,2000,1975.05846881866,0.0028026130180814294,0.0004967798026733574,0.0019822597765342988
323,reg_adj,500,20,none,0.1,5,2,2000,0.0087813200258186,0.0110318468105927,0.0109602153368653,0.105032598799576,0.0834686167860468,0.956,2000,1975.05846881866,0.0023409629788684505,0.00034902240516131145,0.0016614956173145762
323,adaptive,500,20,none,0.1,5,2,2000,0.0087813200258186,0.0110318468105927,0.0109602153368653,0.105032598799576,0.0834686167860468,0.956,2000,1975.05846881866,0.0023409629788684505,0.00034902240516131145,0.0016614956173145762
324,naive,1000,20,none,0.1,5,2,2000,0.0085186134063204,0.0062360921692081,0.0061666086991913,0.0789689316706773,0.0630308690147925,0.952,2000,3613.326597929,0.0017559340390788174,0.00019728670673185584,0.001249141292392032
324,ipw_robust,1000,20,none,0.1,5,2,2000,-0.0155220244754075,0.0065081063034431,0.0062703082137349,0.0806728349783444,0.0643347115938892,0.948,2000,3613.326597929,0.001770636638858309,0.00020576252450469013,0.0012752900313960978
324,dr_robust,1000,20,none,0.1,5,2,2000,0.0041901263149806,0.0060349552487672,0.0060204082943789,0.0776849744079716,0.0618803920579457,0.953,2000,3613.326597929,0.0017349939905341027,0.00019093642543205807,0.0012289147733339873
324,aipw_robust,1000,20,none,0.1,5,2,2000,-0.0011814059347941,0.0082728104741609,0.0082755525304433,0.0909549914746898,0.0732765387324087,0.954,2000,3613.326597929,0.0020341524685287605,0.0002617400817456067,0.0014388439683293334
324,reg_adj,1000,20,none,0.1,5,2,2000,0.0078045075593173,0.0057160990062126,0.0056580176768076,0.0756048874492426,0.0601907723396154,0.9485,2000,3613.326597929,0.001681965766121237,0.00018083812532768278,0.0011959420311887152
324,adaptive,1000,20,none,0.1,5,2,2000,0.0078045075593173,0.0057160990062126,0.0056580176768076,0.0756048874492426,0.0601907723396154,0.9485,2000,3613.326597929,0.001681965766121237,0.00018083812532768278,0.0011959420311887152
325,naive,200,5,covariate,0.1,5,2,2000,-0.169855282775434,0.0686174142216923,0.0397864903801599,0.261949258868378,0.211854014501759,0.8725,2000,166.366901159286,0.004460184434536306,0.001969444167711246,0.0037592092762912437
325,ipw_robust,200,5,covariate,0.1,5,2,2000,-0.168452130484285,0.0682760160434284,0.0399198557065872,0.261296796848772,0.210844852698379,0.875,2000,166.366901159286,0.00446765350640508,0.001964468409670537,0.003759074801838256
325,dr_robust,200,5,covariate,0.1,5,2,2000,-0.176377939878854,0.0725040353580587,0.0414155654648825,0.26926573372425,0.216229973959219,0.877,2000,166.366901159286,0.004550580483019859,0.0020717281269429346,0.0038469954908272003
325,aipw_robust,200,5,covariate,0.1,5,2,2000,-0.139311366421145,0.0681020723075249,0.0487187748808389,0.260963737533637,0.209364134200921,0.9035,2000,166.366901159286,0.004935523015894005,0.0020650795511248177,0.003956640816539958
325,reg_adj,200,5,covariate,0.1,5,2,2000,-0.181071133905848,0.0659955757999436,0.0332254329824855,0.256896040841317,0.21219230552107,0.84,2000,166.366901159286,0.004075870028747574,0.0018118050927973426,0.0035263390725365105
325,adaptive,200,5,covariate,0.1,5,2,2000,-0.18085264251642,0.0674203411257305,0.0347300278344758,0.259654272304021,0.213249742756518,0.846,2000,166.366901159286,0.004167134977084124,0.0018649536158475556,0.0035912245912594503
326,naive,500,5,covariate,0.1,5,2,2000,-0.184953215093222,0.0485395562659077,0.0143390340095928,0.220316945026722,0.19187770038469,0.6505,2000,385.937862157822,0.0026775953773481905,0.001089320158531391,0.0024721660841821964
326,ipw_robust,500,5,covariate,0.1,5,2,2000,-0.182860449045893,0.0481417146134143,0.0147111263513243,0.219412202517121,0.190397608513881,0.6695,2000,385.937862157822,0.0027121141524025405,0.001095553226278195,0.0024965640326971047
326,dr_robust,500,5,covariate,0.1,5,2,2000,-0.190678703458021,0.0507931680905164,0.0144420211486588,0.225373397033715,0.196639868827649,0.641,2000,385.937862157822,0.0026871938103399614,0.001121939665337574,0.002489068541593967
326,aipw_robust,500,5,covariate,0.1,5,2,2000,-0.175445582738657,0.0509497352801812,0.020178672113731,0.225720480418107,0.191331324762081,0.7645,2000,385.937862157822,0.0031763715237461596,0.0012842991768023295,0.0028448884532395863
326,reg_adj,500,5,covariate,0.1,5,2,2000,-0.189238566626219,0.0489157232956281,0.0131110437187416,0.221168992617926,0.194395676811141,0.6065,2000,385.937862157822,0.0025603753356433505,0.001054013664711391,0.002382824220147852
326,adaptive,500,5,covariate,0.1,5,2,2000,-0.189265100608384,0.0489391930167107,0.0131244769468825,0.221222044599336,0.194422210793306,0.608,2000,385.937862157822,0.0025616866462237825,0.001054762047980295,0.002383944262631277
327,naive,1000,5,covariate,0.1,5,2,2000,-0.190017635196097,0.0430810755746801,0.0069778628205735,0.207559812041445,0.190787003579271,0.3655,2000,784.792669057846,0.001867868145851508,0.0007433611451189504,0.0017907154998061908
327,ipw_robust,1000,5,covariate,0.1,5,2,2000,-0.185323807107965,0.0414378038515355,0.0070964385898401,0.203562776193329,0.186038223365598,0.4065,2000,784.792669057846,0.0018836717588051402,0.0007333570613567505,0.0018013044306790693
327,dr_robust,1000,5,covariate,0.1,5,2,2000,-0.193166969621847,0.044256151380027,0.0069461463002897,0.210371460469397,0.193783098722153,0.36,2000,784.792669057846,0.0018636182951840888,0.0007527407952743556,0.0017890753660092067
327,aipw_robust,1000,5,covariate,0.1,5,2,2000,-0.179003742867455,0.0415550957431059,0.0095175145398178,0.203850670205192,0.181452783987344,0.55,2000,784.792669057846,0.0021814576021341554,0.000836964728016918,0.0020528868685456025
327,reg_adj,1000,5,covariate,0.1,5,2,2000,-0.192166930080012,0.0434478452797273,0.006522977752227,0.208441467274934,0.1925769706093,0.328,2000,784.792669057846,0.0018059592675676549,0.0007240938936121679,0.001736923806665324
327,adaptive,1000,5,covariate,0.1,5,2,2000,-0.192166930080012,0.0434478452797273,0.006522977752227,0.208441467274934,0.1925769706093,0.328,2000,784.792669057846,0.0018059592675676549,0.0007240938936121679,0.001736923806665324
328,naive,200,10,covariate,0.1,5,2,2000,-0.129373450260358,0.0620886285821326,0.0453738258627947,0.24917589887895,0.199878689518898,0.9095,2000,261.562274932861,0.004763078094194693,0.0018914734873471152,0.003795458340587738
328,ipw_robust,200,10,covariate,0.1,5,2,2000,-0.126467698360363,0.0595187501815663,0.0435464446753362,0.243964649450625,0.195939372537393,0.9125,2000,261.562274932861,0.0046661785582710075,0.001813632645503276,0.003716998855340986
328,dr_robust,200,10,covariate,0.1,5,2,2000,-0.129895953889922,0.0650449694384464,0.0481961086558016,0.255039152755898,0.199391883078285,0.9265,2000,261.562274932861,0.004908976912545098,0.0019872812595264533,0.0038960317230753026
328,aipw_robust,200,10,covariate,0.1,5,2,2000,-0.0836496766648591,0.0573425303345969,0.0503704471520374,0.239463004104177,0.192285975757283,0.941,2000,261.562274932861,0.0050184881763354495,0.0018005813014734793,0.003759623137213602
328,reg_adj,200,10,covariate,0.1,5,2,2000,-0.144846622177681,0.0551648182708827,0.0342013750021,0.234871918864054,0.191487810068981,0.8805,2000,261.562274932861,0.004135297752405502,0.0016139581640265913,0.0034358261554476525
328,adaptive,200,10,covariate,0.1,5,2,2000,-0.14442702649257,0.0586950086413612,0.037854770044898,0.242270527801797,0.196131441214112,0.89,2000,261.562274932861,0.0043505614605989645,0.0017355752586007596,0.003581895153216169
329,naive,500,10,covariate,0.1,5,2,2000,-0.159793833006708,0.0435904326978657,0.0180653963290547,0.208783219387636,0.17619277884375,0.794,2000,621.928836107254,0.003005444753198327,0.0011175529963731324,0.002676347743968434
329,ipw_robust,500,10,covariate,0.1,5,2,2000,-0.155102097165909,0.0412436510545416,0.0171955883034303,0.203085329491181,0.171494066224516,0.7795,2000,621.928836107254,0.00293219954159248,0.0010597287947793563,0.0026090727415772666
329,dr_robust,500,10,covariate,0.1,5,2,2000,-0.165984261317971,0.0453158749778912,0.0177739869661018,0.212875256847505,0.180138776482515,0.773,2000,621.928836107254,0.0029811060838304464,0.0011381075715285395,0.00267317956154912
329,aipw_robust,500,10,covariate,0.1,5,2,2000,-0.138015786602261,0.0396934623782032,0.0206554327431339,0.19923218208463,0.164990855060914,0.842,2000,621.928836107254,0.0032136764572008414,0.001101612922076471,0.0027646460289445784
329,reg_adj,500,10,covariate,0.1,5,2,2000,-0.162508564139465,0.0403373420094155,0.0139352762288594,0.200841584362939,0.171912114869661,0.711,2000,621.928836107254,0.0026396284046110922,0.0009644823869969435,0.0024011023166747086
329,adaptive,500,10,covariate,0.1,5,2,2000,-0.162325690878086,0.0405192949546165,0.0141767534122748,0.20129405096678,0.172157704922401,0.719,2000,621.928836107254,0.0026624005532859627,0.0009736964357778695,0.002418592181689862
330,naive,1000,10,covariate,0.1,5,2,2000,-0.164469935127735,0.0347404648072696,0.0076939522224595,0.186387941689557,0.166616927393712,0.543,2000,1304.60643386841,0.001961370977461875,0.0006895253794644896,0.001849704903692068
330,ipw_robust,1000,10,covariate,0.1,5,2,2000,-0.159169556616084,0.0328898350871872,0.0075586666671598,0.181355548818301,0.16122915565321,0.5565,2000,1304.60643386841,0.0019440507538590395,0.0006634231620770856,0.001829067724698529
330,dr_robust,1000,10,covariate,0.1,5,2,2000,-0.168915239047908,0.0360348389966225,0.0075062341310762,0.189828446226119,0.170221877665118,0.514,2000,1304.60643386841,0.0019372963287886806,0.0006961929829356693,0.0018337425100829758
330,aipw_robust,1000,10,covariate,0.1,5,2,2000,-0.156495717839615,0.0343357438734383,0.0098497590508272,0.185299066034987,0.161081660644862,0.6505,2000,1304.60643386841,0.0022192069586709573,0.0007612337829882299,0.0020540680513859108
330,reg_adj,1000,10,covariate,0.1,5,2,2000,-0.165302098971935,0.0339336858838427,0.0066122080633469,0.184210981984904,0.166325575986012,0.484,2000,1304.60643386841,0.0018182695156861235,0.0006364555040715206,0.0017275178092359279
330,adaptive,1000,10,covariate,0.1,5,2,2000,-0.165302098971935,0.0339336858838427,0.0066122080633469,0.184210981984904,0.166325575986012,0.484,2000,1304.60643386841,0.0018182695156861235,0.0006364555040715206,0.0017275178092359279
331,naive,200,20,covariate,0.1,5,2,2000,-0.105770526455799,0.0537212425599844,0.0425551158511732,0.231778434199527,0.182101236808101,0.9165,2000,605.337655067444,0.004612760336890114,0.001662257637791617,0.003585876407208486
331,ipw_robust,200,20,covariate,0.1,5,2,2000,-0.110013732994549,0.0528686741519113,0.0407860457273789,0.229931890245593,0.181982310380914,0.914,2000,605.337655067444,0.004515863468229465,0.001628118637710937,0.003540436770149465
331,dr_robust,200,20,covariate,0.1,5,2,2000,-0.0835421015553997,0.052217484917764,0.0452608326017722,0.228511454675174,0.178132298645112,0.937,2000,605.337655067444,0.00475714371244827,0.0016371680618247856,0.003582245065465095
331,aipw_robust,200,20,covariate,0.1,5,2,2000,-0.0486002393441844,0.0575329741555683,0.0551985901863495,0.239860322178488,0.191586687422326,0.947,2000,605.337655067444,0.005253503125836583,0.0018186920165404884,0.0037911481149165214
331,reg_adj,200,20,covariate,0.1,5,2,2000,-0.145906604689724,0.0584054897466556,0.0371353201146294,0.241672277571623,0.194934709880057,0.8795,2000,605.337655067444,0.004309020777080879,0.0017205115949541082,0.00355959651690751
331,adaptive,200,20,covariate,0.1,5,2,2000,-0.143881410652863,0.0590320449951209,0.0383493593433349,0.242965110654022,0.194932373576701,0.888,2000,605.337655067444,0.004378890232886347,0.001748850915286217,0.0035989754055193333
332,naive,500,20,covariate,0.1,5,2,2000,-0.152213396794661,0.0442719833085852,0.0211136219557941,0.210409085613205,0.174025953030702,0.8315,2000,1383.74808096886,0.0032491246479470514,0.0011933752932591184,0.0028358454431309586
332,ipw_robust,500,20,covariate,0.1,5,2,2000,-0.147711623048926,0.0419179670819609,0.0201092981472865,0.204738777670379,0.169529140747096,0.824,2000,1383.74808096886,0.003170906664290712,0.0011322112468325424,0.0027650141798134494
332,dr_robust,500,20,covariate,0.1,5,2,2000,-0.161810001687412,0.0476007020944646,0.0214289399183433,0.218175851309132,0.179798549317651,0.815,2000,1383.74808096886,0.003273296497290102,0.001257507417055076,0.0028818666445199785
332,aipw_robust,500,20,covariate,0.1,5,2,2000,-0.106890363746359,0.0335978396374088,0.0221833814663131,0.183297134831423,0.148430590452292,0.8845,2000,1383.74808096886,0.0033304190026416424,0.0009995084168603224,0.002726470377672741
332,reg_adj,500,20,covariate,0.1,5,2,2000,-0.165803452605656,0.042038150064373,0.0145546424896617,0.205032070819111,0.175625953082474,0.712,2000,1383.74808096886,0.0026976510606138166,0.0010060192393008837,0.002453321656660341
332,adaptive,500,20,covariate,0.1,5,2,2000,-0.165523433921783,0.0425898781015491,0.0151994706596201,0.206373152569682,0.176620329978246,0.721,2000,1383.74808096886,0.0027567617470158805,0.0010314525295806233,0.0024989988201889603
333,naive,1000,20,covariate,0.1,5,2,2000,-0.165718550748629,0.0363390958162175,0.008880898203093,0.190628161131081,0.169199976239915,0.5825,2000,3000.21944689751,0.002107237314956837,0.0007527656600375258,0.001974434563002221
333,ipw_robust,1000,20,covariate,0.1,5,2,2000,-0.160906455472388,0.034592864777584,0.0087063305301613,0.185991571791799,0.164411732707982,0.592,2000,3000.21944689751,0.002086424037697191,0.0007256923854971336,0.0019508743823872879
333,dr_robust,1000,20,covariate,0.1,5,2,2000,-0.173878187184097,0.0392482121692135,0.0090190977396553,0.198111615432345,0.176591818055441,0.5585,2000,3000.21944689751,0.002123569841052479,0.0007916464762811172,0.0019979809728810777
333,aipw_robust,1000,20,covariate,0.1,5,2,2000,-0.150039028669426,0.0334484750774773,0.0109422360714482,0.182889242651057,0.157223975101866,0.695,2000,3000.21944689751,0.0023390421192710704,0.0007825531441009985,0.002139418187635203
333,reg_adj,1000,20,covariate,0.1,5,2,2000,-0.170213578974071,0.0359661719059137,0.0069970079427228,0.189647493803408,0.171848820023152,0.465,2000,3000.21944689751,0.0018704288201803886,0.0006740934793926202,0.0017772274915781316
333,adaptive,1000,20,covariate,0.1,5,2,2000,-0.170213578974071,0.0359661719059137,0.0069970079427228,0.189647493803408,0.171848820023152,0.465,2000,3000.21944689751,0.0018704288201803886,0.0006740934793926202,0.0017772274915781316
334,naive,200,5,outcome,0.1,5,2,2000,0.014692988205256,0.190402569636981,0.190281826647905,0.436351429053442,0.333981679230196,0.9495,2000,176.667101860046,0.009754020367210256,0.006024062675557783,0.006902764921184649
334,ipw_robust,200,5,outcome,0.1,5,2,2000,-0.0212448643135734,0.0431822312047082,0.0427522630765444,0.207803347433838,0.165162781803612,0.945,2000,176.667101860046,0.004623432873771631,0.0013661434680236958,0.0032871064997128086
334,dr_robust,200,5,outcome,0.1,5,2,2000,0.0033218115420568,0.0416534460622616,0.0416632432519666,0.204091758927845,0.161440338049485,0.9435,2000,176.667101860046,0.0045641671338792255,0.0013178563270383763,0.0032285878027644753
334,aipw_robust,200,5,outcome,0.1,5,2,2000,0.0001512941236962,0.0468058470435285,0.0468292387730031,0.216346590089903,0.172224013091319,0.95,2000,176.667101860046,0.00483886550613897,0.0014808712799879785,0.0034224511682217898
334,reg_adj,200,5,outcome,0.1,5,2,2000,0.0121869859153914,0.181765914238948,0.181708245736114,0.42634013913652,0.329987980552016,0.9475,2000,176.667101860046,0.009531742908201888,0.00575081404151037,0.006744396684250364
334,adaptive,200,5,outcome,0.1,5,2,2000,-0.0217056517275318,0.0432787219739273,0.0428290011575892,0.208035386350321,0.165229017237154,0.9455,2000,176.667101860046,0.0046275804238062246,0.0013691894866029344,0.0032907610349935585
335,naive,500,5,outcome,0.1,5,2,2000,0.0093256735328175,0.081237029038546,0.0811906561797952,0.285021102795119,0.221871174412637,0.9535,2000,383.769432067871,0.006371446310681555,0.0025702226866982643,0.004508828752490322
335,ipw_robust,500,5,outcome,0.1,5,2,2000,-0.0186181970677715,0.0173406203624745,0.0170024843425915,0.131683789292663,0.105669710390471,0.9505,2000,383.769432067871,0.0029156889702599883,0.0005485178785247986,0.002082708439175209
335,dr_robust,500,5,outcome,0.1,5,2,2000,0.0053123172940283,0.0166392183503986,0.0166193072890107,0.128993094196545,0.103579695317485,0.9575,2000,383.769432067871,0.002882646985758983,0.0005264403026333027,0.0020405755281409596
335,aipw_robust,500,5,outcome,0.1,5,2,2000,0.0033422075312881,0.0192426313018426,0.0192410814914061,0.138717811768506,0.111187381183925,0.943,2000,383.769432067871,0.003101699654335192,0.000608809556621526,0.002194417389013874
335,reg_adj,500,5,outcome,0.1,5,2,2000,0.0070763149933688,0.0796050116740541,0.0795947348075725,0.282143601157379,0.219035596554886,0.9545,2000,383.769432067871,0.006308515467507886,0.0025185895060174835,0.0044633114054084475
335,adaptive,500,5,outcome,0.1,5,2,2000,-0.0186181970677715,0.0173406203624745,0.0170024843425915,0.131683789292663,0.105669710390471,0.9505,2000,383.769432067871,0.0029156889702599883,0.0005485178785247986,0.002082708439175209
336,naive,1000,5,outcome,0.1,5,2,2000,0.0087481401310016,0.0394754513194734,0.0394186306790613,0.198684300636647,0.156600526026406,0.9485,2000,707.339496135712,0.004439517466969879,0.0012489442968905981,0.0031430372024578383
336,ipw_robust,1000,5,outcome,0.1,5,2,2000,-0.0198971265562973,0.0084699654370199,0.0080781088462457,0.0920324151428175,0.0732814875886549,0.9435,2000,707.339496135712,0.002009739889419238,0.00026767894717199956,0.0014542644934212078
336,dr_robust,1000,5,outcome,0.1,5,2,2000,0.0047499066799665,0.0080990389695985,0.0080805176149376,0.0899946607838408,0.0712188284584336,0.9465,2000,707.339496135712,0.002010039503957273,0.0002562408709699183,0.0014236448514728342
336,aipw_robust,1000,5,outcome,0.1,5,2,2000,-0.000402677398988,0.0094411887446586,0.0094457494703061,0.0971657796997414,0.0772491931934658,0.95,2000,707.339496135712,0.0021732175995866246,0.0002987059528953275,0.00153709440617046
336,reg_adj,1000,5,outcome,0.1,5,2,2000,0.0078938273304873,0.0378140546187422,0.0377706274225299,0.194458362172323,0.153675845340089,0.952,2000,707.339496135712,0.004345723611927587,0.0011963809849223357,0.0030761880629801347
336,adaptive,1000,5,outcome,0.1,5,2,2000,-0.0198971265562973,0.0084699654370199,0.0080781088462457,0.0920324151428175,0.0732814875886549,0.9435,2000,707.339496135712,0.002009739889419238,0.00026767894717199956,0.0014542644934212078
337,naive,200,10,outcome,0.1,5,2,2000,0.0016263674349019,0.219646339235196,0.219753570949638,0.468664420705473,0.353289631858874,0.9545,2000,302.152600049973,0.010482212813848944,0.006949301725549664,0.0074139420644402584
337,ipw_robust,200,10,outcome,0.1,5,2,2000,-0.0153517543744395,0.0452585836190984,0.0450454299717111,0.212740648723036,0.171304615545548,0.947,2000,302.152600049973,0.004745810255989545,0.0014318949149608922,0.0033653533623117216
337,dr_robust,200,10,outcome,0.1,5,2,2000,0.0015311130340771,0.0444583474685516,0.0444782422825698,0.210851482016493,0.168614474619804,0.9515,2000,302.152600049973,0.004715837268320961,0.0014065996508841434,0.0033355223246050456
337,aipw_robust,200,10,outcome,0.1,5,2,2000,0.004247735728283,0.0506218260985916,0.0506290973884685,0.224992946775208,0.181917231245809,0.9535,2000,302.152600049973,0.005031356546124937,0.0016016031125677683,0.0035592296014682204
337,reg_adj,200,10,outcome,0.1,5,2,2000,0.0049817230586595,0.201755231088025,0.201831329187985,0.449171716705343,0.349113004017099,0.95,2000,302.152600049973,0.01004567890159707,0.006383251786190406,0.007105580726466159
337,adaptive,200,10,outcome,0.1,5,2,2000,-0.0159979879657743,0.0453043217584693,0.0450709216003164,0.212848118992086,0.171638369162165,0.947,2000,302.152600049973,0.004747152915185922,0.001433338230263531,0.0033670446256488288
338,naive,500,10,outcome,0.1,5,2,2000,0.0116929827156182,0.0884723607031987,0.0883798247707963,0.297443037745379,0.230214286570474,0.9415,2000,671.353488922119,0.006647549351858785,0.0027991357664330285,0.004705330788124179
338,ipw_robust,500,10,outcome,0.1,5,2,2000,-0.016692294105106,0.0176385566576924,0.0173686082793407,0.132810227985997,0.105714767729143,0.949,2000,671.353488922119,0.002946914342099266,0.0005579851946003684,0.0021006860806654145
338,dr_robust,500,10,outcome,0.1,5,2,2000,0.0038814018599815,0.017155529717814,0.0171490389568938,0.130979119396238,0.10346675761994,0.946,2000,671.353488922119,0.0029282280441329874,0.0005427764247882987,0.0020719960070364027
338,aipw_robust,500,10,outcome,0.1,5,2,2000,-0.0016264595104931,0.0193431620882157,0.0193501918135833,0.139079696894319,0.110681147049347,0.947,2000,671.353488922119,0.0031104816197482423,0.0006119904411648699,0.0022001429929412934
338,reg_adj,500,10,outcome,0.1,5,2,2000,0.0117510329449595,0.0832546343250857,0.0831581266131187,0.288538791716271,0.224929277160748,0.9455,2000,671.353488922119,0.006448182946114304,0.0026340539282419914,0.0045644710587686545
338,adaptive,500,10,outcome,0.1,5,2,2000,-0.016692294105106,0.0176385566576924,0.0173686082793407,0.132810227985997,0.105714767729143,0.949,2000,671.353488922119,0.002946914342099266,0.0005579851946003684,0.0021006860806654145
339,naive,1000,10,outcome,0.1,5,2,2000,0.0041593753922524,0.0431614859306852,0.0431657684112371,0.207753425797711,0.160923179444861,0.948,2000,1187.53437495232,0.004645738284236269,0.0013655684285189173,0.00328651242037416
339,ipw_robust,1000,10,outcome,0.1,5,2,2000,-0.0163114592515454,0.0085590889889892,0.0082971738730109,0.0925153446136871,0.07375149923829,0.9495,2000,1187.53437495232,0.002036808026424054,0.0002706626089576053,0.001462798469204223
339,dr_robust,1000,10,outcome,0.1,5,2,2000,0.0033112346886716,0.0081851709983844,0.0081782958711565,0.0904719348659263,0.0719616694250584,0.954,2000,1187.53437495232,0.0020221641712725134,0.000258966912034674,0.0014312002524232879
339,aipw_robust,1000,10,outcome,0.1,5,2,2000,-0.0026882930498384,0.0095707186623677,0.0095682758807862,0.0978300498945375,0.0784381754348985,0.9535,2000,1187.53437495232,0.0021872672311341154,0.000302803899661713,0.0015476016826534427
339,reg_adj,1000,10,outcome,0.1,5,2,2000,0.003917220275214,0.0409139752473691,0.0409190901777735,0.202272032785971,0.157919163825008,0.945,2000,1187.53437495232,0.004523222865268387,0.0012944603958100842,0.0031998007287042606
339,adaptive,1000,10,outcome,0.1,5,2,2000,-0.0163114592515454,0.0085590889889892,0.0082971738730109,0.0925153446136871,0.07375149923829,0.9495,2000,1187.53437495232,0.002036808026424054,0.0002706626089576053,0.001462798469204223
340,naive,200,20,outcome,0.1,5,2,2000,-0.0033026227419048,0.331575087887425,0.331730045593246,0.57582557071341,0.373785750483004,0.9675,2000,721.478012084961,0.01287885953012234,0.010490570037839323,0.009109156115490145
340,ipw_robust,200,20,outcome,0.1,5,2,2000,-0.0209778767879236,0.0542806792063024,0.0538675416626044,0.232982143535298,0.182530537918254,0.952,2000,721.478012084961,0.005189775605101072,0.001717301128082163,0.003685477998493011
340,dr_robust,200,20,outcome,0.1,5,2,2000,-0.0010130193491078,0.055763571575319,0.055790440587411,0.236143116722294,0.182481833133541,0.947,2000,721.478012084961,0.005281592590659137,0.0017642810904594675,0.0037356182872234104
340,aipw_robust,200,20,outcome,0.1,5,2,2000,0.0018472004961225,0.0588821587016345,0.0589082006522878,0.24265646231171,0.192111542004493,0.9485,2000,721.478012084961,0.005427163193247823,0.001862948767756476,0.0038386547590959718
340,reg_adj,200,20,outcome,0.1,5,2,2000,-0.0033463411400818,0.219422685301054,0.219521247925991,0.468425752175362,0.3528385207543,0.952,2000,721.478012084961,0.01047667046169705,0.006942225485276695,0.0074101663423040975
340,adaptive,200,20,outcome,0.1,5,2,2000,-0.0210989573224658,0.0545560965164942,0.0541379995161571,0.233572465236154,0.183089674978153,0.952,2000,721.478012084961,0.005202787691043961,0.0017260138426463901,0.0036948144570493353
341,naive,500,20,outcome,0.1,5,2,2000,0.0115834033933928,0.0864640754357589,0.0863730867449574,0.29404774346313,0.223280523889111,0.947,2000,1818.16921496391,0.0065716469299924125,0.00273559652948541,0.004651619660921527
341,ipw_robust,500,20,outcome,0.1,5,2,2000,-0.0167873199479134,0.0167731401548982,0.0164995758317805,0.129511158418486,0.10321442026341,0.9475,2000,1818.16921496391,0.0028722444039270493,0.0005305993113636739,0.002048469482641651
341,dr_robust,500,20,outcome,0.1,5,2,2000,0.0043583941105365,0.0161637609187575,0.0161528417404049,0.127136780353907,0.101188254379763,0.9495,2000,1818.16921496391,0.0028419044442420036,0.0005113980466393919,0.002011212039568046
341,aipw_robust,500,20,outcome,0.1,5,2,2000,-0.0005243965654069,0.0187352849150411,0.0187443821143405,0.136876896936777,0.109278423908012,0.953,2000,1818.16921496391,0.0030614034456716496,0.0005927581040775246,0.0021652963989654064
341,reg_adj,500,20,outcome,0.1,5,2,2000,0.0116086342950052,0.0816119738880459,0.0815179724840928,0.285678094869113,0.21781265733935,0.948,2000,1818.16921496391,0.006384276485401177,0.0025820826139914778,0.004519217014476541
341,adaptive,500,20,outcome,0.1,5,2,2000,-0.0167873199479134,0.0167731401548982,0.0164995758317805,0.129511158418486,0.10321442026341,0.9475,2000,1818.16921496391,0.0028722444039270493,0.0005305993113636739,0.002048469482641651
342,naive,1000,20,outcome,0.1,5,2,2000,0.009599757255458,0.037225088745744,0.0371515091609608,0.192938043800967,0.150631476454542,0.951,2000,3157.99938893318,0.004309959927943693,0.0011777444768735531,0.0030521312792216935
342,ipw_robust,1000,20,outcome,0.1,5,2,2000,-0.0104037222458986,0.0082789177852688,0.0081747677325653,0.0909885585404497,0.0728187277616391,0.9515,2000,3157.99938893318,0.0020217279407186936,0.00026190925773871313,0.001439242812173353
342,dr_robust,1000,20,outcome,0.1,5,2,2000,0.0072342500877677,0.0080876159716639,0.0080393012479555,0.0899311735254462,0.0720805720644435,0.947,2000,3157.99938893318,0.00200490663722223,0.00025587463367270546,0.0014226136702214013
342,aipw_robust,1000,20,outcome,0.1,5,2,2000,0.0030243054630587,0.0098415671134938,0.0098373393596398,0.0992046728410204,0.079543862058479,0.951,2000,3157.99938893318,0.0022178074036804684,0.00031137308589725295,0.00156934687137289
342,reg_adj,1000,20,outcome,0.1,5,2,2000,0.0083298637934854,0.0354925158284067,0.0354408496223999,0.188394574838042,0.148983034845397,0.9525,2000,3157.99938893318,0.004209563494140449,0.0011229301243865604,0.0029802613088830044
342,adaptive,1000,20,outcome,0.1,5,2,2000,-0.0104037222458986,0.0082789177852688,0.0081747677325653,0.0909885585404497,0.0728187277616391,0.9515,2000,3157.99938893318,0.0020217279407186936,0.00026190925773871313,0.001439242812173353
343,naive,200,5,treatment,0.1,5,2,2000,-0.47440928650611,0.254391679173777,0.0293421791401099,0.504372559893752,0.474732632672151,0.2095,2000,179.598940849304,0.003830285833988757,0.003750827899401278,0.0037183108258222893
343,ipw_robust,200,5,treatment,0.1,5,2,2000,-0.441024120400301,0.225319946510224,0.0308330882795043,0.474678782452117,0.441717520279841,0.2935,2000,179.598940849304,0.003926390726831978,0.0035979009088977112,0.003789826975530182
343,dr_robust,200,5,treatment,0.1,5,2,2000,-0.430208538746706,0.213073162290131,0.0280077793692392,0.46159848601369,0.430690767509552,0.268,2000,179.598940849304,0.00374217713164671,0.00333942524521292,0.003617240249260566
343,aipw_robust,200,5,treatment,0.1,5,2,2000,-0.366842380540913,0.177742362024026,0.0431906251756899,0.421595021346346,0.372687477707783,0.5625,2000,179.598940849304,0.004647075702831293,0.003672879360812047,0.004355933033889798
343,reg_adj,200,5,treatment,0.1,5,2,2000,-0.467042865411343,0.245409144145761,0.0272937528905688,0.495387872424993,0.467303563365462,0.197,2000,179.598940849304,0.0036941678961958943,0.003556974708498248,0.00359009062039242
343,adaptive,200,5,treatment,0.1,5,2,2000,-0.467042865411343,0.245409144145761,0.0272937528905688,0.495387872424993,0.467303563365462,0.197,2000,179.598940849304,0.0036941678961958943,0.003556974708498248,0.00359009062039242
344,naive,500,5,treatment,0.1,5,2,2000,-0.476034771905865,0.238334738286191,0.0117314999727078,0.488195389456097,0.476034771905865,0.0075,2000,395.224485874176,0.002421931044921366,0.0023354994086664835,0.0023919720045579343
344,ipw_robust,500,5,treatment,0.1,5,2,2000,-0.441732357667838,0.207758880686694,0.0126377237377752,0.455805748852177,0.441732357667839,0.024,2000,395.224485874176,0.0025137346456791335,0.0022564676658805905,0.0024752514328339336
344,dr_robust,500,5,treatment,0.1,5,2,2000,-0.42901786788911,0.195548171013565,0.0114975888398671,0.442208289173287,0.42901786788911,0.0205,2000,395.224485874176,0.0023976643676573146,0.00208916312977768,0.0023621935419657018
344,aipw_robust,500,5,treatment,0.1,5,2,2000,-0.361840518102933,0.148963393899302,0.0180438552859462,0.385957761807302,0.362080137614563,0.227,2000,395.224485874176,0.003003652383844226,0.002247330129726879,0.0029113679683541492
344,reg_adj,500,5,treatment,0.1,5,2,2000,-0.468076179651021,0.230504234130816,0.011414631489866,0.480108564942155,0.468076179651021,0.0075,2000,395.224485874176,0.0023889989001531584,0.0022654090713768943,0.0023592675040590436
344,adaptive,500,5,treatment,0.1,5,2,2000,-0.468076179651021,0.230504234130816,0.011414631489866,0.480108564942155,0.468076179651021,0.0075,2000,395.224485874176,0.0023889989001531584,0.0022654090713768943,0.0023592675040590436
345,naive,1000,5,treatment,0.1,5,2,2000,-0.474415491235562,0.231026562082439,0.0059594834999094,0.480652225712561,0.474415491235561,0.0,2000,730.639764070511,0.0017261928484253143,0.0016486715990154234,0.0017150358521395466
345,ipw_robust,1000,5,treatment,0.1,5,2,2000,-0.439978701495532,0.199899190780897,0.0063210935579812,0.447100873160517,0.439978701495532,0.0,2000,730.639764070511,0.0017777926704176164,0.0015771007281199826,0.0017636967659798955
345,dr_robust,1000,5,treatment,0.1,5,2,2000,-0.426338096227699,0.187465041629885,0.005703721195424,0.432972333561724,0.426338096227699,0.0,2000,730.639764070511,0.0016887452731871673,0.001451205278260516,0.001675863751296287
345,aipw_robust,1000,5,treatment,0.1,5,2,2000,-0.360358521016258,0.138972370664278,0.0091186663284173,0.372789981979503,0.360358521016258,0.033,2000,730.639764070511,0.0021352595074624185,0.0015657006190137233,0.0020999767894779556
345,reg_adj,1000,5,treatment,0.1,5,2,2000,-0.466518280419188,0.223355196984439,0.0057187503943599,0.472604694204828,0.466518280419188,0.0,2000,730.639764070511,0.0016909687156124297,0.0015880660690623886,0.0016801209219201249
345,adaptive,1000,5,treatment,0.1,5,2,2000,-0.466518280419188,0.223355196984439,0.0057187503943599,0.472604694204828,0.466518280419188,0.0,2000,730.639764070511,0.0016909687156124297,0.0015880660690623886,0.0016801209219201249
346,naive,200,10,treatment,0.1,5,2,2000,-0.486865710798396,0.26985754473218,0.0328357422520782,0.519478146539563,0.487311619470211,0.2345,2000,307.36982011795,0.004051897225503024,0.0040798085474606964,0.003926833664358951
346,ipw_robust,200,10,treatment,0.1,5,2,2000,-0.442861083110602,0.230093587606293,0.0339846409928936,0.479680714232178,0.444317703449238,0.328,2000,307.36982011795,0.004122174243824101,0.003805981485969301,0.00396720294671583
346,dr_robust,200,10,treatment,0.1,5,2,2000,-0.442385721231764,0.226874456712446,0.0311849228241102,0.476313401777072,0.443117366148145,0.287,2000,307.36982011795,0.003948729088207382,0.0036302338677480497,0.0038107618368536907
346,aipw_robust,200,10,treatment,0.1,5,2,2000,-0.386552203318897,0.196912789485733,0.0475139405653218,0.443748565615409,0.393466871940678,0.5755,2000,307.36982011795,0.00487411225585346,0.0040567090330533686,0.0045709545307795595
346,reg_adj,200,10,treatment,0.1,5,2,2000,-0.474988547029354,0.254357429035045,0.0287576880700237,0.504338605537039,0.475346588403633,0.1935,2000,307.36982011795,0.0037919446244653746,0.0037152773229540224,0.003683316409020338
346,adaptive,200,10,treatment,0.1,5,2,2000,-0.475107096904145,0.254577021027849,0.0288646998490886,0.504556261508911,0.475465138278424,0.1945,2000,307.36982011795,0.003798993277770349,0.0037234716158992456,0.0036898477929536953
347,naive,500,10,treatment,0.1,5,2,2000,-0.4815519469082,0.244655689814425,0.0127697971419186,0.494626818737546,0.4815519469082,0.0115,2000,708.805603027344,0.0025268356834110325,0.0024668811089645242,0.002493679088470005
347,ipw_robust,500,10,treatment,0.1,5,2,2000,-0.437584699026834,0.205261195801276,0.0137877208392906,0.453057607596733,0.437631805646655,0.0435,2000,708.805603027344,0.002625616198084804,0.0023388580523404263,0.0025811927811421344
347,dr_robust,500,10,treatment,0.1,5,2,2000,-0.434277487932351,0.200805291358218,0.0122144620644169,0.448113034131142,0.434277487932351,0.027,2000,708.805603027344,0.0024712812531576507,0.0021809202958427243,0.002433448850769725
347,aipw_robust,500,10,treatment,0.1,5,2,2000,-0.368777312871708,0.154165396506868,0.0181777789074445,0.392639015517903,0.369047163010314,0.232,2000,708.805603027344,0.0030147785082360943,0.002296664488208675,0.0029246513940792453
347,reg_adj,500,10,treatment,0.1,5,2,2000,-0.470772262379646,0.233601591863631,0.0119810593672648,0.483323485735621,0.470772262379646,0.0085,2000,708.805603027344,0.002447555859144465,0.002335420057084613,0.002416001007617177
347,adaptive,500,10,treatment,0.1,5,2,2000,-0.470772262379646,0.233601591863631,0.0119810593672648,0.483323485735621,0.470772262379646,0.0085,2000,708.805603027344,0.002447555859144465,0.002335420057084613,0.002416001007617177
348,naive,1000,10,treatment,0.1,5,2,2000,-0.484055697197034,0.240259560600182,0.0059526189207353,0.490162789897583,0.484055697197034,0.0,2000,1262.12001013756,0.0017251983829019925,0.0016807584520950357,0.001714490049771242
348,ipw_robust,1000,10,treatment,0.1,5,2,2000,-0.439886893257777,0.199819122533715,0.0063218045760239,0.447011322601246,0.439886893257777,0.0005,2000,1262.12001013756,0.0017778926536807418,0.001576867032611532,0.0017637886926839296
348,dr_robust,1000,10,treatment,0.1,5,2,2000,-0.436297529189999,0.19615861111262,0.0058059801253847,0.442897969189993,0.436297529189999,0.0,2000,1262.12001013756,0.0017038163230502135,0.0014980354799786052,0.001691174473793966
348,aipw_robust,1000,10,treatment,0.1,5,2,2000,-0.371373392747592,0.147358936618355,0.009445462508752,0.383873594583367,0.371373392747592,0.03,2000,1262.12001013756,0.002173184588196778,0.0016415294932087667,0.0021381120196485286
348,reg_adj,1000,10,treatment,0.1,5,2,2000,-0.472690820422221,0.228986438050253,0.0055526026401412,0.478525274202161,0.472690820422221,0.0,2000,1262.12001013756,0.0016662236704808272,0.0015849734497036566,0.001656102127882652
348,adaptive,1000,10,treatment,0.1,5,2,2000,-0.472690820422221,0.228986438050253,0.0055526026401412,0.478525274202161,0.472690820422221,0.0,2000,1262.12001013756,0.0016662236704808272,0.0015849734497036566,0.001656102127882652
349,naive,200,20,treatment,0.1,5,2,2000,-0.487337931961971,0.277106284516839,0.0396278385071211,0.526408856799388,0.488462165093258,0.314,2000,729.409548997879,0.004451282877279375,0.0045159108677122395,0.004289356846282349
349,ipw_robust,200,20,treatment,0.1,5,2,2000,-0.44513082069716,0.237320122537558,0.0391982741401007,0.487155131901079,0.446663015869036,0.3935,2000,729.409548997879,0.004427091265159365,0.004131598994761234,0.004240537278790476
349,dr_robust,200,20,treatment,0.1,5,2,2000,-0.446071193202926,0.236093945422349,0.0371330025181256,0.48589499423471,0.447362290154891,0.3675,2000,729.409548997879,0.0043088863130817,0.004019486674145027,0.004136168021730459
349,aipw_robust,200,20,treatment,0.1,5,2,2000,-0.398426434084955,0.211770612040822,0.0530535154208791,0.460185410504094,0.407620624219303,0.5945,2000,729.409548997879,0.005150413353357141,0.004433789580052094,0.004817394770507016
349,reg_adj,200,20,treatment,0.1,5,2,2000,-0.474515336811933,0.257814673094794,0.0326662013257146,0.507754540201064,0.47504372889102,0.254,2000,729.409548997879,0.00404142309871873,0.003972107551883836,0.003911444642435826
349,adaptive,200,20,treatment,0.1,5,2,2000,-0.474463165702437,0.258189071774725,0.0330903213270097,0.508123087228601,0.475210929458006,0.2575,2000,729.409548997879,0.004067574297232301,0.003999155448358663,0.003935223126910853
350,naive,500,20,treatment,0.1,5,2,2000,-0.481113247560795,0.243586128841448,0.0121222329794429,0.493544454777326,0.481113247560795,0.0075,2000,1936.45943403244,0.0024619334860473893,0.0023997529091299733,0.002431141598189648
350,ipw_robust,500,20,treatment,0.1,5,2,2000,-0.438831265891399,0.205074176686127,0.0125075505375486,0.452851163944764,0.438831265891399,0.027,2000,1936.45943403244,0.0025007549397680494,0.0022301723870739097,0.0024623679529130376
350,dr_robust,500,20,treatment,0.1,5,2,2000,-0.434574073162716,0.200357248960594,0.0115083780844029,0.447612833775568,0.434574073162716,0.0185,2000,1936.45943403244,0.002398789078306271,0.002116427088895643,0.0023641269074478936
350,aipw_robust,500,20,treatment,0.1,5,2,2000,-0.370950711375326,0.155154993309916,0.0175593427114119,0.393897186217313,0.371507540303952,0.2015,2000,1936.45943403244,0.002963051021448323,0.0022673370318263084,0.0028780822904576663
350,reg_adj,500,20,treatment,0.1,5,2,2000,-0.470747493935648,0.232594830138094,0.0109971256542288,0.482280862297162,0.470747493935648,0.005,2000,1936.45943403244,0.0023449014536040527,0.0022349347442874074,0.0023170468901068803
350,adaptive,500,20,treatment,0.1,5,2,2000,-0.470747493935648,0.232594830138094,0.0109971256542288,0.482280862297162,0.470747493935648,0.005,2000,1936.45943403244,0.0023449014536040527,0.0022349347442874074,0.0023170468901068803
351,naive,1000,20,treatment,0.1,5,2,2000,-0.485370462029804,0.241652614820994,0.0060711649924641,0.491581747851762,0.485370462029804,0.0,2000,3510.11006903648,0.0017422923107883045,0.001702176138228913,0.0017313256092882942
351,ipw_robust,1000,20,treatment,0.1,5,2,2000,-0.443325368525843,0.20317616399091,0.0066421026636676,0.450750667210721,0.443325368525843,0.0,2000,3510.11006903648,0.0018223751896450412,0.001629404943471289,0.0018074348658806978
351,dr_robust,1000,20,treatment,0.1,5,2,2000,-0.438196697120413,0.197914759647425,0.0059013649626672,0.444876117191545,0.438196697120413,0.0,2000,3510.11006903648,0.0017177550702395265,0.0015169519353103618,0.0017049150052004544
351,aipw_robust,1000,20,treatment,0.1,5,2,2000,-0.376773305872108,0.15074124204216,0.0087875117802533,0.388254094688209,0.376773305872108,0.018,2000,3510.11006903648,0.0020961287866270648,0.001603788557605457,0.0020653852458315915
351,reg_adj,1000,20,treatment,0.1,5,2,2000,-0.474255593504457,0.230666998743735,0.0057515065267327,0.480278043162223,0.474255593504458,0.0,2000,3510.11006903648,0.0016958046064822296,0.0016187398648495497,0.0016852111895346313
351,adaptive,1000,20,treatment,0.1,5,2,2000,-0.474255593504457,0.230666998743735,0.0057515065267327,0.480278043162223,0.474255593504458,0.0,2000,3510.11006903648,0.0016958046064822296,0.0016187398648495497,0.0016852111895346313
352,naive,200,5,mixed,0.1,5,2,2000,-0.269469127718047,0.159275223530072,0.0867049652195563,0.399093001103843,0.324342658078636,0.868,2000,170.911443948746,0.006584260217350021,0.00448438091494167,0.0056182154316643165
352,ipw_robust,200,5,mixed,0.1,5,2,2000,-0.254514166610324,0.110260241331098,0.0455055330922965,0.332054575832194,0.277628629764934,0.784,2000,170.911443948746,0.004769986011106138,0.0028224491727649745,0.004249977832245441
352,dr_robust,200,5,mixed,0.1,5,2,2000,-0.25393425561636,0.115584917616629,0.0511278753788839,0.33997781930095,0.275413760929762,0.825,2000,170.911443948746,0.005056079280375453,0.003034431898402937,0.004462690984726923
352,aipw_robust,200,5,mixed,0.1,5,2,2000,-0.191520731208038,0.088116436076561,0.0514619765823907,0.296844127576344,0.240305923338611,0.8665,2000,170.911443948746,0.0050725721573177595,0.0025344832295871797,0.004269047277910774
352,reg_adj,200,5,mixed,0.1,5,2,2000,-0.294854811458474,0.166975641379445,0.0800763196990828,0.408626530440016,0.338236144403395,0.8325,2000,170.911443948746,0.00632757140216856,0.004509521584663565,0.005517901125763463
352,adaptive,200,5,mixed,0.1,5,2,2000,-0.267188047307521,0.118045487361604,0.0466793744248105,0.343577483781467,0.289015774758218,0.769,2000,170.911443948746,0.004831116559596265,0.0029738517069161593,0.0043277744428789205
353,naive,500,5,mixed,0.1,5,2,2000,-0.275875846920277,0.114524491592969,0.0384362267923848,0.338414674021339,0.292970298765605,0.711,2000,387.869908094406,0.004383846871891444,0.0027070117247241874,0.003999548383285375
353,ipw_robust,500,5,mixed,0.1,5,2,2000,-0.261404026490858,0.0887127970867941,0.0203909274849035,0.29784693566796,0.265900379284831,0.548,2000,387.869908094406,0.0031930336268902256,0.001789552539320559,0.003004147978402493
353,dr_robust,500,5,mixed,0.1,5,2,2000,-0.299457979405573,0.117804431380186,0.0281434216613484,0.343226501570299,0.302210064250786,0.6085,2000,387.869908094406,0.0037512279097215886,0.0024165221789154527,0.0035203024356505077
353,aipw_robust,500,5,mixed,0.1,5,2,2000,-0.205571946856761,0.0635403936952986,0.0212912139678037,0.252072199370138,0.216036701723929,0.7095,2000,387.869908094406,0.0032627606384627496,0.00150094695412583,0.002977216364748475
353,reg_adj,500,5,mixed,0.1,5,2,2000,-0.302826335076331,0.124624428062617,0.0329371074005551,0.353021852103545,0.311342816908547,0.6145,2000,387.869908094406,0.004058146584375378,0.0026694134473308102,0.003780804830387445
353,adaptive,500,5,mixed,0.1,5,2,2000,-0.263970957714721,0.0902391481770545,0.020568766043249,0.300398315869205,0.268353839176492,0.543,2000,387.869908094406,0.003206927348978224,0.0018137157415610782,0.0030188513812287473
354,naive,1000,5,mixed,0.1,5,2,2000,-0.281276673763591,0.099083644749304,0.0199770660788337,0.314775546619022,0.284379011402622,0.49,2000,757.83823800087,0.0031604640544415073,0.0018868272181172512,0.0029970994227212144
354,ipw_robust,1000,5,mixed,0.1,5,2,2000,-0.264439341478816,0.0801321464296668,0.0102090856507425,0.283076220176946,0.264858155130979,0.245,2000,757.83823800087,0.00225932353269098,0.0012377522725336631,0.0021862526491274433
354,dr_robust,1000,5,mixed,0.1,5,2,2000,-0.317130116800599,0.115112372357979,0.014548135443739,0.339282142704238,0.317310794356393,0.2535,2000,757.83823800087,0.0026970479643249764,0.00177141304386738,0.002610530913516972
354,aipw_robust,1000,5,mixed,0.1,5,2,2000,-0.206228903538679,0.052343843482779,0.0098183920240253,0.228787769521841,0.207612869873967,0.456,2000,757.83823800087,0.0022156705558391684,0.0009651737302686947,0.0021093210801562436
354,reg_adj,1000,5,mixed,0.1,5,2,2000,-0.302023815576502,0.108116197828313,0.0169062657858169,0.328810276342321,0.303423539306493,0.3515,2000,757.83823800087,0.002907427194773491,0.0018357958360005538,0.002791573086495213
354,adaptive,1000,5,mixed,0.1,5,2,2000,-0.264581751743722,0.0802304432946712,0.0102320559668781,0.283249789575687,0.265000565395885,0.2455,2000,757.83823800087,0.002261863829552754,0.001239860676744373,0.002188634771100281
355,naive,200,10,mixed,0.1,5,2,2000,-0.251915924564553,0.141944496317235,0.0785221243301868,0.376755220690085,0.30524211799642,0.8595,2000,285.6916410923,0.006265864837761296,0.004016467165345608,0.005330340423669288
355,ipw_robust,200,10,mixed,0.1,5,2,2000,-0.233484801817784,0.0909681177809019,0.0364712007013629,0.301609213687019,0.252729821542144,0.772,2000,285.6916410923,0.004270316188607285,0.002303609044500933,0.0038188638475935236
355,dr_robust,200,10,mixed,0.1,5,2,2000,-0.229366111719232,0.0928414228556207,0.0402527360184307,0.304698905241914,0.249874441545405,0.81,2000,285.6916410923,0.0044862420809866415,0.0024198305926971617,0.003970855410156382
355,aipw_robust,200,10,mixed,0.1,5,2,2000,-0.185757225025494,0.0822489986594758,0.0477671355780928,0.28679086223148,0.230786615758144,0.8605,2000,285.6916410923,0.004887081725226866,0.0023618172236996963,0.004117664707520183
355,reg_adj,200,10,mixed,0.1,5,2,2000,-0.268791102948977,0.147652332345456,0.0754413960189378,0.384255556037198,0.314027003007635,0.8305,2000,285.6916410923,0.006141717838640009,0.0040733872055248805,0.0053003621437949415
355,adaptive,200,10,mixed,0.1,5,2,2000,-0.247823633689689,0.0996572848415586,0.0382598613570761,0.315685420698452,0.265658037817183,0.763,2000,285.6916410923,0.004373777621066033,0.00248261850239817,0.003932108262879851
356,naive,500,10,mixed,0.1,5,2,2000,-0.25664263314692,0.105097041084889,0.0392512255490791,0.324186737984281,0.275163179189052,0.7475,2000,633.589440107346,0.0044300804478631705,0.0025906094417974426,0.0039955512336890455
356,ipw_robust,500,10,mixed,0.1,5,2,2000,-0.23612475490068,0.0779869570904762,0.0222431788029717,0.279261449345369,0.244336367958777,0.643,2000,633.589440107346,0.0033349047065074962,0.001724845331462676,0.003088226705665916
356,dr_robust,500,10,mixed,0.1,5,2,2000,-0.26602561591843,0.100125806405025,0.0293708635120013,0.316426620885515,0.272211208257621,0.697,2000,633.589440107346,0.003832157584964461,0.0022404860660323153,0.0035402932594014213
356,aipw_robust,500,10,mixed,0.1,5,2,2000,-0.184627135354868,0.0554888080633572,0.0214123351215731,0.235560625027523,0.199757856631398,0.747,2000,633.589440107346,0.00327202805012221,0.0013850127437086287,0.0029398222719667242
356,reg_adj,500,10,mixed,0.1,5,2,2000,-0.281023907321368,0.111256321460766,0.0322980339915934,0.333551077738877,0.290442808607619,0.648,2000,633.589440107346,0.004018583954056043,0.002478830584754947,0.0037158185810083314
356,adaptive,500,10,mixed,0.1,5,2,2000,-0.238911638923029,0.0794620012782925,0.0223944272790441,0.281890051754744,0.246954470707582,0.6375,2000,633.589440107346,0.0033462237880216633,0.0017487147152594148,0.0031017673457679677
357,naive,1000,10,mixed,0.1,5,2,2000,-0.262274490444244,0.090763520303388,0.0219866052682342,0.301269846322841,0.268175364334601,0.568,2000,1264.63465499878,0.0033156149707282206,0.0018730285600924452,0.003108556304180051
357,ipw_robust,1000,10,mixed,0.1,5,2,2000,-0.242964042631898,0.0718921297951701,0.0128670373017863,0.268127077698561,0.244649655709199,0.4145,2000,1264.63465499878,0.002536438181957753,0.0012979531360114659,0.0024204066727469354
357,dr_robust,1000,10,mixed,0.1,5,2,2000,-0.303320494764208,0.109809479978425,0.0178150649669042,0.33137513482219,0.304141586980301,0.4,2000,1264.63465499878,0.0029845489581261857,0.001896171636840917,0.002861065055255834
357,aipw_robust,1000,10,mixed,0.1,5,2,2000,-0.191563299945487,0.0470413112522777,0.0103499883604535,0.216890090258356,0.194018817361434,0.531,2000,1264.63465499878,0.0022748613540668253,0.0009309881368957562,0.002146221009421818
357,reg_adj,1000,10,mixed,0.1,5,2,2000,-0.285213088642976,0.097812963518929,0.0164746949331297,0.312750641116735,0.286870896365208,0.391,2000,1264.63465499878,0.002870077954788833,0.0017180609160890826,0.002746694475116698
357,adaptive,1000,10,mixed,0.1,5,2,2000,-0.24307945755296,0.0719484760000202,0.0128672869592586,0.268232130812139,0.244765070630262,0.4135,2000,1264.63465499878,0.0025364627889305413,0.0012985229560269498,0.0024205208975064826
358,naive,200,20,mixed,0.1,5,2,2000,-0.232174942737609,0.145887300060017,0.0920281100798447,0.381951960408658,0.304936349588884,0.889,2000,691.126003980637,0.006783366055279808,0.0042884450732784225,0.0056138539892426915
358,ipw_robust,200,20,mixed,0.1,5,2,2000,-0.218500901097034,0.0928097552676571,0.0450896563155988,0.304646935431258,0.249584081949103,0.819,2000,691.126003980637,0.004748139441697074,0.0025176329966766016,0.00413205042275026
358,dr_robust,200,20,mixed,0.1,5,2,2000,-0.202382528815181,0.083275178391053,0.0423376592510511,0.288574389700564,0.236417813635212,0.838,2000,691.126003980637,0.004600959641805778,0.0022936144706804037,0.003974043699893721
358,aipw_robust,200,20,mixed,0.1,5,2,2000,-0.179056806804577,0.0889143648305267,0.0568814655002251,0.298185118392127,0.240773571611444,0.8875,2000,691.126003980637,0.0053329853506373474,0.0026235268504111423,0.004399157920015788
358,reg_adj,200,20,mixed,0.1,5,2,2000,-0.246256869336997,0.143610764705445,0.0830098239217474,0.378960109649347,0.307056228461161,0.8765,2000,691.126003980637,0.006442430594183666,0.004118066092995721,0.005433376743539288
358,adaptive,200,20,mixed,0.1,5,2,2000,-0.229219248746553,0.0981473137921591,0.0456286641282889,0.313284716818678,0.258272862986568,0.805,2000,691.126003980637,0.004776435079025408,0.0026223593607837816,0.004185265383216162
359,naive,500,20,mixed,0.1,5,2,2000,-0.241766458956262,0.0951550184372768,0.0367223589404972,0.308472070757268,0.26215740890112,0.764,2000,1587.73181080818,0.004284994687306928,0.0023751737556604274,0.0038499008189454786
359,ipw_robust,500,20,mixed,0.1,5,2,2000,-0.227779118542872,0.0700441044655543,0.0181698625526629,0.264658467587104,0.233748777675366,0.602,2000,1587.73181080818,0.0030141219743619286,0.001488479002287062,0.0028120751545521135
359,dr_robust,500,20,mixed,0.1,5,2,2000,-0.217851195945219,0.0660099536649902,0.0185600901352958,0.256924023137172,0.222834689568561,0.657,2000,1587.73181080818,0.0030463166394266864,0.0014512645902155011,0.002824306914734613
359,aipw_robust,500,20,mixed,0.1,5,2,2000,-0.171986035097949,0.0490009167615421,0.0194314362109345,0.221361506955347,0.186565912057589,0.757,2000,1587.73181080818,0.00311700466882346,0.0012357642348571312,0.0027912807693037827
359,reg_adj,500,20,mixed,0.1,5,2,2000,-0.266332835385891,0.10393554606262,0.0330188762960798,0.322390362856305,0.278748245652691,0.684,2000,1587.73181080818,0.00406318079194612,0.0024030218331821986,0.003726882236633834
359,adaptive,500,20,mixed,0.1,5,2,2000,-0.231758292905908,0.0721846682143042,0.0184820028850862,0.268672045837121,0.23767651255809,0.598,2000,1587.73181080818,0.003039901551455754,0.001525448014905075,0.0028388662656587994
360,naive,1000,20,mixed,0.1,5,2,2000,-0.255316018912813,0.0884192224412463,0.0232445752153664,0.297353699222401,0.262721983258096,0.6095,2000,2905.50258898735,0.0034091476365336834,0.0018896466776552848,0.0031774393299912394
360,ipw_robust,1000,20,mixed,0.1,5,2,2000,-0.238726305432276,0.0687165645803377,0.0117321817658763,0.262138445445031,0.240223656425755,0.399,2000,2905.50258898735,0.002422001420919928,0.001214448025675708,0.0023164248639949516
360,dr_robust,1000,20,mixed,0.1,5,2,2000,-0.274828756427451,0.0910977656400976,0.015574707634456,0.301824064050727,0.275726171265945,0.425,2000,2905.50258898735,0.0027905830604423873,0.0016109975746761854,0.0026687692708382395
360,aipw_robust,1000,20,mixed,0.1,5,2,2000,-0.180844259267276,0.0427608072791926,0.0100611917651455,0.206786864377776,0.183708785582384,0.5595,2000,2905.50258898735,0.00224289899071999,0.0008713914229446359,0.002106979632305617
360,reg_adj,1000,20,mixed,0.1,5,2,2000,-0.280610468648842,0.0968630047168467,0.0181298345187832,0.311228219666609,0.283391140687912,0.444,2000,2905.50258898735,0.00301080010286163,0.0017843369312543819,0.002866605305209442
360,adaptive,1000,20,mixed,0.1,5,2,2000,-0.238878468069602,0.0687690214931914,0.0117119549633932,0.262238482098245,0.240375819063081,0.3985,2000,2905.50258898735,0.0024199127012552745,0.0012140043846849428,0.002314695339469911
361,naive,200,5,none,0.15,5,2,2000,0.0091909825187479,0.0302475559388511,0.0301781708646235,0.173918244985542,0.137577997883323,0.946,2000,180.047196865082,0.0038844672005709804,0.0009569851346714515,0.0027512499759614257
361,ipw_robust,200,5,none,0.15,5,2,2000,-0.0186748545488471,0.0318007251481927,0.0314677088101772,0.178327578204249,0.142392632914433,0.946,2000,180.047196865082,0.003966592291260673,0.001006064330332446,0.002820832146276729
361,dr_robust,200,5,none,0.15,5,2,2000,0.0056338846668504,0.0297159020322053,0.0296990108812065,0.172383009697027,0.137015743318693,0.9485,2000,180.047196865082,0.003853505604070565,0.000940168378283359,0.0027269751814165406
361,aipw_robust,200,5,none,0.15,5,2,2000,0.0048945560665347,0.0406046176031298,0.0406009614047438,0.201505874860089,0.159053375531097,0.95,2000,180.047196865082,0.00450560547566827,0.001284672485653681,0.003187679978426594
361,reg_adj,200,5,none,0.15,5,2,2000,0.0085865278046619,0.0283716598160894,0.0283120874000492,0.168438890450185,0.133686197536632,0.9455,2000,180.047196865082,0.0037624518202927994,0.000897635285703552,0.0026645725440973007
361,adaptive,200,5,none,0.15,5,2,2000,0.0082422233259538,0.0284425152537133,0.0283887753960564,0.16864908909838,0.133844627903355,0.945,2000,180.047196865082,0.003767543987537266,0.0008998776075411027,0.0026678994009157286
362,naive,500,5,none,0.15,5,2,2000,0.010350882512248,0.0117318364571731,0.0116305109438627,0.108313602364491,0.0867640255361659,0.9515,2000,400.784740924835,0.0024114840807957557,0.00037116167445336306,0.0017133659408924012
362,ipw_robust,500,5,none,0.15,5,2,2000,-0.019845199832059,0.0126647878359338,0.0122770944267728,0.112537939540111,0.0895148558606463,0.946,2000,400.784740924835,0.0024776091728491803,0.00040049628187696445,0.001779383395118136
362,dr_robust,500,5,none,0.15,5,2,2000,0.0056757302978192,0.01157400719429,0.0115475670634081,0.107582559898387,0.0858960102546719,0.9495,2000,400.784740924835,0.0024028698532596498,0.0003661834099983764,0.0017018716153633126
362,aipw_robust,500,5,none,0.15,5,2,2000,0.0043364029916328,0.0161416710721318,0.0161309321472996,0.127049876316869,0.100853292033182,0.9475,2000,400.784740924835,0.0028399764213193394,0.0005106991645267598,0.0020098373148079635
362,reg_adj,500,5,none,0.15,5,2,2000,0.0096159406431319,0.0114020730417114,0.0113152643594389,0.106780489986286,0.085192551583117,0.9495,2000,400.784740924835,0.0023785777640681523,0.00036073226790616936,0.0016891300459124078
362,adaptive,500,5,none,0.15,5,2,2000,0.0096159406431319,0.0114020730417114,0.0113152643594389,0.106780489986286,0.085192551583117,0.9495,2000,400.784740924835,0.0023785777640681523,0.00036073226790616936,0.0016891300459124078
363,naive,1000,5,none,0.15,5,2,2000,0.0111654957311837,0.0058068978797195,0.0056850721208568,0.0762030044008733,0.0614659570336141,0.9525,2000,735.552336931229,0.001685982224232628,0.00018367781987759752,0.0012051875206346362
363,ipw_robust,1000,5,none,0.15,5,2,2000,-0.0176486146881962,0.0062352947344504,0.0059267845263011,0.078963882468192,0.0631346437985539,0.942,2000,735.552336931229,0.001721450627566922,0.00019702499499239516,0.0012475640054284325
363,dr_robust,1000,5,none,0.15,5,2,2000,0.0064598082066078,0.0057083105098477,0.0056694160958294,0.075553362002281,0.0609474675226548,0.955,2000,735.552336931229,0.0016836591246195591,0.00018059744843231556,0.0011951648718614484
363,aipw_robust,1000,5,none,0.15,5,2,2000,0.0006067471314126,0.0076437486385592,0.007647204098527,0.0874285344642084,0.0703196952549884,0.9515,2000,735.552336931229,0.0019554032958097162,0.00024183746822979433,0.0013830580010968734
363,reg_adj,1000,5,none,0.15,5,2,2000,0.0098423136941803,0.0055485119762819,0.0054543680214379,0.074488334497973,0.0598921586583246,0.95,2000,735.552336931229,0.0016514187872005545,0.00017551886564475777,0.00117816344550927
363,adaptive,1000,5,none,0.15,5,2,2000,0.0098423136941803,0.0055485119762819,0.0054543680214379,0.074488334497973,0.0598921586583246,0.95,2000,735.552336931229,0.0016514187872005545,0.00017551886564475777,0.00117816344550927
364,naive,200,10,none,0.15,5,2,2000,0.0095960293367474,0.0344770588217606,0.0344021761307943,0.185679990364499,0.147487126436489,0.949,2000,308.417520999908,0.004147419446523,0.0010908003883865597,0.0029373127019375234
364,ipw_robust,200,10,none,0.15,5,2,2000,-0.0122395041075012,0.0346990784433868,0.0345665562607196,0.186276886497995,0.149262826808649,0.952,2000,308.417520999908,0.004157316217268035,0.0010978175301493119,0.002946735772720595
364,dr_robust,200,10,none,0.15,5,2,2000,0.0050476117062348,0.0333142962771012,0.0333054706284785,0.18252204326355,0.144284687696555,0.9495,2000,308.417520999908,0.004080776312693365,0.0010540168466016985,0.002887368637112413
364,aipw_robust,200,10,none,0.15,5,2,2000,-0.0003842861683873,0.0416429812598333,0.0416636654166824,0.204066119823535,0.160990079658276,0.946,2000,308.417520999908,0.004564190257684401,0.0013175254537914757,0.0032281827452072843
364,reg_adj,200,10,none,0.15,5,2,2000,0.0111233436140781,0.0302129868767278,0.0301043102587003,0.173818833492599,0.138106546510111,0.951,2000,308.417520999908,0.0038797107017598813,0.000955886517794959,0.002749663251639701
364,adaptive,200,10,none,0.15,5,2,2000,0.0106187200631482,0.0303962838574986,0.030298675979709,0.174345300646443,0.13862407513712,0.9515,2000,308.417520999908,0.0038922150492816427,0.0009616873477455914,0.002757996183951666
365,naive,500,10,none,0.15,5,2,2000,0.0083899985683202,0.0120641687155175,0.011999776527805,0.109837009771377,0.0876687772927477,0.952,2000,716.498874902725,0.0024494669346415967,0.0003816857543573644,0.0017375097662975065
365,ipw_robust,500,10,none,0.15,5,2,2000,-0.0141855002980373,0.0126345875864354,0.0124395789572084,0.112403681374034,0.0894420023250969,0.951,2000,716.498874902725,0.002493950576616185,0.00039968677516083445,0.0017779078508596104
365,dr_robust,500,10,none,0.15,5,2,2000,0.0031366647169344,0.0117838124002998,0.0117798636665866,0.108553269873826,0.0870788429268651,0.9515,2000,716.498874902725,0.002426918176060598,0.00037282299322998304,0.0017172352047217182
365,aipw_robust,500,10,none,0.15,5,2,2000,-0.0032310915907598,0.0164955250626032,0.0164933317756231,0.128434905935276,0.102440047666329,0.9475,2000,716.498874902725,0.002871700870183305,0.0005218949820352005,0.0020317489946938814
365,reg_adj,500,10,none,0.15,5,2,2000,0.00752964733651,0.0111298183922719,0.0110786621343269,0.105497954445913,0.0845155511754358,0.9485,2000,716.498874902725,0.0023535783537336186,0.0003521263654384809,0.0016688776919319798
365,adaptive,500,10,none,0.15,5,2,2000,0.00752964733651,0.0111298183922719,0.0110786621343269,0.105497954445913,0.0845155511754358,0.9485,2000,716.498874902725,0.0023535783537336186,0.0003521263654384809,0.0016688776919319798
366,naive,1000,10,none,0.15,5,2,2000,0.0114383054910507,0.0061808749936348,0.0060530666944754,0.0786185410296759,0.0626822061577648,0.951,2000,1287.96235585213,0.0017396934635842316,0.0001955083638671586,0.0012433985756194626
366,ipw_robust,1000,10,none,0.15,5,2,2000,-0.0117541611772978,0.0062129280816343,0.0060778066799924,0.0788221293903832,0.0625999577877326,0.9425,2000,1287.96235585213,0.001743245060224236,0.00019651757501154378,0.0012465888484073369
366,dr_robust,1000,10,none,0.15,5,2,2000,0.0066772689604688,0.0059502722510058,0.0059086406505607,0.0771380078236785,0.0614591785340656,0.949,2000,1287.96235585213,0.0017188136389034007,0.00018825227410385292,0.0012202303340148389
366,aipw_robust,1000,10,none,0.15,5,2,2000,0.0036123874819744,0.0081073771484698,0.0080983769936467,0.0900409748307395,0.0720196499499201,0.9515,2000,1287.96235585213,0.0020122595500638952,0.00025650549104195555,0.0014243820189871266
366,reg_adj,1000,10,none,0.15,5,2,2000,0.0103784605439494,0.0057686609786756,0.0056637804256261,0.0759517016180392,0.0609160991041422,0.95,2000,1287.96235585213,0.0016828220977908063,0.00018247884251385496,0.0012012821215747103
366,adaptive,1000,10,none,0.15,5,2,2000,0.0103473986590403,0.0057649714064474,0.0056607331139953,0.075927408795819,0.0608850372192332,0.9495,2000,1287.96235585213,0.0016823693283573764,0.00018236247858298809,0.0012009001852900717
367,naive,200,20,none,0.15,5,2,2000,0.008450502948039,0.0389695332001512,0.0389175809905716,0.19740702419152,0.155104338729196,0.9495,2000,728.041788101196,0.004411211907773849,0.001232938115606683,0.0031228324337904843
367,ipw_robust,200,20,none,0.15,5,2,2000,-0.0166277611340548,0.0374713062320187,0.037213430506941,0.193575066142359,0.153123134722559,0.9475,2000,728.041788101196,0.0043135501913702705,0.0011855029018329037,0.003062127074158045
367,dr_robust,200,20,none,0.15,5,2,2000,0.0049270984071698,0.0359374461381683,0.035931135407158,0.189571744039475,0.150253004878728,0.9495,2000,728.041788101196,0.004238580859624952,0.0011370096928347063,0.002998890205382992
367,aipw_robust,200,20,none,0.15,5,2,2000,0.0018440222576527,0.0433881270726287,0.0434064298694767,0.208298168673248,0.166283580486907,0.9505,2000,728.041788101196,0.004658670940809015,0.0013727393612890304,0.00329513065341062
367,reg_adj,200,20,none,0.15,5,2,2000,0.0065717838890453,0.0298904023267775,0.0298621450558211,0.172888410041788,0.138044966410969,0.951,2000,728.041788101196,0.003864074601752734,0.0009456886911085482,0.0027349684425924514
367,adaptive,200,20,none,0.15,5,2,2000,0.0045504839261028,0.0323418016153685,0.0323372633430783,0.179838265158916,0.142156231396964,0.949,2000,728.041788101196,0.004021023709397788,0.0010232486548891503,0.0028449136060808467
368,naive,500,20,none,0.15,5,2,2000,0.0074033495664647,0.0124915766708576,0.0124429885803445,0.11176572225355,0.0881300510813686,0.9435,2000,1983.18186783791,0.002494292342563768,0.0003952112787942479,0.0017680343795286255
368,ipw_robust,500,20,none,0.15,5,2,2000,-0.0163018043264871,0.0128155573411195,0.0125560865601005,0.113205818494985,0.0893572859367266,0.9455,2000,1983.18186783791,0.0025056023786806736,0.0004053749377884931,0.0017904333150793445
368,dr_robust,500,20,none,0.15,5,2,2000,0.0039107974351071,0.0120754688510624,0.0120662076182931,0.109888438204674,0.0861731752895357,0.943,2000,1983.18186783791,0.002456237734655697,0.0003820503311984345,0.0017383554514026405
368,aipw_robust,500,20,none,0.15,5,2,2000,0.0018248379969665,0.0161185828719551,0.0161233144954877,0.126958981060637,0.10042716678936,0.952,2000,1983.18186783791,0.0028393057686244096,0.0005099692664094028,0.002008401698521178
368,reg_adj,500,20,none,0.15,5,2,2000,0.0085039009921503,0.0114568677935148,0.0113902465847229,0.107036759076099,0.0838876740456068,0.9465,2000,1983.18186783791,0.0023864457446926067,0.00036247085257973136,0.001693207341610692
368,adaptive,500,20,none,0.15,5,2,2000,0.0085039009921503,0.0114568677935148,0.0113902465847229,0.107036759076099,0.0838876740456068,0.9465,2000,1983.18186783791,0.0023864457446926067,0.00036247085257973136,0.001693207341610692
369,naive,1000,20,none,0.15,5,2,2000,0.0100804673096899,0.0062855748037059,0.0061870525087785,0.0792816170603623,0.0633715618344996,0.947,2000,3586.09759187698,0.0017588423051511043,0.00019883919027478039,0.0012540056424643247
369,ipw_robust,1000,20,none,0.15,5,2,2000,-0.0140707201306729,0.0066891936395267,0.0064944557023822,0.0817874907276581,0.0649472406744237,0.9485,2000,3586.09759187698,0.0018020066179654003,0.00021154093371683833,0.0012932352602749643
369,dr_robust,1000,20,none,0.15,5,2,2000,0.0051015857706575,0.0061400922743387,0.006117124659293,0.0783587408930154,0.0627451557606602,0.949,2000,3586.09759187698,0.0017488745894564596,0.00019426174312033387,0.0012395665174454687
369,aipw_robust,1000,20,none,0.15,5,2,2000,0.0002224334000024,0.008434906277623,0.0084390763391752,0.091841745832835,0.0730610763990049,0.947,2000,3586.09759187698,0.0020541514475781964,0.00026686859038172665,0.0014528719372749366
369,reg_adj,1000,20,none,0.15,5,2,2000,0.0087990627730887,0.0058442581144067,0.0057697194684562,0.0764477476084597,0.0612352992975361,0.947,2000,3586.09759187698,0.0016984874842718447,0.00018488668573159457,0.0012092356643293375
369,adaptive,1000,20,none,0.15,5,2,2000,0.0087990627730887,0.0058442581144067,0.0057697194684562,0.0764477476084597,0.0612352992975361,0.947,2000,3586.09759187698,0.0016984874842718447,0.00018488668573159457,0.0012092356643293375
370,naive,200,5,covariate,0.15,5,2,2000,-0.189747136064168,0.0732702265949412,0.0372848933970857,0.270684736538544,0.222285899842017,0.8335,2000,170.179224014282,0.004317689972490249,0.002018656004174304,0.0037287954060292172
370,ipw_robust,200,5,covariate,0.15,5,2,2000,-0.187359850417726,0.0734078248159202,0.0383232729038195,0.270938784259323,0.222073550805162,0.838,2000,170.179224014282,0.00437740065014727,0.002039424339017754,0.003763625692410587
370,dr_robust,200,5,covariate,0.15,5,2,2000,-0.192777724178403,0.074555627723082,0.0374110823248399,0.273048764368349,0.224815307806508,0.834,2000,170.179224014282,0.004324990307783354,0.0020445596008484158,0.0037439458947528107
370,aipw_robust,200,5,covariate,0.15,5,2,2000,-0.174915322685802,0.0831276536097097,0.052558562780822,0.288318666772912,0.235133565680456,0.8895,2000,170.179224014282,0.005126332157635808,0.002445097111174257,0.0042402684823388236
370,reg_adj,200,5,covariate,0.15,5,2,2000,-0.194047096764941,0.0729456449842881,0.0353090237332523,0.270084514521451,0.223371006301435,0.821,2000,170.179224014282,0.004201727248004819,0.00197630933563976,0.0036586868727766226
370,adaptive,200,5,covariate,0.15,5,2,2000,-0.194187893806051,0.0730096721578026,0.0353183932535993,0.270203020260327,0.223511803342545,0.821,2000,170.179224014282,0.004202284691307771,0.0019776316927217247,0.003659529214026505
371,naive,500,5,covariate,0.15,5,2,2000,-0.194984356239482,0.0529117888652535,0.0149003398570568,0.230025626540291,0.201694773186749,0.6505,2000,387.511658906937,0.0027294999411116316,0.00116404860952895,0.002530258534748642
371,ipw_robust,500,5,covariate,0.15,5,2,2000,-0.19005523816523,0.0511905227932361,0.0150770677730802,0.226253227144357,0.19749575426902,0.6655,2000,387.511658906937,0.002745639067055264,0.001147395009717504,0.002535643412028391
371,dr_robust,500,5,covariate,0.15,5,2,2000,-0.196345847455517,0.0532430267912843,0.0146986843204193,0.230744505441157,0.202349865878895,0.6405,2000,387.511658906937,0.002710967015699315,0.0011616236984096184,0.0025171210386759316
371,aipw_robust,500,5,covariate,0.15,5,2,2000,-0.186713150029984,0.0546326650760189,0.0197807550594292,0.233736315270047,0.19906908760943,0.737,2000,387.511658906937,0.0031448970618630115,0.0013305877422307435,0.0028463436259219075
371,reg_adj,500,5,covariate,0.15,5,2,2000,-0.196528238669431,0.0528903403649479,0.0142741288348564,0.229978999834654,0.202245556114359,0.631,2000,387.511658906937,0.0026715284796213945,0.0011429698428818045,0.002484943937715086
371,adaptive,500,5,covariate,0.15,5,2,2000,-0.196423620933678,0.0528775991987468,0.0143025115938464,0.229951297449584,0.202184662203258,0.6315,2000,387.511658906937,0.0026741832018250355,0.001143769065474083,0.0024869811089560175
372,naive,1000,5,covariate,0.15,5,2,2000,-0.195823040438096,0.0451499362069049,0.0068066763786739,0.212485143496916,0.196450733282142,0.3395,2000,771.379765987396,0.0018448138630596177,0.000753894883969689,0.001773994340410512
372,ipw_robust,1000,5,covariate,0.15,5,2,2000,-0.191068446654387,0.0435193296070962,0.0070156861432474,0.208612870185653,0.191826258671382,0.3725,2000,771.379765987396,0.0018729236694600504,0.0007493098712597799,0.001795933948353567
372,dr_robust,1000,5,covariate,0.15,5,2,2000,-0.19544071109276,0.0449838584179643,0.0067901819564988,0.212093984869831,0.196007168877529,0.344,2000,771.379765987396,0.0018425772652047457,0.0007515561875837065,0.0017717527162426625
372,aipw_robust,1000,5,covariate,0.15,5,2,2000,-0.188894684162419,0.0448712898039748,0.0091946854418757,0.211828444275019,0.191082441399922,0.49,2000,771.379765987396,0.0021441414880874468,0.0008606376078832014,0.002031449578994752
372,reg_adj,1000,5,covariate,0.15,5,2,2000,-0.196666036692904,0.0451978513460264,0.0065235831491063,0.212597862985559,0.19723452700244,0.3175,2000,771.379765987396,0.0018060430710681154,0.0007397224498873198,0.0017397222142763649
372,adaptive,1000,5,covariate,0.15,5,2,2000,-0.196666036692904,0.0451978513460264,0.0065235831491063,0.212597862985559,0.19723452700244,0.3175,2000,771.379765987396,0.0018060430710681154,0.0007397224498873198,0.0017397222142763649
373,naive,200,10,covariate,0.15,5,2,2000,-0.159367025364032,0.0701647332457276,0.0447892791119035,0.264886264735882,0.210511053547586,0.8885,2000,257.465461015701,0.004732297492334114,0.0020691017854300117,0.0039056418940655764
373,ipw_robust,200,10,covariate,0.15,5,2,2000,-0.155056531710859,0.0666624112161862,0.0426412037918814,0.258190648971233,0.206100089319137,0.892,2000,257.465461015701,0.004617423729304113,0.001966895252751209,0.0038089978482728783
373,dr_robust,200,10,covariate,0.15,5,2,2000,-0.165191694260368,0.072963433708517,0.0456979868493308,0.270117444287697,0.213955622143939,0.889,2000,257.465461015701,0.004780062073306727,0.0021406415795522924,0.003962427501113803
373,aipw_robust,200,10,covariate,0.15,5,2,2000,-0.130022375313464,0.0715057087310502,0.0546272042510205,0.267405513651178,0.211434674333437,0.9155,2000,257.465461015701,0.005226241682654013,0.0021979914920426096,0.004109846992365722
373,reg_adj,200,10,covariate,0.15,5,2,2000,-0.164898041885401,0.0630570798514294,0.0358836574625212,0.251111688002429,0.203703912596628,0.8645,2000,257.465461015701,0.004235779589551444,0.0017997466688221466,0.0035835581432687785
373,adaptive,200,10,covariate,0.15,5,2,2000,-0.16551248049656,0.0655619435805189,0.0381866557082491,0.256050666041936,0.20625101754188,0.877,2000,257.465461015701,0.004369591268542694,0.0018842558957423217,0.0036794590790748386
374,naive,500,10,covariate,0.15,5,2,2000,-0.159375751256516,0.0399866919175708,0.0145933585082462,0.1999667270262,0.169659087528676,0.7405,2000,634.824422121048,0.0027012366157230837,0.0009768966756961328,0.002442648060064858
374,ipw_robust,500,10,covariate,0.15,5,2,2000,-0.15427662797036,0.0388500854907544,0.0150563357207098,0.197104250311236,0.166425241160488,0.7545,2000,634.824422121048,0.0027437506920919216,0.0009712946554803851,0.0024639109860560325
374,dr_robust,500,10,covariate,0.15,5,2,2000,-0.160608970042802,0.0404143656810318,0.0146264376416429,0.201033245213402,0.170435291795095,0.7325,2000,634.824422121048,0.0027042963633487826,0.0009841329450402238,0.00244768705791806
374,aipw_robust,500,10,covariate,0.15,5,2,2000,-0.152100921003298,0.0428843792970612,0.0197595689114656,0.207085439606606,0.172078410037514,0.805,2000,634.824422121048,0.003143212442030096,0.0011422362158888303,0.0027578863537163745
374,reg_adj,500,10,covariate,0.15,5,2,2000,-0.159967014764452,0.0392862825530947,0.0137036885847368,0.19820767531328,0.169020142035117,0.723,2000,634.824422121048,0.0026176027758940813,0.0009429372586617638,0.002378659800059182
374,adaptive,500,10,covariate,0.15,5,2,2000,-0.159967014764452,0.0392862825530947,0.0137036885847368,0.19820767531328,0.169020142035117,0.723,2000,634.824422121048,0.0026176027758940813,0.0009429372586617638,0.002378659800059182
375,naive,1000,10,covariate,0.15,5,2,2000,-0.167277731674794,0.0350839475043854,0.0071056608205312,0.187307094111209,0.169056138007686,0.479,2000,1327.21430683136,0.0018848953313819843,0.0006694395694476332,0.0017870107179447509
375,ipw_robust,1000,10,covariate,0.15,5,2,2000,-0.161964511526502,0.0334891910514702,0.00726031821656,0.183000521997808,0.164230675751164,0.515,2000,1327.21430683136,0.0019052976429629047,0.0006585019812518304,0.0017991806090578199
375,dr_robust,1000,10,covariate,0.15,5,2,2000,-0.167173463730077,0.0349727528499992,0.0070293005247502,0.187010034089081,0.168995713276311,0.469,2000,1327.21430683136,0.0018747400519472295,0.0006650611438954546,0.0017781429406580852
375,aipw_robust,1000,10,covariate,0.15,5,2,2000,-0.164994544903237,0.0371549646039456,0.0099367331226807,0.192756231037924,0.169709715699549,0.6185,2000,1327.21430683136,0.0022289833021672347,0.0007998487409616165,0.002074767535800826
375,reg_adj,1000,10,covariate,0.15,5,2,2000,-0.167387264161346,0.0348574966804681,0.0068424216878916,0.186701624739765,0.169008213220869,0.458,2000,1327.21430683136,0.0018496515466286615,0.0006559325168976694,0.0017566331246767247
375,adaptive,1000,10,covariate,0.15,5,2,2000,-0.167387264161346,0.0348574966804681,0.0068424216878916,0.186701624739765,0.169008213220869,0.458,2000,1327.21430683136,0.0018496515466286615,0.0006559325168976694,0.0017566331246767247
376,naive,200,20,covariate,0.15,5,2,2000,-0.146566577712146,0.0662519845391018,0.0447926191464244,0.257394608605351,0.206719395249216,0.891,2000,552.542507886887,0.004732473937932696,0.0019826314511383436,0.0038513461138150783
376,ipw_robust,200,20,covariate,0.15,5,2,2000,-0.147051724212611,0.0643647191345742,0.0427618904859155,0.253702028242926,0.204834472048748,0.8925,2000,552.542507886887,0.004623953421365504,0.001917801721484068,0.003779634192848717
376,dr_robust,200,20,covariate,0.15,5,2,2000,-0.14288690282752,0.0660240190400486,0.0456301671239694,0.256951394314272,0.206998146781478,0.9005,2000,552.542507886887,0.004776513745608266,0.0019862890037397607,0.003865106490355081
376,aipw_robust,200,20,covariate,0.15,5,2,2000,-0.0884593368471447,0.0681220276284015,0.0603271369214256,0.26100196862936,0.208511576339458,0.937,2000,552.542507886887,0.00549213696667452,0.002140908613304205,0.0041013265619165434
376,reg_adj,200,20,covariate,0.15,5,2,2000,-0.169324188896758,0.0652630554483466,0.0366106798427231,0.2554663489549,0.209408675893306,0.8615,2000,552.542507886887,0.004278474017843459,0.0018546288363138295,0.0036298887190055027
376,adaptive,200,20,covariate,0.15,5,2,2000,-0.168665123195792,0.0665780066081156,0.0381491574041659,0.258027143161559,0.21065482601553,0.865,2000,552.542507886887,0.004367445329031944,0.0019041761617718076,0.003689875682147793
377,naive,500,20,covariate,0.15,5,2,2000,-0.173645558716218,0.0482506256131996,0.0181068990008325,0.219660250416864,0.18629896404263,0.749,2000,1403.71097397804,0.003008895063044946,0.0011915563258929269,0.00271227116337988
377,ipw_robust,500,20,covariate,0.15,5,2,2000,-0.16809734379407,0.0457524194002108,0.0175044546369073,0.213898151932668,0.180879387151696,0.758,2000,1403.71097397804,0.0029584163531277425,0.0011382630511600025,0.00266075943357919
377,dr_robust,500,20,covariate,0.15,5,2,2000,-0.176775092286883,0.0493765763516437,0.0181362112042098,0.222208407472903,0.188506307594863,0.7565,2000,1403.71097397804,0.0030113295406024396,0.0012093034357933252,0.00272110189156725
377,aipw_robust,500,20,covariate,0.15,5,2,2000,-0.156183541177176,0.0460840995580714,0.0217016518493533,0.214672074471906,0.177546604610603,0.8195,2000,1403.71097397804,0.003294059186577656,0.0012368150377088923,0.0028807077975825717
377,reg_adj,500,20,covariate,0.15,5,2,2000,-0.175915888459029,0.0455311844766783,0.014592080704701,0.213380375097332,0.183480093496461,0.698,2000,1403.71097397804,0.0027011183521553623,0.0010564438207758234,0.0024754943379725848
377,adaptive,500,20,covariate,0.15,5,2,2000,-0.175422572865636,0.0455146062713259,0.0147489016513522,0.213341524957815,0.183247497821616,0.6995,2000,1403.71097397804,0.002715594009729013,0.0010607866578017792,0.0024861232664656666
378,naive,1000,20,covariate,0.15,5,2,2000,-0.173277616550941,0.0381234824704434,0.0081024012735052,0.195252355864003,0.175109811488218,0.5145,2000,3205.16349196434,0.002012759458244477,0.0007431017752282964,0.0019029265279285055
378,ipw_robust,1000,20,covariate,0.15,5,2,2000,-0.166484170900988,0.0359755450244851,0.0082626972125019,0.189672204143056,0.168584338395801,0.556,2000,3205.16349196434,0.002032571919084525,0.000725469625914026,0.001912429997826294
378,dr_robust,1000,20,covariate,0.15,5,2,2000,-0.172849726316955,0.0380394607592393,0.0081665161294575,0.195037075345277,0.174616853982115,0.519,2000,3205.16349196434,0.0020207073179282424,0.000744764691688177,0.0019092900423412038
378,aipw_robust,1000,20,covariate,0.15,5,2,2000,-0.167115915334753,0.0385514358380622,0.0106290211904852,0.196345195607283,0.171408228078186,0.625,2000,3205.16349196434,0.002305322232409734,0.0008406336547607845,0.0021407033978110817
378,reg_adj,1000,20,covariate,0.15,5,2,2000,-0.17263084601764,0.0372808397344091,0.0074831723238049,0.193082468739161,0.174152044332331,0.49,2000,3205.16349196434,0.001934318009506826,0.000708530892804076,0.0018347882576570033
378,adaptive,1000,20,covariate,0.15,5,2,2000,-0.17263084601764,0.0372808397344091,0.0074831723238049,0.193082468739161,0.174152044332331,0.49,2000,3205.16349196434,0.001934318009506826,0.000708530892804076,0.0018347882576570033
379,naive,200,5,outcome,0.15,5,2,2000,0.0161850972060602,0.306939776285743,0.306831234531439,0.554021458326068,0.412428540402312,0.9535,2000,174.630475997925,0.012386105815215672,0.00971113587030444,0.00876422359130806
379,ipw_robust,200,5,outcome,0.15,5,2,2000,-0.0212605555114074,0.0508688009209676,0.0504420107056668,0.225541129111671,0.179411501620408,0.9505,2000,174.630475997925,0.005022051906624761,0.0016093468096383663,0.00356774574991495
379,dr_robust,200,5,outcome,0.15,5,2,2000,0.0022185438009905,0.0507164195226477,0.0507368660190603,0.225203062862492,0.17950098132188,0.952,2000,174.630475997925,0.005036708549194618,0.001604596217342986,0.0035625541610034527
379,aipw_robust,200,5,outcome,0.15,5,2,2000,-0.0001406203093916,0.0546479313928044,0.0546752492433546,0.233768970123933,0.185404229369872,0.9505,2000,174.630475997925,0.00522853943484003,0.0017289838177749132,0.0036980609891430196
379,reg_adj,200,5,outcome,0.15,5,2,2000,0.0109375161692236,0.28692228735708,0.286946131162709,0.535651274017975,0.40821501327294,0.959,2000,174.630475997925,0.011978024277039787,0.009077815623589234,0.008473624598608355
379,adaptive,200,5,outcome,0.15,5,2,2000,-0.0213130427949477,0.0508673591100773,0.0504383324831396,0.22553793275207,0.179397766761286,0.9505,2000,174.630475997925,0.005021868799716874,0.0016093005264308537,0.003567693706317532
380,naive,500,5,outcome,0.15,5,2,2000,0.0103143112913728,0.119058471650334,0.119011592429134,0.345048506228232,0.265517712458217,0.9525,2000,375.130768060684,0.007714000013907636,0.0037668396877468396,0.0054584205115429
380,ipw_robust,500,5,outcome,0.15,5,2,2000,-0.0165142916730989,0.0192882162808694,0.0190250069548827,0.138882022885863,0.110214061597924,0.948,2000,375.130768060684,0.0030842346664028907,0.0006101868230615473,0.0021967811613854997
380,dr_robust,500,5,outcome,0.15,5,2,2000,0.0078902846542714,0.0192810111107224,0.0192283687031485,0.138856080568056,0.109966043005345,0.9515,2000,375.130768060684,0.003100674821966059,0.0006100199573716486,0.0021965907250012942
380,aipw_robust,500,5,outcome,0.15,5,2,2000,0.0041155200856555,0.0203854125071629,0.0203786643337543,0.142777492999292,0.113521892162272,0.9485,2000,375.130768060684,0.003192073333568192,0.0006449653382232067,0.0022586379851423956
380,reg_adj,500,5,outcome,0.15,5,2,2000,0.0078305172610591,0.114593514267311,0.114589492012741,0.33851663809525,0.261312931233801,0.9525,2000,375.130768060684,0.007569329296996564,0.0036255764021233196,0.00535509336043798
380,adaptive,500,5,outcome,0.15,5,2,2000,-0.0165142916730989,0.0192882162808694,0.0190250069548827,0.138882022885863,0.110214061597924,0.948,2000,375.130768060684,0.0030842346664028907,0.0006101868230615473,0.0021967811613854997
381,naive,1000,5,outcome,0.15,5,2,2000,0.014042976488907,0.0573298867541824,0.0571612621966127,0.239436602787006,0.189068035337592,0.9475,2000,695.897083044052,0.0053460855865115325,0.0018138232799536653,0.0037876900583307554
381,ipw_robust,1000,5,outcome,0.15,5,2,2000,-0.0187793656472974,0.009789204463607,0.009441260519752,0.0989404086488783,0.0786446532097825,0.944,2000,695.897083044052,0.002172701143709369,0.00030951025256433754,0.0015641245917162809
381,dr_robust,1000,5,outcome,0.15,5,2,2000,0.0050635824794547,0.0094964096494569,0.0094755075356985,0.0974495235978964,0.0774442260630337,0.9525,2000,695.897083044052,0.0021766381802792237,0.00030045156776924544,0.00154157535448296
381,aipw_robust,1000,5,outcome,0.15,5,2,2000,0.0008330389068413,0.0101525588947455,0.0101569434126315,0.100759907179123,0.080475426307822,0.953,2000,695.897083044052,0.0022535464730765484,0.00032121269649060605,0.0015939509348672756
381,reg_adj,1000,5,outcome,0.15,5,2,2000,0.0117641216582332,0.0562330489811056,0.0561227157806062,0.23713508593438,0.186736817422868,0.948,2000,695.897083044052,0.0052972972250292984,0.0017791271409100815,0.0037512946131522716
381,adaptive,1000,5,outcome,0.15,5,2,2000,-0.0187793656472974,0.009789204463607,0.009441260519752,0.0989404086488783,0.0786446532097825,0.944,2000,695.897083044052,0.002172701143709369,0.00030951025256433754,0.0015641245917162809
382,naive,200,10,outcome,0.15,5,2,2000,-0.0021503288410087,0.324043141719049,0.324200618113981,0.569247873706217,0.429830741091068,0.9505,2000,294.601846933365,0.012731861963475354,0.01025226994070688,0.009005101656293557
382,ipw_robust,200,10,outcome,0.15,5,2,2000,-0.0131200979167536,0.0566274425819937,0.0564835473863416,0.237965212966084,0.188387196570415,0.95,2000,294.601846933365,0.005314298984171929,0.0017916017801607026,0.0037644195086952706
382,dr_robust,200,10,outcome,0.15,5,2,2000,0.0055680488403955,0.0565800678397032,0.0565773533484884,0.237865650819329,0.187930099083752,0.9515,2000,294.601846933365,0.005318710057358287,0.0017901131434322447,0.003762866007063639
382,aipw_robust,200,10,outcome,0.15,5,2,2000,0.003513354465789,0.0574035801674568,0.0574199464810951,0.239590442562838,0.189731538714922,0.9525,2000,294.601846933365,0.00535816883277744,0.0018161684388952786,0.003790152101787089
382,reg_adj,200,10,outcome,0.15,5,2,2000,-0.0003611616226162,0.3031625466233,0.303314073222193,0.550601985669594,0.420030596930708,0.9515,2000,294.601846933365,0.012314911149135284,0.009591637302454088,0.00871013686119346
382,adaptive,200,10,outcome,0.15,5,2,2000,-0.0130989540895174,0.0566344353804911,0.0564910983314175,0.237979905413233,0.188408340397651,0.95,2000,294.601846933365,0.005314654190604385,0.0017918230854490273,0.0037646520666055196
383,naive,500,10,outcome,0.15,5,2,2000,0.0187484294383817,0.128130777460911,0.127843195452231,0.357953596798399,0.275938515113113,0.955,2000,643.267050981522,0.007995098356250252,0.004053857090716098,0.005662545546370424
383,ipw_robust,500,10,outcome,0.15,5,2,2000,-0.0154326142925783,0.0200694428714066,0.0198411978864463,0.141666661114768,0.112550405071733,0.944,2000,643.267050981522,0.0031496982305013205,0.0006349205576519488,0.0022408961736508437
383,dr_robust,500,10,outcome,0.15,5,2,2000,0.0026625273757869,0.0198719390140339,0.0198747873556849,0.140967865182225,0.111336242657463,0.944,2000,643.267050981522,0.0031523631893933873,0.0006287200960975123,0.002230012121148264
383,aipw_robust,500,10,outcome,0.15,5,2,2000,-0.0040796501868103,0.0205775801566489,0.0205712222221132,0.143448876456558,0.114214903009903,0.95,2000,643.267050981522,0.0032071188177329193,0.0006510452671386913,0.0022692588580010722
383,reg_adj,500,10,outcome,0.15,5,2,2000,0.0188206132296629,0.117022431856017,0.116726579663508,0.342085416023567,0.26887032863343,0.9495,2000,643.267050981522,0.007639587019712126,0.0037024028850702116,0.0054115181642457755
383,adaptive,500,10,outcome,0.15,5,2,2000,-0.0154326142925783,0.0200694428714066,0.0198411978864463,0.141666661114768,0.112550405071733,0.944,2000,643.267050981522,0.0031496982305013205,0.0006349205576519488,0.0022408961736508437
384,naive,1000,10,outcome,0.15,5,2,2000,0.0167862376725201,0.0593741839929462,0.0591219672013486,0.243668184203326,0.190977001734514,0.9495,2000,1148.14665603638,0.005437001342714042,0.0018784902231643447,0.0038546070946973957
384,ipw_robust,1000,10,outcome,0.15,5,2,2000,-0.0119850596056861,0.0096518368038243,0.0095129516258854,0.0982437621624111,0.0788037716776216,0.9515,2000,1148.14665603638,0.0021809346191352685,0.00030533450647387156,0.0015539638331902926
384,dr_robust,1000,10,outcome,0.15,5,2,2000,0.0056585430978586,0.0097041364499559,0.0096769558178745,0.0985095754226761,0.07915410769475,0.9475,2000,1148.14665603638,0.0021996540430115935,0.0003070230755602959,0.001558341279225642
384,aipw_robust,1000,10,outcome,0.15,5,2,2000,-0.0001772878345334,0.0100031149488642,0.0100080875616687,0.100015573531646,0.080260298213109,0.9515,2000,1148.14665603638,0.0022369720116341084,0.00031648451110591986,0.001582176154825432
384,reg_adj,1000,10,outcome,0.15,5,2,2000,0.0157409566376052,0.0570891164685126,0.0568697736394654,0.238933288740838,0.187612764362694,0.9455,2000,1148.14665603638,0.00533243723073537,0.001806198571318378,0.003779713117491749
384,adaptive,1000,10,outcome,0.15,5,2,2000,-0.0119850596056861,0.0096518368038243,0.0095129516258854,0.0982437621624111,0.0788037716776216,0.9515,2000,1148.14665603638,0.0021809346191352685,0.00030533450647387156,0.0015539638331902926
385,naive,200,20,outcome,0.15,5,2,2000,0.0171284930156919,0.367336940786729,0.36722716909829,0.606083278755262,0.451051869309644,0.955,2000,698.373902082443,0.013550409017780424,0.011622016684313162,0.009587805085286111
385,ipw_robust,200,20,outcome,0.15,5,2,2000,-0.0179285841157102,0.0621198971105517,0.0618293776709931,0.249238634867373,0.19924284466862,0.954,2000,698.373902082443,0.005560097915999012,0.001965354952018579,0.0039427172939388
385,dr_robust,200,20,outcome,0.15,5,2,2000,0.0003049472824661,0.0648986841583242,0.064931056693826,0.254752201478857,0.204304262526756,0.955,2000,698.373902082443,0.005697852959397338,0.0020533032410299844,0.004030000975674388
385,aipw_robust,200,20,outcome,0.15,5,2,2000,-0.0035290986930955,0.0674468976990103,0.0674681772500497,0.259705405602214,0.207528260021196,0.946,2000,698.373902082443,0.0058081054247512455,0.0021339249076157553,0.004108356741107363
385,reg_adj,200,20,outcome,0.15,5,2,2000,0.0169262122677951,0.319634673456092,0.319507930759737,0.565362426639843,0.432429443554432,0.957,2000,698.373902082443,0.01263938152679428,0.010112783678566925,0.008943629079377383
385,adaptive,200,20,outcome,0.15,5,2,2000,-0.017908483860595,0.0621184112037882,0.0618286117154608,0.249235653957832,0.199222744413505,0.954,2000,698.373902082443,0.005560063476052266,0.001965308068463098,0.003942670394974081
386,naive,500,20,outcome,0.15,5,2,2000,0.0098063609949838,0.128794847562594,0.128763064378819,0.358879990473966,0.277480875615756,0.956,2000,1716.58167505264,0.00802381032860383,0.004074885480016482,0.00567722579717367
386,ipw_robust,500,20,outcome,0.15,5,2,2000,-0.0140254487166571,0.02046078387742,0.0202742077696012,0.143041196434524,0.113020925011072,0.946,2000,1716.58167505264,0.0031838818892667175,0.0006473174721380271,0.002262695951492309
386,dr_robust,500,20,outcome,0.15,5,2,2000,0.0073693413258686,0.0208339113196205,0.0207899991276072,0.144339569486751,0.113960242366876,0.95,2000,1716.58167505264,0.003224127721385057,0.0006591526049838018,0.002283339930026276
386,aipw_robust,500,20,outcome,0.15,5,2,2000,0.001413936969588,0.0219963835749962,0.0220053870507676,0.148311778274675,0.117784189243966,0.948,2000,1716.58167505264,0.0033170308297306795,0.0006959346566848356,0.0023461880936925896
386,reg_adj,500,20,outcome,0.15,5,2,2000,0.0078364490899081,0.122448402848704,0.122448217022876,0.349926282020519,0.268097299746955,0.956,2000,1716.58167505264,0.007824583599875331,0.003874094078105987,0.005535586032201516
386,adaptive,500,20,outcome,0.15,5,2,2000,-0.0140254487166571,0.02046078387742,0.0202742077696012,0.143041196434524,0.113020925011072,0.946,2000,1716.58167505264,0.0031838818892667175,0.0006473174721380271,0.002262695951492309
387,naive,1000,20,outcome,0.15,5,2,2000,0.0041140844771736,0.0622892036228783,0.0623034296466163,0.249578051164116,0.194028497204068,0.95,2000,2939.07785606384,0.005581372127291653,0.0019707426018986795,0.003948148871077551
387,ipw_robust,1000,20,outcome,0.15,5,2,2000,-0.0156209176880868,0.0100375434922594,0.0097984296376602,0.100187541602035,0.0798058079772775,0.9485,2000,2939.07785606384,0.00221341700066438,0.00031747616154114783,0.0015844093809698754
387,dr_robust,1000,20,outcome,0.15,5,2,2000,0.0032399715480764,0.0099437867005806,0.0099382584141553,0.0997185373969184,0.0795388671745111,0.9565,2000,2939.07785606384,0.0022291543704009487,0.00031460710793781933,0.0015774755434165726
387,aipw_robust,1000,20,outcome,0.15,5,2,2000,-0.0028183268714141,0.0105195106208381,0.0105168260675177,0.102564665557092,0.0820564465938951,0.954,2000,2939.07785606384,0.002293122987054739,0.000332822325161088,0.0016224999289634716
387,reg_adj,1000,20,outcome,0.15,5,2,2000,0.003171695737945,0.0579362544278297,0.0579551723601557,0.240699510651413,0.187305670154364,0.953,2000,2939.07785606384,0.0053830833339339875,0.001833021555040025,0.0038076968874578483
387,adaptive,1000,20,outcome,0.15,5,2,2000,-0.0156209176880868,0.0100375434922594,0.0097984296376602,0.100187541602035,0.0798058079772775,0.9485,2000,2939.07785606384,0.00221341700066438,0.00031747616154114783,0.0015844093809698754
388,naive,200,5,treatment,0.15,5,2,2000,-0.698794477523384,0.517757963046386,0.0294589707145641,0.719554002870102,0.698794477523384,0.018,2000,179.871663093567,0.0038379011656479705,0.005444104170258474,0.0037829712214395637
388,ipw_robust,200,5,treatment,0.15,5,2,2000,-0.653074603041661,0.458858286618426,0.0323680334971512,0.677390793130838,0.653074603041661,0.051,2000,179.871663093567,0.004022936334143954,0.005353320360350292,0.003951426868091709
388,dr_robust,200,5,treatment,0.15,5,2,2000,-0.645150442806676,0.445134868847575,0.0289302401139816,0.667184284023219,0.645150442806676,0.034,2000,179.871663093567,0.003803303834430113,0.00499195306903746,0.0037410601452834372
388,aipw_robust,200,5,treatment,0.15,5,2,2000,-0.566585351820564,0.370427711825749,0.0494334676619471,0.608627728439765,0.567126243513443,0.2775,2000,179.871663093567,0.004971592685545906,0.005846522775966473,0.004803036817722884
388,reg_adj,200,5,treatment,0.15,5,2,2000,-0.691534734957193,0.506228169520259,0.0280218908133493,0.711497132475078,0.691534734957194,0.0185,2000,179.871663093567,0.003743119742497513,0.005252285202412962,0.0036910093960195525
388,adaptive,200,5,treatment,0.15,5,2,2000,-0.691534734957193,0.506228169520259,0.0280218908133493,0.711497132475078,0.691534734957194,0.0185,2000,179.871663093567,0.003743119742497513,0.005252285202412962,0.0036910093960195525
389,naive,500,5,treatment,0.15,5,2,2000,-0.692519223314272,0.491541545496505,0.0119646531632836,0.701100239264333,0.692519223314272,0.0,2000,398.348556995392,0.002445879510859396,0.003408700403677004,0.0024309650837188172
389,ipw_robust,500,5,treatment,0.15,5,2,2000,-0.647317809686042,0.432178553249162,0.0131647889068807,0.657402885032582,0.647317809686042,0.0,2000,398.348556995392,0.0025656177527917812,0.0033475275192172615,0.002546024359971703
389,dr_robust,500,5,treatment,0.15,5,2,2000,-0.637418407182465,0.417989319996729,0.0116929406520242,0.646520935466694,0.637418407182465,0.0,2000,398.348556995392,0.0024179475440985272,0.003104587007570047,0.0024009949541146623
389,aipw_robust,500,5,treatment,0.15,5,2,2000,-0.55697788869956,0.329854265956812,0.0196397173152505,0.574329405443263,0.55697788869956,0.0205,2000,398.348556995392,0.0031336653710352116,0.003545582645985815,0.0030867152303035586
389,reg_adj,500,5,treatment,0.15,5,2,2000,-0.684875631158514,0.480606862632344,0.0115580114833127,0.693258150065575,0.684875631158514,0.0,2000,398.348556995392,0.002403956268665541,0.003313044707321062,0.002389474041529611
389,adaptive,500,5,treatment,0.15,5,2,2000,-0.684875631158514,0.480606862632344,0.0115580114833127,0.693258150065575,0.684875631158514,0.0,2000,398.348556995392,0.002403956268665541,0.003313044707321062,0.002389474041529611
390,naive,1000,5,treatment,0.15,5,2,2000,-0.693941566223844,0.487221324745727,0.0056692620435467,0.698012410165985,0.693941566223844,0.0,2000,730.402200937271,0.0016836362498394211,0.002343557623526397,0.0016787363586910347
390,ipw_robust,1000,5,treatment,0.15,5,2,2000,-0.648809341600529,0.427243734334597,0.0062933192461079,0.653638840901148,0.648809341600529,0.0,2000,730.402200937271,0.0017738826407217446,0.00231041039014015,0.0017673447824450514
390,dr_robust,1000,5,treatment,0.15,5,2,2000,-0.63852747586227,0.413266274809531,0.0055517132351064,0.642857896279987,0.63852747586227,0.0,2000,730.402200937271,0.0016660902189116892,0.002134919435632495,0.0016604909483002312
390,aipw_robust,1000,5,treatment,0.15,5,2,2000,-0.554240503070059,0.316254966139028,0.009076969380366,0.562365509378934,0.554240503070059,0.0005,2000,730.402200937271,0.0021303719605230914,0.0023788577734505933,0.0021150459387861103
390,reg_adj,1000,5,treatment,0.15,5,2,2000,-0.686787142591937,0.477126475453677,0.0054526225353469,0.690743422302143,0.686787142591937,0.0,2000,730.402200937271,0.001651154525679971,0.002274528474897216,0.0016464351316705685
390,adaptive,1000,5,treatment,0.15,5,2,2000,-0.686787142591937,0.477126475453677,0.0054526225353469,0.690743422302143,0.686787142591937,0.0,2000,730.402200937271,0.001651154525679971,0.002274528474897216,0.0016464351316705685
391,naive,200,10,treatment,0.15,5,2,2000,-0.691963032288325,0.510427789333643,0.0316307666633218,0.714442292514688,0.691963032288325,0.024,2000,308.472130060196,0.003976855960637863,0.005593830504356162,0.003914823186535503
391,ipw_robust,200,10,treatment,0.15,5,2,2000,-0.636039317328311,0.437889621965649,0.033360288922646,0.661732288743453,0.636039317328311,0.059,2000,308.472130060196,0.004084133257047693,0.0053013632814474364,0.00400567070069534
391,dr_robust,200,10,treatment,0.15,5,2,2000,-0.641007583389579,0.441701826272957,0.0308265175687938,0.664606519884478,0.641007583389579,0.045,2000,308.472130060196,0.003925972336173155,0.005126688434487659,0.003856935104532815
391,aipw_robust,200,10,treatment,0.15,5,2,2000,-0.573046629257581,0.374098665299888,0.0457390955441843,0.611636056245778,0.57338201824397,0.239,2000,308.472130060196,0.004782211598423072,0.005668500365517141,0.004633883424327855
391,reg_adj,200,10,treatment,0.15,5,2,2000,-0.68115441907538,0.492512138265271,0.0285550731759403,0.70179209048355,0.68115441907538,0.019,2000,308.472130060196,0.0037785627675043522,0.005226171015622053,0.003723446791784949
391,adaptive,200,10,treatment,0.15,5,2,2000,-0.681188275417942,0.492574265284664,0.0285710842599236,0.701836352210873,0.681188275417942,0.019,2000,308.472130060196,0.0037796219559582678,0.005227931821141541,0.0037244663978097574
392,naive,500,10,treatment,0.15,5,2,2000,-0.695530612629289,0.495661128469217,0.0119042474884871,0.704032050740033,0.695530612629289,0.0,2000,715.544057130814,0.002439697469819475,0.0034145828574339543,0.00242501946739837
392,ipw_robust,500,10,treatment,0.15,5,2,2000,-0.640675086418731,0.423667904552231,0.0132099431661662,0.650897768126632,0.640675086418731,0.0,2000,715.544057130814,0.0025700139266321303,0.0033194773361287654,0.002549922198752233
392,dr_robust,500,10,treatment,0.15,5,2,2000,-0.641801426455859,0.423557848082136,0.0116546043835519,0.650813220580326,0.641801426455859,0.0,2000,715.544057130814,0.002413980569883683,0.003120433356500017,0.0023973340259725723
392,aipw_robust,500,10,treatment,0.15,5,2,2000,-0.562420227263603,0.334959730625939,0.0186525448631269,0.578757056653255,0.562420227263603,0.0165,2000,715.544057130814,0.0030538946333433722,0.0034854172337384997,0.0030111228827976806
392,reg_adj,500,10,treatment,0.15,5,2,2000,-0.686357226418576,0.482474906916731,0.0113943618406509,0.694604136841072,0.686357226418576,0.0,2000,715.544057130814,0.002386876812976625,0.003296253280106561,0.0023727567295361183
392,adaptive,500,10,treatment,0.15,5,2,2000,-0.686357226418576,0.482474906916731,0.0113943618406509,0.694604136841072,0.686357226418576,0.0,2000,715.544057130814,0.002386876812976625,0.003296253280106561,0.0023727567295361183
393,naive,1000,10,treatment,0.15,5,2,2000,-0.702414989157653,0.499743699117057,0.0063600621547889,0.706925525863268,0.702414989157653,0.0,2000,1291.01328706741,0.0017832641636601264,0.0025132433299374433,0.001777587056902759
393,ipw_robust,1000,10,treatment,0.15,5,2,2000,-0.648475155268289,0.427262789997212,0.0067461360650128,0.653653417337668,0.648475155268289,0.0,2000,1291.01328706741,0.0018365914168661467,0.0023915018277685892,0.001829334754730712
393,dr_robust,1000,10,treatment,0.15,5,2,2000,-0.647502019601204,0.425445185713667,0.0061894150335456,0.652261593008255,0.647502019601204,0.0,2000,1291.01328706741,0.0017591780798920842,0.0022865351751531213,0.00175277465334693
393,aipw_robust,1000,10,treatment,0.15,5,2,2000,-0.567666261204168,0.331890489865927,0.0096503309218697,0.576099374991787,0.567666261204168,0.0,2000,1291.01328706741,0.0021966259264915478,0.0025125028071706886,0.0021806158071309375
393,reg_adj,1000,10,treatment,0.15,5,2,2000,-0.692264325397614,0.485240767061922,0.0060138777825987,0.696592253087788,0.692264325397614,0.0,2000,1291.01328706741,0.0017340527360202602,0.002408365997358297,0.0017286769890726755
393,adaptive,1000,10,treatment,0.15,5,2,2000,-0.692264325397614,0.485240767061922,0.0060138777825987,0.696592253087788,0.692264325397614,0.0,2000,1291.01328706741,0.0017340527360202602,0.002408365997358297,0.0017286769890726755
394,naive,200,20,treatment,0.15,5,2,2000,-0.70055098350036,0.527185418994694,0.0364319544886165,0.726075353523788,0.700768719703823,0.044,2000,729.62007021904,0.004268017952669395,0.006089895759633416,0.004193707808754244
394,ipw_robust,200,20,treatment,0.15,5,2,2000,-0.646528797728371,0.455093804456658,0.0371128746018665,0.674606407067601,0.646579873955947,0.0865,2000,729.62007021904,0.004307718340482958,0.0056924239562790805,0.004219070480684491
394,dr_robust,200,20,treatment,0.15,5,2,2000,-0.652510740955903,0.459538097426872,0.0337847227254134,0.677892393693035,0.652549507699394,0.0575,2000,729.62007021904,0.00411003179582673,0.005469046381638973,0.004033860264934232
394,aipw_robust,200,20,treatment,0.15,5,2,2000,-0.593578481861566,0.400361184377775,0.0480497951462668,0.632741008926856,0.594224422697338,0.2235,2000,729.62007021904,0.004901519924792043,0.006013989670506018,0.004752331195275211
394,reg_adj,200,20,treatment,0.15,5,2,2000,-0.689895894722689,0.505818481682255,0.0298770746643682,0.711209168727636,0.689895894722689,0.025,2000,729.62007021904,0.003865040404987262,0.005415995396671464,0.0038075967203577833
394,adaptive,200,20,treatment,0.15,5,2,2000,-0.689229197919646,0.505346591090908,0.030324866259078,0.710877338990988,0.689252478933489,0.0275,2000,729.62007021904,0.00389389690792386,0.005452564319887307,0.0038350950444042994
395,naive,500,20,treatment,0.15,5,2,2000,-0.703913814015756,0.507769624168254,0.0122811071596252,0.712579556378271,0.703913814015756,0.0,2000,1968.53908395767,0.0024780140394704384,0.0035101668857979882,0.0024629999937400854
395,ipw_robust,500,20,treatment,0.15,5,2,2000,-0.652477154872173,0.439302871764145,0.0135832257469334,0.66279926958631,0.652477154872173,0.0,2000,1968.53908395767,0.002606072307797061,0.0034278244761403085,0.0025858692317809926
395,dr_robust,500,20,treatment,0.15,5,2,2000,-0.65063969344462,0.435620389944368,0.0122945265219202,0.660015446746793,0.65063969344462,0.0,2000,1968.53908395767,0.0024793675122821344,0.003249690546545119,0.002461829160637678
395,aipw_robust,500,20,treatment,0.15,5,2,2000,-0.577477545166277,0.354010186032243,0.0205401409314396,0.594987551157369,0.577477545166277,0.0185,2000,1968.53908395767,0.003204695065949302,0.0037578401685597197,0.003157914952380074
395,reg_adj,500,20,treatment,0.15,5,2,2000,-0.693373970810049,0.49208091011092,0.0113191062671588,0.701484789650439,0.693373970810049,0.0,2000,1968.53908395767,0.0023789815328369825,0.0033184089836322,0.002365275079795968
395,adaptive,500,20,treatment,0.15,5,2,2000,-0.693373970810049,0.49208091011092,0.0113191062671588,0.701484789650439,0.693373970810049,0.0,2000,1968.53908395767,0.0023789815328369825,0.0033184089836322,0.002365275079795968
396,naive,1000,20,treatment,0.15,5,2,2000,-0.704564922414232,0.502420022648788,0.0060112984014158,0.708815930019062,0.704564922414232,0.0,2000,3480.07432794571,0.001733680824346829,0.002450366051269382,0.001728492509475263
396,ipw_robust,1000,20,treatment,0.15,5,2,2000,-0.651730703806547,0.43146507557307,0.0067155230504176,0.656860012158656,0.651730703806547,0.0,2000,3480.07432794571,0.0018324195821942091,0.002397910375583581,0.0018252826562719705
396,dr_robust,1000,20,treatment,0.15,5,2,2000,-0.650006691669812,0.428427465805065,0.0059217274532566,0.654543708093711,0.650006691669812,0.0,2000,3480.07432794571,0.0017207160505522984,0.0022447782925713125,0.0017147657710353604
396,aipw_robust,1000,20,treatment,0.15,5,2,2000,-0.573667562349551,0.338621277775829,0.0095315714694878,0.58191174397483,0.573667562349551,0.0,2000,3480.07432794571,0.0021830679638398572,0.0025227813651991157,0.002167666653337242
396,reg_adj,1000,20,treatment,0.15,5,2,2000,-0.694152525757213,0.487564853602969,0.0057199845801409,0.69825844327367,0.694152525757213,0.0,2000,3480.07432794571,0.0016911511730387824,0.002354791154960844,0.0016861888156488249
396,adaptive,1000,20,treatment,0.15,5,2,2000,-0.694152525757213,0.487564853602969,0.0057199845801409,0.69825844327367,0.694152525757213,0.0,2000,3480.07432794571,0.0016911511730387824,0.002354791154960844,0.0016861888156488249
397,naive,200,5,mixed,0.15,5,2,2000,-0.345009448214205,0.23405043781748,0.115076456688755,0.483787595766448,0.397365303999696,0.8415,2000,167.65949511528,0.007585395727605614,0.006374797396609565,0.006588425842657452
397,ipw_robust,200,5,mixed,0.15,5,2,2000,-0.32137896652364,0.146681810416667,0.0434190798327801,0.382990614005966,0.332349105143031,0.651,2000,167.65949511528,0.0046593497310665625,0.0032945784549717624,0.004301121665243266
397,dr_robust,200,5,mixed,0.15,5,2,2000,-0.334561634906698,0.158097335556964,0.0461889424767596,0.397614556520462,0.343544914395849,0.662,2000,167.65949511528,0.004805670737616114,0.0035317718622279166,0.004441200409178386
397,aipw_robust,200,5,mixed,0.15,5,2,2000,-0.269778890772023,0.125464983495945,0.0527106889342293,0.35421036616105,0.297465096829522,0.791,2000,167.65949511528,0.0051337456566443425,0.0032328088596749434,0.004563402385300423
397,reg_adj,200,5,mixed,0.15,5,2,2000,-0.368171151731786,0.250107190253221,0.114614500535979,0.500107178765933,0.413083024376052,0.824,2000,167.65949511528,0.007570155234074762,0.006648945339922801,0.006647520393858144
397,adaptive,200,5,mixed,0.15,5,2,2000,-0.328060806279975,0.151797195058485,0.0441954001414889,0.389611595128386,0.338822457214171,0.647,2000,167.65949511528,0.004700819085089794,0.0033861771057725493,0.004345580506474308
398,naive,500,5,mixed,0.15,5,2,2000,-0.350091395457449,0.169958173782937,0.0474178975583721,0.41225983770304,0.363054996126055,0.6405,2000,384.557597875595,0.004869183584461162,0.0037245013082890964,0.004517176993326159
398,ipw_robust,500,5,mixed,0.15,5,2,2000,-0.337852283169532,0.132696415130529,0.0185615306529902,0.364275191483759,0.339157624347084,0.313,2000,384.557597875595,0.0030464348551208346,0.0021405399468855404,0.002938080875294764
398,dr_robust,500,5,mixed,0.15,5,2,2000,-0.367576796932481,0.155150579612261,0.0200479019200792,0.39389158357632,0.368014129568752,0.2645,2000,384.557597875595,0.003166062374628712,0.0024123371971584736,0.003062184237672423
398,aipw_robust,500,5,mixed,0.15,5,2,2000,-0.297342943648828,0.109686147093604,0.0212839629373231,0.331188989994541,0.299316486500172,0.4785,2000,384.557597875595,0.003262205001017188,0.0020534258466565264,0.0031000816885403907
398,reg_adj,500,5,mixed,0.15,5,2,2000,-0.365538888974601,0.17779197807567,0.0441953964210951,0.421653860501324,0.375487547081082,0.584,2000,384.557597875595,0.004700818887230985,0.003709972246707091,0.004399310185724532
398,adaptive,500,5,mixed,0.15,5,2,2000,-0.338560423081964,0.133262869203536,0.0186490336429192,0.365051871935396,0.339865764259516,0.311,2000,384.557597875595,0.00305360718191774,0.0021501183206741104,0.0029449490414537875
399,naive,1000,5,mixed,0.15,5,2,2000,-0.368338811517613,0.157252345555536,0.0215896603154858,0.396550558637276,0.36906864728944,0.2935,2000,764.372316122055,0.003285548684427443,0.0025148364021560714,0.003170890000506073
399,ipw_robust,1000,5,mixed,0.15,5,2,2000,-0.347525627132416,0.129929718489168,0.0091602370939358,0.360457651450441,0.347559630002485,0.046,2000,764.372316122055,0.0021401211524042043,0.0015154365774075545,0.0021021007201672765
399,dr_robust,1000,5,mixed,0.15,5,2,2000,-0.377867970674912,0.152542035963441,0.0097627140584948,0.390566301622966,0.377867970674912,0.0255,2000,764.372316122055,0.002209379331225718,0.0016980086227169988,0.002173777685966588
399,aipw_robust,1000,5,mixed,0.15,5,2,2000,-0.315950178325665,0.11090552315586,0.0110865512474645,0.333024808619208,0.315990488606823,0.1545,2000,764.372316122055,0.002354416195945876,0.0015285060762864236,0.0022948831989783825
399,reg_adj,1000,5,mixed,0.15,5,2,2000,-0.379477639433297,0.164719599399141,0.0207266839112297,0.405856624190294,0.380123016788351,0.2465,2000,764.372316122055,0.0032192144935705744,0.0025296277020405,0.00311640558668624
399,adaptive,1000,5,mixed,0.15,5,2,2000,-0.347525627132416,0.129929718489168,0.0091602370939358,0.360457651450441,0.347559630002485,0.046,2000,764.372316122055,0.0021401211524042043,0.0015154365774075545,0.0021021007201672765
400,naive,200,10,mixed,0.15,5,2,2000,-0.318881020669572,0.283146200391337,0.181551870983561,0.532114837597428,0.38615777775394,0.9355,2000,273.255644083023,0.009527640604671258,0.008359624639306073,0.007855094472699666
400,ipw_robust,200,10,mixed,0.15,5,2,2000,-0.292111632919653,0.130292786712736,0.0449860736625809,0.360960921309684,0.308245148183934,0.7245,2000,273.255644083023,0.004742682451028157,0.0031146426319519486,0.004314376499055644
400,dr_robust,200,10,mixed,0.15,5,2,2000,-0.294849357802213,0.134705772736828,0.047793525703302,0.367022850428727,0.312054575667269,0.7395,2000,273.255644083023,0.0048884315328795395,0.003254871847755059,0.0044341542276631766
400,aipw_robust,200,10,mixed,0.15,5,2,2000,-0.246025126363761,0.117025390600469,0.0565252904433863,0.342089740565936,0.279451454923223,0.8255,2000,273.255644083023,0.005316262335672794,0.0031682605692453752,0.0046307447922933394
400,reg_adj,200,10,mixed,0.15,5,2,2000,-0.338776876079017,0.272367967497593,0.157677034248859,0.521888845921804,0.39759623225591,0.9075,2000,273.255644083023,0.008879105648905723,0.007813780237275272,0.007486057901346709
400,adaptive,200,10,mixed,0.15,5,2,2000,-0.298330600953812,0.135037138865193,0.0460590209101852,0.367473997536142,0.314100106117412,0.7205,2000,273.255644083023,0.004798907214678421,0.003212482658550753,0.004371033978036496
401,naive,500,10,mixed,0.15,5,2,2000,-0.340584481484429,0.164296595815872,0.0483229682719903,0.405335164790661,0.352520955107848,0.6625,2000,619.010097026825,0.004915433260252361,0.003680465217911942,0.004540027041340901
401,ipw_robust,500,10,mixed,0.15,5,2,2000,-0.313868659777494,0.119195459289871,0.0206922698342674,0.345246954063132,0.316091798280853,0.4095,2000,619.010097026825,0.0032165408309445882,0.002122523816692674,0.0030739211334280857
401,dr_robust,500,10,mixed,0.15,5,2,2000,-0.347097929879775,0.14535861961369,0.0248940937337322,0.381259255118732,0.348607779741114,0.408,2000,619.010097026825,0.003528037254177753,0.0025725563193868565,0.0033737624527773228
401,aipw_robust,500,10,mixed,0.15,5,2,2000,-0.276135673534607,0.0981211506036169,0.0218811809957036,0.313242957787748,0.27884388408506,0.5365,2000,619.010097026825,0.003307656345186392,0.0019533832230373763,0.003118000220712032
401,reg_adj,500,10,mixed,0.15,5,2,2000,-0.358519497473425,0.173578886184344,0.0450651887101019,0.416627994959945,0.365879015229373,0.603,2000,619.010097026825,0.004746850993558882,0.0036899715665205213,0.004428376886765948
401,adaptive,500,10,mixed,0.15,5,2,2000,-0.314353141999029,0.119532686229916,0.0207251509207143,0.345734994222332,0.316576280502388,0.408,2000,619.010097026825,0.0032190954413246512,0.0021273372030172085,0.0030765430728270167
402,naive,1000,10,mixed,0.15,5,2,2000,-0.351386159745598,0.147141327454879,0.0236809346614509,0.3835900512981,0.353535141729643,0.356,2000,1257.33514094353,0.0034409980137636597,0.0025315336148553943,0.003299790500677062
402,ipw_robust,1000,10,mixed,0.15,5,2,2000,-0.322907621098209,0.115225137421422,0.0109612863012675,0.339448283868724,0.323031050528943,0.121,2000,1257.33514094353,0.0023410773482808616,0.001551129199382568,0.0022847798517408938
402,dr_robust,1000,10,mixed,0.15,5,2,2000,-0.362537574173046,0.143807911222344,0.0123806088394867,0.37922013557081,0.362537574173046,0.092,2000,1257.33514094353,0.0024880322384855367,0.001846004549824782,0.0024339484862085947
402,aipw_robust,1000,10,mixed,0.15,5,2,2000,-0.295845840150522,0.0984333386613071,0.0109140345442107,0.313740878212112,0.295942341763172,0.192,2000,1257.33514094353,0.0023360259570701157,0.0014246447567800172,0.002270416218789399
402,reg_adj,1000,10,mixed,0.15,5,2,2000,-0.364890780935981,0.15421317547489,0.0210784326791594,0.392699854182415,0.365921605336929,0.2825,2000,1257.33514094353,0.0032464159221485623,0.0024611558364085926,0.003133634772455694
402,adaptive,1000,10,mixed,0.15,5,2,2000,-0.322907621098209,0.115225137421422,0.0109612863012675,0.339448283868724,0.323031050528943,0.121,2000,1257.33514094353,0.0023410773482808616,0.001551129199382568,0.0022847798517408938
403,naive,200,20,mixed,0.15,5,2,2000,-0.295903734867901,0.23373992414997,0.146254030856626,0.483466569837016,0.37293436836547,0.906,2000,664.424515962601,0.008551433530602516,0.006855797609165645,0.0070902499127052775
403,ipw_robust,200,20,mixed,0.15,5,2,2000,-0.279576237474043,0.122720977565469,0.0445803952029281,0.350315539999968,0.296889616671893,0.738,2000,664.424515962601,0.004721249580509809,0.002992737064010764,0.0042714877336172945
403,dr_robust,200,20,mixed,0.15,5,2,2000,-0.271971374747633,0.118835498241952,0.044889514316993,0.344725250368974,0.291951157728057,0.7475,2000,664.424515962601,0.004737589804794892,0.0029420880633112072,0.004267294113445659
403,aipw_robust,200,20,mixed,0.15,5,2,2000,-0.236701636149325,0.115956076295147,0.0599583909348469,0.340523238994267,0.279472306244987,0.8405,2000,664.424515962601,0.0054753260603751675,0.00321148966566892,0.004715522023040236
403,reg_adj,200,20,mixed,0.15,5,2,2000,-0.318579052594469,0.228410594337227,0.126981472321398,0.477923209665766,0.383560368362239,0.8605,2000,664.424515962601,0.007968107439078555,0.006472994446691283,0.0067720026102291095
403,adaptive,200,20,mixed,0.15,5,2,2000,-0.283688505645521,0.126360383306727,0.0459041671549151,0.355472056998474,0.300700144292159,0.741,2000,664.424515962601,0.0047908332863352224,0.0030815338623026733,0.004334424888868131
404,naive,500,20,mixed,0.15,5,2,2000,-0.325060402183863,0.167102663705763,0.0614691332044307,0.408781926833566,0.345505937719546,0.782,2000,1465.39402794838,0.00554387649593814,0.004094952491265602,0.005008724973465921
404,ipw_robust,500,20,mixed,0.15,5,2,2000,-0.3071187878996,0.11434239534963,0.0200304606990604,0.338145523923695,0.308925890725569,0.425,2000,1465.39402794838,0.003164684873653331,0.002044466574956316,0.003023057279057263
404,dr_robust,500,20,mixed,0.15,5,2,2000,-0.320936223316998,0.124890567257641,0.0219014585499385,0.353398595438128,0.321984295159452,0.4335,2000,1465.39402794838,0.0033091886127824825,0.002234138973165059,0.003160933577558892
404,aipw_robust,500,20,mixed,0.15,5,2,2000,-0.257376417320683,0.0889797851941453,0.0227485392709506,0.298294795787901,0.263392516658677,0.6045,2000,1465.39402794838,0.0033725761126289352,0.0018791864550109219,0.0031498813950932873
404,reg_adj,500,20,mixed,0.15,5,2,2000,-0.35013751369733,0.17884270619928,0.0562745649836241,0.422897985570137,0.363788139776016,0.718,2000,1465.39402794838,0.005304458736931795,0.004118850706967314,0.004869792299216578
404,adaptive,500,20,mixed,0.15,5,2,2000,-0.307446941342101,0.114565476614048,0.0200518808138423,0.338475223043059,0.30925404416807,0.4245,2000,1465.39402794838,0.0031663765421884285,0.002047640280577504,0.0030248008438671066
405,naive,1000,20,mixed,0.15,5,2,2000,-0.348274024600464,0.147485919132609,0.026204225033722,0.384038955227994,0.350341109530739,0.4135,2000,2858.27972888947,0.0036196840355010268,0.0026539656516812982,0.003455333912813229
405,ipw_robust,1000,20,mixed,0.15,5,2,2000,-0.323581137551199,0.116681144553007,0.0119823831656614,0.341586218330024,0.323792252498421,0.155,2000,2858.27972888947,0.0024476910717716603,0.0016287425934326462,0.002384087100169589
405,dr_robust,1000,20,mixed,0.15,5,2,2000,-0.364822149088479,0.146838835534756,0.0137505103243813,0.383195557822315,0.36484387645033,0.1175,2000,2858.27972888947,0.0026220707774945074,0.001961971047297801,0.0025600127757842545
405,aipw_robust,1000,20,mixed,0.15,5,2,2000,-0.283003248269112,0.0920555913370775,0.0119707381752966,0.303406643528248,0.283504653643228,0.267,2000,2858.27972888947,0.0024465013974343647,0.0014355457112357913,0.002365712389389618
405,reg_adj,1000,20,mixed,0.15,5,2,2000,-0.366791947676873,0.157305451548818,0.0227805089226852,0.3966175129124,0.367386336651827,0.3075,2000,2858.27972888947,0.0033749451049376496,0.0025784809190684296,0.003250588835745552
405,adaptive,1000,20,mixed,0.15,5,2,2000,-0.323650615187779,0.116703678502023,0.0119599377594749,0.341619201014848,0.323861730135001,0.154,2000,2858.27972888947,0.0024453974891083556,0.0016274644055316921,0.002381986142314285
406,naive,200,5,none,0.2,5,2,2000,0.0027602846011078,0.0303092592869159,0.0303167985150944,0.174095546430447,0.138017259309425,0.9455,2000,180.540685892105,0.003893378899817895,0.0009589422557973682,0.002754068887627966
406,ipw_robust,200,5,none,0.2,5,2,2000,-0.0267001347231939,0.0312920659285464,0.0305944659672934,0.176895635696719,0.141336606905521,0.944,2000,180.540685892105,0.003911167726350623,0.0009897690466560275,0.0027976073088455096
406,dr_robust,200,5,none,0.2,5,2,2000,-0.0010213667711898,0.0300893504499094,0.0301033589392978,0.173462821520663,0.137952347539366,0.942,2000,180.540685892105,0.003879649400351648,0.0009519847826930422,0.002744060007635818
406,aipw_robust,200,5,none,0.2,5,2,2000,-0.0029725077339708,0.0410356255620398,0.0410473134165196,0.202572519266656,0.160731749954362,0.9485,2000,180.540685892105,0.0045303042622168105,0.0012983094048033045,0.003204554619509562
406,reg_adj,200,5,none,0.2,5,2,2000,0.0034539373424951,0.0281612611903694,0.0281634132138105,0.167813173470885,0.132624645619734,0.9455,2000,180.540685892105,0.003752560007102518,0.0008909824942415293,0.0026546857907913638
406,adaptive,200,5,none,0.2,5,2,2000,0.0033930834284343,0.0281134916892384,0.0281160366924323,0.16767078364831,0.132424581114918,0.9455,2000,180.540685892105,0.0037494023985451532,0.000889471146245411,0.0026524333187082838
407,naive,500,5,none,0.2,5,2,2000,0.0104484690840456,0.0113318096054988,0.0112282532259115,0.106450972778546,0.0846620380330394,0.944,2000,399.805442094803,0.00236941482500548,0.00035850419618468465,0.0016838934714598361
407,ipw_robust,500,5,none,0.2,5,2,2000,-0.0186609999917142,0.0120646088598911,0.0117222370577292,0.109839013378176,0.0871601385596062,0.94,2000,399.805442094803,0.0024209747063661364,0.00038154289317570133,0.0017368277510926293
407,dr_robust,500,5,none,0.2,5,2,2000,0.0057998709956739,0.0111730245203663,0.0111449584960479,0.105702528448313,0.0841843668719119,0.947,2000,399.805442094803,0.0023606099313575614,0.0003534966751341022,0.001672129703628409
407,aipw_robust,500,5,none,0.2,5,2,2000,0.0037575940594099,0.0154815775879211,0.0154751956726421,0.124424987795543,0.100345866546145,0.947,2000,399.805442094803,0.002781653795194695,0.0004898149503262273,0.0019683142389818778
407,reg_adj,500,5,none,0.2,5,2,2000,0.0093231615768583,0.010748243816189,0.010666655802302,0.103673737350348,0.0822803611000073,0.9415,2000,399.805442094803,0.002309399900656229,0.0003400468586448653,0.0016399855321880315
407,adaptive,500,5,none,0.2,5,2,2000,0.0093231615768583,0.010748243816189,0.010666655802302,0.103673737350348,0.0822803611000073,0.9415,2000,399.805442094803,0.002309399900656229,0.0003400468586448653,0.0016399855321880315
408,naive,1000,5,none,0.2,5,2,2000,0.0070861986002714,0.0057803436054275,0.0057329958927714,0.076028570981096,0.0609462167990748,0.9515,2000,733.321473121643,0.0016930735206675757,0.0001828742672789679,0.001202668055699997
408,ipw_robust,1000,5,none,0.2,5,2,2000,-0.0217511879722516,0.0064542404147104,0.005984118295654,0.0803382873523604,0.0639798569221027,0.947,2000,733.321473121643,0.0017297569620692381,0.00020364678783578032,0.0012674329671890686
408,dr_robust,1000,5,none,0.2,5,2,2000,0.0029623762195214,0.0057712180652456,0.0057653250549071,0.0759685333888029,0.0609318717346453,0.9525,2000,733.321473121643,0.0016978405483005611,0.00018259288650447319,0.0012017665628081336
408,aipw_robust,1000,5,none,0.2,5,2,2000,-0.001712337999876,0.007832782494225,0.0078337672764374,0.0885030083908171,0.0700249080705095,0.9525,2000,733.321473121643,0.001979111830649976,0.0002478181763749039,0.0014000550991474377
408,reg_adj,1000,5,none,0.2,5,2,2000,0.0066328623680527,0.0055151025834036,0.0054738446425314,0.0742637366646983,0.0595166521736341,0.95,2000,733.321473121643,0.001654364627663956,0.0001744838596058424,0.001174758148742496
408,adaptive,1000,5,none,0.2,5,2,2000,0.0066328623680527,0.0055151025834036,0.0054738446425314,0.0742637366646983,0.0595166521736341,0.95,2000,733.321473121643,0.001654364627663956,0.0001744838596058424,0.001174758148742496
409,naive,200,10,none,0.2,5,2,2000,0.0069259550942644,0.0318731876605481,0.0318411393762684,0.178530635075743,0.14245346389465,0.954,2000,309.083467960358,0.003990058857728066,0.0010084210046943513,0.002824223988971195
409,ipw_robust,200,10,none,0.2,5,2,2000,-0.0153128111434686,0.0330544586303848,0.0328363946425906,0.181808851903269,0.146530395460196,0.9515,2000,309.083467960358,0.004051937477466218,0.0010457666624339168,0.002876005902590251
409,dr_robust,200,10,none,0.2,5,2,2000,0.0016719185136633,0.0311841951861432,0.0311969983738137,0.176590473089981,0.141692705262845,0.9515,2000,309.083467960358,0.003949493535493741,0.0009866241017699663,0.00279353717249298
409,aipw_robust,200,10,none,0.2,5,2,2000,0.0010407977454893,0.0416154198974818,0.0416351542146421,0.203998578175147,0.164136427522407,0.9525,2000,309.083467960358,0.004562628311326823,0.0013166534357479675,0.003227114246398151
409,reg_adj,200,10,none,0.2,5,2,2000,0.0090306440467324,0.0282952550562234,0.0282278164325409,0.168211934939895,0.134750507811589,0.952,2000,309.083467960358,0.0037568481758344257,0.0008952171358666687,0.0026609798412536695
409,adaptive,200,10,none,0.2,5,2,2000,0.0088737188786889,0.0283256299235351,0.0282610175455699,0.168302198213616,0.134848502765327,0.952,2000,309.083467960358,0.00375905689938114,0.0008961784537235833,0.002662408641229145
410,naive,500,10,none,0.2,5,2,2000,0.0082952923314514,0.012481670125603,0.0124190677846311,0.111721395111246,0.0902380466035021,0.9515,2000,719.447215080261,0.0024918936358351153,0.00039489543339460767,0.001767322333387408
410,ipw_robust,500,10,none,0.2,5,2,2000,-0.0133715801544789,0.012928219777832,0.012755798521265,0.113702329693951,0.0911329635179099,0.9475,2000,719.447215080261,0.002525450308486093,0.00040898881149748585,0.0017985067350789919
410,dr_robust,500,10,none,0.2,5,2,2000,0.004127529303394,0.0121572309865799,0.0121462676222407,0.110259833967678,0.0888016383828254,0.95,2000,719.447215080261,0.002464372904233519,0.00038463707164397624,0.0017442302323651706
410,aipw_robust,500,10,none,0.2,5,2,2000,0.0005603823474507,0.0160876885325897,0.0160954222153221,0.12683725214853,0.101408253158529,0.947,2000,719.447215080261,0.002836848798871919,0.0005089918713771973,0.0020064762629087604
410,reg_adj,500,10,none,0.2,5,2,2000,0.0091347529646408,0.0114493144517206,0.0113715565182548,0.107001469390474,0.086249304414092,0.9565,2000,719.447215080261,0.0023844870012494092,0.0003622293022600617,0.0016926370465913893
410,adaptive,500,10,none,0.2,5,2,2000,0.0091347529646408,0.0114493144517206,0.0113715565182548,0.107001469390474,0.086249304414092,0.9565,2000,719.447215080261,0.0023844870012494092,0.0003622293022600617,0.0016926370465913893
411,naive,1000,10,none,0.2,5,2,2000,0.0104771632900027,0.0060486015253173,0.0059418014754496,0.0777727556752193,0.0620850452949345,0.9485,2000,1281.56015610695,0.0017236301046700247,0.00019133603729091952,0.001230096809800227
411,ipw_robust,1000,10,none,0.2,5,2,2000,-0.0121047135985668,0.0063758540496683,0.0062324461814557,0.0798489452007247,0.0635868639050951,0.948,2000,1281.56015610695,0.0017652827226050363,0.00020166752944242444,0.0012628064712406127
411,dr_robust,1000,10,none,0.2,5,2,2000,0.0056842703095036,0.0058571205336165,0.0058277234663982,0.0765318269324373,0.0609682048571722,0.9475,2000,1281.56015610695,0.0017070037296968922,0.00018530774165844197,0.0012106580300378339
411,aipw_robust,1000,10,none,0.2,5,2,2000,0.0007605936470449,0.0080621534263752,0.008065607727543,0.0897894950780725,0.0720574201638161,0.9535,2000,1281.56015610695,0.002008184220576265,0.00025507520453041036,0.00142040672078967
411,reg_adj,1000,10,none,0.2,5,2,2000,0.0101820108574615,0.0056309050990574,0.0055299967523321,0.0750393570005597,0.0599160210910578,0.9465,2000,1281.56015610695,0.0016628284265570066,0.00017812212272548455,0.0011868580025556187
411,adaptive,1000,10,none,0.2,5,2,2000,0.0101820108574615,0.0056309050990574,0.0055299967523321,0.0750393570005597,0.0599160210910578,0.9465,2000,1281.56015610695,0.0016628284265570066,0.00017812212272548455,0.0011868580025556187
412,naive,200,20,none,0.2,5,2,2000,0.001809934986229,0.0386891616770885,0.0387052384316499,0.196695606654263,0.155867381088547,0.9485,2000,728.10430598259,0.004399161194571637,0.00122407069579167,0.003111586264209884
412,ipw_robust,200,20,none,0.2,5,2,2000,-0.0212411924277411,0.0378640029917949,0.0374315305012932,0.194586749270845,0.154437067453439,0.952,2000,728.10430598259,0.004326172124482173,0.0011978717834489967,0.0030779890921084274
412,dr_robust,200,20,none,0.2,5,2,2000,-0.0031162881463562,0.0356989828869704,0.0357071251977581,0.188941744691242,0.148739815942061,0.9455,2000,728.10430598259,0.004225347630536338,0.0011294654982144717,0.0029889252374063254
412,aipw_robust,200,20,none,0.2,5,2,2000,-0.0054224776619642,0.0442125547859451,0.0442052541490251,0.210267816809765,0.167804779688801,0.9525,2000,728.10430598259,0.004701343113889109,0.0013988223803954797,0.0033262874024630987
412,reg_adj,200,20,none,0.2,5,2,2000,0.003657065526303,0.030212981570988,0.0302147148001243,0.173818818230328,0.138230037649028,0.9445,2000,728.10430598259,0.0038868184161421986,0.000955896009718225,0.002749690797148222
412,adaptive,200,20,none,0.2,5,2,2000,0.001610178841052,0.0319419904357319,0.0319553754475555,0.178723222989437,0.140914365318462,0.945,2000,728.10430598259,0.003997209992454456,0.001010599683286038,0.0028272757909747607
413,naive,500,20,none,0.2,5,2,2000,0.0104689222290464,0.0139823644389716,0.0138797059593134,0.118247048330906,0.0939336383598687,0.951,2000,1982.59652996063,0.0026343600702365463,0.000442367067917909,0.0018705205506693752
413,ipw_robust,500,20,none,0.2,5,2,2000,-0.0139996134520537,0.0143231774120327,0.0141342553629072,0.119679477823195,0.0954112949110927,0.952,2000,1982.59652996063,0.0026584069819073227,0.0004531197378293964,0.001893055292649253
413,dr_robust,500,20,none,0.2,5,2,2000,0.0054305173990778,0.0135540392869363,0.0135313144249271,0.11642181619841,0.0925633661098447,0.9495,2000,1982.59652996063,0.0026010876979570582,0.00042882929125996773,0.0018417050397545008
413,aipw_robust,500,20,none,0.2,5,2,2000,-0.0011202715572467,0.0173192238271412,0.0173266321348467,0.131602522115426,0.104718044709806,0.9495,2000,1982.59652996063,0.002943351162777447,0.0005479559026716754,0.00208185942740168
413,reg_adj,500,20,none,0.2,5,2,2000,0.0100017604801557,0.012360128025354,0.0122662259256144,0.111176112656245,0.0892895449577612,0.9505,2000,1982.59652996063,0.0024765122577542794,0.0003910427182511701,0.001758663389591021
413,adaptive,500,20,none,0.2,5,2,2000,0.0100017604801557,0.012360128025354,0.0122662259256144,0.111176112656245,0.0892895449577612,0.9505,2000,1982.59652996063,0.0024765122577542794,0.0003910427182511701,0.001758663389591021
414,naive,1000,20,none,0.2,5,2,2000,0.0087985501166669,0.0064705071388403,0.0063962908000849,0.0804394625718022,0.063759443467083,0.9475,2000,3617.44172596931,0.0017883359304231546,0.00020470189814665864,0.0012723972264480062
414,ipw_robust,1000,20,none,0.2,5,2,2000,-0.0152091357299673,0.0068147275326331,0.0065867030745178,0.0825513629968227,0.065380643781569,0.9455,2000,3617.44172596931,0.001814759360702928,0.00021548062754670274,0.0013051306466920257
414,dr_robust,1000,20,none,0.2,5,2,2000,0.0039999407927489,0.0063706714238808,0.0063578508229468,0.0798164859153853,0.0630406024088468,0.9445,2000,3617.44172596931,0.0017829541248931225,0.00020155821067455987,0.0012626352085221772
414,aipw_robust,1000,20,none,0.2,5,2,2000,-0.0004317714983306,0.0086055102239499,0.008609628611629,0.0927658893341189,0.0733133544395086,0.9465,2000,3617.44172596931,0.0020748046428072453,0.00027226625747275466,0.0014674912267165442
414,reg_adj,1000,20,none,0.2,5,2,2000,0.0080084932915145,0.0059597733275484,0.0058985866560762,0.077199568182396,0.0612723282932595,0.951,2000,3617.44172596931,0.0017173506712486243,0.00018854693747587275,0.0012211657520570663
414,adaptive,1000,20,none,0.2,5,2,2000,0.0080084932915145,0.0059597733275484,0.0058985866560762,0.077199568182396,0.0612723282932595,0.951,2000,3617.44172596931,0.0017173506712486243,0.00018854693747587275,0.0012211657520570663
415,naive,200,5,covariate,0.2,5,2,2000,-0.196311407949914,0.07738290532224,0.0388641685152198,0.27817783039315,0.22849773884546,0.837,2000,166.668269872665,0.004408183782195327,0.0021227179215563773,0.00381539736390267
415,ipw_robust,200,5,covariate,0.2,5,2,2000,-0.191552025058741,0.0762771851016727,0.0396048092021692,0.276183245512237,0.226250964571101,0.8385,2000,166.668269872665,0.004449989281007832,0.002115399336728716,0.003829702509298284
415,dr_robust,200,5,covariate,0.2,5,2,2000,-0.197597716998039,0.0775682676535524,0.038542681231331,0.278510803477266,0.229449169918649,0.832,2000,166.668269872665,0.004389913508904874,0.002120218217413334,0.00380634824743235
415,aipw_robust,200,5,covariate,0.2,5,2,2000,-0.187950513177684,0.0860474997411008,0.0507474780763842,0.293338541179131,0.236852352278396,0.8665,2000,166.668269872665,0.005037235257379995,0.002482066878368992,0.004230720703102708
415,reg_adj,200,5,covariate,0.2,5,2,2000,-0.198656169320387,0.0767884089593392,0.0373428067536659,0.277107215639253,0.228179299593422,0.826,2000,166.668269872665,0.004321041931853121,0.0020837223189174602,0.003759776363294192
415,adaptive,200,5,covariate,0.2,5,2,2000,-0.198556096534279,0.0768609825053066,0.0374551866276903,0.277238133209172,0.228341597506119,0.8265,2000,166.668269872665,0.004327538944232062,0.002087150395620302,0.00376418346830661
416,naive,500,5,covariate,0.2,5,2,2000,-0.197683248534593,0.0536180926783003,0.0145466992767489,0.231555808992779,0.203638238693965,0.6365,2000,387.10062289238,0.0026969148370637234,0.0011612655538591724,0.002507528441869895
416,ipw_robust,500,5,covariate,0.2,5,2,2000,-0.192559561533749,0.0518908294888344,0.0148190542779035,0.227795587070589,0.198861586331927,0.6555,2000,387.10062289238,0.002722044661454281,0.0011482862326611693,0.0025204312502887507
416,dr_robust,500,5,covariate,0.2,5,2,2000,-0.197184440155487,0.0532120253728927,0.0143374906787993,0.230677318722263,0.20280175877254,0.6285,2000,387.10062289238,0.0026774512767554987,0.0011491282610057376,0.0024907699364871143
416,aipw_robust,500,5,covariate,0.2,5,2,2000,-0.191729282094015,0.0563458532297826,0.0195955333841882,0.237372814849937,0.202312889019316,0.722,2000,387.10062289238,0.0031301384461544348,0.0013507972284422702,0.0028453073476341867
416,reg_adj,500,5,covariate,0.2,5,2,2000,-0.198284485378314,0.0532312227687231,0.0139214463501553,0.230718925900592,0.203372785648274,0.6185,2000,387.10062289238,0.002638318247497381,0.001135120417420158,0.0024599638130883943
416,adaptive,500,5,covariate,0.2,5,2,2000,-0.198284485378314,0.0532312227687231,0.0139214463501553,0.230718925900592,0.203372785648274,0.6185,2000,387.10062289238,0.002638318247497381,0.001135120417420158,0.0024599638130883943
417,naive,1000,5,covariate,0.2,5,2,2000,-0.197058732707562,0.045630829211413,0.0068020861181618,0.213613738348948,0.197369560809937,0.343,2000,762.809076786041,0.0018441917088743514,0.000757989150776579,0.0017742050596445448
417,ipw_robust,1000,5,covariate,0.2,5,2,2000,-0.19123307914056,0.0438102230435213,0.0072437543631232,0.209308917735297,0.191859981332601,0.4,2000,762.809076786041,0.0019031230074699848,0.0007630737076756237,0.0018228408897528355
417,dr_robust,1000,5,covariate,0.2,5,2,2000,-0.195569558826954,0.0451165372559808,0.0068725211767996,0.212406537695949,0.195936715141937,0.359,2000,762.809076786041,0.0018537153471878576,0.0007569309081104803,0.001781797576292108
417,aipw_robust,1000,5,covariate,0.2,5,2,2000,-0.189081657446111,0.0459863896204843,0.0102396362560438,0.21444437418707,0.191135763160438,0.5405,2000,762.809076786041,0.0022627015110309847,0.0009148893399638575,0.0021331623723683146
417,reg_adj,1000,5,covariate,0.2,5,2,2000,-0.197073568152901,0.0455400005925743,0.0067053620090625,0.21340103231375,0.19738484976491,0.3365,2000,762.809076786041,0.001831032769922824,0.0007522017428451983,0.0017624135522907964
417,adaptive,1000,5,covariate,0.2,5,2,2000,-0.197073568152901,0.0455400005925743,0.0067053620090625,0.21340103231375,0.19738484976491,0.3365,2000,762.809076786041,0.001831032769922824,0.0007522017428451983,0.0017624135522907964
418,naive,200,10,covariate,0.2,5,2,2000,-0.17467797871649,0.0765882184408829,0.0460988716282183,0.276745764991775,0.225661293735018,0.8775,2000,258.887295007706,0.004800982796689565,0.0022222241203017383,0.004014919831506336
418,ipw_robust,200,10,covariate,0.2,5,2,2000,-0.171907123692111,0.0738153177081972,0.0442854012327187,0.271689745312916,0.221179997400965,0.879,2000,258.887295007706,0.004705603108673674,0.002139777174865572,0.003937905665893102
418,dr_robust,200,10,covariate,0.2,5,2,2000,-0.177573727712182,0.0763485973854605,0.0448385879058131,0.276312499509994,0.22562356755792,0.8645,2000,258.887295007706,0.004734901683552315,0.002199599537253327,0.003980275125363573
418,aipw_robust,200,10,covariate,0.2,5,2,2000,-0.164822835675051,0.0828421703152127,0.055703454882689,0.287823158059272,0.229874640000991,0.889,2000,258.887295007706,0.0052774735850920655,0.0024757661808202033,0.004300846042955244
418,reg_adj,200,10,covariate,0.2,5,2,2000,-0.17643448479128,0.0703617855607134,0.0392522842792888,0.265257960409699,0.218405446587904,0.8585,2000,258.887295007706,0.004430140194129797,0.001996126383557417,0.0037626135337735745
418,adaptive,200,10,covariate,0.2,5,2,2000,-0.176040177804992,0.0721758179674974,0.0412062769043366,0.268655574979373,0.220339851906993,0.8625,2000,258.887295007706,0.00453906801581209,0.0020620218676994807,0.0038376681143836304
419,naive,500,10,covariate,0.2,5,2,2000,-0.167469792701615,0.0429326346478925,0.0148939501554483,0.20720191757774,0.177106564245369,0.728,2000,649.67452788353,0.002728914633645426,0.001028233980907955,0.00248123664329065
419,ipw_robust,500,10,covariate,0.2,5,2,2000,-0.160640961795398,0.0412456923580436,0.0154478977003433,0.203090355157609,0.172099509583846,0.756,2000,649.67452788353,0.002779199318179905,0.0010178013393766327,0.002505784527745703
419,dr_robust,500,10,covariate,0.2,5,2,2000,-0.166161706823595,0.0424770698110689,0.0148747943937353,0.20609965990042,0.176124878512095,0.725,2000,649.67452788353,0.002727159180698415,0.0010210960341849996,0.0024771900028325053
419,aipw_robust,500,10,covariate,0.2,5,2,2000,-0.161297465325148,0.0468867759575755,0.0208803438091626,0.216533544647418,0.180617265010901,0.799,2000,649.67452788353,0.0032311254857373306,0.00123388461185131,0.0028491765879980553
419,reg_adj,500,10,covariate,0.2,5,2,2000,-0.166535552211824,0.0418583000485194,0.0141312755357902,0.204593010751881,0.17551684813976,0.718,2000,649.67452788353,0.0026581267403747136,0.0009917303502316864,0.0024236662498564082
419,adaptive,500,10,covariate,0.2,5,2,2000,-0.166535552211824,0.0418583000485194,0.0141312755357902,0.204593010751881,0.17551684813976,0.718,2000,649.67452788353,0.0026581267403747136,0.0009917303502316864,0.0024236662498564082
420,naive,1000,10,covariate,0.2,5,2,2000,-0.166933357525425,0.0351850837314052,0.0073219988761318,0.18757687419137,0.168327263190178,0.507,2000,1329.57173919678,0.0019133738364642441,0.0006794793824696741,0.0018112024347320514
420,ipw_robust,1000,10,covariate,0.2,5,2,2000,-0.159885366208732,0.0332769116040939,0.0077174399963918,0.182419603124483,0.162000847766302,0.5575,2000,1329.57173919678,0.0019643624915467867,0.0006738885782693221,0.0018470837747888889
420,dr_robust,1000,10,covariate,0.2,5,2,2000,-0.165335856862339,0.0347900958556353,0.0074578792308469,0.186521033279454,0.166953259400453,0.5235,2000,1329.57173919678,0.0019310462489084642,0.0006807028161999592,0.0018247347342862411
420,aipw_robust,1000,10,covariate,0.2,5,2,2000,-0.161748760882577,0.0364886109262695,0.0103311148366386,0.1910199228517,0.16661216230658,0.653,2000,1329.57173919678,0.0022727862676281945,0.0008045563110083611,0.0021059486858681893
420,reg_adj,1000,10,covariate,0.2,5,2,2000,-0.16673524422518,0.0349859755742219,0.0071889283715772,0.187045383728714,0.167998756541518,0.4985,2000,1329.57173919678,0.001895907219720575,0.0006718588649300718,0.0017959782046920744
420,adaptive,1000,10,covariate,0.2,5,2,2000,-0.16673524422518,0.0349859755742219,0.0071889283715772,0.187045383728714,0.167998756541518,0.4985,2000,1329.57173919678,0.001895907219720575,0.0006718588649300718,0.0017959782046920744
421,naive,200,20,covariate,0.2,5,2,2000,-0.164445501856993,0.0719573480084072,0.0449374936742459,0.268248668232309,0.215629545492622,0.8825,2000,537.139611959457,0.004740120972836342,0.00210945651353647,0.0039319049138943655
421,ipw_robust,200,20,covariate,0.2,5,2,2000,-0.15834843157894,0.0685123459244237,0.0434598500659464,0.261748631179656,0.210523280076446,0.8835,2000,537.139611959457,0.0046615367673089525,0.0020169786200891237,0.003852892393360279
421,dr_robust,200,20,covariate,0.2,5,2,2000,-0.16288566911749,0.07225389821436,0.0457450295252702,0.268800852331908,0.216087379556159,0.885,2000,537.139611959457,0.004782521799493976,0.002126028761734412,0.003954654055764022
421,aipw_robust,200,20,covariate,0.2,5,2,2000,-0.111072299165386,0.073965234649367,0.061659008511738,0.271965502682541,0.217607334305345,0.922,2000,537.139611959457,0.005552432282871085,0.0023072092597586644,0.00424173146410377
421,reg_adj,200,20,covariate,0.2,5,2,2000,-0.172805475587337,0.0666391841563504,0.0367958496882287,0.258145664608861,0.210579438164522,0.853,2000,537.139611959457,0.004289280224479901,0.001884545087654332,0.0036501583137368786
421,adaptive,200,20,covariate,0.2,5,2,2000,-0.17496132963678,0.0710465295898945,0.0404552903668078,0.266545548809007,0.215688840070617,0.865,2000,537.139611959457,0.0044975154455992586,0.0020281573114732227,0.003804522942768212
422,naive,500,20,covariate,0.2,5,2,2000,-0.177300556988575,0.047570592425988,0.016143176505782,0.218106837183037,0.187078928377387,0.7135,2000,1464.84634494781,0.002841054074263811,0.0011293978017003342,0.002589093070825044
422,ipw_robust,500,20,covariate,0.2,5,2,2000,-0.170810247806698,0.0452074533427613,0.0160393322531023,0.212620444319829,0.181115962080607,0.729,2000,1464.84634494781,0.0028319015036810777,0.0010923331955113586,0.002568739800647401
422,dr_robust,500,20,covariate,0.2,5,2,2000,-0.17613216495542,0.0470767908615767,0.0160622824709288,0.216971866520931,0.185468301058926,0.7085,2000,1464.84634494781,0.0028339268225316613,0.001120081472049795,0.0025811675264860714
422,aipw_robust,500,20,covariate,0.2,5,2,2000,-0.170987430681793,0.0506901411230959,0.021464171757814,0.22514471151483,0.18878631419402,0.791,2000,1464.84634494781,0.00327598624522555,0.0013098831369279618,0.002908980468860983
422,reg_adj,500,20,covariate,0.2,5,2,2000,-0.177579175008127,0.0455840380740276,0.0140567030289751,0.213504187485931,0.18486540766384,0.671,2000,1464.84634494781,0.0026511038294430396,0.0010412152817700323,0.0024383954573224563
422,adaptive,500,20,covariate,0.2,5,2,2000,-0.177544908703813,0.045574267981022,0.0140591029258397,0.213481305928697,0.184831141359526,0.671,2000,1464.84634494781,0.0026513301308814506,0.0010411560555102703,0.0024385180964229666
423,naive,1000,20,covariate,0.2,5,2,2000,-0.177360851218308,0.0386954214567848,0.0072421709974008,0.196711518363274,0.178768344541112,0.4465,2000,3287.09670090675,0.0019029150003876684,0.0007127980964468258,0.0018117853554728727
423,ipw_robust,1000,20,covariate,0.2,5,2,2000,-0.170735079191702,0.0369091734640778,0.0077625874912266,0.192117603212402,0.172755277044922,0.501,2000,3287.09670090675,0.0019700999329001815,0.000716117217844353,0.0018637470119087052
423,dr_robust,1000,20,covariate,0.2,5,2,2000,-0.175981089756475,0.0383291846399833,0.0073635224493316,0.195778406980911,0.177377917315928,0.4675,2000,3287.09670090675,0.0019187916053250284,0.0007143587206181775,0.0018244063061761192
423,aipw_robust,1000,20,covariate,0.2,5,2,2000,-0.172405933161577,0.0404598396347216,0.0107414045476814,0.201146313997353,0.17664584839696,0.619,2000,3287.09670090675,0.002317477567063099,0.0008682906293496586,0.0021583558060156273
423,reg_adj,1000,20,covariate,0.2,5,2,2000,-0.176872246730402,0.0381782210862234,0.0068978783619441,0.195392479605085,0.177880474518348,0.4325,2000,3287.09670090675,0.0018571319772628036,0.0006922169494357064,0.0017713500305507456
423,adaptive,1000,20,covariate,0.2,5,2,2000,-0.176872246730402,0.0381782210862234,0.0068978783619441,0.195392479605085,0.177880474518348,0.4325,2000,3287.09670090675,0.0018571319772628036,0.0006922169494357064,0.0017713500305507456
424,naive,200,5,outcome,0.2,5,2,2000,0.0223228897538537,0.385387866511454,0.385082096152567,0.620796155361366,0.473808856531381,0.9565,2000,170.83398103714,0.013875916116649145,0.012193112907683367,0.009820544797499386
424,ipw_robust,200,5,outcome,0.2,5,2,2000,-0.0179767001819069,0.0576557250661866,0.0573612439387258,0.240116065822732,0.191749573322909,0.9485,2000,170.83398103714,0.005355429204962278,0.001824112448858202,0.0037983973346557964
424,dr_robust,200,5,outcome,0.2,5,2,2000,0.0073829876075426,0.0581306682505122,0.0581052123506744,0.241103024142196,0.192625683079914,0.955,2000,170.83398103714,0.005390046954836034,0.0018391710521184774,0.003814077112184591
424,aipw_robust,200,5,outcome,0.2,5,2,2000,0.0028166011421721,0.0597568875349009,0.0597788437147642,0.244452219329056,0.194487313628716,0.9545,2000,170.83398103714,0.005467121898895442,0.0018906238747939356,0.0038670622013232277
424,reg_adj,200,5,outcome,0.2,5,2,2000,0.0182273669549398,0.364366451473316,0.36421632272857,0.603627742464936,0.463747806265448,0.9525,2000,170.83398103714,0.013494745694687433,0.011528032874274697,0.009548958789733183
424,adaptive,200,5,outcome,0.2,5,2,2000,-0.01803132684734,0.0576462122785561,0.0573497584098855,0.240096256277677,0.191694946657476,0.9485,2000,170.83398103714,0.005354893015265828,0.0018238110921797196,0.0037980831530968124
425,naive,500,5,outcome,0.2,5,2,2000,0.0049923592463363,0.146435895950902,0.146484214407261,0.382669434304468,0.304911976402133,0.9505,2000,368.27311706543,0.008558160269802762,0.004633025675877552,0.006053561194792632
425,ipw_robust,500,5,outcome,0.2,5,2,2000,-0.0209699528520186,0.0232750156922332,0.0228467001196771,0.152561514453132,0.120884667339073,0.944,2000,368.27311706543,0.0033798446798393783,0.0007362505503905335,0.0024129629055849302
425,dr_robust,500,5,outcome,0.2,5,2,2000,0.0042374001287357,0.0232937540792056,0.0232874422404748,0.152622914659646,0.120815078678793,0.951,2000,368.27311706543,0.00341228971809801,0.0007369811695215159,0.0024143857138523646
425,aipw_robust,500,5,outcome,0.2,5,2,2000,-0.0027852532480066,0.0228584075172724,0.0228620809220779,0.151189971616084,0.121412717666885,0.9575,2000,368.27311706543,0.003380982174019696,0.0007232077540208484,0.002391718664572828
425,reg_adj,500,5,outcome,0.2,5,2,2000,0.0043811919854257,0.142901811904436,0.142954094108277,0.37802355998593,0.300122117788955,0.9435,2000,368.27311706543,0.008454409917560095,0.004521212335775029,0.005980066871947488
425,adaptive,500,5,outcome,0.2,5,2,2000,-0.0209699528520186,0.0232750156922332,0.0228467001196771,0.152561514453132,0.120884667339073,0.944,2000,368.27311706543,0.0033798446798393783,0.0007362505503905335,0.0024129629055849302
426,naive,1000,5,outcome,0.2,5,2,2000,0.0101609759754608,0.0742960152165977,0.0742298847261869,0.272572953934534,0.21500136537479,0.955,2000,686.482275009155,0.006092203407888927,0.0023506177017136617,0.004311905616061651
426,ipw_robust,1000,5,outcome,0.2,5,2,2000,-0.0168621329335488,0.0114726993523918,0.011193964807727,0.107110687386422,0.085877576946378,0.951,2000,686.482275009155,0.0023657942437717403,0.0003628642202423636,0.0016938749488800426
426,dr_robust,1000,5,outcome,0.2,5,2,2000,0.0066604428860612,0.0115266960896422,0.0114880786295185,0.107362451954313,0.0854290004956999,0.9465,2000,686.482275009155,0.002396672550591601,0.00036468507974051384,0.0016983827823516078
426,aipw_robust,1000,5,outcome,0.2,5,2,2000,0.0035025468218941,0.0113943653127691,0.0113877913742166,0.10674439241838,0.0845748917962469,0.948,2000,686.482275009155,0.00238618852715126,0.00036050131685827334,0.0016886194613638537
426,reg_adj,1000,5,outcome,0.2,5,2,2000,0.0081911043899629,0.0722986919152909,0.0722677315899586,0.268884160774284,0.212465323180061,0.952,2000,686.482275009155,0.006011145131751462,0.0022874270522028808,0.004253554849820759
426,adaptive,1000,5,outcome,0.2,5,2,2000,-0.0168621329335488,0.0114726993523918,0.011193964807727,0.107110687386422,0.085877576946378,0.951,2000,686.482275009155,0.0023657942437717403,0.0003628642202423636,0.0016938749488800426
427,naive,200,10,outcome,0.2,5,2,2000,0.0144130115094145,0.432156921673109,0.432165269407042,0.657386432528927,0.498239120152656,0.948,2000,291.684768199921,0.014699749477576853,0.013672833345739816,0.010399388144611707
427,ipw_robust,200,10,outcome,0.2,5,2,2000,-0.0152027353970208,0.0656725628604665,0.0654741767853073,0.256266585532462,0.204439809524704,0.947,2000,291.684768199921,0.00572163336754931,0.002077771167249372,0.004053925257037022
427,dr_robust,200,10,outcome,0.2,5,2,2000,0.0054237917423747,0.066917185221325,0.0669212283186197,0.258683561946493,0.208704989855339,0.9545,2000,291.684768199921,0.005784515032335023,0.002117165112219205,0.004092191046636985
427,aipw_robust,200,10,outcome,0.2,5,2,2000,-0.000597130966139,0.0700997462379396,0.0701344569009993,0.264763566674004,0.212210196989973,0.954,2000,291.684768199921,0.005921758898376364,0.002217857538219753,0.004188373736765941
427,reg_adj,200,10,outcome,0.2,5,2,2000,0.0157749765375015,0.385150897892415,0.385094595305309,0.620605267374049,0.482684328401649,0.949,2000,291.684768199921,0.013876141309912295,0.012185627141213766,0.00981753441505137
427,adaptive,200,10,outcome,0.2,5,2,2000,-0.0152027353970208,0.0656725628604665,0.0654741767853073,0.256266585532462,0.204439809524704,0.947,2000,291.684768199921,0.00572163336754931,0.002077771167249372,0.004053925257037022
428,naive,500,10,outcome,0.2,5,2,2000,-0.0006799316397487,0.159775734670793,0.15985519996374,0.399719570037287,0.315186800455277,0.948,2000,618.614192962646,0.008940223709833552,0.0050550798964817826,0.006323282965617909
428,ipw_robust,500,10,outcome,0.2,5,2,2000,-0.0168158428384757,0.0227718958044456,0.0225003734207877,0.150903597718695,0.120103834462451,0.951,2000,618.614192962646,0.0033541297992763864,0.0007204108417616823,0.0023869902793988615
428,dr_robust,500,10,outcome,0.2,5,2,2000,0.0040738857657838,0.0225988128615385,0.0225935130728423,0.150329015368087,0.120161794603273,0.949,2000,618.614192962646,0.003361064792059378,0.0007149942527713436,0.002378097970709945
428,aipw_robust,500,10,outcome,0.2,5,2,2000,-0.0049525145704658,0.0228052206521633,0.0227920892962408,0.151013975022722,0.120119574778861,0.9525,2000,618.614192962646,0.003375802815349321,0.0007215243557190827,0.002388932400496444
428,reg_adj,500,10,outcome,0.2,5,2,2000,-0.0023454668130114,0.150778217991898,0.150848140847751,0.388301710003829,0.307579422159008,0.9495,2000,618.614192962646,0.00868470324328215,0.00477041101931519,0.006142660328830575
428,adaptive,500,10,outcome,0.2,5,2,2000,-0.0168158428384757,0.0227718958044456,0.0225003734207877,0.150903597718695,0.120103834462451,0.951,2000,618.614192962646,0.0033541297992763864,0.0007204108417616823,0.0023869902793988615
429,naive,1000,10,outcome,0.2,5,2,2000,0.0003483536773378,0.0762803602898677,0.0763183981386525,0.276188993788434,0.217247085898805,0.95,2000,1109.5209300518,0.006177313256532022,0.0024134034923668553,0.004369115979718527
429,ipw_robust,1000,10,outcome,0.2,5,2,2000,-0.0161603579411573,0.0114779289843493,0.0112223830070665,0.107135096884024,0.0857536214622076,0.9465,2000,1109.5209300518,0.0023687953697044514,0.00036304750640049496,0.001694344416347061
429,dr_robust,1000,10,outcome,0.2,5,2,2000,0.0029816219561067,0.0115658995899628,0.0115627909159316,0.107544872448494,0.0863017603859009,0.947,2000,1109.5209300518,0.0024044532555168962,0.0003659285747178161,0.0017012832243260537
429,aipw_robust,1000,10,outcome,0.2,5,2,2000,-0.0021687103036953,0.0113198071590193,0.0113207642367563,0.106394582376262,0.0859459280589287,0.9505,2000,1109.5209300518,0.002379155757485867,0.00035814269907997635,0.0016830871040661305
429,reg_adj,1000,10,outcome,0.2,5,2,2000,-0.0004532996376682,0.0726356484363716,0.0726717788452327,0.269510015465792,0.212251201708995,0.9505,2000,1109.5209300518,0.006027925797703249,0.0022980899255264703,0.004263459229065568
429,adaptive,1000,10,outcome,0.2,5,2,2000,-0.0161603579411573,0.0114779289843493,0.0112223830070665,0.107135096884024,0.0857536214622076,0.9465,2000,1109.5209300518,0.0023687953697044514,0.00036304750640049496,0.001694344416347061
430,naive,200,20,outcome,0.2,5,2,2000,0.0294883401683306,0.479334503615937,0.478704293556832,0.692339875795073,0.515869853421164,0.953,2000,693.611575841904,0.015471009882306196,0.015165431975142932,0.010952302839502905
430,ipw_robust,200,20,outcome,0.2,5,2,2000,-0.0063953051634035,0.0700177499480075,0.0700118559478484,0.264608673228992,0.211077928707182,0.9485,2000,693.611575841904,0.005916580767125908,0.0022152622718350375,0.0041859215059023265
430,dr_robust,200,20,outcome,0.2,5,2,2000,0.0144361754023281,0.0752544972972489,0.0750836359549796,0.274325531617545,0.217954115529208,0.9485,2000,693.611575841904,0.0061271378291572485,0.0023809342120796996,0.004339614687048368
430,aipw_robust,200,20,outcome,0.2,5,2,2000,0.0043704800154555,0.0857278110087544,0.0857515857060419,0.292793119811164,0.232777295710738,0.95,2000,693.611575841904,0.006547960969112518,0.0027123072004416418,0.0046317809690865274
430,reg_adj,200,20,outcome,0.2,5,2,2000,0.0215595045284869,0.40103584070248,0.400771414174053,0.633273906538458,0.491963948087191,0.9465,2000,693.611575841904,0.01415576586013722,0.012688195038419565,0.010017936083751325
430,adaptive,200,20,outcome,0.2,5,2,2000,-0.0063953051634035,0.0700177499480075,0.0700118559478484,0.264608673228992,0.211077928707182,0.9485,2000,693.611575841904,0.005916580767125908,0.0022152622718350375,0.0041859215059023265
431,naive,500,20,outcome,0.2,5,2,2000,0.0172372633799025,0.162885140095763,0.162669351522696,0.403590312192653,0.312700933305953,0.9515,2000,1618.68213796616,0.009018573931689422,0.005153443859908907,0.006384498963702728
431,ipw_robust,500,20,outcome,0.2,5,2,2000,-0.0183942391787302,0.0253317023461471,0.0250058572398026,0.159159361478196,0.126455979537178,0.9455,2000,1618.68213796616,0.0035359480510750298,0.0008013827185663288,0.00251754817034785
431,dr_robust,500,20,outcome,0.2,5,2,2000,0.0019013460129642,0.0256166364039032,0.0256258342043444,0.160051980318593,0.127248062354041,0.9455,2000,1618.68213796616,0.003579513528703614,0.000810474342239726,0.00253190976027422
431,aipw_robust,500,20,outcome,0.2,5,2,2000,-0.0028002940407847,0.0250378027258124,0.0250424823202577,0.158233380567478,0.125007534144832,0.9495,2000,1618.68213796616,0.0035385365845401187,0.0007921607597949146,0.002503140478178373
431,reg_adj,500,20,outcome,0.2,5,2,2000,0.0167683623768471,0.148744298895125,0.148537389613131,0.385673824487902,0.304046768711361,0.952,2000,1618.68213796616,0.008617928684235296,0.00470604791714498,0.0061010724844934375
431,adaptive,500,20,outcome,0.2,5,2,2000,-0.0183942391787302,0.0253317023461471,0.0250058572398026,0.159159361478196,0.126455979537178,0.9455,2000,1618.68213796616,0.0035359480510750298,0.0008013827185663288,0.00251754817034785
432,naive,1000,20,outcome,0.2,5,2,2000,0.0124227394956899,0.0764539196305824,0.0763377640560326,0.276503019206992,0.217884362699343,0.9465,2000,2770.09373807907,0.006178096958450579,0.0024188873039029993,0.004374070328129409
432,ipw_robust,1000,20,outcome,0.2,5,2,2000,-0.0160681638617588,0.0117528883651954,0.0115004527016579,0.108410739159898,0.086828765802216,0.945,2000,2770.09373807907,0.002397962958602353,0.00037175115544253913,0.0017145494916985717
432,dr_robust,1000,20,outcome,0.2,5,2,2000,0.0052387711289889,0.0118509650749792,0.011829435069572,0.108862137931327,0.0870247057823872,0.9475,2000,2770.09373807907,0.002432019229937543,0.0003749464564458608,0.0017221159880324347
432,aipw_robust,1000,20,outcome,0.2,5,2,2000,-0.0013213213845049,0.0114581461715581,0.0114621313470304,0.107042730587173,0.086969268203089,0.9555,2000,2770.09373807907,0.002393964426117314,0.0003625196246580081,0.0016933406998749015
432,reg_adj,1000,20,outcome,0.2,5,2,2000,0.0129245420008144,0.0720582603053467,0.0719271801094706,0.268436697016907,0.211093359771915,0.953,2000,2770.09373807907,0.005996965070328099,0.002279813416807141,0.004246463769935955
432,adaptive,1000,20,outcome,0.2,5,2,2000,-0.0160681638617588,0.0117528883651954,0.0115004527016579,0.108410739159898,0.086828765802216,0.945,2000,2770.09373807907,0.002397962958602353,0.00037175115544253913,0.0017145494916985717
433,naive,200,5,treatment,0.2,5,2,2000,-0.899718474076767,0.839217852832849,0.0297393899327887,0.916088343356059,0.899718474076768,0.0,2000,180.307332992554,0.0038561243452972767,0.007002292984847652,0.003821843731356184
433,ipw_robust,200,5,treatment,0.2,5,2,2000,-0.85187216678915,0.758547522936477,0.0328777732730723,0.870946337575672,0.85187216678915,0.0025,2000,180.307332992554,0.004054489688793911,0.006985616645972785,0.004010359963977598
433,dr_robust,200,5,treatment,0.2,5,2,2000,-0.847224734348385,0.7473694495763,0.0295944963327756,0.864505320733366,0.847224734348385,0.001,2000,180.307332992554,0.003846719143164445,0.0065849135522382685,0.003808486422415677
433,aipw_robust,200,5,treatment,0.2,5,2,2000,-0.760421500040707,0.626099283755163,0.0478823672146111,0.791264357692903,0.760421500040707,0.0605,2000,180.307332992554,0.004892972880295327,0.007593932002997828,0.004798606135337327
433,reg_adj,200,5,treatment,0.2,5,2,2000,-0.892777051769372,0.825490507483303,0.0284538702524177,0.908565081589262,0.892777051769372,0.0,2000,180.307332992554,0.0037718609632658587,0.006794702824955308,0.0037392493738973623
433,adaptive,200,5,treatment,0.2,5,2,2000,-0.892777051769372,0.825490507483303,0.0284538702524177,0.908565081589262,0.892777051769372,0.0,2000,180.307332992554,0.0037718609632658587,0.006794702824955308,0.0037392493738973623
434,naive,500,5,treatment,0.2,5,2,2000,-0.891466957053899,0.80604510728692,0.0113374404882254,0.897800148856593,0.891466957053899,0.0,2000,400.307014942169,0.0023809074413157476,0.004260113595916685,0.0023725288981864268
434,ipw_robust,500,5,treatment,0.2,5,2,2000,-0.843512305633709,0.724579667426011,0.0130731942676496,0.8512224547238,0.843512305633709,0.0,2000,400.307014942169,0.0025566769709575747,0.004332944034873637,0.0025451302481673647
434,dr_robust,500,5,treatment,0.2,5,2,2000,-0.836473035541165,0.711203549278341,0.0115221711764779,0.843328850021355,0.836473035541165,0.0,2000,400.307014942169,0.0024002261535611496,0.0040319462302982065,0.0023904946630226797
434,aipw_robust,500,5,treatment,0.2,5,2,2000,-0.744097841579692,0.572653708123013,0.0189816010799955,0.756738863890981,0.744097841579692,0.0,2000,400.307014942169,0.0030807142905497987,0.004623832567336523,0.003055104467320349
434,reg_adj,500,5,treatment,0.2,5,2,2000,-0.885901424231337,0.795823943376079,0.0110081139779563,0.89208964985369,0.885901424231337,0.0,2000,400.307014942169,0.002346072673422149,0.004171328799718706,0.002337953814621007
434,adaptive,500,5,treatment,0.2,5,2,2000,-0.885901424231337,0.795823943376079,0.0110081139779563,0.89208964985369,0.885901424231337,0.0,2000,400.307014942169,0.002346072673422149,0.004171328799718706,0.002337953814621007
435,naive,1000,5,treatment,0.2,5,2,2000,-0.897122661847439,0.810587952752955,0.0057617632343373,0.900326581165388,0.897122661847439,0.0,2000,734.39053606987,0.001697316003921677,0.003050846933407908,0.001694300155760632
435,ipw_robust,1000,5,treatment,0.2,5,2,2000,-0.848867892760901,0.726777329389235,0.006203731894849,0.852512363188496,0.848867892760901,0.0,2000,734.39053606987,0.0017612114999126312,0.002996500558057114,0.001757452846108795
435,dr_robust,1000,5,treatment,0.2,5,2,2000,-0.84168842383946,0.714106055722935,0.0056694876414003,0.845047960605157,0.841688423839461,0.0,2000,734.39053606987,0.0016836697481098096,0.0028399154860866372,0.0016803279923028943
435,aipw_robust,1000,5,treatment,0.2,5,2,2000,-0.746772958554968,0.567182622744379,0.009517529880379,0.753115278522737,0.746772958554968,0.0,2000,734.39053606987,0.0021814593601966322,0.0032719814069694566,0.0021722978541794872
435,reg_adj,1000,5,treatment,0.2,5,2,2000,-0.891806573817756,0.800919310793794,0.0056031472628614,0.894940953802984,0.891806573817756,0.0,2000,734.39053606987,0.0016737901993471884,0.0029906477265141266,0.0016708631523708881
435,adaptive,1000,5,treatment,0.2,5,2,2000,-0.891806573817756,0.800919310793794,0.0056031472628614,0.894940953802984,0.891806573817756,0.0,2000,734.39053606987,0.0016737901993471884,0.0029906477265141266,0.0016708631523708881
436,naive,200,10,treatment,0.2,5,2,2000,-0.917625606324174,0.873211230941471,0.031190072595961,0.934457720253555,0.917625606324174,0.0005,2000,306.350870847702,0.00394905511457874,0.007314314428668835,0.003913667932822137
436,ipw_robust,200,10,treatment,0.2,5,2,2000,-0.863015498218229,0.778681155472399,0.033902356485784,0.882429122067262,0.863015498218229,0.0015,2000,306.350870847702,0.004117180861085896,0.007186795658543593,0.004072165955780746
436,dr_robust,200,10,treatment,0.2,5,2,2000,-0.869355139251105,0.786575974704376,0.0308130230736045,0.886891185379794,0.869355139251105,0.0015,2000,306.350870847702,0.003925112932999794,0.006893843221808443,0.0038865214444860495
436,aipw_robust,200,10,treatment,0.2,5,2,2000,-0.787954103722809,0.670215051158207,0.0493680656174011,0.818666630050478,0.787954103722809,0.056,2000,306.350870847702,0.004968302809682653,0.007983712955122776,0.0048760464040353705
436,reg_adj,200,10,treatment,0.2,5,2,2000,-0.910267128336143,0.858229719555814,0.0296583037783759,0.926406886608586,0.910267128336143,0.0005,2000,306.350870847702,0.0038508637848134733,0.0070730856138184845,0.003817483287344623
436,adaptive,200,10,treatment,0.2,5,2,2000,-0.910267128336143,0.858229719555814,0.0296583037783759,0.926406886608586,0.910267128336143,0.0005,2000,306.350870847702,0.0038508637848134733,0.0070730856138184845,0.003817483287344623
437,naive,500,10,treatment,0.2,5,2,2000,-0.906266208412597,0.833161532103326,0.0118490161008314,0.912776824915777,0.906266208412597,0.0,2000,716.701164007187,0.0024340312344782473,0.0044276438467424324,0.0024253704333208593
437,ipw_robust,500,10,treatment,0.2,5,2,2000,-0.849182863077979,0.734340337052125,0.0132354198167192,0.856936600369085,0.849182863077979,0.0,2000,716.701164007187,0.0025724909928626764,0.004389032255188472,0.002560885048729453
437,dr_robust,500,10,treatment,0.2,5,2,2000,-0.852090653995028,0.737972594620926,0.0119200720312665,0.859053313025988,0.852090653995028,0.0,2000,716.701164007187,0.002441318499424696,0.004177490507571595,0.0024314500882701433
437,aipw_robust,500,10,treatment,0.2,5,2,2000,-0.764843451109209,0.605098621969516,0.0201231788542983,0.777880853324927,0.764843451109209,0.0005,2000,716.701164007187,0.0031720008554773672,0.004893718239119325,0.0031455448596027988
437,reg_adj,500,10,treatment,0.2,5,2,2000,-0.898340094765011,0.818407484452798,0.0113982577192482,0.904658766857868,0.898340094765011,0.0,2000,716.701164007187,0.0023872848300159114,0.004304305808786573,0.002378966504539953
437,adaptive,500,10,treatment,0.2,5,2,2000,-0.898340094765011,0.818407484452798,0.0113982577192482,0.904658766857868,0.898340094765011,0.0,2000,716.701164007187,0.0023872848300159114,0.004304305808786573,0.002378966504539953
438,naive,1000,10,treatment,0.2,5,2,2000,-0.907723150331234,0.829762793934212,0.0058043784761906,0.910913164870402,0.907723150331234,0.0,2000,1277.24152803421,0.0017035812977651815,0.003098202298789682,0.0017006024384500311
438,ipw_robust,1000,10,treatment,0.2,5,2,2000,-0.851639998377966,0.731749879276502,0.0064624236511054,0.855423800976161,0.851639998377966,0.0,2000,1277.24152803421,0.001797557182832496,0.00306855573463039,0.0017935880034719216
438,dr_robust,1000,10,treatment,0.2,5,2,2000,-0.852987209712194,0.73340455115942,0.0058202813675102,0.856390419819968,0.852987209712194,0.0,2000,1277.24152803421,0.001705913445563725,0.0029160589651786753,0.0017025289504007382
438,aipw_robust,1000,10,treatment,0.2,5,2,2000,-0.760688642841491,0.588501596261222,0.0098593145704774,0.767138576960657,0.760688642841491,0.0,2000,1277.24152803421,0.002220283154293321,0.0033922464308801495,0.002210973696773251
438,reg_adj,1000,10,treatment,0.2,5,2,2000,-0.900497334937496,0.816533782760837,0.0056411531078587,0.903622588673411,0.900497334937496,0.0,2000,1277.24152803421,0.001679457220035494,0.0030299494033412377,0.001676556917301858
438,adaptive,1000,10,treatment,0.2,5,2,2000,-0.900497334937496,0.816533782760837,0.0056411531078587,0.903622588673411,0.900497334937496,0.0,2000,1277.24152803421,0.001679457220035494,0.0030299494033412377,0.001676556917301858
439,naive,200,20,treatment,0.2,5,2,2000,-0.907672401320503,0.863183473215715,0.0393339520728237,0.929076677791298,0.907672401320503,0.004,2000,728.173802852631,0.0044347464455605405,0.008146116995548208,0.004383985299746218
439,ipw_robust,200,20,treatment,0.2,5,2,2000,-0.853346925543927,0.768530010367244,0.0403492096367901,0.876658434264591,0.853346925543927,0.0115,2000,728.173802852631,0.004491614945472847,0.007771275721614147,0.0044323281553398245
439,dr_robust,200,20,treatment,0.2,5,2,2000,-0.86170924404201,0.780972471644334,0.0384488748142894,0.883726468792428,0.86170924404201,0.0075,2000,728.173802852631,0.004384568098130613,0.0076536388687217256,0.004330321167804374
439,aipw_robust,200,20,treatment,0.2,5,2,2000,-0.798515139830953,0.694443981614932,0.0568459760637176,0.83333305563558,0.798572251015778,0.0835,2000,728.173802852631,0.005331321415170801,0.008701980141514243,0.005221189824803766
439,reg_adj,200,20,treatment,0.2,5,2,2000,-0.900758728061472,0.845561877190647,0.0342126973604066,0.919544385655552,0.900758728061472,0.002,2000,728.173802852631,0.004135982190508477,0.007529181034855498,0.004093973685396313
439,adaptive,200,20,treatment,0.2,5,2,2000,-0.90064061806816,0.845486306869828,0.0343499589350989,0.919503293561164,0.90064061806816,0.0025,2000,728.173802852631,0.004144270679812004,0.007543613198141189,0.004102004446838558
440,naive,500,20,treatment,0.2,5,2,2000,-0.901903282729117,0.826458007258471,0.0130349933575925,0.909097358514736,0.901903282729117,0.0,2000,1981.73510718346,0.002552938831777262,0.004623419527698732,0.0025428627002350864
440,ipw_robust,500,20,treatment,0.2,5,2,2000,-0.847890016410848,0.732862234666364,0.0139517306024775,0.856073732026842,0.847890016410848,0.0,2000,1981.73510718346,0.0026411863435279893,0.004500548499635597,0.0026285986424207227
440,dr_robust,500,20,treatment,0.2,5,2,2000,-0.850310290976009,0.736033611857225,0.0130125271811111,0.857924012868987,0.850310290976009,0.0,2000,1981.73510718346,0.0025507378521822956,0.004357310893570889,0.0025394503640244247
440,aipw_robust,500,20,treatment,0.2,5,2,2000,-0.769431497598899,0.613043263812152,0.0210289487892615,0.782970793715929,0.7694314975989,0.0,2000,1981.73510718346,0.0032426030276046357,0.005034037775992619,0.0032147034195882324
440,reg_adj,500,20,treatment,0.2,5,2,2000,-0.895088982846996,0.813579993824972,0.0124019075646844,0.901986692709473,0.895088982846996,0.0,2000,1981.73510718346,0.0024901714363356996,0.0044750680727622325,0.002480673001571453
440,adaptive,500,20,treatment,0.2,5,2,2000,-0.895088982846996,0.813579993824972,0.0124019075646844,0.901986692709473,0.895088982846996,0.0,2000,1981.73510718346,0.0024901714363356996,0.0044750680727622325,0.002480673001571453
441,naive,1000,20,treatment,0.2,5,2,2000,-0.907642076931842,0.829684747586966,0.0058735445420885,0.910870324243229,0.907642076931842,0.0,2000,3548.78230905533,0.0017137013365940547,0.0031163948104700368,0.001710668756861305
441,ipw_robust,1000,20,treatment,0.2,5,2,2000,-0.853077724303767,0.734155680215,0.0064172851542828,0.856828851180328,0.853077724303767,0.0,2000,3548.78230905533,0.0017912684268811864,0.0030629123931235104,0.0017873536756519012
441,dr_robust,1000,20,treatment,0.2,5,2,2000,-0.853264737127658,0.733909827676569,0.0058520420720742,0.856685372629047,0.853264737127658,0.0,2000,3548.78230905533,0.0017105616142182953,0.0029249837994982314,0.0017071517110896076
441,aipw_robust,1000,20,treatment,0.2,5,2,2000,-0.768221643639851,0.5997922900648,0.0096326126143932,0.774462581449098,0.768221643639851,0.0,2000,3548.78230905533,0.002194608463301962,0.0033856224125018387,0.0021857882443894164
441,reg_adj,1000,20,treatment,0.2,5,2,2000,-0.900119345589084,0.81586829667325,0.0056562885137871,0.903254281292511,0.900119345589084,0.0,2000,3548.78230905533,0.0016817087312889678,0.0030327563938306124,0.001678794364246407
441,adaptive,1000,20,treatment,0.2,5,2,2000,-0.900119345589084,0.81586829667325,0.0056562885137871,0.903254281292511,0.900119345589084,0.0,2000,3548.78230905533,0.0016817087312889678,0.0030327563938306124,0.001678794364246407
442,naive,200,5,mixed,0.2,5,2,2000,-0.439538233898763,0.339100520254468,0.145979651021135,0.582323381167602,0.484956790037084,0.8095,2000,165.789570093155,0.008543408307611635,0.008815599966078601,0.00756933368225973
442,ipw_robust,200,5,mixed,0.2,5,2,2000,-0.420031798160131,0.223170732341078,0.0467674045777336,0.472409496455224,0.423519090771033,0.51,2000,165.789570093155,0.004835669786996089,0.004323104083618862,0.004575589733121099
442,dr_robust,200,5,mixed,0.2,5,2,2000,-0.442284271519218,0.244698821676657,0.0491079988427929,0.494670417224092,0.445642278410303,0.4955,2000,165.789570093155,0.0049551992312516,0.004650177948064643,0.004700279000066072
442,aipw_robust,200,5,mixed,0.2,5,2,2000,-0.375849785055512,0.19829575690862,0.0570612265956434,0.445304117327271,0.385286933584755,0.655,2000,165.789570093155,0.005341405554516686,0.00440196213509567,0.004942647017858696
442,reg_adj,200,5,mixed,0.2,5,2,2000,-0.45606836045262,0.355311214584489,0.147386558457777,0.596079872655074,0.498748311072637,0.797,2000,165.789570093155,0.008584478972476344,0.009112360801774006,0.007643573638198434
442,adaptive,200,5,mixed,0.2,5,2,2000,-0.423861203848782,0.227210624919611,0.0475760928378909,0.47666615667531,0.427392487734597,0.51,2000,165.789570093155,0.004877299090577228,0.004399814364805783,0.004615194831004961
443,naive,500,5,mixed,0.2,5,2,2000,-0.448974390701952,0.253115289065722,0.0515630670930793,0.503105644040813,0.453594847762547,0.492,2000,383.752285957336,0.005077551924553766,0.004842180307113996,0.004812289788902853
443,ipw_robust,500,5,mixed,0.2,5,2,2000,-0.420950300810637,0.196058214187632,0.0188684926814068,0.442784613765691,0.42107022329443,0.138,2000,383.752285957336,0.0030715218281339627,0.0026538617075887367,0.0029967862760844313
443,dr_robust,500,5,mixed,0.2,5,2,2000,-0.446051800879568,0.218430105825615,0.019477635575497,0.467365066971865,0.446151498453298,0.1025,2000,383.752285957336,0.0031207078984981118,0.0028513163785614695,0.003050416665750841
443,aipw_robust,500,5,mixed,0.2,5,2,2000,-0.394914639154414,0.179923054687184,0.0239774712043253,0.424173378098136,0.395379052745169,0.2755,2000,383.752285957336,0.003462475357625329,0.002837931556483263,0.0033452494935062665
443,reg_adj,500,5,mixed,0.2,5,2,2000,-0.459166865176298,0.261924185076391,0.0511155327669459,0.511785291969583,0.463186542298718,0.4705,2000,383.752285957336,0.005055468957819141,0.004915953990539077,0.004802750360038919
443,adaptive,500,5,mixed,0.2,5,2,2000,-0.421044604827157,0.196132133426871,0.0188630056756522,0.442868076775546,0.42116452731095,0.138,2000,383.752285957336,0.003071075192473493,0.0026540207086383338,0.00299640101400156
444,naive,1000,5,mixed,0.2,5,2,2000,-0.457758618069994,0.235171028257361,0.0256408962881544,0.484944355836173,0.458286226162494,0.18,2000,769.319237947464,0.003580565338613052,0.0033768615287206867,0.0034817000013311625
444,ipw_robust,1000,5,mixed,0.2,5,2,2000,-0.427737844420738,0.191906016578024,0.0089508284425457,0.438070789459905,0.427737844420738,0.0055,2000,769.319237947464,0.002115517483093168,0.0018317746724109843,0.0020907290744828807
444,dr_robust,1000,5,mixed,0.2,5,2,2000,-0.451267853417837,0.21213586930465,0.0084974424975558,0.460582098332805,0.451267853417837,0.0015,2000,769.319237947464,0.0020612426467492614,0.0018796516644581447,0.0020405175008560103
444,aipw_robust,1000,5,mixed,0.2,5,2,2000,-0.404063269946295,0.175013288346136,0.011752038245566,0.418345895577016,0.404063269946295,0.0405,2000,769.319237947464,0.0024240501485701567,0.001993878989239265,0.002383050736626862
444,reg_adj,1000,5,mixed,0.2,5,2,2000,-0.465483397474758,0.24216808733162,0.0255060470304914,0.492105768439692,0.465877920065356,0.1665,2000,769.319237947464,0.003571137565992901,0.003421051501050863,0.003475931111210004
444,adaptive,1000,5,mixed,0.2,5,2,2000,-0.427737844420738,0.191906016578024,0.0089508284425457,0.438070789459905,0.427737844420738,0.0055,2000,769.319237947464,0.002115517483093168,0.0018317746724109843,0.0020907290744828807
445,naive,200,10,mixed,0.2,5,2,2000,-0.41878173023731,0.335621672872028,0.160323697140043,0.579328639782315,0.479819746988069,0.842,2000,264.955977916718,0.008953314948666862,0.009051973856212337,0.007812468808389701
445,ipw_robust,200,10,mixed,0.2,5,2,2000,-0.392183472861389,0.200028327548632,0.0462435729494864,0.447245265540768,0.398343217466752,0.553,2000,264.955977916718,0.004808511877363224,0.004045209455988956,0.004522361406216184
445,dr_robust,200,10,mixed,0.2,5,2,2000,-0.407093986553779,0.215522636783755,0.0498220339124628,0.464244156434688,0.413496404054025,0.551,2000,264.955977916718,0.004991093763518313,0.004358417076115578,0.004694100093351137
445,aipw_robust,200,10,mixed,0.2,5,2,2000,-0.349445032192552,0.183067724249172,0.0609863869185771,0.4278641422802,0.364796451300122,0.6995,2000,264.955977916718,0.005522064238967938,0.004314354885348874,0.005041734582333248
445,reg_adj,200,10,mixed,0.2,5,2,2000,-0.435466704098951,0.344641701588496,0.155087995207297,0.587061923129491,0.492223570993614,0.827,2000,264.955977916718,0.008805906972234517,0.009103370098882159,0.007753330390049999
445,adaptive,200,10,mixed,0.2,5,2,2000,-0.395908850652557,0.203576348192601,0.0468559581466459,0.451194357447654,0.402080013265304,0.5555,2000,264.955977916718,0.004840245765797739,0.0041090442158843565,0.004553519063412792
446,naive,500,10,mixed,0.2,5,2,2000,-0.418824824349079,0.231237129106801,0.0558508210262777,0.48087121883806,0.426682430606812,0.566,2000,614.958904981613,0.005284449878004223,0.004765854816257885,0.004955437786205762
446,ipw_robust,500,10,mixed,0.2,5,2,2000,-0.39375831647068,0.174394645409867,0.0193587129765311,0.417605849348243,0.394282724834936,0.1805,2000,614.958904981613,0.003111166419249467,0.002525416156186433,0.0030236838877231334
446,dr_robust,500,10,mixed,0.2,5,2,2000,-0.420854068944296,0.197108987254308,0.0200008403275019,0.443969579199193,0.421163458995832,0.152,2000,614.958904981613,0.00316234409319273,0.002735883254487596,0.0030811607176131598
446,aipw_robust,500,10,mixed,0.2,5,2,2000,-0.365790239552454,0.156480025436878,0.0226888705202968,0.395575562234168,0.366443066541148,0.3205,2000,614.958904981613,0.003368150124348438,0.002566406049645858,0.003243888519238997
446,reg_adj,500,10,mixed,0.2,5,2,2000,-0.432274050561995,0.241403443014359,0.0545698731616649,0.491328243656274,0.43874673531124,0.5285,2000,614.958904981613,0.0052234985001273285,0.004834440748043371,0.004919766785710648
446,adaptive,500,10,mixed,0.2,5,2,2000,-0.393815783019558,0.174447028690979,0.019365840655999,0.417668563206496,0.394340191383814,0.181,2000,614.958904981613,0.0031117391163141394,0.0025262553260814165,0.00302423446319137
447,naive,1000,10,mixed,0.2,5,2,2000,-0.431406011848514,0.214005802082703,0.0279086093283266,0.462607611354053,0.431900847143841,0.2705,2000,1269.27795505524,0.0037355460998578643,0.0033417206742150287,0.0036118306229698735
447,ipw_robust,1000,10,mixed,0.2,5,2,2000,-0.401689670018931,0.171308791923427,0.0099591805137662,0.413894662835156,0.401689670018931,0.0205,2000,1269.27795505524,0.0022314995534131526,0.0018201934714452666,0.0021988607668640132
447,dr_robust,1000,10,mixed,0.2,5,2,2000,-0.428741723816897,0.193787192282088,0.0099727128970515,0.440212667107715,0.428741723816897,0.01,2000,1269.27795505524,0.0022330151026192704,0.0019405701522968587,0.002204128024128419
447,aipw_robust,1000,10,mixed,0.2,5,2,2000,-0.382447314002252,0.158076559384419,0.01181651965671,0.397588429641028,0.382447314002252,0.06,2000,1269.27795505524,0.002430691224395851,0.0018964016019296977,0.002384880268827124
447,reg_adj,1000,10,mixed,0.2,5,2,2000,-0.439915937396989,0.220787605081394,0.0272752107108779,0.469880415724463,0.440405296791585,0.2485,2000,1269.27795505524,0.003692912855110306,0.0033616757308947524,0.0035771609311612946
447,adaptive,1000,10,mixed,0.2,5,2,2000,-0.401689670018931,0.171308791923427,0.0099591805137662,0.413894662835156,0.401689670018931,0.0205,2000,1269.27795505524,0.0022314995534131526,0.0018201934714452666,0.0021988607668640132
448,naive,200,20,mixed,0.2,5,2,2000,-0.4201488835455,0.341256972242402,0.164814295045395,0.584172039935499,0.475526791181333,0.8475,2000,632.955019950867,0.00907783826264257,0.009238585742388051,0.007907418629114912
448,ipw_robust,200,20,mixed,0.2,5,2,2000,-0.380328857335997,0.194490084221252,0.0498649769872409,0.44101029945031,0.387778730296757,0.6175,2000,632.955019950867,0.004993244285394062,0.004112475864229536,0.004662562154847023
448,dr_robust,200,20,mixed,0.2,5,2,2000,-0.385304041166425,0.197542926264832,0.0491082762637858,0.444458014063007,0.39156996787252,0.5925,2000,632.955019950867,0.004955213227691912,0.004122229253588084,0.004637366323879258
448,aipw_robust,200,20,mixed,0.2,5,2,2000,-0.343170754683604,0.184948168385077,0.0672156093196224,0.430056006102783,0.363166540830984,0.7485,2000,632.955019950867,0.005797223875253671,0.004511029534710478,0.005244700074752992
448,reg_adj,200,20,mixed,0.2,5,2,2000,-0.443622921234944,0.357665164635141,0.160944340560396,0.598051138812678,0.491583792896738,0.827,2000,632.955019950867,0.008970628198749405,0.009447284818909305,0.007898392132205596
448,adaptive,200,20,mixed,0.2,5,2,2000,-0.384528024346298,0.197946423441168,0.0501096767718869,0.444911702971689,0.39169079872343,0.611,2000,632.955019950867,0.005005480834639511,0.00416288287933965,0.004678324768189505
449,naive,500,20,mixed,0.2,5,2,2000,-0.431459500865389,0.243238448400352,0.0571097023645236,0.493192100910337,0.440671970708714,0.559,2000,1383.82726383209,0.005343673940489052,0.004952200944776469,0.005020559874778678
449,ipw_robust,500,20,mixed,0.2,5,2,2000,-0.403369468651583,0.183594342350014,0.0208978630412738,0.428479103749545,0.403857439820623,0.1925,2000,1383.82726383209,0.003232480706924157,0.002690199785174791,0.003139242686088222
449,dr_robust,500,20,mixed,0.2,5,2,2000,-0.428252129111993,0.206069944992865,0.022681399603712,0.453949275792863,0.428817654572486,0.173,2000,1383.82726383209,0.0033675955520008636,0.002972200884075801,0.0032737147546767057
449,aipw_robust,500,20,mixed,0.2,5,2,2000,-0.362884444941194,0.155055017828326,0.0233815882421685,0.393770260213142,0.36422731203852,0.3335,2000,1383.82726383209,0.0034191803288338347,0.002589346093790947,0.0032878893550637527
449,reg_adj,500,20,mixed,0.2,5,2,2000,-0.45050909156209,0.257902053547781,0.0549710975164394,0.507840578870752,0.457979333057979,0.5085,2000,1383.82726383209,0.005242666187944804,0.005033439989701908,0.004955728430459812
449,adaptive,500,20,mixed,0.2,5,2,2000,-0.40353577095733,0.183740805010339,0.0209101416390317,0.428649979599135,0.40402374212637,0.1925,2000,1383.82726383209,0.003233430194006954,0.0026920801856428387,0.0031401846655404243
450,naive,1000,20,mixed,0.2,5,2,2000,-0.435943870585015,0.217808694331332,0.0277755237925845,0.466699790369925,0.436901929036276,0.2425,2000,2920.42815303802,0.00372662875750889,0.0033658272238831434,0.0036059875034604727
450,ipw_robust,1000,20,mixed,0.2,5,2,2000,-0.404988541341017,0.174548330794923,0.0105378811179568,0.417789816528506,0.405022206528315,0.0265,2000,2920.42815303802,0.002295417295172797,0.0018888629455287769,0.0022605421084981123
450,dr_robust,1000,20,mixed,0.2,5,2,2000,-0.43698053384377,0.201494546298412,0.0105478332566539,0.448881439021945,0.43698053384377,0.014,2000,2920.42815303802,0.002296500953260623,0.0020345801098353906,0.0022662778330381395
450,aipw_robust,1000,20,mixed,0.2,5,2,2000,-0.382960742312553,0.158030807186808,0.0113775658171353,0.397530888343042,0.382960742312553,0.056,2000,2920.42815303802,0.002385116959096063,0.0018619055467145851,0.002341837579559211
450,reg_adj,1000,20,mixed,0.2,5,2,2000,-0.452021204335012,0.230636232384245,0.0263262263289351,0.480246012356423,0.452425237827049,0.192,2000,2920.42815303802,0.0036281004898524446,0.0033839601333750125,0.003523152765778248
450,adaptive,1000,20,mixed,0.2,5,2,2000,-0.404988541341017,0.174548330794923,0.0105378811179568,0.417789816528506,0.405022206528315,0.0265,2000,2920.42815303802,0.002295417295172797,0.0018888629455287769,0.0022605421084981123
451,naive,200,5,none,0.0,10,2,2000,0.0073578754636094,0.0309115875496838,0.0308728856611764,0.175816914856574,0.140899287954084,0.9455,2000,180.156373023987,0.003928923876914415,0.0009779968722212972,0.0027812934637691626
451,ipw_robust,200,5,none,0.0,10,2,2000,-0.0221024769172602,0.0322449216083902,0.0317722882666455,0.179568709992555,0.143940601539619,0.9505,2000,180.156373023987,0.003985742607510268,0.0010200593441350356,0.002840303703739164
451,dr_robust,200,5,none,0.0,10,2,2000,0.0015207584500975,0.0303978918241441,0.0304107845101357,0.174349912027922,0.140539237441949,0.9465,2000,180.156373023987,0.003899409218723761,0.0009617465762588091,0.0027580930930002022
451,aipw_robust,200,5,none,0.0,10,2,2000,-0.0009956112007774,0.0417804003197927,0.0418003092327459,0.204402544797741,0.165068391622551,0.9535,2000,180.156373023987,0.0045716686905738204,0.0013218731861904406,0.003233504718589613
451,reg_adj,200,5,none,0.0,10,2,2000,0.0074264605664704,0.0283098535207364,0.028268835622002,0.168255322414289,0.135080121557768,0.947,2000,180.156373023987,0.003759576812754462,0.0008956814450266093,0.0026616734382440667
451,adaptive,200,5,none,0.0,10,2,2000,0.0073208619343767,0.0283540360194051,0.0283145982990924,0.168386567217831,0.135166295387694,0.947,2000,180.156373023987,0.0037626186558760107,0.0008970794389198623,0.0026637500061372703
452,naive,500,5,none,0.0,10,2,2000,0.0079815613888434,0.0119324552830507,0.0118746873044991,0.109235778401816,0.088099919233629,0.947,2000,399.386015176773,0.0024366665041095693,0.000377519748014907,0.001728004109725971
452,ipw_robust,500,5,none,0.0,10,2,2000,-0.0215043458704873,0.0125720572986976,0.0121156782465033,0.112125185835733,0.0898194451685415,0.947,2000,399.386015176773,0.0024612677877979164,0.0003974860155298881,0.0017725099520112184
452,dr_robust,500,5,none,0.0,10,2,2000,0.0038934939676789,0.0117284047214783,0.0117191049786913,0.108297759540437,0.0874315330159085,0.947,2000,399.386015176773,0.0024206512531435936,0.00037106970806989934,0.0017131919886641176
452,aipw_robust,500,5,none,0.0,10,2,2000,0.0026550300698406,0.015816402935047,0.015817262381566,0.125763281346532,0.0994877797672346,0.947,2000,399.386015176773,0.0028122288652922614,0.0005004086198841519,0.001989486178025646
452,reg_adj,500,5,none,0.0,10,2,2000,0.0077910732974166,0.0113078924916937,0.0112528180776068,0.106338574805635,0.0861865616096335,0.9495,2000,399.386015176773,0.0023720052779880995,0.0003577597312824681,0.0016821728706463254
452,adaptive,500,5,none,0.0,10,2,2000,0.0077910732974166,0.0113078924916937,0.0112528180776068,0.106338574805635,0.0861865616096335,0.9495,2000,399.386015176773,0.0023720052779880995,0.0003577597312824681,0.0016821728706463254
453,naive,1000,5,none,0.0,10,2,2000,0.010884542771799,0.0057666181746638,0.005650970388507,0.0759382523808908,0.060766871621073,0.946,2000,732.099687099457,0.001680917961785613,0.0001824073579334245,0.0012010242019957634
453,ipw_robust,1000,5,none,0.0,10,2,2000,-0.0184414582381747,0.0063161302748137,0.0059790324090679,0.0794740855550645,0.0639492905465324,0.951,2000,732.099687099457,0.001729021747848751,0.00019953850632365818,0.0012553683690100827
453,dr_robust,1000,5,none,0.0,10,2,2000,0.0063210851060548,0.005668535650968,0.0056313952316659,0.0752896782498643,0.0601603703182438,0.9525,2000,732.099687099457,0.0016780040571562841,0.00017933942574850943,0.001190996096127112
453,aipw_robust,1000,5,none,0.0,10,2,2000,0.0026995197233423,0.0078093580870649,0.0078059736671617,0.088370572517467,0.0703627867067453,0.948,2000,732.099687099457,0.001975597842067269,0.00024707690200137945,0.0013979591563274254
453,reg_adj,1000,5,none,0.0,10,2,2000,0.009599176103034,0.0055213946853875,0.0054319664867739,0.074306087808386,0.0593473637415149,0.951,2000,732.099687099457,0.0016480240421143588,0.00017466341382508323,0.0011752967958391905
453,adaptive,1000,5,none,0.0,10,2,2000,0.009599176103034,0.0055213946853875,0.0054319664867739,0.074306087808386,0.0593473637415149,0.951,2000,732.099687099457,0.0016480240421143588,0.00017466341382508323,0.0011752967958391905
454,naive,200,10,none,0.0,10,2,2000,0.0087979137197655,0.0351627733956802,0.0351029215706451,0.187517394914926,0.148148200451955,0.944,2000,309.226624965668,0.004189446357852377,0.0011124968610013203,0.002966383096101683
454,ipw_robust,200,10,none,0.0,10,2,2000,-0.0169175302535698,0.0354135378336428,0.0351449074574911,0.188184850170365,0.149073258977129,0.9445,2000,309.226624965668,0.004191951064688798,0.0011203935309238688,0.0029768430612495352
454,dr_robust,200,10,none,0.0,10,2,2000,0.0042400649604736,0.0335290140207676,0.0335277997697835,0.183109295287726,0.144694616129631,0.946,2000,309.226624965668,0.004094374174998146,0.0010608104887715952,0.0028966593069584667
454,aipw_robust,200,10,none,0.0,10,2,2000,-0.0060666569021754,0.0429075536466389,0.0428921954183794,0.207141385644296,0.165406601835768,0.9525,2000,309.226624965668,0.004630993166610128,0.0013575336697451855,0.003276828687620029
454,reg_adj,200,10,none,0.0,10,2,2000,0.0097067989654289,0.0309869642612609,0.0309081964133123,0.176031145713652,0.139856620537262,0.945,2000,309.226624965668,0.003931170081115309,0.0009803780221732397,0.002784672048229494
454,adaptive,200,10,none,0.0,10,2,2000,0.0086605737845797,0.0310969150044603,0.0310374281802723,0.176343173966163,0.13998713683601,0.9445,2000,309.226624965668,0.003939379911881583,0.0009838586819561142,0.0027896137395851187
455,naive,500,10,none,0.0,10,2,2000,0.0100551069291352,0.0123271419693568,0.0122321528704356,0.11102766308158,0.0889400259634958,0.9525,2000,722.368926048279,0.0024730702446994503,0.0003899987586744448,0.0017563134621138728
455,ipw_robust,500,10,none,0.0,10,2,2000,-0.0127735021202147,0.0124732591772148,0.0123162549482738,0.111683746253494,0.0889685851686256,0.948,2000,722.368926048279,0.002481557469440694,0.00039460009415865396,0.001766595889714386
455,dr_robust,500,10,none,0.0,10,2,2000,0.0051138008465838,0.0118664591389642,0.0118462312955134,0.108933278381605,0.0871792133531253,0.95,2000,722.368926048279,0.0024337451895703258,0.0003754367809990948,0.0017232419081517924
455,aipw_robust,500,10,none,0.0,10,2,2000,-0.0030377540967283,0.0163773204774383,0.01637628066782,0.127973905455129,0.102262561401961,0.9525,2000,722.368926048279,0.0028614926758442,0.0005181551963533961,0.002024456448799536
455,reg_adj,500,10,none,0.0,10,2,2000,0.0097095850301962,0.0110866407488482,0.0109978636392092,0.105293118240691,0.0840908688009036,0.9445,2000,722.368926048279,0.0023449801320276895,0.00035075158548957734,0.0016655959636782218
455,adaptive,500,10,none,0.0,10,2,2000,0.0097095850301962,0.0110866407488482,0.0109978636392092,0.105293118240691,0.0840908688009036,0.9445,2000,722.368926048279,0.0023449801320276895,0.00035075158548957734,0.0016655959636782218
456,naive,1000,10,none,0.0,10,2,2000,0.0115023573384274,0.0061377678601684,0.0060084678697624,0.0783439076136012,0.0626475604590352,0.951,2000,1290.09330606461,0.0017332726083571506,0.00019414318814714844,0.0012390445796032993
456,ipw_robust,1000,10,none,0.0,10,2,2000,-0.0110061654041804,0.0062482828518191,0.0061302122810554,0.0790460805595008,0.0629628096852301,0.944,2000,1290.09330606461,0.0017507444532334523,0.00019764786221779972,0.001250206593538962
456,dr_robust,1000,10,none,0.0,10,2,2000,0.0070813479216154,0.0059610562445054,0.0059138676899635,0.0772078768294109,0.0614921354506062,0.9515,2000,1290.09330606461,0.0017195737393266245,0.00018859198981275018,0.0012213260975265517
456,aipw_robust,1000,10,none,0.0,10,2,2000,0.0039828257798526,0.0076759203896015,0.0076638894331254,0.0876123301231144,0.0697004035370609,0.948,2000,1290.09330606461,0.001957535367895737,0.00024285457435434363,0.0013859611655863968
456,reg_adj,1000,10,none,0.0,10,2,2000,0.0106989084524689,0.0056639616794816,0.0055522711729938,0.0752592962994051,0.0602581357445779,0.9505,2000,1290.09330606461,0.0016661739364474827,0.0001791614212172228,0.001190294289388931
456,adaptive,1000,10,none,0.0,10,2,2000,0.0106989084524689,0.0056639616794816,0.0055522711729938,0.0752592962994051,0.0602581357445779,0.9505,2000,1290.09330606461,0.0016661739364474827,0.0001791614212172228,0.001190294289388931
457,naive,200,20,none,0.0,10,2,2000,0.0092182975682555,0.0383799376839772,0.0383141177327867,0.1959079826959,0.154954147790415,0.9505,2000,724.261955022812,0.0043768777531927195,0.0012142830213659587,0.0030991157293749506
457,ipw_robust,200,20,none,0.0,10,2,2000,-0.0160880696153525,0.0371183015924086,0.036877914565743,0.192661105551714,0.154160642284723,0.9545,2000,724.261955022812,0.004294060698554633,0.0011743383276403476,0.0030476787836274826
457,dr_robust,200,20,none,0.0,10,2,2000,0.0054594794393545,0.0370038313720122,0.0369925217171221,0.192363799536223,0.15228479462553,0.9525,2000,724.261955022812,0.004300727945192657,0.001170748416596417,0.003043058047873398
457,aipw_robust,200,20,none,0.0,10,2,2000,0.0062114059134796,0.0450953652543179,0.0450793233525722,0.212356693453062,0.167609663072489,0.9445,2000,724.261955022812,0.004747595357260989,0.0014267529062425835,0.0033593311400799903
457,reg_adj,200,20,none,0.0,10,2,2000,0.0089371343214046,0.0312303241820922,0.0311660348296282,0.176721034916878,0.140764273327549,0.9525,2000,724.261955022812,0.003947533079635191,0.0009880791148105172,0.0027955899966160434
457,adaptive,200,20,none,0.0,10,2,2000,0.0072398951920931,0.0322309808957532,0.0321946621444329,0.179529888586144,0.142731108646138,0.953,2000,724.261955022812,0.004012147937478933,0.0010197408036953818,0.002840030737294416
458,naive,500,20,none,0.0,10,2,2000,0.0082531931642462,0.0128608742361568,0.0127991586180594,0.113405794544004,0.0902991309514178,0.952,2000,1972.32616615295,0.0025297389804147187,0.0004068932240306455,0.001793970165575454
458,ipw_robust,500,20,none,0.0,10,2,2000,-0.0169517305813529,0.0130479459607519,0.0127669682751868,0.114227605948614,0.0914116098459466,0.947,2000,1972.32616615295,0.00252655578556924,0.00041271411511342574,0.0018065427865969971
458,dr_robust,500,20,none,0.0,10,2,2000,0.0034255829819813,0.0121898346772831,0.012184192154594,0.110407584328628,0.0874761126087271,0.9485,2000,1972.32616615295,0.002468217186006329,0.0003856688892818455,0.0017465688232698882
458,aipw_robust,500,20,none,0.0,10,2,2000,0.0009939829863325,0.0161538907812665,0.0161609832707247,0.12709795742366,0.101138865198776,0.9475,2000,1972.32616615295,0.0028426205577534174,0.0005110864060508314,0.0020106003920551197
458,reg_adj,500,20,none,0.0,10,2,2000,0.007924743718557,0.0115261752025645,0.0114691081936565,0.107360026092417,0.0852890266421724,0.954,2000,1972.32616615295,0.0023946929024048678,0.00036466559832189324,0.001698330428906491
458,adaptive,500,20,none,0.0,10,2,2000,0.0078802734857474,0.0115042917121601,0.0114479169604302,0.107258061292194,0.0852445564093628,0.9545,2000,1972.32616615295,0.0023924795673558215,0.0003639733568389,0.0016967179550605447
459,naive,1000,20,none,0.0,10,2,2000,0.010945832270552,0.0060117395964425,0.0058948757902425,0.0775354086623816,0.0614099568577547,0.944,2000,3594.10184693336,0.001716810384148829,0.00019016336499656477,0.0012263001400083396
459,ipw_robust,1000,20,none,0.0,10,2,2000,-0.0138288343526431,0.0062882940827595,0.0061001074769451,0.0792987646988244,0.0626939425143121,0.943,2000,3594.10184693336,0.001746440304869465,0.00019885783762248373,0.001253852051653913
459,dr_robust,1000,20,none,0.0,10,2,2000,0.0058455582930983,0.0058385173352752,0.0058072504087216,0.0764101913050562,0.0607424028941936,0.948,2000,3594.10184693336,0.0017040027008079536,0.000184718789544873,0.0012087313641671895
459,aipw_robust,1000,20,none,0.0,10,2,2000,0.0017968231925529,0.0080680844277744,0.0080688902993388,0.0898225162627639,0.0714104315701328,0.951,2000,3594.10184693336,0.002008592828243046,0.00025526279140315375,0.0014209287494040814
459,reg_adj,1000,20,none,0.0,10,2,2000,0.0102058595490049,0.0053843771238355,0.0052828589841935,0.073378315079017,0.0586676293016747,0.9435,2000,3594.10184693336,0.0016252475171790756,0.00017032063785123834,0.001160565200140052
459,adaptive,1000,20,none,0.0,10,2,2000,0.0102058595490049,0.0053843771238355,0.0052828589841935,0.073378315079017,0.0586676293016747,0.9435,2000,3594.10184693336,0.0016252475171790756,0.00017032063785123834,0.001160565200140052
460,naive,200,5,covariate,0.0,10,2,2000,0.0043821466262508,0.0305492080540522,0.0305452774837401,0.174783317436339,0.140165570870823,0.958,2000,179.355829000473,0.0039080223568795066,0.0009665335541288481,0.0027649479604393216
460,ipw_robust,200,5,covariate,0.0,10,2,2000,-0.0266942697853321,0.032269759216045,0.0315729616575016,0.179637855743284,0.143113530734451,0.9535,2000,179.355829000473,0.003973220460627726,0.0010207098926393098,0.0028410211433885653
460,dr_robust,200,5,covariate,0.0,10,2,2000,-0.0007324307761311,0.0303581465691926,0.0303727965126071,0.174235893458244,0.140423696720611,0.9595,2000,179.355829000473,0.0038969729606841705,0.0009604891229283838,0.00275628948738558
460,aipw_robust,200,5,covariate,0.0,10,2,2000,-0.0038700888352207,0.0406524539973208,0.0406578053123845,0.201624537190593,0.160713943358012,0.948,2000,179.355829000473,0.004508758438438707,0.0012861862402080545,0.003189557823987067
460,reg_adj,200,5,covariate,0.0,10,2,2000,0.0048074474692065,0.0283506493604382,0.0283417086636008,0.168376510714643,0.135665409555766,0.9565,2000,179.355829000473,0.0037644195212277283,0.000896974075251022,0.0026635962208861
460,adaptive,200,5,covariate,0.0,10,2,2000,0.0047933617393485,0.0283588212850256,0.0283500199782505,0.168400775785106,0.135649150789742,0.9565,2000,179.355829000473,0.003764971445990693,0.0008972326291691518,0.0026639800944685027
461,naive,500,5,covariate,0.0,10,2,2000,0.0158370266795784,0.0118954811903792,0.0116504950238415,0.1090664072498,0.0865354255285862,0.9425,2000,402.693419933319,0.002413554953159499,0.00037626877170869816,0.00172495262838773
461,ipw_robust,500,5,covariate,0.0,10,2,2000,-0.0139945101203782,0.0123686788201916,0.0121789219676661,0.111214562086948,0.0886870271361167,0.952,2000,402.693419933319,0.002467683323247343,0.0003912755221506595,0.0017591020222907444
461,dr_robust,500,5,covariate,0.0,10,2,2000,0.0108435838111571,0.0116365083201137,0.0115246873539211,0.107872648619164,0.0858972790397743,0.944,2000,402.693419933319,0.0024004882163761085,0.00036814214696799025,0.0017063739125739255
461,aipw_robust,500,5,covariate,0.0,10,2,2000,0.0047247908246848,0.0161098183300627,0.0160955424529522,0.126924459148199,0.101193254501818,0.9485,2000,402.693419933319,0.002836859394907703,0.0005096911901473414,0.0020078525193958792
461,reg_adj,500,5,covariate,0.0,10,2,2000,0.0140110551257315,0.0112173925530669,0.0110265961854234,0.105912192655364,0.0844338505759797,0.9445,2000,402.693419933319,0.002348041331133611,0.00035484514687273496,0.001675185538021073
461,adaptive,500,5,covariate,0.0,10,2,2000,0.0140110551257315,0.0112173925530669,0.0110265961854234,0.105912192655364,0.0844338505759797,0.9445,2000,402.693419933319,0.002348041331133611,0.00035484514687273496,0.001675185538021073
462,naive,1000,5,covariate,0.0,10,2,2000,0.0115006678948903,0.0057790061470326,0.0056495655677879,0.0760197747104833,0.0607098104993326,0.949,2000,734.864009857178,0.0016807090122605845,0.0001827897009543747,0.0012022510041006973
462,ipw_robust,1000,5,covariate,0.0,10,2,2000,-0.017745027168462,0.0061640366882392,0.0058520767373985,0.0785113793550926,0.0628265006172987,0.9415,2000,734.864009857178,0.0017105666805767175,0.00019476210125476517,0.0012403431378647154
462,dr_robust,1000,5,covariate,0.0,10,2,2000,0.0065471429169496,0.0055226399115341,0.0054825160892037,0.074314466367822,0.0595781595439165,0.955,2000,734.864009857178,0.0016556744983848273,0.00017472263635264583,0.0011755627463423484
462,aipw_robust,1000,5,covariate,0.0,10,2,2000,0.0014762668364594,0.0074613666212695,0.0074629187168555,0.0863792024810921,0.0690260856246597,0.9545,2000,734.864009857178,0.0019316985682108247,0.00023606711885344885,0.0013664580829229266
462,reg_adj,1000,5,covariate,0.0,10,2,2000,0.0098489849751182,0.0054690436320972,0.0053747284913027,0.073952982577427,0.0593351035850437,0.9515,2000,734.864009857178,0.0016393182258644446,0.00017300413466259866,0.0011696900424635849
462,adaptive,1000,5,covariate,0.0,10,2,2000,0.0098489849751182,0.0054690436320972,0.0053747284913027,0.073952982577427,0.0593351035850437,0.9515,2000,734.864009857178,0.0016393182258644446,0.00017300413466259866,0.0011696900424635849
463,naive,200,10,covariate,0.0,10,2,2000,0.0053032096716609,0.0324567058178221,0.0324448041870941,0.180157447300471,0.143247783572549,0.9515,2000,308.130365848541,0.004027704320521437,0.0010268837695740327,0.0028499620331025525
463,ipw_robust,200,10,covariate,0.0,10,2,2000,-0.0190048471139084,0.0331494522160324,0.032804670337378,0.18206991024338,0.145327451845027,0.9475,2000,308.130365848541,0.004049979650404308,0.001048734215173276,0.002880031669624574
463,dr_robust,200,10,covariate,0.0,10,2,2000,-0.0011163060282035,0.0315397229873089,0.0315542539751479,0.177594265074379,0.142120472058859,0.951,2000,308.130365848541,0.003972043175441821,0.0009978725298907189,0.002809416535699494
463,aipw_robust,200,10,covariate,0.0,10,2,2000,-0.0014079557566479,0.0420155487728565,0.0420345837253065,0.204976946930274,0.164227953075282,0.9505,2000,308.130365848541,0.004584462003621935,0.0013293129362884537,0.003242591316233819
463,reg_adj,200,10,covariate,0.0,10,2,2000,0.0045121874829519,0.0296257215824252,0.0296201718324601,0.172121240939128,0.136630565535512,0.9465,2000,308.130365848541,0.003848387443622335,0.0009373156901807592,0.0027228356159489
463,adaptive,200,10,covariate,0.0,10,2,2000,0.0043017832905971,0.0296680458774427,0.0296643727243256,0.172244146134035,0.136739917256188,0.947,2000,308.130365848541,0.003851257763661477,0.0009386548394927279,0.0027247800884980327
464,naive,500,10,covariate,0.0,10,2,2000,0.0116735060455206,0.0118051228300374,0.0116746894313583,0.108651382089863,0.086453601124096,0.9465,2000,727.204614162445,0.0024160597500225756,0.00037347049486418407,0.0017186642621595711
464,ipw_robust,500,10,covariate,0.0,10,2,2000,-0.0116743673529669,0.0120726057299223,0.0119422860198402,0.109875410033011,0.0870760369253492,0.9485,2000,727.204614162445,0.0024435922347887957,0.0003819338215957007,0.0017380313824583334
464,dr_robust,500,10,covariate,0.0,10,2,2000,0.0066679098640447,0.0114307861453398,0.0113920211339518,0.106914854652381,0.0853345634703558,0.9495,2000,727.204614162445,0.002386631636213662,0.0003616505873352094,0.0016913018705916347
464,aipw_robust,500,10,covariate,0.0,10,2,2000,8.7765897275105e-05,0.0162730627739036,0.0162811956688853,0.127565915408089,0.102135818730357,0.955,2000,727.204614162445,0.0028531732920456564,0.0005148568570309948,0.0020180032236038325
464,reg_adj,500,10,covariate,0.0,10,2,2000,0.0107184702978254,0.010958589729431,0.0108491286882498,0.104683282951152,0.0835497233262767,0.9495,2000,727.204614162445,0.0023290694159094744,0.000346693540077904,0.0016559164477086587
464,adaptive,500,10,covariate,0.0,10,2,2000,0.0107184702978254,0.010958589729431,0.0108491286882498,0.104683282951152,0.0835497233262767,0.9495,2000,727.204614162445,0.0023290694159094744,0.000346693540077904,0.0016559164477086587
465,naive,1000,10,covariate,0.0,10,2,2000,0.0113113511169649,0.0061733863146148,0.0060484638824648,0.0785708999223939,0.0627358129832582,0.9455,2000,1284.55565500259,0.001739031897704122,0.0001952733389143456,0.0012426568812831538
465,ipw_robust,1000,10,covariate,0.0,10,2,2000,-0.0120138173495301,0.0064397618258867,0.006298579308233,0.0802481266191727,0.0642758043390513,0.947,2000,1284.55565500259,0.0017746238063647462,0.00020369160996997236,0.001269136231283104
465,dr_robust,1000,10,covariate,0.0,10,2,2000,0.0067482907784368,0.0060803294966276,0.0060378089726836,0.077976467582391,0.0620650995673556,0.949,2000,1284.55565500259,0.0017374994924723862,0.00019236697723308362,0.0012334937911224694
465,aipw_robust,1000,10,covariate,0.0,10,2,2000,0.0018964447521887,0.0085465398034211,0.0085472169091776,0.0924474975508865,0.0736715979658848,0.949,2000,1284.55565500259,0.0020672707743759158,0.0002704004383685088,0.001462454071402368
465,reg_adj,1000,10,covariate,0.0,10,2,2000,0.0108125474164154,0.0058418396581968,0.0057277923727509,0.0764319282642852,0.0606364530304732,0.944,2000,1284.55565500259,0.0016923049921262567,0.0001847887751304937,0.0012088454349308954
465,adaptive,1000,10,covariate,0.0,10,2,2000,0.0108125474164154,0.0058418396581968,0.0057277923727509,0.0764319282642852,0.0606364530304732,0.944,2000,1284.55565500259,0.0016923049921262567,0.0001847887751304937,0.0012088454349308954
466,naive,200,20,covariate,0.0,10,2,2000,0.0189270698481279,0.0405096462138328,0.0401714979897917,0.201270082759045,0.156024279399808,0.9385,2000,731.048183917999,0.004481712730072717,0.0012816125941169639,0.0031838129555778914
466,ipw_robust,200,20,covariate,0.0,10,2,2000,-0.005173199763276,0.0372736587202736,0.0372655294892275,0.193063872125972,0.152293722646451,0.9455,2000,731.048183917999,0.004316568630823996,0.0011792854989353284,0.0030541330336673706
466,dr_robust,200,20,covariate,0.0,10,2,2000,0.0115915723456785,0.0373638664813841,0.0372481259949364,0.193297352494503,0.150737652534846,0.9455,2000,731.048183917999,0.004315560565844047,0.0011821305111825108,0.0030578031616240796
466,aipw_robust,200,20,covariate,0.0,10,2,2000,0.0069764610861531,0.0440775415927748,0.044050896031504,0.20994652079226,0.167379083994677,0.947,2000,731.048183917999,0.004693127743387346,0.0013945499074317993,0.00332120270955024
466,reg_adj,200,20,covariate,0.0,10,2,2000,0.0167165477295614,0.0302952892428489,0.030030861705707,0.174055420032956,0.13804883656896,0.952,2000,731.048183917999,0.0038749749486743134,0.0009584552577143399,0.0027533048311074258
466,adaptive,200,20,covariate,0.0,10,2,2000,0.0161450169875921,0.0321818557711734,0.0319371627790332,0.17939302040819,0.141570457448709,0.9495,2000,731.048183917999,0.003996070743807797,0.0010181512405249887,0.0028377671500493507
467,naive,500,20,covariate,0.0,10,2,2000,0.0074406733690541,0.0120553200212273,0.0120059593807327,0.109796721359189,0.087974579024247,0.948,2000,1967.53001379967,0.002450097894037369,0.0003814085046272896,0.0017368847626130376
467,ipw_robust,500,20,covariate,0.0,10,2,2000,-0.0164468001430123,0.0125652996547934,0.0123009528962974,0.112095047414207,0.0901479094719638,0.952,2000,1967.53001379967,0.002480015412885311,0.0003974521224602804,0.00177283533763824
467,dr_robust,500,20,covariate,0.0,10,2,2000,0.0033382555628938,0.0115861773438907,0.0115808238055903,0.107639106944877,0.0865349321238888,0.9495,2000,1967.53001379967,0.002406327472060931,0.00036657003732401517,0.0017027734980732381
467,aipw_robust,500,20,covariate,0.0,10,2,2000,-0.0013298812467335,0.0155954350658698,0.0156014672153471,0.124881684269031,0.100262659597939,0.9485,2000,1967.53001379967,0.0027929793425074865,0.0004934176367806554,0.0019755404472191944
467,reg_adj,500,20,covariate,0.0,10,2,2000,0.008505504739424,0.0108411840769647,0.0107742275798823,0.104121006895654,0.0836597824851217,0.952,2000,1967.53001379967,0.002321015680675413,0.00034299106839402537,0.0016470790987344064
467,adaptive,500,20,covariate,0.0,10,2,2000,0.008505504739424,0.0108411840769647,0.0107742275798823,0.104121006895654,0.0836597824851217,0.952,2000,1967.53001379967,0.002321015680675413,0.00034299106839402537,0.0016470790987344064
468,naive,1000,20,covariate,0.0,10,2,2000,0.0098252953704807,0.0058467553268723,0.0057530954454779,0.0764640786701337,0.0608102379830297,0.9485,2000,3647.03135299683,0.0016960388329100692,0.0001849564105029403,0.0012094333294777727
468,ipw_robust,1000,20,covariate,0.0,10,2,2000,-0.0133047386490879,0.0061442615053629,0.0059702305501174,0.078385339862521,0.0630323189011718,0.949,2000,3647.03135299683,0.0017277486145439967,0.00019431239364930372,0.0012394689746201626
468,dr_robust,1000,20,covariate,0.0,10,2,2000,0.0057376104135773,0.0056065668757723,0.0055764349199743,0.0748770116642776,0.0593986365379741,0.948,2000,3647.03135299683,0.0016697956341981343,0.00017738032817695343,0.0011844778806896364
468,aipw_robust,1000,20,covariate,0.0,10,2,2000,-0.0004761354809263,0.0078317221387004,0.0078354131402744,0.0884970176825212,0.0704283530734418,0.942,2000,3647.03135299683,0.0019793197240812813,0.0002477846882545349,0.0013999606695417157
468,reg_adj,1000,20,covariate,0.0,10,2,2000,0.0095583185803227,0.0054869298876056,0.0053982675673063,0.074073813777918,0.0586867755782948,0.949,2000,3647.03135299683,0.001642904070131044,0.00017357326947772478,0.0011716236860580573
468,adaptive,1000,20,covariate,0.0,10,2,2000,0.0095583185803227,0.0054869298876056,0.0053982675673063,0.074073813777918,0.0586867755782948,0.949,2000,3647.03135299683,0.001642904070131044,0.00017357326947772478,0.0011716236860580573
469,naive,200,5,outcome,0.0,10,2,2000,-0.0024063646806962,0.0295669815003091,0.029575978898782,0.171950520500256,0.137246984525865,0.9495,2000,179.63965511322,0.0038455154985243527,0.0009354576701349255,0.0027201361979405374
469,ipw_robust,200,5,outcome,0.0,10,2,2000,-0.0307261605967395,0.0316202400188741,0.0306914888182666,0.177820808734169,0.141653459989513,0.9435,2000,179.63965511322,0.003917364472337658,0.0009999594829514138,0.002811705474937668
469,dr_robust,200,5,outcome,0.0,10,2,2000,-0.0069028285837335,0.029348922222795,0.0293159311459116,0.171315271423172,0.136766157747977,0.9495,2000,179.63965511322,0.0038285722629925376,0.0009285567139639189,0.002710081553880441
469,aipw_robust,200,5,outcome,0.0,10,2,2000,-0.0066726914082397,0.0401542557911588,0.0401297958784684,0.20038526839855,0.158431011851386,0.9445,2000,179.63965511322,0.00447938588862739,0.0012704227880401568,0.0031699505612193734
469,reg_adj,200,5,outcome,0.0,10,2,2000,-0.0029605325304205,0.027183641914403,0.0271884713972379,0.16487462483476,0.131908648565365,0.949,2000,179.63965511322,0.003687036167251272,0.0008600520782972966,0.002608200258709473
469,adaptive,200,5,outcome,0.0,10,2,2000,-0.0029153728936406,0.0274121727629786,0.027417382054897,0.165566218664855,0.132118429093243,0.949,2000,179.63965511322,0.0037025249529812087,0.0008672824806770881,0.00261914081166724
470,naive,500,5,outcome,0.0,10,2,2000,0.0120149023468827,0.0110109513002802,0.0108720294365933,0.104933080104799,0.0837743737711721,0.9525,2000,399.28817987442,0.0023315262636943745,0.0003483388440541776,0.0016598142535522822
470,ipw_robust,500,5,outcome,0.0,10,2,2000,-0.0176281110487775,0.0116241100297036,0.0113190192401756,0.107815166046821,0.0863224625682518,0.951,2000,399.28817987442,0.0023789723874160034,0.000367634293543678,0.0017049284763148494
470,dr_robust,500,5,outcome,0.0,10,2,2000,0.007567439664339,0.0107996941689327,0.0107478019268226,0.103921577013307,0.0833677023378054,0.9535,2000,399.28817987442,0.002318167587430059,0.0003416814548434606,0.0016439389425340844
470,aipw_robust,500,5,outcome,0.0,10,2,2000,0.0026049403875148,0.0154340206824034,0.015434952444203,0.124233734075747,0.0985724034391201,0.9465,2000,399.28817987442,0.002778034596995059,0.0004883105889837234,0.001965289832977224
470,reg_adj,500,5,outcome,0.0,10,2,2000,0.011544370581321,0.0104628130049471,0.0103347078667616,0.102287892758367,0.0818600379378138,0.9525,2000,399.28817987442,0.0022731814563252094,0.00033099977528202603,0.001617981201665486
470,adaptive,500,5,outcome,0.0,10,2,2000,0.011544370581321,0.0104628130049471,0.0103347078667616,0.102287892758367,0.0818600379378138,0.9525,2000,399.28817987442,0.0022731814563252094,0.00033099977528202603,0.001617981201665486
471,naive,1000,5,outcome,0.0,10,2,2000,0.0096574782725924,0.0060290505917196,0.0059387530816749,0.0776469612523225,0.0618200908341289,0.9465,2000,732.021958827972,0.0017231879006183422,0.00019072641711456744,0.001228164077759467
471,ipw_robust,1000,5,outcome,0.0,10,2,2000,-0.0193350958760083,0.006390092300293,0.0060192559957565,0.0799380528928062,0.0639627899384435,0.942,2000,732.021958827972,0.001734827944747908,0.0002018216823937525,0.0012623630116709716
471,dr_robust,1000,5,outcome,0.0,10,2,2000,0.0045776652559483,0.0059437722164271,0.0059257800872753,0.0770958638088139,0.0613698900313045,0.949,2000,732.021958827972,0.0017213047503674792,0.00018805110824906879,0.0012195927184589768
471,aipw_robust,1000,5,outcome,0.0,10,2,2000,-0.0006993030477657,0.0079538230651658,0.0079573126967616,0.0891842086087322,0.0711782819413744,0.9485,2000,732.021958827972,0.0019946569500495065,0.0002516477856047801,0.0014108315223651643
471,reg_adj,1000,5,outcome,0.0,10,2,2000,0.0080475523465217,0.0056807014587339,0.0056187477338308,0.0753704282775009,0.0600405548497679,0.943,2000,732.021958827972,0.001676118691177746,0.00017971672466781836,0.0011922230560116524
471,adaptive,1000,5,outcome,0.0,10,2,2000,0.0080475523465217,0.0056807014587339,0.0056187477338308,0.0753704282775009,0.0600405548497679,0.943,2000,732.021958827972,0.001676118691177746,0.00017971672466781836,0.0011922230560116524
472,naive,200,10,outcome,0.0,10,2,2000,0.0053685222384869,0.0331194576973537,0.0331071902614593,0.18198752071874,0.144726948161622,0.9485,2000,306.540971040726,0.00406861095838981,0.0010478522862139615,0.002878912471788127
472,ipw_robust,200,10,outcome,0.0,10,2,2000,-0.0169015686371976,0.0330435513036684,0.03277427541898,0.181778852740544,0.144422391834588,0.9565,2000,306.540971040726,0.004048102976641034,0.0010454080190936603,0.002875494050415723
472,dr_robust,200,10,outcome,0.0,10,2,2000,0.0018848661012365,0.0322812317806408,0.0322938259734079,0.179669785385971,0.143280722369057,0.942,2000,306.540971040726,0.004018322160641671,0.0010213327850694708,0.0028422496940023025
472,aipw_robust,200,10,outcome,0.0,10,2,2000,-0.0024073639040065,0.0419202198296071,0.0419353921247031,0.204744279113257,0.161667577866521,0.9465,2000,306.540971040726,0.0045790496898757875,0.001326296790871747,0.003238910500004956
472,reg_adj,200,10,outcome,0.0,10,2,2000,0.0068453881540926,0.0295663833881037,0.0295342911947209,0.171948781292871,0.137560603483181,0.949,2000,306.540971040726,0.0038428043922844224,0.0009354369412738812,0.0027201034349891738
472,adaptive,200,10,outcome,0.0,10,2,2000,0.0072076298336099,0.0297302562721256,0.0296931529207676,0.172424639399726,0.138058083564655,0.949,2000,306.540971040726,0.0038531255443320037,0.0009406213077949889,0.0027276302014307236
473,naive,500,10,outcome,0.0,10,2,2000,0.0100050561727438,0.0116783278515474,0.0115840187118836,0.108066312288092,0.0851082103541828,0.9435,2000,721.451927900314,0.002406659376800506,0.00036947075213597253,0.001709463126450578
473,ipw_robust,500,10,outcome,0.0,10,2,2000,-0.0141217046480147,0.0122076582179749,0.0120142427972077,0.110488271857129,0.0879345818602987,0.9485,2000,721.451927900314,0.0024509429611077956,0.0003861785230588164,0.0017475996165374865
473,dr_robust,500,10,outcome,0.0,10,2,2000,0.0052396221837836,0.0115460230776389,0.0115243316028115,0.107452422390744,0.0850960388249601,0.9465,2000,721.451927900314,0.002400451166219748,0.0003652984924800282,0.0016998150639714901
473,aipw_robust,500,10,outcome,0.0,10,2,2000,-0.001018529865002,0.0158982151103065,0.0159051302723568,0.126088124382538,0.101259601491611,0.9515,2000,721.451927900314,0.0028200292793122556,0.0005029971859196561,0.001994625538221252
473,reg_adj,500,10,outcome,0.0,10,2,2000,0.010009114404375,0.0108605338574297,0.0107657343534465,0.104213885146988,0.0821164708091628,0.9435,2000,721.451927900314,0.0023201006824539426,0.00034359585235940954,0.0016485128247295758
473,adaptive,500,10,outcome,0.0,10,2,2000,0.010009114404375,0.0108605338574297,0.0107657343534465,0.104213885146988,0.0821164708091628,0.9435,2000,721.451927900314,0.0023201006824539426,0.00034359585235940954,0.0016485128247295758
474,naive,1000,10,outcome,0.0,10,2,2000,0.0114118955948408,0.0059542517810996,0.0058269338869756,0.0771637983843439,0.0617319383868527,0.9455,2000,1288.35747003555,0.0017068880875698324,0.00018833708499678832,0.0012203720458310206
474,ipw_robust,1000,10,outcome,0.0,10,2,2000,-0.0119649627208349,0.0061994229371882,0.0060592922504025,0.0787364143023307,0.0627091857326871,0.9475,2000,1288.35747003555,0.001740587867704831,0.00019608651959615364,0.0012452085946105195
474,dr_robust,1000,10,outcome,0.0,10,2,2000,0.0068392553899374,0.0058005801138622,0.005756683041094,0.0761615395975048,0.0609334687013668,0.9485,2000,1288.35747003555,0.001696567570286253,0.00018351550916468094,0.0012047780949184835
474,aipw_robust,1000,10,outcome,0.0,10,2,2000,0.0008360638136819,0.0079150849346527,0.0079183451045044,0.0889667630896659,0.0713231798977489,0.952,2000,1288.35747003555,0.0019897669592824686,0.0002504221617254604,0.00140739166531815
474,reg_adj,1000,10,outcome,0.0,10,2,2000,0.0108603230431186,0.0056707085627257,0.0055555397159828,0.0753041072102033,0.0603099027397781,0.9485,2000,1288.35747003555,0.0016666642907290597,0.00017937261708980654,0.001190988272320308
474,adaptive,1000,10,outcome,0.0,10,2,2000,0.0108603230431186,0.0056707085627257,0.0055555397159828,0.0753041072102033,0.0603099027397781,0.9485,2000,1288.35747003555,0.0016666642907290597,0.00017937261708980654,0.001190988272320308
475,naive,200,20,outcome,0.0,10,2,2000,0.0114035590585688,0.0379445846726804,0.0378334602436,0.194793697723208,0.155458316067247,0.9495,2000,722.24436211586,0.004349336745045157,0.0012005042807326774,0.0030814761842000997
475,ipw_robust,200,20,outcome,0.0,10,2,2000,-0.0109538813244074,0.0360048604225033,0.0359028243185934,0.189749467515731,0.152400305163418,0.9545,2000,722.24436211586,0.0042369106857823545,0.0011391350119592917,0.003001681709238138
475,dr_robust,200,20,outcome,0.0,10,2,2000,0.0083020426197735,0.0355759091037555,0.0355247475658779,0.188615771089682,0.151304884459301,0.951,2000,722.24436211586,0.004214543128612988,0.0011255686113006771,0.0029837605964707424
475,aipw_robust,200,20,outcome,0.0,10,2,2000,0.0023523233347937,0.0434681899105443,0.0434843986848153,0.208490263347103,0.167705207858018,0.9565,2000,722.24436211586,0.004662853133265903,0.0013752723964014413,0.003298169358901505
475,reg_adj,200,20,outcome,0.0,10,2,2000,0.0116249674215121,0.0297044000015595,0.0295840521600883,0.172349644622667,0.137284692724655,0.9515,2000,722.24436211586,0.0038460403118069563,0.0009397936539431997,0.0027264159900089527
475,adaptive,200,20,outcome,0.0,10,2,2000,0.0117442212719379,0.0303953696698506,0.0302725792261794,0.174342678853603,0.138818485243362,0.953,2000,722.24436211586,0.0038905384734108078,0.0009616547451797963,0.002757944157744948
476,naive,500,20,outcome,0.0,10,2,2000,0.0125633139777261,0.012410936823482,0.0122592295801692,0.1114043842202,0.0897762913601138,0.9465,2000,1984.73843407631,0.002475805886996111,0.00039263039421151325,0.0017621855592121344
476,ipw_robust,500,20,outcome,0.0,10,2,2000,-0.0128703213062569,0.012544927510084,0.0123854750770963,0.11200414059348,0.0890477145029391,0.947,2000,1984.73843407631,0.002488521154932815,0.0003968667045089107,0.0017716608618485892
476,dr_robust,500,20,outcome,0.0,10,2,2000,0.0079099858207532,0.0120973915153587,0.0120408440617051,0.10998814261255,0.0884258525380569,0.949,2000,1984.73843407631,0.0024536548312369755,0.00038273837772958934,0.001739907451105178
476,aipw_robust,500,20,outcome,0.0,10,2,2000,0.0034413961904293,0.0167581741463347,0.0167547082927415,0.12945336668598,0.103615988975077,0.95,2000,1984.73843407631,0.0028943659316628834,0.0005302047802092246,0.0020478601437047316
476,reg_adj,500,20,outcome,0.0,10,2,2000,0.012378877185558,0.0113659647288217,0.0112183372970952,0.106611278619205,0.0855887487857427,0.949,2000,1984.73843407631,0.0023683683515339413,0.0003595680901441811,0.0016863510821800067
476,adaptive,500,20,outcome,0.0,10,2,2000,0.012378877185558,0.0113659647288217,0.0112183372970952,0.106611278619205,0.0855887487857427,0.949,2000,1984.73843407631,0.0023683683515339413,0.0003595680901441811,0.0016863510821800067
477,naive,1000,20,outcome,0.0,10,2,2000,0.0093822520447242,0.0061884830354501,0.0061035081360874,0.0786669119481,0.0627773700957139,0.9445,2000,3656.66868710518,0.0017469270356954521,0.00019577373255393358,0.0012443206915449668
477,ipw_robust,1000,20,outcome,0.0,10,2,2000,-0.0139416576744789,0.0067132107394747,0.0065221019717482,0.0819341854141158,0.0652536613505754,0.9475,2000,3656.66868710518,0.0018058380286930774,0.0002123045305348573,0.0012955796744778584
477,dr_robust,1000,20,outcome,0.0,10,2,2000,0.0050221577509397,0.0060118995972857,0.0059896723649928,0.0775364404476097,0.0619923347867239,0.9525,2000,3656.66868710518,0.0017305594998428687,0.00019020599068648612,0.001226558696713745
477,aipw_robust,1000,20,outcome,0.0,10,2,2000,0.001078514042895,0.0083210764159131,0.0083240752610029,0.0912199343121512,0.0721401663741925,0.949,2000,3656.66868710518,0.0020401072595580484,0.0002632671532024922,0.0014430352049016057
477,reg_adj,1000,20,outcome,0.0,10,2,2000,0.0091204450219217,0.0057490247664539,0.0056686765873496,0.0758223236682569,0.0603916182969656,0.948,2000,3656.66868710518,0.0016835493142984554,0.00018187073384595448,0.0011993218161031832
477,adaptive,1000,20,outcome,0.0,10,2,2000,0.0091204450219217,0.0057490247664539,0.0056686765873496,0.0758223236682569,0.0603916182969656,0.948,2000,3656.66868710518,0.0016835493142984554,0.00018187073384595448,0.0011993218161031832
478,naive,200,5,treatment,0.0,10,2,2000,0.0096681391072674,0.030487970597932,0.0304097025354022,0.174608048491276,0.139465399711638,0.9455,2000,180.734618186951,0.0038993398502440253,0.0009645905739219329,0.00276215954034366
478,ipw_robust,200,5,treatment,0.0,10,2,2000,-0.0224756606733147,0.0316258660590126,0.0311362788757485,0.177836627439379,0.140615438954723,0.9435,2000,180.734618186951,0.003945648164481249,0.0010004624811729911,0.002812869585918202
478,dr_robust,200,5,treatment,0.0,10,2,2000,0.0041518215027656,0.0300213513014767,0.0300191232413065,0.173266705692342,0.138252123626656,0.946,2000,180.734618186951,0.0038742175494741195,0.0009498329730866368,0.002740956403860968
478,aipw_robust,200,5,treatment,0.0,10,2,2000,-0.0036095690597863,0.0402679324098406,0.040275040941514,0.200668713081638,0.159455500082748,0.946,2000,180.734618186951,0.004487484871368036,0.0012740205684976635,0.003174437481889252
478,reg_adj,200,5,treatment,0.0,10,2,2000,0.009106998614087,0.0279091469755671,0.0278401296166185,0.167060309396239,0.133538736342398,0.949,2000,180.734618186951,0.0037309603064505058,0.0008830010160385118,0.0026427612256606733
478,adaptive,200,5,treatment,0.0,10,2,2000,0.0088857783207623,0.0279474146260397,0.0278823987690585,0.167174802605057,0.133671365650108,0.949,2000,180.734618186951,0.003733791556116818,0.0008842121834600763,0.0026445737326485385
479,naive,500,5,treatment,0.0,10,2,2000,0.0086198806385295,0.0118081113940807,0.0117396788913039,0.108665134215537,0.0872529641384482,0.9525,2000,400.289040088654,0.0024227751537548733,0.00037358350036913315,0.0017189667277644515
479,ipw_robust,500,5,treatment,0.0,10,2,2000,-0.0213684249680726,0.012364669388155,0.0119140168109443,0.111196534964697,0.0895846235171152,0.9535,2000,400.289040088654,0.002440698343809032,0.00039092698183881044,0.0017578199804648728
479,dr_robust,500,5,treatment,0.0,10,2,2000,0.0040117998516096,0.0115557768576669,0.0115454550471411,0.10749779931546,0.0862057600685689,0.9535,2000,400.289040088654,0.002402650104274559,0.000365607945450674,0.0017005368843773783
479,aipw_robust,500,5,treatment,0.0,10,2,2000,-0.0025891618543827,0.0147712349080868,0.0147719171075324,0.121536969305997,0.0975151780182555,0.953,2000,400.289040088654,0.002717712007142442,0.0004673409780658214,0.0019226288952836402
479,reg_adj,500,5,treatment,0.0,10,2,2000,0.0074923951682368,0.011071765329574,0.0110211399141741,0.105222456393937,0.0846198925121263,0.9495,2000,400.289040088654,0.0023474603206629606,0.0003502897230942994,0.0016645197950087172
479,adaptive,500,5,treatment,0.0,10,2,2000,0.0074923951682368,0.011071765329574,0.0110211399141741,0.105222456393937,0.0846198925121263,0.9495,2000,400.289040088654,0.0023474603206629606,0.0003502897230942994,0.0016645197950087172
480,naive,1000,5,treatment,0.0,10,2,2000,0.0081772599209131,0.0058394970504021,0.0057755172292025,0.0764166019291759,0.0614139047984467,0.952,2000,734.040222167969,0.0016993406411315096,0.000184740328524658,0.0012087708944181934
480,ipw_robust,1000,5,treatment,0.0,10,2,2000,-0.0202718735229155,0.0064892615858584,0.0060813534064325,0.0805559531372974,0.0643096610450616,0.9445,2000,734.040222167969,0.0017437536245743692,0.00020489292253786717,0.0012717428976890958
480,dr_robust,1000,5,treatment,0.0,10,2,2000,0.0036124916013671,0.0057069347389702,0.0056967330099052,0.075544256823204,0.0606262954292883,0.9535,2000,734.040222167969,0.0016877104327913007,0.00018055872398357005,0.00119505261932837
480,aipw_robust,1000,5,treatment,0.0,10,2,2000,0.0003671139648746,0.0082081936253885,0.0082121649351929,0.0905990818131649,0.0725232144355832,0.955,2000,734.040222167969,0.0020263470748113337,0.00025969571901263567,0.0014332138572231063
480,reg_adj,1000,5,treatment,0.0,10,2,2000,0.0070694465851777,0.0054447453035012,0.0053974669619615,0.0737885174231143,0.0595373028611577,0.95,2000,734.040222167969,0.0016427822378455247,0.00017225605599811315,0.0011672280594172354
480,adaptive,1000,5,treatment,0.0,10,2,2000,0.0070694465851777,0.0054447453035012,0.0053974669619615,0.0737885174231143,0.0595373028611577,0.95,2000,734.040222167969,0.0016427822378455247,0.00017225605599811315,0.0011672280594172354
481,naive,200,10,treatment,0.0,10,2,2000,0.0026220681005275,0.0324219166484992,0.0324312570358933,0.180060869287303,0.144557314890084,0.957,2000,311.576848983765,0.004026863359731324,0.0010257837873315792,0.002848436174366266
481,ipw_robust,200,10,treatment,0.0,10,2,2000,-0.0188460015039653,0.0334288980515193,0.0330902714145391,0.182835713282497,0.147087581607182,0.9575,2000,311.576848983765,0.004067571229526233,0.001057578140376344,0.002892154167775456
481,dr_robust,200,10,treatment,0.0,10,2,2000,-0.0010349123007531,0.0316539537175599,0.0316687170326059,0.17791558031145,0.142813299127632,0.9585,2000,311.576848983765,0.003979240947254005,0.0010014866327797097,0.0028144995256361416
481,aipw_robust,200,10,treatment,0.0,10,2,2000,-0.0048463135378313,0.0425728733216112,0.0425706719026556,0.206331949347674,0.164879172603719,0.948,2000,311.576848983765,0.004613603358691317,0.0013469453589949208,0.003264025186727838
481,reg_adj,200,10,treatment,0.0,10,2,2000,0.0047780470678633,0.0283808557726707,0.0283722121449604,0.168466185843541,0.135240506874238,0.9575,2000,311.576848983765,0.0037664447523467273,0.0008979297757056678,0.0026650148550867022
481,adaptive,200,10,treatment,0.0,10,2,2000,0.00495766602512,0.0286819688317241,0.0286717262424287,0.169357517789214,0.135725779876691,0.9575,2000,311.576848983765,0.0037862729855643465,0.0009074564998054061,0.002679114903345613
482,naive,500,10,treatment,0.0,10,2,2000,0.0105740875386631,0.0121425985115609,0.0120368055870792,0.110193459477234,0.0876773207013006,0.95,2000,723.167208909988,0.0024532433213074484,0.00038415672733772794,0.001743101310913534
482,ipw_robust,500,10,treatment,0.0,10,2,2000,-0.0115718326873728,0.0124878987696299,0.0123601715436572,0.111749267423236,0.0888953237150753,0.944,2000,723.167208909988,0.002485977830116069,0.00039507477175448506,0.001767683944889724
482,dr_robust,500,10,treatment,0.0,10,2,2000,0.0050792110842881,0.0118855913456377,0.0118657258233106,0.109021059184167,0.0865234473799409,0.9515,2000,723.167208909988,0.0024357468898995437,0.00037604212855188776,0.0017246306877125805
482,aipw_robust,500,10,treatment,0.0,10,2,2000,0.0025630907439322,0.0159127390076005,0.0159141266367572,0.126145705466339,0.100842263024692,0.9525,2000,723.167208909988,0.0028208267083212678,0.0005034565723328131,0.0019955359180545253
482,reg_adj,500,10,treatment,0.0,10,2,2000,0.009677903004845,0.0114960931995751,0.0114081354607343,0.107219835849413,0.0856255700321062,0.95,2000,723.167208909988,0.0023883190177124893,0.0003637067058004097,0.0016960793817630197
482,adaptive,500,10,treatment,0.0,10,2,2000,0.009677903004845,0.0114960931995751,0.0114081354607343,0.107219835849413,0.0856255700321062,0.95,2000,723.167208909988,0.0023883190177124893,0.0003637067058004097,0.0016960793817630197
483,naive,1000,10,treatment,0.0,10,2,2000,0.0082182009746043,0.0062881017165515,0.0062236747266558,0.0792975517689639,0.06331477556053,0.954,2000,1333.02124810219,0.0017640400685154235,0.00019893417626886943,0.001254352573509904
483,ipw_robust,1000,10,treatment,0.0,10,2,2000,-0.0148497189290511,0.0066225134530757,0.0064052019017548,0.0813788268106376,0.0655916936521476,0.9505,2000,1333.02124810219,0.0017895812222074193,0.00020940746581063892,0.001286621311818087
483,dr_robust,1000,10,treatment,0.0,10,2,2000,0.0035308326729337,0.0061227120934094,0.0061133019650276,0.0782477609482176,0.0624512646019336,0.9505,2000,1333.02124810219,0.0017483280534595904,0.0001937134153567596,0.0012378208207449812
483,aipw_robust,1000,10,treatment,0.0,10,2,2000,-0.0024431030768798,0.0082583983791673,0.0082565579054757,0.090875730418893,0.072927659802671,0.9515,2000,1333.02124810219,0.002031816663170634,0.0002612839665003095,0.0014375893612954594
483,reg_adj,1000,10,treatment,0.0,10,2,2000,0.0076487711312269,0.0058527465299575,0.00579714140084,0.076503245225007,0.0611053398733506,0.955,2000,1333.02124810219,0.0017025189280651183,0.0001851625147322383,0.0012101611780496947
483,adaptive,1000,10,treatment,0.0,10,2,2000,0.0076487711312269,0.0058527465299575,0.00579714140084,0.076503245225007,0.0611053398733506,0.955,2000,1333.02124810219,0.0017025189280651183,0.0001851625147322383,0.0012101611780496947
484,naive,200,20,treatment,0.0,10,2,2000,0.0073886640372449,0.03897845692226,0.0389433362341218,0.197429625239628,0.155042942387989,0.9455,2000,725.653924942017,0.004412671313055267,0.0012332215753929983,0.0031231928184440134
484,ipw_robust,200,20,treatment,0.0,10,2,2000,-0.0153496387293885,0.0370912179873201,0.0368740435999974,0.192590804524308,0.152759713806896,0.947,2000,725.653924942017,0.0042938353252073725,0.0011734866774530536,0.00304658023614243
484,dr_robust,200,20,treatment,0.0,10,2,2000,0.00501774376787,0.0358686199471549,0.0358613728810754,0.189390126319074,0.150015295454177,0.9455,2000,725.653924942017,0.004234464126726982,0.0011348320943903485,0.002996017048107477
484,aipw_robust,200,20,treatment,0.0,10,2,2000,-0.0009009664805101,0.0437849389975586,0.0438060302720956,0.209248510144179,0.164949587171571,0.9465,2000,725.653924942017,0.004680065719201793,0.0013852939783548697,0.0033101644962737304
484,reg_adj,200,20,treatment,0.0,10,2,2000,0.0080432754143675,0.0302954628940987,0.0302458915604875,0.174055918871203,0.138043428704803,0.946,2000,725.653924942017,0.003888823187063633,0.0009585027014082326,0.0027534332288851964
484,adaptive,200,20,treatment,0.0,10,2,2000,0.0061201393957515,0.0311926703106229,0.0311707996042016,0.176614468010474,0.139544126460885,0.9475,2000,725.653924942017,0.003947834824571666,0.0009868909876614453,0.0027939132019550016
485,naive,500,20,treatment,0.0,10,2,2000,0.0079408551926913,0.0125270429030179,0.0124702208322427,0.11192427307344,0.0879790547582982,0.9435,2000,1972.46554899216,0.002497020307510804,0.0003963320344785773,0.0017705365583143922
485,ipw_robust,500,20,treatment,0.0,10,2,2000,-0.0157414129311628,0.0131852285831455,0.0129439084563042,0.114826950595866,0.0902955017095817,0.942,2000,1972.46554899216,0.002544003582574541,0.0004170845983158593,0.0018161441898069317
485,dr_robust,500,20,treatment,0.0,10,2,2000,0.003546366447761,0.0121082352776093,0.0121017094173362,0.110037426712957,0.0872322104322321,0.947,2000,1972.46554899216,0.002459848513357703,0.000383087157605045,0.0017407129966986775
485,aipw_robust,500,20,treatment,0.0,10,2,2000,-0.0007162787309917,0.0159974159974328,0.0160049053949097,0.126480891827314,0.100598478315028,0.9425,2000,1972.46554899216,0.002828860671269416,0.0005061357718048998,0.0020008388796622875
485,reg_adj,500,20,treatment,0.0,10,2,2000,0.0068977038848672,0.011304364925603,0.0112624178156275,0.106321987028098,0.0842368122390613,0.947,2000,1972.46554899216,0.0023730168368163236,0.0003576503164631925,0.0016819207694485398
485,adaptive,500,20,treatment,0.0,10,2,2000,0.0068977038848672,0.011304364925603,0.0112624178156275,0.106321987028098,0.0842368122390613,0.947,2000,1972.46554899216,0.0023730168368163236,0.0003576503164631925,0.0016819207694485398
486,naive,1000,20,treatment,0.0,10,2,2000,0.0132930048215556,0.0061844206514429,0.0060107220352746,0.0786410875525189,0.0628341257940737,0.949,2000,3630.13216090202,0.0017335977092847407,0.00019558378348963272,0.0012435216092288649
486,ipw_robust,1000,20,treatment,0.0,10,2,2000,-0.0115067263777409,0.0061330491079392,0.0060036461790966,0.0783137861933597,0.0630184832936735,0.9475,2000,3630.13216090202,0.0017325770082591712,0.00019399378858573065,0.001238567294567732
486,dr_robust,1000,20,treatment,0.0,10,2,2000,0.0085149734421432,0.0058738984874689,0.0058042958626798,0.0766413627714756,0.0616031879623829,0.949,2000,3630.13216090202,0.0017035691742162688,0.0001858266094136494,0.0012123127949051186
486,aipw_robust,1000,20,treatment,0.0,10,2,2000,0.0032733144740082,0.0081791737842864,0.0081725454693753,0.0904387847346836,0.0722664040148915,0.95,2000,3630.13216090202,0.0020214531245338467,0.00025877718283969273,0.0014306759185169079
486,reg_adj,1000,20,treatment,0.0,10,2,2000,0.0127308574928051,0.0056599723098157,0.0055006479012643,0.0752327874654115,0.0602225407419475,0.9425,2000,3630.13216090202,0.0016584100670920174,0.00017899765196240642,0.0011896252816945081
486,adaptive,1000,20,treatment,0.0,10,2,2000,0.0127308574928051,0.0056599723098157,0.0055006479012643,0.0752327874654115,0.0602225407419475,0.9425,2000,3630.13216090202,0.0016584100670920174,0.00017899765196240642,0.0011896252816945081
487,naive,200,5,mixed,0.0,10,2,2000,0.0024576589360623,0.0293455423534189,0.0293541793556507,0.171305406667212,0.134799232095427,0.9475,2000,179.91836810112,0.003831068999355839,0.0009284516407784186,0.002709930932250386
487,ipw_robust,200,5,mixed,0.0,10,2,2000,-0.0236223285230186,0.0306741225925477,0.0301311737745856,0.175140294028952,0.139136740847952,0.939,2000,179.91836810112,0.003881441341472624,0.0009703169023761025,0.002770113261930752
487,dr_robust,200,5,mixed,0.0,10,2,2000,-0.0023274731407654,0.0284151239742022,0.0284239188023824,0.168567861629085,0.133402203707645,0.946,2000,179.91836810112,0.003769875250083376,0.0008990145228417403,0.002666624925277639
487,aipw_robust,200,5,mixed,0.0,10,2,2000,0.0003680507791461,0.0410542906085733,0.041074692493444,0.202618584065167,0.160641029485092,0.945,2000,179.91836810112,0.004531814895460978,0.0012989001083608064,0.0032052837461914374
487,reg_adj,200,5,mixed,0.0,10,2,2000,0.0021082998586892,0.0262678925645359,0.0262765859292063,0.162073725706963,0.129290676512344,0.9475,2000,179.91836810112,0.003624678325672935,0.0008310791557821092,0.0025638923032001494
487,adaptive,200,5,mixed,0.0,10,2,2000,0.0020660900643041,0.0265100628071751,0.0265190536058242,0.16281911069397,0.129636838120665,0.9475,2000,179.91836810112,0.0036413633165220003,0.0008387410860391048,0.002575683783261714
488,naive,500,5,mixed,0.0,10,2,2000,0.0123805433884492,0.0114643767950265,0.0113167573190927,0.107071830072277,0.0854834535685488,0.9525,2000,402.05303812027,0.0023787346761558656,0.00036268197196012475,0.001693638614915345
488,ipw_robust,500,5,mixed,0.0,10,2,2000,-0.0166441508617814,0.0119586543020863,0.0116874702793163,0.109355632237605,0.0867358236721545,0.941,2000,402.05303812027,0.0024173818770848246,0.0003782492153384237,0.0017294455145966962
488,dr_robust,500,5,mixed,0.0,10,2,2000,0.007979293952232,0.0111655783963979,0.0111074629959197,0.105667300506817,0.0842650639203589,0.9555,2000,402.05303812027,0.0023566356311402596,0.0003532564780163836,0.001671550594753737
488,aipw_robust,500,5,mixed,0.0,10,2,2000,0.0043574026390658,0.0155853069774409,0.0155741070732186,0.124841126947176,0.0990197124900724,0.9465,2000,402.05303812027,0.002790529257436535,0.0004930965635190966,0.0019748963165309315
488,reg_adj,500,5,mixed,0.0,10,2,2000,0.0106167036136711,0.0107797742894913,0.0106723960919168,0.10382569185655,0.0826366498205036,0.954,2000,402.05303812027,0.0023100212219714345,0.00034103651372456844,0.0016423512698367521
488,adaptive,500,5,mixed,0.0,10,2,2000,0.0106167036136711,0.0107797742894913,0.0106723960919168,0.10382569185655,0.0826366498205036,0.954,2000,402.05303812027,0.0023100212219714345,0.00034103651372456844,0.0016423512698367521
489,naive,1000,5,mixed,0.0,10,2,2000,0.010547871524528,0.0056296791485053,0.0055211821458803,0.0750311878388272,0.0604742639909905,0.947,2000,732.347743988037,0.0016615026551107736,0.00017807863197987801,0.0011866974061666509
489,ipw_robust,1000,5,mixed,0.0,10,2,2000,-0.0190412492385259,0.0060925061727635,0.0057328034019008,0.0780545077030378,0.0629912621223703,0.943,2000,732.347743988037,0.0016930450971401796,0.00019241130532440145,0.001232544480688032
489,dr_robust,1000,5,mixed,0.0,10,2,2000,0.006193887013123,0.0054785886155605,0.0054429458521553,0.0740174885791228,0.0595953890423533,0.9475,2000,732.347743988037,0.001649688736118923,0.00017332999876396485,0.0011708719256171432
489,aipw_robust,1000,5,mixed,0.0,10,2,2000,0.0012598445780702,0.0073781259356313,0.0073802288416913,0.0858960181593498,0.0691486255976677,0.9495,2000,732.347743988037,0.0019209670535554873,0.00023343351446949038,0.0013588145263988647
489,reg_adj,1000,5,mixed,0.0,10,2,2000,0.0098282237615201,0.0053652964399074,0.0052713381266643,0.0732481838676392,0.0589686278026354,0.948,2000,732.347743988037,0.0016234743802512406,0.00016972143273347054,0.0011585367975823144
489,adaptive,1000,5,mixed,0.0,10,2,2000,0.0098282237615201,0.0053652964399074,0.0052713381266643,0.0732481838676392,0.0589686278026354,0.948,2000,732.347743988037,0.0016234743802512406,0.00016972143273347054,0.0011585367975823144
490,naive,200,10,mixed,0.0,10,2,2000,0.0154956822902608,0.0335183761645395,0.0332949074486232,0.183080245150971,0.146059497968486,0.947,2000,310.067509889603,0.004080129130837847,0.0010604433758115493,0.0028961163312215643
490,ipw_robust,200,10,mixed,0.0,10,2,2000,-0.0075958004030169,0.0331225515142685,0.0330813960285203,0.18199602060009,0.144904084711748,0.9475,2000,310.067509889603,0.004067025696287171,0.0010479485215431912,0.0028790424045751716
490,dr_robust,200,10,mixed,0.0,10,2,2000,0.0108437556669014,0.031814610254497,0.0317128796573622,0.178366505416508,0.14360790499796,0.946,2000,310.067509889603,0.003982014544006727,0.0010065608691317742,0.002821608425812148
490,aipw_robust,200,10,mixed,0.0,10,2,2000,0.0059026098459065,0.0406508503163007,0.0406363276771463,0.201620560251926,0.161435887203192,0.955,2000,310.067509889603,0.004507567397008408,0.0012861348030662736,0.0031894931783227887
490,reg_adj,200,10,mixed,0.0,10,2,2000,0.0133177259072523,0.0286569566879018,0.0284938417854538,0.169283657474376,0.136175587888946,0.9525,2000,310.067509889603,0.0037745093578804255,0.0009066457186578295,0.002677889089190627
490,adaptive,200,10,mixed,0.0,10,2,2000,0.0131491610267664,0.0290736776230247,0.0289152348047192,0.170510051384148,0.137026778773041,0.9535,2000,310.067509889603,0.0038023173726504733,0.0009198313525884542,0.0026972936349545
491,naive,500,10,mixed,0.0,10,2,2000,0.010687147315267,0.0122279624174323,0.0121198072032957,0.110580117640706,0.0878773028862709,0.947,2000,724.534424066544,0.0024616871453634905,0.00038685689480534813,0.0017492154243419842
491,ipw_robust,500,10,mixed,0.0,10,2,2000,-0.0147060747087213,0.0127005522908781,0.0124905289220006,0.112696727063736,0.0895606002573348,0.95,2000,724.534424066544,0.0024990527127294253,0.00040176601647053903,0.0017825096918889177
491,dr_robust,500,10,mixed,0.0,10,2,2000,0.0055320629130233,0.0116626216582174,0.011637836856572,0.107993618599514,0.0856377941645977,0.9425,2000,724.534424066544,0.0024122434429978247,0.0003689872205145163,0.0017083751118798832
491,aipw_robust,500,10,mixed,0.0,10,2,2000,0.0005718075756382,0.015512729844546,0.0155201629621235,0.12455010977332,0.099652476005812,0.9535,2000,724.534424066544,0.002785692280396697,0.0004908009855705283,0.0019702952749852303
491,reg_adj,500,10,mixed,0.0,10,2,2000,0.0096565675134536,0.0110803026382078,0.0109925496168743,0.10526301647876,0.08391296501392,0.9445,2000,724.534424066544,0.0023444135318746884,0.0003505513401894221,0.0016651211029096644
491,adaptive,500,10,mixed,0.0,10,2,2000,0.0096565675134536,0.0110803026382078,0.0109925496168743,0.10526301647876,0.08391296501392,0.9445,2000,724.534424066544,0.0023444135318746884,0.0003505513401894221,0.0016651211029096644
492,naive,1000,10,mixed,0.0,10,2,2000,0.0078228156798978,0.0058565600439375,0.0057982627301409,0.0765281650370471,0.0601389367195899,0.9485,2000,1301.57591605186,0.001702683577494788,0.00018528226256751313,0.0012105494916663587
492,ipw_robust,1000,10,mixed,0.0,10,2,2000,-0.0151683933923414,0.0061436665161949,0.0059165446304053,0.0783815444871746,0.062960730789581,0.946,2000,1301.57591605186,0.0017199628819258427,0.00019423712161060667,0.0012390488276381774
492,dr_robust,1000,10,mixed,0.0,10,2,2000,0.0029508476454145,0.0056626964997593,0.0056568174066362,0.075250890358582,0.059179543295115,0.9465,2000,1301.57591605186,0.0016817873537751733,0.00017915941691081338,0.0011904139343540746
492,aipw_robust,1000,10,mixed,0.0,10,2,2000,-0.0018944582913462,0.0076732573895716,0.007673505169939,0.0875971311720406,0.0694912139851544,0.9505,2000,1301.57591605186,0.0019587630241990734,0.00024277100647897472,0.0013857246420671753
492,reg_adj,1000,10,mixed,0.0,10,2,2000,0.0080335671447984,0.0054387527059671,0.0053769029563753,0.0737478996715642,0.0579024558355003,0.9425,2000,1301.57591605186,0.0016396498035213649,0.00017206137477813587,0.0011665510173470032
492,adaptive,1000,10,mixed,0.0,10,2,2000,0.0080335671447984,0.0054387527059671,0.0053769029563753,0.0737478996715642,0.0579024558355003,0.9425,2000,1301.57591605186,0.0016396498035213649,0.00017206137477813587,0.0011665510173470032
493,naive,200,20,mixed,0.0,10,2,2000,0.0123688681987857,0.0387030824736838,0.038569378262296,0.196730990120224,0.153809922548488,0.952,2000,755.71436214447,0.0043914336077354055,0.0012244992091006697,0.003112115707729544
493,ipw_robust,200,20,mixed,0.0,10,2,2000,-0.0106016460892269,0.0355944787726779,0.0354998337897715,0.188664990850655,0.149733573310095,0.953,2000,755.71436214447,0.004213065023814105,0.0011261519434005898,0.0029845281266094527
493,dr_robust,200,20,mixed,0.0,10,2,2000,0.0090127185205934,0.0360102000271588,0.0359469444042295,0.189763537138089,0.151789370024853,0.9545,2000,755.71436214447,0.0042395132034367755,0.0011393079862504951,0.0030019149185162805
493,aipw_robust,200,20,mixed,0.0,10,2,2000,0.004168842014911,0.0429935365582529,0.0429976561425789,0.207348828205642,0.167476612948581,0.954,2000,755.71436214447,0.004636682873702864,0.0013602547435126293,0.003280111962252258
493,reg_adj,200,20,mixed,0.0,10,2,2000,0.0127549924127006,0.0301817419793924,0.0300340691825356,0.173728932476408,0.139773380951074,0.9515,2000,755.71436214447,0.0038751818784758733,0.0009548915053383532,0.0027482224512834826
493,adaptive,200,20,mixed,0.0,10,2,2000,0.0124287013858675,0.031867289099308,0.0317286808215797,0.17851411456607,0.142220196426474,0.953,2000,755.71436214447,0.003983006453772056,0.0010082220050519112,0.002823927977635509
494,naive,500,20,mixed,0.0,10,2,2000,0.0119851159819016,0.01265524702693,0.012517862953307,0.112495542253593,0.089048615179046,0.9475,2000,1981.67279887199,0.0025017856576160756,0.00040036620714272656,0.0017794758757649317
494,ipw_robust,500,20,mixed,0.0,10,2,2000,-0.0131906923133596,0.0126389522397867,0.0124711934728173,0.112423094779439,0.0895858301173944,0.9495,2000,1981.67279887199,0.002497117685734625,0.0003998380939609787,0.0017782738268565478
494,dr_robust,500,20,mixed,0.0,10,2,2000,0.0069061915703136,0.0125050503111464,0.0124635866224517,0.111825982272218,0.0886617586449287,0.953,2000,1981.67279887199,0.002496356006507455,0.0003956386040799311,0.0017689923041177855
494,aipw_robust,500,20,mixed,0.0,10,2,2000,0.0030395109890832,0.0169630089157984,0.0169622514144528,0.130242116520726,0.104347207156947,0.955,2000,1981.67279887199,0.0029122372340223933,0.0005366855586623256,0.0020603379805215326
494,reg_adj,500,20,mixed,0.0,10,2,2000,0.0114210266033168,0.0116285883694099,0.0115039004709717,0.107835932644967,0.0861601741201843,0.955,2000,1981.67279887199,0.0023983223793906127,0.00036788702086266095,0.0017057719622728706
494,adaptive,500,20,mixed,0.0,10,2,2000,0.0113983350081623,0.0116198978890316,0.0114957237099283,0.10779563019451,0.0861374825250298,0.9545,2000,1981.67279887199,0.002397469886143338,0.0003676122405312163,0.00170513517045118
495,naive,1000,20,mixed,0.0,10,2,2000,0.0095474891569247,0.0060290775128203,0.0059408934103238,0.0776471346079191,0.0618891167372808,0.951,2000,3613.16504907608,0.001723498391401019,0.0001907283236285957,0.001228173612533692
495,ipw_robust,1000,20,mixed,0.0,10,2,2000,-0.0142220603538818,0.0062455763289292,0.006046332494467,0.0790289587994757,0.0630116214425288,0.949,2000,3613.16504907608,0.0017387254663210924,0.0001974945156492794,0.0012495072606890376
495,dr_robust,1000,20,mixed,0.0,10,2,2000,0.0051933806928112,0.0058757344628382,0.0058516891043699,0.0766533395413288,0.0609458845914044,0.9525,2000,3613.16504907608,0.0017105100269173958,0.00018589760505152993,0.0012125864715346187
495,aipw_robust,1000,20,mixed,0.0,10,2,2000,0.0007255861343034,0.0080217289317168,0.0080252150640106,0.0895641051522142,0.072232984233619,0.9555,2000,3613.16504907608,0.0020031494033160135,0.0002537962312124611,0.0014168412154687102
495,reg_adj,1000,20,mixed,0.0,10,2,2000,0.0091094068882724,0.0055455544447798,0.0054653058038256,0.0744684795385261,0.0595585730298637,0.9515,2000,3613.16504907608,0.0016530737738869369,0.00017543261903982176,0.0011778984889107484
495,adaptive,1000,20,mixed,0.0,10,2,2000,0.0091094068882724,0.0055455544447798,0.0054653058038256,0.0744684795385261,0.0595585730298637,0.9515,2000,3613.16504907608,0.0016530737738869369,0.00017543261903982176,0.0011778984889107484
496,naive,200,5,none,0.05,10,2,2000,0.0107514935098787,0.029988344406842,0.0298876936409695,0.173171430688904,0.137732697095386,0.95,2000,181.633517026901,0.0038657272046129626,0.0009487802400545009,0.0027394248470434743
496,ipw_robust,200,5,none,0.05,10,2,2000,-0.0158372410538119,0.0304676155030538,0.030231913255485,0.17454975079631,0.138658356629235,0.947,2000,181.633517026901,0.0038879244627104707,0.0009639159753170929,0.0027611496748624125
496,dr_robust,200,5,none,0.05,10,2,2000,0.0061590902822459,0.029560309056552,0.0295371432350647,0.171931117185203,0.137517425326928,0.951,2000,181.633517026901,0.0038429899320102765,0.0009352453034867778,0.002719825587125506
496,aipw_robust,200,5,none,0.05,10,2,2000,0.0007241819678678,0.0403575043213601,0.0403771684660705,0.20089177265722,0.158844874248891,0.95,2000,181.633517026901,0.0044931708439625625,0.001276854762337262,0.003177966786414765
496,reg_adj,200,5,none,0.05,10,2,2000,0.0097908990040345,0.0275748663097807,0.0274927509819644,0.166056816511038,0.132821387567745,0.951,2000,181.633517026901,0.0037076104826400252,0.000872423269079733,0.0026268818330072645
496,adaptive,200,5,none,0.05,10,2,2000,0.0096136799706632,0.027531426836452,0.0274527303590532,0.165925967938873,0.132740064384108,0.95,2000,181.633517026901,0.003704910954331642,0.0008710493228971144,0.0026248131432266477
497,naive,500,5,none,0.05,10,2,2000,0.0103224544080742,0.0111249650963762,0.0110239239933661,0.10547495008947,0.0839907898969627,0.9495,2000,399.302432060242,0.0023477568010087948,0.000351960460835166,0.001668455213947068
497,ipw_robust,500,5,none,0.05,10,2,2000,-0.0182566882085164,0.0120274577885292,0.0117000011247485,0.109669766975813,0.0881591358608309,0.9465,2000,399.302432060242,0.0024186774407461303,0.00038038060283683534,0.0017342090410419398
497,dr_robust,500,5,none,0.05,10,2,2000,0.005726360622313,0.0109172224824124,0.0108898762145429,0.104485513265775,0.0832293834302505,0.9515,2000,399.302432060242,0.002333439115826991,0.00034540351520517647,0.0016528775349296003
497,aipw_robust,500,5,none,0.05,10,2,2000,0.0006789121096897,0.0152838886982449,0.0152910733132489,0.123628025537274,0.0995881334007162,0.954,2000,399.302432060242,0.0027650563568622703,0.00048356077078762124,0.0019557085405437743
497,reg_adj,500,5,none,0.05,10,2,2000,0.0082160904512993,0.0106585025546743,0.0105962965606507,0.103240023995902,0.0823345529150632,0.948,2000,399.302432060242,0.0023017706836966512,0.00033721223083261304,0.0016331468057678789
497,adaptive,500,5,none,0.05,10,2,2000,0.0082160904512993,0.0106585025546743,0.0105962965606507,0.103240023995902,0.0823345529150632,0.948,2000,399.302432060242,0.0023017706836966512,0.00033721223083261304,0.0016331468057678789
498,naive,1000,5,none,0.05,10,2,2000,0.0062462336272868,0.0058405771008792,0.0058044638983017,0.0764236684599687,0.061149537659075,0.9505,2000,737.695636034012,0.0017035938333860128,0.0001847829226661943,0.001208937796299225
498,ipw_robust,1000,5,none,0.05,10,2,2000,-0.0232076305107802,0.0066179018040882,0.0060823488645956,0.0813504874237903,0.0651239816893162,0.9415,2000,737.695636034012,0.0017438963364540337,0.0002086787059219635,0.0012825903847070073
498,dr_robust,1000,5,none,0.05,10,2,2000,0.0020554425896031,0.0057181723113232,0.0057168058700191,0.0756185976550958,0.0603241243082717,0.9495,2000,737.695636034012,0.0016906812044290166,0.00018091482687767046,0.0011962323587567808
498,aipw_robust,1000,5,none,0.05,10,2,2000,-0.0010519107369984,0.0080614273166603,0.0080643529769502,0.0897854515868823,0.0714452407369911,0.9515,2000,737.695636034012,0.002008028009883104,0.0002550522213415249,0.0014203426993666095
498,reg_adj,1000,5,none,0.05,10,2,2000,0.0048447492043992,0.0054706056047202,0.0054498589393364,0.0739635424024583,0.0591598643583541,0.951,2000,737.695636034012,0.0016507360387621637,0.00017308031725395817,0.0011700380459887599
498,adaptive,1000,5,none,0.05,10,2,2000,0.0048447492043992,0.0054706056047202,0.0054498589393364,0.0739635424024583,0.0591598643583541,0.951,2000,737.695636034012,0.0016507360387621637,0.00017308031725395817,0.0011700380459887599
499,naive,200,10,none,0.05,10,2,2000,0.0085864044748249,0.0322834481315646,0.0322258347071129,0.179675953125522,0.145294220785209,0.95,2000,307.591537952423,0.004014089853697404,0.0010213991425389573,0.0028423367867858357
499,ipw_robust,200,10,none,0.05,10,2,2000,-0.014304917952022,0.0327429011328495,0.0325545477290999,0.180949996222297,0.145371594338207,0.9515,2000,307.591537952423,0.0040345103624293685,0.0010359159696465225,0.002862437113217455
499,dr_robust,200,10,none,0.05,10,2,2000,0.0027268088056042,0.0313399992830703,0.0313482379157658,0.177031068694369,0.143363104342616,0.9555,2000,307.591537952423,0.003959055311293706,0.0009915534273089864,0.0028005068110977453
499,aipw_robust,200,10,none,0.05,10,2,2000,-0.0007197129237355,0.0413522297284758,0.0413723979407536,0.203352476573254,0.162060298210529,0.9535,2000,307.591537952423,0.00454820832530534,0.0013083264776313367,0.0032168933953455837
499,reg_adj,200,10,none,0.05,10,2,2000,0.0084368177390441,0.0286886875560443,0.0286318235742696,0.16937735254763,0.136473785206522,0.955,2000,307.591537952423,0.0037836373752164463,0.0009076658754724102,0.002679419242950939
499,adaptive,200,10,none,0.05,10,2,2000,0.0080502930288615,0.0289182170416943,0.0288678437457167,0.170053571093624,0.136913186919853,0.9545,2000,307.591537952423,0.0037992001622523587,0.0009149284626702366,0.0026901183456080357
500,naive,500,10,none,0.05,10,2,2000,0.0118951174575499,0.012331160719804,0.0121957647828665,0.111045759575969,0.0881244739610385,0.9455,2000,719.618396997452,0.002469389072510294,0.00039011271360535837,0.0017565403446966974
500,ipw_robust,500,10,none,0.05,10,2,2000,-0.0105380105298327,0.0129230993998498,0.0128184589634046,0.113679810871807,0.0895093855081841,0.9445,2000,719.618396997452,0.0025316456074463306,0.0004088518819421703,0.0017982607413167637
500,dr_robust,500,10,none,0.05,10,2,2000,0.0068770552544772,0.0120381588691425,0.0119968634118753,0.109718543870863,0.0868308090162709,0.9475,2000,719.618396997452,0.002449169595176628,0.00038086675934721103,0.0017356535454730662
500,aipw_robust,500,10,none,0.05,10,2,2000,0.0018920341267656,0.0158393688036981,0.0158437108659943,0.125854554163519,0.100058448585131,0.9505,2000,719.618396997452,0.00281457908629286,0.0005011353194697679,0.0019909304148765963
500,reg_adj,500,10,none,0.05,10,2,2000,0.0113181259977191,0.0115155110649784,0.0113931076426995,0.107310349291102,0.0852903677754645,0.9455,2000,719.618396997452,0.0023867454454444344,0.00036431005392606507,0.0016974600135621451
500,adaptive,500,10,none,0.05,10,2,2000,0.0113181259977191,0.0115155110649784,0.0113931076426995,0.107310349291102,0.0852903677754645,0.9455,2000,719.618396997452,0.0023867454454444344,0.00036431005392606507,0.0016974600135621451
501,naive,1000,10,none,0.05,10,2,2000,0.0106098206450778,0.0059570924486548,0.0058474478784734,0.077182202926937,0.0617123580547967,0.948,2000,1284.74128293991,0.0017098900371768648,0.00018843864029636335,0.0012207389343029315
501,ipw_robust,1000,10,none,0.05,10,2,2000,-0.0130922616717741,0.0061687562648305,0.0060003491237102,0.0785414302443657,0.0624424278695955,0.9455,2000,1284.74128293991,0.0017321011985028762,0.00019509279094654484,0.0012419737604698136
501,dr_robust,1000,10,none,0.05,10,2,2000,0.0056528627297161,0.0057866886676414,0.0057576126169088,0.0760702876794971,0.0606673390973861,0.949,2000,1284.74128293991,0.0016967045436534908,0.00018307941015452585,0.001203356893600065
501,aipw_robust,1000,10,none,0.05,10,2,2000,-0.0011422736416568,0.0077748956643826,0.0077774796151178,0.0881753688077496,0.0707464292247237,0.9545,2000,1284.74128293991,0.0019719887949881713,0.00024598675798586907,0.0013948722943376546
501,reg_adj,1000,10,none,0.05,10,2,2000,0.0093071102788941,0.0055881528392574,0.0055042826788534,0.0747539486532818,0.0598191672361419,0.9465,2000,1284.74128293991,0.0016589579076717708,0.0001767787178336347,0.0011824038797840404
501,adaptive,1000,10,none,0.05,10,2,2000,0.0093071102788941,0.0055881528392574,0.0055042826788534,0.0747539486532818,0.0598191672361419,0.9465,2000,1284.74128293991,0.0016589579076717708,0.0001767787178336347,0.0011824038797840404
502,naive,200,20,none,0.05,10,2,2000,0.014172735310753,0.0377628190486162,0.0375807429939245,0.194326578338158,0.152086163970188,0.9505,2000,722.424216985703,0.004334786211217602,0.0011947425091009417,0.003074058420927648
502,ipw_robust,200,20,none,0.05,10,2,2000,-0.0095044181260193,0.0359957184926698,0.0359233462018565,0.189725376512131,0.150750904459166,0.9525,2000,722.424216985703,0.004238121411772939,0.0011388489798289279,0.0030013090519709945
502,dr_robust,200,20,none,0.05,10,2,2000,0.0089844389086977,0.0350813661438567,0.035018155078892,0.187300203266992,0.14669550841045,0.951,2000,722.424216985703,0.004184384965493256,0.0011099209548727912,0.0029629464771338907
502,aipw_robust,200,20,none,0.05,10,2,2000,0.0045204589763243,0.0439893450472849,0.0439909059509037,0.209736370349267,0.167184541326062,0.9475,2000,722.424216985703,0.004689931020329814,0.0013917606385650688,0.003317881005205287
502,reg_adj,200,20,none,0.05,10,2,2000,0.0105321656424877,0.0298643175443671,0.0297682751688307,0.172812955371891,0.136960690193859,0.9475,2000,722.424216985703,0.0038579965765168003,0.0009448568084421153,0.00273375571411529
502,adaptive,200,20,none,0.05,10,2,2000,0.0102294725126577,0.03155989862054,0.0314709920086571,0.177651058596733,0.140052095291804,0.951,2000,722.424216985703,0.003966799214017335,0.0009985037405493954,0.002810294935579286
503,naive,500,20,none,0.05,10,2,2000,0.0077716113073065,0.0126574322490017,0.0126033359746772,0.112505254317306,0.0888339282222404,0.949,2000,1962.83111715317,0.0025103123286433103,0.00040045787395038624,0.0017797296507634588
503,ipw_robust,500,20,none,0.05,10,2,2000,-0.0158422157448457,0.0131422933564455,0.0128977664399592,0.114639841924374,0.0915568780927787,0.9465,2000,1962.83111715317,0.0025394651444703075,0.00041572398731986096,0.0018131741126880966
503,dr_robust,500,20,none,0.05,10,2,2000,0.0042051256051323,0.0122662277593411,0.0122546720139931,0.110753003387453,0.0879847309723886,0.9505,2000,1962.83111715317,0.002475345633845211,0.0003880855406929621,0.0017520316778015593
503,aipw_robust,500,20,none,0.05,10,2,2000,-0.0006120268608431,0.0165092411042893,0.0165171250899559,0.128488291701187,0.102060709406102,0.9475,2000,1962.83111715317,0.002873771484474357,0.0005223292018483776,0.0020325945459027076
503,reg_adj,500,20,none,0.05,10,2,2000,0.0081395851856767,0.0114828240573902,0.0114222823515711,0.107157939777649,0.0853484622173893,0.9515,2000,1962.83111715317,0.002389799400741734,0.00036329334093670735,0.0016951302987465754
503,adaptive,500,20,none,0.05,10,2,2000,0.0081395851856767,0.0114828240573902,0.0114222823515711,0.107157939777649,0.0853484622173893,0.9515,2000,1962.83111715317,0.002389799400741734,0.00036329334093670735,0.0016951302987465754
504,naive,1000,20,none,0.05,10,2,2000,0.0100055753873258,0.006092269757595,0.0059951557966619,0.0780529932648009,0.0625316522144294,0.9475,2000,3634.7832570076,0.0017313514658586656,0.00019272327719018563,0.0012345668572655297
504,ipw_robust,1000,20,none,0.05,10,2,2000,-0.0134905571002371,0.0064133651766014,0.0062344872893713,0.0800834887888972,0.0640938549654657,0.948,2000,3634.7832570076,0.0017655717614092183,0.00020282535448425717,0.001266336903846133
504,dr_robust,1000,20,none,0.05,10,2,2000,0.0053667256479359,0.0059538012078259,0.0059279634453684,0.0771608787393322,0.0616685413962327,0.947,2000,3634.7832570076,0.0017216218291727717,0.0001883672529474014,0.0012206137101143624
504,aipw_robust,1000,20,none,0.05,10,2,2000,0.0010435048204784,0.0079423002554162,0.0079451839450784,0.089119584017298,0.0711497543566538,0.9505,2000,3634.7832570076,0.0019931362152495248,0.00025128320870969404,0.0014098091428530472
504,reg_adj,1000,20,none,0.05,10,2,2000,0.0091598682837328,0.0056908073950497,0.0056097090626057,0.0754374402737114,0.0601837724165541,0.948,2000,3634.7832570076,0.0016747699935522043,0.00018002827751160258,0.0011932289646785592
504,adaptive,1000,20,none,0.05,10,2,2000,0.0091598682837328,0.0056908073950497,0.0056097090626057,0.0754374402737114,0.0601837724165541,0.948,2000,3634.7832570076,0.0016747699935522043,0.00018002827751160258,0.0011932289646785592
505,naive,200,5,covariate,0.05,10,2,2000,-0.16724117255762,0.071235705712567,0.0432877397840112,0.266900179304112,0.214570737029425,0.887,2000,167.439558982849,0.004652297270382193,0.0020725131597264536,0.0038825623218577653
505,ipw_robust,200,5,covariate,0.05,10,2,2000,-0.169780847467105,0.0718721227579163,0.0430681206515937,0.268089766231231,0.216360517592244,0.8855,2000,167.439558982849,0.004640480613664586,0.002082735306130957,0.0038843991238639267
505,dr_robust,200,5,covariate,0.05,10,2,2000,-0.127596743420404,0.0687537681575299,0.0524990887704226,0.262209397538551,0.198615313802164,0.928,2000,167.439558982849,0.005123430919336309,0.0021132018806075854,0.004029607444364946
505,aipw_robust,200,5,covariate,0.05,10,2,2000,-0.0775355282631234,0.0573997827669526,0.0514137314896558,0.239582517657179,0.190047310185905,0.932,2000,167.439558982849,0.00507019385673052,0.001805974978670693,0.00376900409164011
505,reg_adj,200,5,covariate,0.05,10,2,2000,-0.18989491875327,0.0710902779902006,0.0350477216827307,0.266627601703576,0.218664581850015,0.8305,2000,167.439558982849,0.004186151077226591,0.0019380376937361136,0.0036343530852644664
505,adaptive,200,5,covariate,0.05,10,2,2000,-0.187962694969403,0.0731939634849644,0.0378829302499287,0.270543829138579,0.220822978816067,0.8445,2000,167.439558982849,0.004352179353492265,0.002027787547776354,0.003747613749374547
506,naive,500,5,covariate,0.05,10,2,2000,-0.190913981236651,0.0527623770366695,0.0163223900000411,0.229700624806877,0.198976144122698,0.6825,2000,376.202404975891,0.0028567805306009336,0.0012067568917331004,0.002626803677063771
506,ipw_robust,500,5,covariate,0.05,10,2,2000,-0.187416309558472,0.0511894312396562,0.0160725944483632,0.2262508148928,0.195006833100464,0.681,2000,376.202404975891,0.0028348363663854743,0.0011778896267076453,0.0026030616227078382
506,dr_robust,500,5,covariate,0.05,10,2,2000,-0.167927686296864,0.0483488150409025,0.0201591868092892,0.219883639775456,0.181425533423661,0.7855,2000,376.202404975891,0.003174837539882096,0.0012423200750352715,0.002824948860005961
506,aipw_robust,500,5,covariate,0.05,10,2,2000,-0.0975000341401038,0.0309607823774534,0.0214652583493067,0.175956762806814,0.140975438233211,0.8955,2000,376.202404975891,0.003276069165120503,0.0009321297260418865,0.002648746519238047
506,reg_adj,500,5,covariate,0.05,10,2,2000,-0.19865653732643,0.0526329170353187,0.0131750847551692,0.229418650147103,0.202477462396596,0.5945,2000,376.202404975891,0.002566620809076518,0.0011015793254489864,0.002400805960506382
506,adaptive,500,5,covariate,0.05,10,2,2000,-0.198790793514066,0.0528713877503791,0.0133602883085813,0.229937791044402,0.202918997957373,0.5965,2000,376.202404975891,0.0025845974839983597,0.0011110513763345911,0.0024159825387729374
507,naive,1000,5,covariate,0.05,10,2,2000,-0.197164341056961,0.046675341901146,0.0078054672503455,0.21604476827997,0.198049582592468,0.3935,2000,736.326397180557,0.0019755337570319447,0.0008171788736494159,0.001891225786570409
507,ipw_robust,1000,5,covariate,0.05,10,2,2000,-0.191727468100262,0.0447465821758153,0.0079911557295431,0.211533879498806,0.192857085871625,0.4335,2000,736.326397180557,0.0019988941604726224,0.0008070682138082007,0.0019076570989961827
507,dr_robust,1000,5,covariate,0.05,10,2,2000,-0.185390096020778,0.0434157629586042,0.0090508006563391,0.208364495436733,0.187229582591591,0.498,2000,736.326397180557,0.0021272988337724323,0.0008390826873640811,0.00201349727458452
507,aipw_robust,1000,5,covariate,0.05,10,2,2000,-0.11818249763812,0.0262520994250638,0.0122911422482037,0.162024996297065,0.134900328149681,0.81,2000,736.326397180557,0.0024790262451417997,0.0007031468346704549,0.0021698714727364328
507,reg_adj,1000,5,covariate,0.05,10,2,2000,-0.199617090637326,0.0468601367845822,0.0070166622411922,0.216472023099019,0.200045391085592,0.339,2000,736.326397180557,0.001873053955601947,0.0007800123007549248,0.0018016469047321885
507,adaptive,1000,5,covariate,0.05,10,2,2000,-0.199617090637326,0.0468601367845822,0.0070166622411922,0.216472023099019,0.200045391085592,0.339,2000,736.326397180557,0.001873053955601947,0.0007800123007549248,0.0018016469047321885
508,naive,200,10,covariate,0.05,10,2,2000,-0.103983249568098,0.0528617011085001,0.0420702200277726,0.229916726465258,0.183210075657235,0.924,2000,280.18742609024,0.004586404911680422,0.0016369707644249129,0.003559920997466599
508,ipw_robust,200,10,covariate,0.05,10,2,2000,-0.107787972554356,0.0523410865698643,0.0407432111480596,0.228781744398158,0.181989164431405,0.916,2000,280.18742609024,0.004513491505921973,0.0016145397605103978,0.0035285589869892544
508,dr_robust,200,10,covariate,0.05,10,2,2000,-0.0484089731079991,0.0417171364175258,0.039393404442376,0.204247732955658,0.159132640225988,0.9425,2000,280.18742609024,0.004438096689031008,0.0013177524733043317,0.0032258680530628326
508,aipw_robust,200,10,covariate,0.05,10,2,2000,-0.0368178907758099,0.0489383537592061,0.0476065999780157,0.221220147724402,0.175662736056848,0.9415,2000,280.18742609024,0.00487886257123603,0.001547725844227252,0.0034981575144670423
508,reg_adj,200,10,covariate,0.05,10,2,2000,-0.144043484273938,0.0567403273921394,0.0360098069338301,0.238202282508248,0.194697605110061,0.885,2000,280.18742609024,0.004243218526886761,0.00167063071332063,0.0035067479113320057
508,adaptive,200,10,covariate,0.05,10,2,2000,-0.143362250434975,0.0573685952358435,0.0368342775248255,0.239517421570631,0.195302796507233,0.8875,2000,280.18742609024,0.0042915194002139554,0.001694359548465968,0.003537027781434931
509,naive,500,10,covariate,0.05,10,2,2000,-0.151217294492474,0.0438752202131093,0.0210190595892802,0.209464126315485,0.173118098110539,0.834,2000,602.208940982819,0.003241840494941122,0.0011845136855066604,0.002827485799937412
509,ipw_robust,500,10,covariate,0.05,10,2,2000,-0.146693332091592,0.0416800751854174,0.0201712271188428,0.204156986619164,0.168617749056393,0.8275,2000,602.208940982819,0.0031757855027412353,0.0011291611934150677,0.002765423834163005
509,dr_robust,500,10,covariate,0.05,10,2,2000,-0.113681703752448,0.0392529347394221,0.0263425762594925,0.198123534037282,0.153621829276449,0.9035,2000,602.208940982819,0.0036292269327979822,0.0011725226909962245,0.0029590696953133906
509,aipw_robust,500,10,covariate,0.05,10,2,2000,-0.0565678484141199,0.0237487692181269,0.0205591273075778,0.154106356838798,0.122543286488585,0.9265,2000,602.208940982819,0.003206175861332142,0.0007444816327982632,0.0024154799583544226
509,reg_adj,500,10,covariate,0.05,10,2,2000,-0.162289112903756,0.0394123118525175,0.0130810962335463,0.198525343098853,0.170608000229092,0.704,2000,602.208940982819,0.002557449533573077,0.000927452707509128,0.002335854689965995
509,adaptive,500,10,covariate,0.05,10,2,2000,-0.16266897606433,0.0397988671569601,0.01334434355492,0.199496534197866,0.171203499771083,0.7135,2000,602.208940982819,0.002583054737604296,0.000940364865077047,0.0023568451172800023
510,naive,1000,10,covariate,0.05,10,2,2000,-0.163762622368674,0.0362997704802507,0.0094863171537625,0.190524986498492,0.168526473709341,0.609,2000,1163.1026558876,0.002177879376109074,0.0007738230080840565,0.0020307651565958287
510,ipw_robust,1000,10,covariate,0.05,10,2,2000,-0.158549416540376,0.0342332024641586,0.009099834896313,0.185022167493948,0.162662403985023,0.623,2000,1163.1026558876,0.0021330535502318035,0.0007350569995903581,0.001986402520158568
510,dr_robust,1000,10,covariate,0.05,10,2,2000,-0.141477003467598,0.0323613796346559,0.0123518130310008,0.17989268921959,0.150618580017055,0.7665,2000,1163.1026558876,0.0024851371220720197,0.0008043809442530127,0.0022357243858618604
510,aipw_robust,1000,10,covariate,0.05,10,2,2000,-0.0788907121718621,0.017097020233527,0.0108787151241055,0.130755574387966,0.105484483653586,0.8795,2000,1163.1026558876,0.0023322430323730737,0.0005037451030774655,0.0019262853818484214
510,reg_adj,1000,10,covariate,0.05,10,2,2000,-0.165977351988067,0.0342030822125739,0.0066579298045055,0.18494075324972,0.167252754054149,0.475,2000,1163.1026558876,0.0018245451220106205,0.0006412173887892117,0.0017335751518309079
510,adaptive,1000,10,covariate,0.05,10,2,2000,-0.165852651293009,0.0341880853064176,0.0066843255282613,0.184900203640822,0.167192622448029,0.4775,2000,1163.1026558876,0.0018281582984333304,0.0006421939389250933,0.0017365960834001771
511,naive,200,20,covariate,0.05,10,2,2000,-0.0511046948540719,0.0434277677241529,0.0408364961360932,0.208393300574066,0.165238928131453,0.9415,2000,678.818559169769,0.004518655559792824,0.0013714678051185045,0.0032905755639468484
511,ipw_robust,200,20,covariate,0.05,10,2,2000,-0.0657094712361748,0.0439257726318919,0.0396278519477281,0.209584762403883,0.167585624092693,0.9425,2000,678.818559169769,0.004451283632151972,0.0013829576080817854,0.0032992799481689878
511,dr_robust,200,20,covariate,0.05,10,2,2000,-0.0164293203734036,0.0519654696813556,0.0517214078173323,0.227959359714304,0.157207447162024,0.971,2000,678.818559169769,0.005085342064076531,0.0016440880685161063,0.0036060990664665018
511,aipw_robust,200,20,covariate,0.05,10,2,2000,-0.0205932067299874,0.0517990147210012,0.0514006348750147,0.227593968990835,0.17990610512858,0.95,2000,678.818559169769,0.005069548050616282,0.0016387865159410986,0.0036002415248689895
511,reg_adj,200,20,covariate,0.05,10,2,2000,-0.0974992204109251,0.044268882175352,0.0347801742817547,0.210401716189179,0.167351380738727,0.915,2000,678.818559169769,0.004170142340601499,0.001367811394925576,0.0032504758509092494
511,adaptive,200,20,covariate,0.05,10,2,2000,-0.0954160830796851,0.045294716828335,0.0362085922141728,0.212825554923122,0.168931258866458,0.922,2000,678.818559169769,0.004254914347796721,0.0014036968241771825,0.003297763806334802
512,naive,500,20,covariate,0.05,10,2,2000,-0.12444705406815,0.0337509660494685,0.0182730332998775,0.183714359943551,0.150685185819951,0.856,2000,1530.82330203056,0.0030226671417704514,0.0009486280676943393,0.002581801629403982
512,ipw_robust,500,20,covariate,0.05,10,2,2000,-0.125505367327416,0.0333518097876351,0.0176090170681796,0.182624778679223,0.150236101238065,0.855,2000,1530.82330203056,0.0029672392107967637,0.0009299557898013,0.0025460832766695638
512,dr_robust,500,20,covariate,0.05,10,2,2000,-0.0524103232630513,0.0214438167114208,0.0187063278908287,0.146437074238121,0.113083319344613,0.9345,2000,1530.82330203056,0.0030582942869211184,0.0006728249079911529,0.0022973175047770822
512,aipw_robust,500,20,covariate,0.05,10,2,2000,-0.0308950194484092,0.0206408147914411,0.019696160645046,0.143669115649262,0.114536992680248,0.9385,2000,1530.82330203056,0.0031381651203407066,0.0006523333523149235,0.0022702629906467113
512,reg_adj,500,20,covariate,0.05,10,2,2000,-0.162880183272734,0.040764079071277,0.014241245591113,0.201901161639246,0.172643705103453,0.7185,2000,1530.82330203056,0.002668449511524717,0.0009790057506413319,0.0024244678502410126
512,adaptive,500,20,covariate,0.05,10,2,2000,-0.162886698232168,0.040770242328918,0.0142452885121967,0.201916424118787,0.172650220062887,0.7185,2000,1530.82330203056,0.0026688282552645363,0.0009792049901957678,0.0024247779606568895
513,naive,1000,20,covariate,0.05,10,2,2000,-0.16462057438759,0.0405110344576157,0.013417809850841,0.201273531438229,0.174932570489025,0.7295,2000,2649.34959101677,0.0025901553863466376,0.0009525130607262957,0.0023662154032871997
513,ipw_robust,1000,20,covariate,0.05,10,2,2000,-0.159551509772583,0.0372074004858266,0.0117565945123722,0.192892199131605,0.167860756616137,0.6965,2000,2649.34959101677,0.0024245200053177743,0.000858362012048994,0.002224978552562816
513,dr_robust,1000,20,covariate,0.05,10,2,2000,-0.125613553741035,0.0314714698898815,0.0157005552840717,0.177402000805745,0.143888476746327,0.838,2000,2649.34959101677,0.0028018346921322556,0.0008613815513245005,0.002427767295217015
513,aipw_robust,1000,20,covariate,0.05,10,2,2000,-0.0502000140741636,0.0124518621764149,0.0099367891579476,0.111587912322146,0.0890076464118938,0.922,2000,2649.34959101677,0.0022289895870043447,0.0003857745703788396,0.001728567917218207
513,reg_adj,1000,20,covariate,0.05,10,2,2000,-0.175697319683866,0.0376358161076761,0.0067696527899763,0.193999526050133,0.176829846898025,0.428,2000,2649.34959101677,0.0018397897692367326,0.0006810142761607788,0.0017551957214183924
513,adaptive,1000,20,covariate,0.05,10,2,2000,-0.175756920207168,0.0376695685837371,0.006782464815436,0.194086497685277,0.176889447421326,0.428,2000,2649.34959101677,0.001841529909536633,0.0006819305095976024,0.0017567695788487923
514,naive,200,5,outcome,0.05,10,2,2000,0.0010558572073788,0.458025845798466,0.45825385789297,0.676776067690389,0.471421027003573,0.961,2000,178.125071048737,0.015136939219884746,0.014491294629126779,0.01070612224703862
514,ipw_robust,200,5,outcome,0.05,10,2,2000,-0.0184317068994626,0.0375913695736605,0.0372702768928793,0.193884939006774,0.155347272989295,0.9465,2000,178.125071048737,0.004316843574469621,0.0011892842551104229,0.003066984628106857
514,dr_robust,200,5,outcome,0.05,10,2,2000,0.0038120803954369,0.0371807543071516,0.0371848147575891,0.192823116630635,0.153835520595839,0.9455,2000,178.125071048737,0.004311891392277239,0.0011763465411221599,0.0030503255047358425
514,aipw_robust,200,5,outcome,0.05,10,2,2000,0.0039465737169539,0.0447494140912796,0.044756216755554,0.211540573156261,0.169320698527449,0.949,2000,178.125071048737,0.004730550536436219,0.001415808297113292,0.0033464225703583143
514,reg_adj,200,5,outcome,0.05,10,2,2000,-0.0028184057942783,0.42123663933679,0.421439415633386,0.649027456535384,0.4656937176622,0.959,2000,178.125071048737,0.014516187785251782,0.013327335682070002,0.0102671586139156
514,adaptive,200,5,outcome,0.05,10,2,2000,-0.0184546469717719,0.0375765768004508,0.0372546301206584,0.193846786923206,0.155324332916986,0.946,2000,178.125071048737,0.00431593733276205,0.0011888159579350266,0.0030663803532786586
515,naive,500,5,outcome,0.05,10,2,2000,0.0139615448024357,0.146413427952652,0.146291649043904,0.382640076250061,0.2902358074534,0.9505,2000,389.865849971771,0.008552533222499168,0.004632308096545816,0.006053087985376803
515,ipw_robust,500,5,outcome,0.05,10,2,2000,-0.0220784355552237,0.0145082429832458,0.0140277995664628,0.120450168049886,0.0968821091579047,0.9445,2000,389.865849971771,0.002648376820475402,0.0004587538204144418,0.0019043303460749136
515,dr_robust,500,5,outcome,0.05,10,2,2000,0.0020446580612665,0.0138715639705363,0.0138743205042009,0.117777603858018,0.0941098651590023,0.9515,2000,389.865849971771,0.002633848942536464,0.00043887672091335206,0.001863158641953788
515,aipw_robust,500,5,outcome,0.05,10,2,2000,-0.0033580262239698,0.0172539479865852,0.0172512972951119,0.131354284233843,0.105602984868942,0.9525,2000,389.865849971771,0.002936945462135099,0.0005458903931706317,0.002077931436932854
515,reg_adj,500,5,outcome,0.05,10,2,2000,0.0149900332767379,0.142550132593337,0.142396629810604,0.377558118166378,0.287511314724644,0.951,2000,389.865849971771,0.00843790939186372,0.004510076888419409,0.00597269224447183
515,adaptive,500,5,outcome,0.05,10,2,2000,-0.0220784355552237,0.0145082429832458,0.0140277995664628,0.120450168049886,0.0968821091579047,0.9445,2000,389.865849971771,0.002648376820475402,0.0004587538204144418,0.0019043303460749136
516,naive,1000,5,outcome,0.05,10,2,2000,0.0048979680809662,0.0738337450004838,0.0738466782482858,0.271723655577655,0.209979215219338,0.9505,2000,718.364216089249,0.006076457777697702,0.0023359955191343744,0.004298476542589385
516,ipw_robust,1000,5,outcome,0.05,10,2,2000,-0.0205424905016669,0.0071795385881867,0.006760925134743,0.0847321579342029,0.0671517256150208,0.939,2000,718.364216089249,0.001838603428521632,0.00022675150986164447,0.0013380487136756504
516,dr_robust,1000,5,outcome,0.05,10,2,2000,0.0032898757452892,0.0065812271317762,0.0065736906947041,0.0811247627532816,0.0644409166272282,0.949,2000,718.364216089249,0.001812965898011336,0.00020822033323259512,0.0012833340041057458
516,aipw_robust,1000,5,outcome,0.05,10,2,2000,-0.0021901556064927,0.0082210787864656,0.0082203922009855,0.0906701648088592,0.0721586302805725,0.949,2000,718.364216089249,0.002027361857314266,0.00026010326947159676,0.0014343376899111063
516,reg_adj,1000,5,outcome,0.05,10,2,2000,0.003835565604513,0.0720962018081902,0.0721175490191933,0.268507358946064,0.208207387639443,0.9505,2000,718.364216089249,0.006004895878331002,0.0022810223147396893,0.004247597391172222
516,adaptive,1000,5,outcome,0.05,10,2,2000,-0.0205424905016669,0.0071795385881867,0.006760925134743,0.0847321579342029,0.0671517256150208,0.939,2000,718.364216089249,0.001838603428521632,0.00022675150986164447,0.0013380487136756504
517,naive,200,10,outcome,0.05,10,2,2000,-0.0036491631470487,0.41889149872267,0.419087726194093,0.647218277494286,0.467848170598704,0.958,2000,304.052035093307,0.014475629972372412,0.013253138636532496,0.010238538602341545
517,ipw_robust,200,10,outcome,0.05,10,2,2000,-0.0149825565971533,0.0386510090354023,0.0384457549106707,0.196598598762561,0.156865008709632,0.9495,2000,304.052035093307,0.004384390203361848,0.001222839501434951,0.0031099903792086965
517,dr_robust,200,10,outcome,0.05,10,2,2000,0.0057383122140719,0.0379302558826967,0.0379162857985298,0.194756914852071,0.154667927614623,0.947,2000,304.052035093307,0.0043540949575388115,0.0012000590655848369,0.0030809151667255314
517,aipw_robust,200,10,outcome,0.05,10,2,2000,0.0024992986190102,0.0448597071549755,0.0448758986106938,0.211801102818129,0.168670867845148,0.952,2000,304.052035093307,0.004736871256995159,0.0014192980342912598,0.0033505444858566045
517,reg_adj,200,10,outcome,0.05,10,2,2000,-0.0027263234813979,0.376874386895173,0.377055481796346,0.613900958539057,0.456917135689129,0.9555,2000,304.052035093307,0.01373054044450447,0.011923776311999569,0.009711482077154117
517,adaptive,200,10,outcome,0.05,10,2,2000,-0.0150546585942093,0.0386656213487738,0.0384582077072393,0.196635758062398,0.156937110706688,0.9495,2000,304.052035093307,0.0043851002102140895,0.0012233013887052188,0.003110577142121402
518,naive,500,10,outcome,0.05,10,2,2000,0.0008794502091058,0.162933698378193,0.163014432161604,0.403650465598881,0.308687964265164,0.9505,2000,694.538513898849,0.009028134695539383,0.0051549934291272685,0.0063854669676634696
518,ipw_robust,500,10,outcome,0.05,10,2,2000,-0.0152027143967233,0.0149237645285139,0.0146999919994853,0.122162860675878,0.0983549248249761,0.953,2000,694.538513898849,0.0027110876045865154,0.00047210672874104073,0.0019322841906659028
518,dr_robust,500,10,outcome,0.05,10,2,2000,0.0023018443158102,0.0148380706194512,0.0148401922283112,0.121811619394257,0.0964987308337772,0.9505,2000,694.538513898849,0.0027239853366263925,0.0004694556065401415,0.0019269738341655884
518,aipw_robust,500,10,outcome,0.05,10,2,2000,-0.0044650562479824,0.0178434787533571,0.0178324582551871,0.133579484777256,0.105832491039386,0.9495,2000,694.538513898849,0.00298600554714715,0.0005645419463047465,0.002113131171474875
518,reg_adj,500,10,outcome,0.05,10,2,2000,-0.00115782815098,0.15569664091346,0.155773186940903,0.394584136672345,0.301090870978121,0.947,2000,694.538513898849,0.008825338150487578,0.004926023083402091,0.0062420439971875566
518,adaptive,500,10,outcome,0.05,10,2,2000,-0.0152027143967233,0.0149237645285139,0.0146999919994853,0.122162860675878,0.0983549248249761,0.953,2000,694.538513898849,0.0027110876045865154,0.00047210672874104073,0.0019322841906659028
519,naive,1000,10,outcome,0.05,10,2,2000,-0.0036568935375815,0.126150323242185,0.126200050397038,0.355176467748336,0.219061755398445,0.9885,2000,1223.692456007,0.007943552429393225,0.003991218865714829,0.00561864203872714
519,ipw_robust,1000,10,outcome,0.05,10,2,2000,-0.0116239154654754,0.0073176755305823,0.007186153196432,0.0855434131338139,0.0681952810484835,0.9495,2000,1223.692456007,0.001895541241497003,0.00023147941127509637,0.0013529937770486058
519,dr_robust,1000,10,outcome,0.05,10,2,2000,0.0072011103023581,0.0071266101652649,0.0070782933223393,0.0844192523377514,0.0676128985605259,0.9475,2000,1223.692456007,0.0018812619863191968,0.00022546915568809667,0.0013354131281927337
519,aipw_robust,1000,10,outcome,0.05,10,2,2000,0.0002891316091724,0.0086711663800044,0.0086754204931636,0.0931190978264098,0.0746769114049006,0.9465,2000,1223.692456007,0.002082717034688534,0.00027434352774026536,0.0014730787461648815
519,reg_adj,1000,10,outcome,0.05,10,2,2000,-0.0009958794631679,0.109202846382325,0.109256482847844,0.330458539581481,0.214687978423525,0.982,2000,1223.692456007,0.007391092031893663,0.0034550247119486096,0.005227622073746873
519,adaptive,1000,10,outcome,0.05,10,2,2000,-0.0116239154654754,0.0073176755305823,0.007186153196432,0.0855434131338139,0.0681952810484835,0.9495,2000,1223.692456007,0.001895541241497003,0.00023147941127509637,0.0013529937770486058
520,naive,200,20,outcome,0.05,10,2,2000,0.0294236910467363,0.529926711474275,0.529325620689806,0.727960652421733,0.489580727097357,0.962,2000,719.101103067398,0.016268460601572082,0.016766101032635074,0.011515801696739157
520,ipw_robust,200,20,outcome,0.05,10,2,2000,-0.0029879814626689,0.0457308045097484,0.0457447488509527,0.213847619836529,0.167335883451608,0.9455,2000,719.101103067398,0.0047825071275928435,0.001446858275268043,0.003382918819423993
520,dr_robust,200,20,outcome,0.05,10,2,2000,0.0117751398355677,0.0437510325185831,0.0436341956982851,0.209167474810457,0.164628984555687,0.949,2000,719.101103067398,0.00467087763157445,0.0013842121003060828,0.0033088607623159997
520,aipw_robust,200,20,outcome,0.05,10,2,2000,0.0125297558272188,0.0489067561478553,0.0487741484409861,0.221148719525697,0.17614319558651,0.949,2000,719.101103067398,0.004938327066982608,0.0015473306465193556,0.0034983938632743455
520,reg_adj,200,20,outcome,0.05,10,2,2000,0.0235428918113261,0.418002414767194,0.417656975500105,0.646531062492124,0.47836907547536,0.9505,2000,719.101103067398,0.014450899202127613,0.013224989102910542,0.010227651748033103
520,adaptive,200,20,outcome,0.05,10,2,2000,-0.0030381093852693,0.0457191235425147,0.0457327598137848,0.213820306665468,0.167285755529008,0.9455,2000,719.101103067398,0.004781880373544742,0.0014464886991843453,0.0033824867285581193
521,naive,500,20,outcome,0.05,10,2,2000,0.0187867638065926,0.176422563852139,0.176157700207918,0.4200268608698,0.304581383069629,0.957,2000,1885.65749001503,0.009385033303295145,0.00558174546345088,0.0066445101295332515
521,ipw_robust,500,20,outcome,0.05,10,2,2000,-0.0096392216470708,0.015843681964812,0.0157586466941977,0.125871688495912,0.100123153713103,0.948,2000,1885.65749001503,0.0028070132431285127,0.0005012617700867401,0.0019911616983791388
521,dr_robust,500,20,outcome,0.05,10,2,2000,0.0083058502197359,0.0157994684632297,0.0157383504906023,0.125695936542235,0.100050457824163,0.948,2000,1885.65749001503,0.002805205027319955,0.0004998671463400814,0.001988398193652511
521,aipw_robust,500,20,outcome,0.05,10,2,2000,0.003851353246997,0.0184988452995467,0.0184932590072172,0.13601046025783,0.107970997583283,0.95,2000,1885.65749001503,0.003040827108470424,0.0005852770684373418,0.0021515884415355025
521,reg_adj,500,20,outcome,0.05,10,2,2000,0.0147462876117959,0.159755415264308,0.159617771151554,0.399694152151752,0.299554572520527,0.947,2000,1885.65749001503,0.008933581900658717,0.0050544289087133395,0.006322870726908111
521,adaptive,500,20,outcome,0.05,10,2,2000,-0.0096392216470708,0.015843681964812,0.0157586466941977,0.125871688495912,0.100123153713103,0.948,2000,1885.65749001503,0.0028070132431285127,0.0005012617700867401,0.0019911616983791388
522,naive,1000,20,outcome,0.05,10,2,2000,0.0064855515999537,0.0826300458774216,0.0826292981469394,0.287454424000435,0.218684582312803,0.9555,2000,3334.20527005196,0.00642764724245736,0.00261429762690822,0.004547325434282172
522,ipw_robust,1000,20,outcome,0.05,10,2,2000,-0.0162979018671676,0.0079491361755917,0.0076873582494446,0.0891579282823003,0.0706922619907949,0.9505,2000,3334.20527005196,0.001960530317215804,0.00025135499543939467,0.0014096054062827177
522,dr_robust,1000,20,outcome,0.05,10,2,2000,0.0028294055180127,0.0073667576758101,0.0073624333569032,0.0858298181042585,0.0673821693375976,0.951,2000,3334.20527005196,0.001918649701861077,0.00023307360506781541,0.0013577659268990767
522,aipw_robust,1000,20,outcome,0.05,10,2,2000,-0.0014247412942489,0.0089413309103636,0.0089437729090626,0.0945586109794535,0.0749777792098097,0.95,2000,3334.20527005196,0.0021146835353147526,0.0002828911160837592,0.0014958506324993933
522,reg_adj,1000,20,outcome,0.05,10,2,2000,0.0071804166812596,0.0766195629494925,0.0766063077196358,0.276802389710588,0.213794266633978,0.9535,2000,3334.20527005196,0.006188954181428224,0.0024241340262560894,0.004378817012365127
522,adaptive,1000,20,outcome,0.05,10,2,2000,-0.0162979018671676,0.0079491361755917,0.0076873582494446,0.0891579282823003,0.0706922619907949,0.9505,2000,3334.20527005196,0.001960530317215804,0.00025135499543939467,0.0014096054062827177
523,naive,200,5,treatment,0.05,10,2,2000,-0.238636867330569,0.0861666384970622,0.0292337008981635,0.293541544754848,0.251498610706564,0.717,2000,179.663858890533,0.0038231989810996953,0.0020455280040887975,0.0034842223198714947
523,ipw_robust,200,5,treatment,0.05,10,2,2000,-0.227132791407607,0.082316347372663,0.0307424136468751,0.286908256020392,0.243227144316666,0.744,2000,179.663858890533,0.003920613067294138,0.0020290528580650152,0.0035360656507577117
523,dr_robust,200,5,treatment,0.05,10,2,2000,-0.2103009553112,0.07222594005538,0.0280134549780657,0.268748841961003,0.227041813121197,0.7605,2000,179.663858890533,0.0037425562773367683,0.0018062744348053576,0.0033605250568250976
523,aipw_robust,200,5,treatment,0.05,10,2,2000,-0.174167981416957,0.0710065461210071,0.0406924065734362,0.266470535183549,0.217168343680263,0.856,2000,179.663858890533,0.004510676588574945,0.0020309205812827427,0.003810778891339362
523,reg_adj,200,5,treatment,0.05,10,2,2000,-0.23127807778503,0.0808376988608968,0.0273618305122146,0.284319712402951,0.243977330443633,0.707,2000,179.663858890533,0.0036987721281673057,0.001917241177121029,0.0033716290033450557
523,adaptive,200,5,treatment,0.05,10,2,2000,-0.23127807778503,0.0808376988608968,0.0273618305122146,0.284319712402951,0.243977330443633,0.707,2000,179.663858890533,0.0036987721281673057,0.001917241177121029,0.0033716290033450557
524,naive,500,5,treatment,0.05,10,2,2000,-0.24365472502238,0.0708170736844912,0.011455176246883,0.266114775396804,0.244524327493668,0.3835,2000,429.371206045151,0.0023932379997487715,0.001221210169833345,0.002294517784689703
524,ipw_robust,500,5,treatment,0.05,10,2,2000,-0.230962328964885,0.0652888490452516,0.0119512272579968,0.255516827323078,0.232154739909381,0.4435,2000,429.371206045151,0.0024445068273576983,0.001190745457084084,0.002330072483990445
524,dr_robust,500,5,treatment,0.05,10,2,2000,-0.214495263352851,0.0569573580223875,0.0109546173302436,0.238657407222964,0.216018913865658,0.4755,2000,429.371206045151,0.002340365070907058,0.0010620774384867832,0.0022251088932147512
524,aipw_robust,500,5,treatment,0.05,10,2,2000,-0.176607320805296,0.0476140420631072,0.0164321123572611,0.21820642076508,0.185775873414902,0.72,2000,429.371206045151,0.0028663663720171137,0.0011380045148080636,0.002607632971610019
524,reg_adj,500,5,treatment,0.05,10,2,2000,-0.237078905681627,0.0670761723819956,0.0108752024640299,0.258990680106439,0.237987871038646,0.377,2000,429.371206045151,0.0023318664695936063,0.0011579214790855808,0.0022354500915046493
524,adaptive,500,5,treatment,0.05,10,2,2000,-0.237078905681627,0.0670761723819956,0.0108752024640299,0.258990680106439,0.237987871038646,0.377,2000,429.371206045151,0.0023318664695936063,0.0011579214790855808,0.0022354500915046493
525,naive,1000,5,treatment,0.05,10,2,2000,-0.245578663799979,0.0659650456171407,0.0056589950008579,0.256836612688185,0.245578663799979,0.097,2000,737.624804019928,0.0016821110250007131,0.0008453398881883008,0.001645676368607528
525,ipw_robust,1000,5,treatment,0.05,10,2,2000,-0.235042798418433,0.061311404731663,0.0060693223044469,0.247611398630319,0.235046990238461,0.1515,2000,737.624804019928,0.001742027885030389,0.0008410930483291866,0.0016984134272124704
525,dr_robust,1000,5,treatment,0.05,10,2,2000,-0.216411897273214,0.0523078746310212,0.0054765036014298,0.228709148551214,0.216434004553514,0.174,2000,737.624804019928,0.0016547663885621135,0.0007368625570586928,0.0016109162264090408
525,aipw_robust,1000,5,treatment,0.05,10,2,2000,-0.178531412789196,0.0401983323622413,0.0083290315254977,0.20049521780392,0.180495341796929,0.497,2000,737.624804019928,0.0020407145225995846,0.0007748051120433458,0.0019322284105576237
525,reg_adj,1000,5,treatment,0.05,10,2,2000,-0.239372496818089,0.062671374380144,0.005374869582009,0.250342514128432,0.239375446777211,0.1005,2000,737.624804019928,0.0016393397423976825,0.0008030196721354256,0.001603841990105317
525,adaptive,1000,5,treatment,0.05,10,2,2000,-0.239372496818089,0.062671374380144,0.005374869582009,0.250342514128432,0.239375446777211,0.1005,2000,737.624804019928,0.0016393397423976825,0.0008030196721354256,0.001603841990105317
526,naive,200,10,treatment,0.05,10,2,2000,-0.259790122457696,0.0998789063316183,0.0324042007053865,0.31603624211729,0.272484574501324,0.698,2000,308.003581047058,0.0040251832694541065,0.0023289504208713657,0.0036846255436853133
526,ipw_robust,200,10,treatment,0.05,10,2,2000,-0.237745487892934,0.0905139648674628,0.0340080518799536,0.300855388629592,0.255142731970312,0.7465,2000,308.003581047058,0.004123593813650515,0.0022362951909506495,0.0037165616363679928
526,dr_robust,200,10,treatment,0.05,10,2,2000,-0.231989658460433,0.0839695902726221,0.0301654713757215,0.289775068411039,0.246762189465461,0.7345,2000,308.003581047058,0.0038836497895485826,0.002038852333040215,0.0035179912892784686
526,aipw_robust,200,10,treatment,0.05,10,2,2000,-0.198159032787858,0.0834510102540797,0.0442061110341775,0.288878885095605,0.237010122032203,0.848,2000,308.003581047058,0.004701388679644425,0.0023293482302779484,0.004031703856630169
526,reg_adj,200,10,treatment,0.05,10,2,2000,-0.252218317429187,0.0924859503125416,0.0288863138226429,0.30411502809388,0.262477089296371,0.688,2000,308.003581047058,0.0038004153603680545,0.002123575207684655,0.003491401298046194
526,adaptive,200,10,treatment,0.05,10,2,2000,-0.252169037744387,0.0924857563690271,0.0289109882662303,0.304114709228322,0.262446207293881,0.6885,2000,308.003581047058,0.003802038155136683,0.0021243116148694347,0.0034926156979709793
527,naive,500,10,treatment,0.05,10,2,2000,-0.249851660807709,0.0744267485968661,0.0120068996383148,0.272812662090428,0.250758435829237,0.38,2000,727.784286022186,0.0024501938329767707,0.001281892167201156,0.002349400056028655
527,ipw_robust,500,10,treatment,0.05,10,2,2000,-0.230110514915295,0.0654384622566153,0.012493860112089,0.255809425660227,0.231526218483854,0.463,2000,727.784286022186,0.00249938593579393,0.0012162308756189276,0.002377220605690969
527,dr_robust,500,10,treatment,0.05,10,2,2000,-0.2202067998406,0.0598978774094281,0.0114125489878839,0.244740428637011,0.221532161186814,0.463,2000,727.784286022186,0.002388780963994386,0.0011122314922192567,0.002272267598805412
527,aipw_robust,500,10,treatment,0.05,10,2,2000,-0.183614840925477,0.050421417773621,0.016715365648357,0.224547139312931,0.193028716855035,0.7095,2000,727.784286022186,0.0028909657251822442,0.0011859598744813288,0.002640781526119921
527,reg_adj,500,10,treatment,0.05,10,2,2000,-0.240047809277641,0.0687271542631944,0.0111097584034011,0.262158643312011,0.240745155838142,0.3725,2000,727.784286022186,0.0023568791232688514,0.0011848125818814423,0.002259724430430708
527,adaptive,500,10,treatment,0.05,10,2,2000,-0.240047809277641,0.0687271542631944,0.0111097584034011,0.262158643312011,0.240745155838142,0.3725,2000,727.784286022186,0.0023568791232688514,0.0011848125818814423,0.002259724430430708
528,naive,1000,10,treatment,0.05,10,2,2000,-0.249444572396524,0.06814345657373,0.0059238237875391,0.261043016711288,0.249456209969871,0.1035,2000,1268.61234688759,0.001721020596555878,0.0008787963708707786,0.001683240528595948
528,ipw_robust,1000,10,treatment,0.05,10,2,2000,-0.230389248590872,0.0591183676748481,0.0060421829000313,0.243142689947381,0.230495304674501,0.1565,2000,1268.61234688759,0.00173812872078441,0.0008233690024905146,0.0016931806641373869
528,dr_robust,1000,10,treatment,0.05,10,2,2000,-0.220309761420088,0.0541793771170071,0.0056458090445531,0.232764638888743,0.220401757650577,0.169,2000,1268.61234688759,0.0016801501487297347,0.0007615310565585044,0.0016358392326991334
528,aipw_robust,1000,10,treatment,0.05,10,2,2000,-0.181966037809406,0.0413328789547608,0.0082253527150641,0.203304891615428,0.183457248222367,0.481,2000,1268.61234688759,0.002027973460756341,0.0007825383347823857,0.001924543793719034
528,reg_adj,1000,10,treatment,0.05,10,2,2000,-0.240507539492287,0.0634218616944346,0.0055807755295654,0.251836974438692,0.240517014603389,0.107,2000,1268.61234688759,0.0016704453791676938,0.0008226617999589377,0.001633322116008841
528,adaptive,1000,10,treatment,0.05,10,2,2000,-0.240507539492287,0.0634218616944346,0.0055807755295654,0.251836974438692,0.240517014603389,0.107,2000,1268.61234688759,0.0016704453791676938,0.0008226617999589377,0.001633322116008841
529,naive,200,20,treatment,0.05,10,2,2000,-0.25589368096861,0.106259012931769,0.0407978358900496,0.325973945173183,0.275936833155437,0.7545,2000,728.415342092514,0.0045165161291669045,0.0026471638772391595,0.004060391814187447
529,ipw_robust,200,20,treatment,0.05,10,2,2000,-0.235984285757538,0.0946525796901453,0.0389834883098047,0.307656593769978,0.259098312630173,0.774,2000,728.415342092514,0.004414945543820711,0.002421070593610889,0.003934696415804796
529,dr_robust,200,20,treatment,0.05,10,2,2000,-0.229111480255524,0.0899312261777932,0.0374578847352834,0.299885355057217,0.251446421463727,0.78,2000,728.415342092514,0.004327694809900728,0.002309886787881176,0.0038512830802298736
529,aipw_robust,200,20,treatment,0.05,10,2,2000,-0.207307090909821,0.0917628530110265,0.0488110285838255,0.302923840281722,0.248724155342752,0.8535,2000,728.415342092514,0.004940193750442664,0.0025647503753015717,0.004233325401058447
529,reg_adj,200,20,treatment,0.05,10,2,2000,-0.244995431067174,0.0920256069018901,0.0320188550856423,0.303357226552937,0.259964491623521,0.7125,2000,728.415342092514,0.004001178269312822,0.0022065645853238526,0.0036369078963391674
529,adaptive,200,20,treatment,0.05,10,2,2000,-0.245738143256842,0.0930230386019037,0.0326521296153912,0.304996784576336,0.261204768535886,0.7145,2000,728.415342092514,0.004040552537425494,0.0022382370786942813,0.0036692797955286066
530,naive,500,20,treatment,0.05,10,2,2000,-0.250936302193563,0.0754776130551063,0.0125148427178861,0.274731893043211,0.251935614499866,0.3885,2000,1943.46072697639,0.002501483831437463,0.0013163268003224243,0.0023956570635856006
530,ipw_robust,500,20,treatment,0.05,10,2,2000,-0.231933599081671,0.0664839918124061,0.0126971460024298,0.257844898751955,0.23367397302361,0.467,2000,1943.46072697639,0.0025196374741646667,0.0012358226420658095,0.0023964457859115187
530,dr_robust,500,20,treatment,0.05,10,2,2000,-0.22147078682399,0.0607110872978042,0.0116676116872108,0.246396199844487,0.222987853284524,0.4675,2000,1943.46072697639,0.0024153272746370003,0.0011316844763790044,0.0022964730728259348
530,aipw_robust,500,20,treatment,0.05,10,2,2000,-0.186070992163757,0.052043826244793,0.0174301271835799,0.228131160179387,0.194710273675851,0.7255,2000,1943.46072697639,0.0029521286543424817,0.0012291279416039719,0.00269390630512173
530,reg_adj,500,20,treatment,0.05,10,2,2000,-0.241023748952232,0.0692425184961714,0.0111556487615638,0.263139731884357,0.241719116168908,0.37,2000,1943.46072697639,0.002361741810779049,0.001191875153120771,0.0022647190992133577
530,adaptive,500,20,treatment,0.05,10,2,2000,-0.241023748952232,0.0692425184961714,0.0111556487615638,0.263139731884357,0.241719116168908,0.37,2000,1943.46072697639,0.002361741810779049,0.001191875153120771,0.0022647190992133577
531,naive,1000,20,treatment,0.05,10,2,2000,-0.248340824701017,0.067416226288432,0.0057459340422717,0.259646348498168,0.248340824701017,0.094,2000,3532.81813192368,0.0016949828970039345,0.000861252365456413,0.0016585104516932767
531,ipw_robust,1000,20,treatment,0.05,10,2,2000,-0.2294877202322,0.0587521050956328,0.0060905366265736,0.24238833531264,0.229518490403257,0.1705,2000,3532.81813192368,0.0017450697158815174,0.0008237755484252194,0.0016992887619007905
531,dr_robust,1000,20,treatment,0.05,10,2,2000,-0.218866508835861,0.0533946283025393,0.0054948270260543,0.231072777069345,0.218942593644362,0.1615,2000,3532.81813192368,0.0016575323565551142,0.0007460734296057079,0.0016143689426942123
531,aipw_robust,1000,20,treatment,0.05,10,2,2000,-0.181009467426102,0.0408027575132086,0.0080423513910228,0.201996924514233,0.182427973554797,0.483,2000,3532.81813192368,0.0020052869359549023,0.0007692109533847298,0.0019040164973663496
531,reg_adj,1000,20,treatment,0.05,10,2,2000,-0.238853363030985,0.0623765113910305,0.0053282464830603,0.249752900665899,0.238854482695466,0.095,2000,3532.81813192368,0.0016322142143512137,0.0007977173901301108,0.0015970132639164785
531,adaptive,1000,20,treatment,0.05,10,2,2000,-0.238853363030985,0.0623765113910305,0.0053282464830603,0.249752900665899,0.238854482695466,0.095,2000,3532.81813192368,0.0016322142143512137,0.0007977173901301108,0.0015970132639164785
532,naive,200,5,mixed,0.05,10,2,2000,-0.162900567423307,0.149187902013949,0.122712663478852,0.386248497749763,0.298203352962793,0.9385,2000,174.371829986572,0.007833028261114983,0.004644475239422768,0.006012289065822804
532,ipw_robust,200,5,mixed,0.05,10,2,2000,-0.166439820596187,0.0662942908249193,0.0386113826361465,0.257476777253638,0.208620072743216,0.8595,2000,174.371829986572,0.004393824224758342,0.0019052769953631504,0.003699900658392737
532,dr_robust,200,5,mixed,0.05,10,2,2000,-0.122544929224487,0.0565581787561297,0.041561699927459,0.237819634925566,0.182701153667803,0.923,2000,174.371829986572,0.004558601755333481,0.00172501031354958,0.0036267197073308996
532,aipw_robust,200,5,mixed,0.05,10,2,2000,-0.0955240732339959,0.0535859131361821,0.0444833062220794,0.231486313064471,0.18503735755171,0.9235,2000,174.371829986572,0.004716105714574229,0.0016705003437707628,0.003608205430498851
532,reg_adj,200,5,mixed,0.05,10,2,2000,-0.197714687551243,0.15642693701423,0.117394536609049,0.395508453783519,0.307849508011911,0.9255,2000,174.371829986572,0.007661414249635932,0.004791621836026836,0.006057546672124388
532,adaptive,200,5,mixed,0.05,10,2,2000,-0.173767327125093,0.0694509634684088,0.0392755172508351,0.263535507035407,0.21473193931438,0.8545,2000,174.371829986572,0.004431451074469575,0.0019784896609575417,0.003753744008187337
533,naive,500,5,mixed,0.05,10,2,2000,-0.200108779713265,0.107859335896681,0.0678497370468727,0.328419451154588,0.263392724538377,0.8975,2000,383.665951013565,0.005824505860880934,0.0031681969520166897,0.0048234002902060305
533,ipw_robust,500,5,mixed,0.05,10,2,2000,-0.191588579280007,0.0603940067334534,0.0236996728593515,0.245751921118541,0.205754430599229,0.779,2000,383.665951013565,0.003442359137230709,0.0015170773168662137,0.0030866031686776433
533,dr_robust,500,5,mixed,0.05,10,2,2000,-0.187722145928956,0.0699954171523194,0.0347731996799872,0.264566470196658,0.205158273573872,0.8305,2000,383.665951013565,0.004169724192316994,0.0019131029752930014,0.003615543144735896
533,aipw_robust,500,5,mixed,0.05,10,2,2000,-0.0890766750561081,0.0261681511561426,0.0182426184263043,0.161765729238744,0.129114652196048,0.8985,2000,383.665951013565,0.0030201505282273847,0.0007888541430492949,0.0024382610172178514
533,reg_adj,500,5,mixed,0.05,10,2,2000,-0.232595279998815,0.109167461379585,0.0550944443240204,0.330404995996709,0.271331248990378,0.8535,2000,383.665951013565,0.005248544766124245,0.0029994464236534103,0.004539045202093866
533,adaptive,500,5,mixed,0.05,10,2,2000,-0.191724494415075,0.0604010751235505,0.0236546206751719,0.245766301847,0.205829455791467,0.778,2000,383.665951013565,0.0034390856833737,0.001516096138981071,0.003084426399362321
534,naive,1000,5,mixed,0.05,10,2,2000,-0.214831167845711,0.0818968101822829,0.0357622606346482,0.286176187308244,0.239651337322363,0.823,2000,729.186823129654,0.00422860855569821,0.002140086399039865,0.003739106351177205
534,ipw_robust,1000,5,mixed,0.05,10,2,2000,-0.204469413210088,0.0568467458612845,0.0150465281869002,0.238425556225176,0.210985489574778,0.624,2000,729.186823129654,0.00274285692179707,0.0012184090919728212,0.002555114290730899
534,dr_robust,1000,5,mixed,0.05,10,2,2000,-0.236980927248602,0.0770962586159415,0.0209467721223953,0.277662130323783,0.240380407230588,0.633,2000,729.186823129654,0.003236261123765765,0.0016707803644852744,0.0030086572528579434
534,aipw_robust,1000,5,mixed,0.05,10,2,2000,-0.0823275233539509,0.0163453031540858,0.0095722681865837,0.127848751085358,0.10277438542853,0.8705,2000,729.186823129654,0.0021877234956209275,0.00047051733320484137,0.0018401326927734369
534,reg_adj,1000,5,mixed,0.05,10,2,2000,-0.244974894477626,0.0870680067160981,0.0270688422128806,0.295072883735694,0.255806778173364,0.697,2000,729.186823129654,0.0036789157514735644,0.001995412432217735,0.003381219593876827
534,adaptive,1000,5,mixed,0.05,10,2,2000,-0.204469413210088,0.0568467458612845,0.0150465281869002,0.238425556225176,0.210985489574778,0.624,2000,729.186823129654,0.00274285692179707,0.0012184090919728212,0.002555114290730899
535,naive,200,10,mixed,0.05,10,2,2000,-0.123304133705616,0.144291225787582,0.129151892344862,0.379856849072887,0.283228506056313,0.951,2000,298.020395994186,0.008035916013276334,0.004539541676589098,0.005975332138499956
535,ipw_robust,200,10,mixed,0.05,10,2,2000,-0.136026763030028,0.0561774709425594,0.0376930372007324,0.237017870513089,0.191219501623998,0.8875,2000,298.020395994186,0.004341257721025809,0.001677991274053453,0.003539799067515435
535,dr_robust,200,10,mixed,0.05,10,2,2000,-0.104636908088372,0.0471895978461411,0.0362588447342139,0.217231668607828,0.174475296316376,0.9165,2000,298.020395994186,0.004257865940480859,0.0014521334253807692,0.0033423612558128673
535,aipw_robust,200,10,mixed,0.05,10,2,2000,-0.0850872191355372,0.0546591523080278,0.0474430389672925,0.233792968902035,0.185618100015649,0.929,2000,298.020395994186,0.004870474256542811,0.0017140015989584995,0.0036656397474397707
535,reg_adj,200,10,mixed,0.05,10,2,2000,-0.137697354444989,0.140041060249045,0.121141069362577,0.374220603720646,0.284475936196624,0.948,2000,298.020395994186,0.0077827074133163,0.004389642816773854,0.0058650469444096985
535,adaptive,200,10,mixed,0.05,10,2,2000,-0.140950855392938,0.0579835585250779,0.0381354826303922,0.240797754402066,0.194329201471855,0.8865,2000,298.020395994186,0.004366662491559898,0.0017232531031584957,0.003578216722655015
536,naive,500,10,mixed,0.05,10,2,2000,-0.167242292933829,0.100916887414976,0.072983394566495,0.317674184369735,0.238900197291016,0.933,2000,657.332700014114,0.006040835809989169,0.003067452480266534,0.00482798513570178
536,ipw_robust,500,10,mixed,0.05,10,2,2000,-0.158084975434416,0.0428737861430924,0.0178918726213033,0.207059861255368,0.172574502610635,0.7865,2000,657.332700014114,0.0029909758124484474,0.0011019916760753575,0.00266104610858467
536,dr_robust,500,10,mixed,0.05,10,2,2000,-0.123564010784587,0.0352788192890334,0.0200207649103151,0.187826567047991,0.147170812071519,0.8785,2000,657.332700014114,0.0031639188445909214,0.0010060753938109944,0.002678203114775385
536,aipw_robust,500,10,mixed,0.05,10,2,2000,-0.0860197927293853,0.0255626344644886,0.0181723158812229,0.159883190062272,0.128833193630079,0.896,2000,657.332700014114,0.0030143254536647915,0.0007740553630505951,0.0024206902637766755
536,reg_adj,500,10,mixed,0.05,10,2,2000,-0.199837872221726,0.101378097209177,0.061473658864503,0.318399273254788,0.253169637146818,0.893,2000,657.332700014114,0.005544080575916217,0.002947699680239444,0.0046289359427661905
536,adaptive,500,10,mixed,0.05,10,2,2000,-0.158645430598928,0.0431545101964275,0.0179951351140653,0.207736636625386,0.173129938342535,0.7855,2000,657.332700014114,0.0029995945654425786,0.0011088919787997171,0.00266898510732942
537,naive,1000,10,mixed,0.05,10,2,2000,-0.182984329918144,0.0704360629037734,0.0369712835499564,0.26539793311888,0.216273059129007,0.8535,2000,1184.60910105705,0.00429949319978276,0.001960284258976747,0.0036931038534099556
537,ipw_robust,1000,10,mixed,0.05,10,2,2000,-0.177203249352698,0.0467276755702378,0.0153343511646655,0.216165851998501,0.184102010436206,0.7185,2000,1184.60910105705,0.0027689665188175804,0.0010946095145254007,0.002531874263223109
537,dr_robust,1000,10,mixed,0.05,10,2,2000,-0.195364846733836,0.0598267040354857,0.0216701157540275,0.244594979579479,0.204835218807759,0.7435,2000,1184.60910105705,0.0032916649095881176,0.0014573190729506294,0.0029790453496963258
537,aipw_robust,1000,10,mixed,0.05,10,2,2000,-0.0826915510263888,0.016480246542694,0.0096471775203042,0.128375412531738,0.104828300440193,0.8665,2000,1184.60910105705,0.002196267005660309,0.0004743424521138088,0.0018474817052546492
537,reg_adj,1000,10,mixed,0.05,10,2,2000,-0.211468321787092,0.0733788988178052,0.0286743848908014,0.270885397941279,0.228389559646298,0.779,2000,1184.60910105705,0.00378644852670688,0.0018403237341872423,0.003396867731102614
537,adaptive,1000,10,mixed,0.05,10,2,2000,-0.177203249352698,0.0467276755702378,0.0153343511646655,0.216165851998501,0.184102010436206,0.7185,2000,1184.60910105705,0.0027689665188175804,0.0010946095145254007,0.002531874263223109
538,naive,200,20,mixed,0.05,10,2,2000,-0.110381846694442,0.148409661065218,0.136293655813449,0.38523974491895,0.285345520877554,0.9455,2000,711.610841035843,0.008255109200169582,0.004679445039195018,0.006073419345892671
538,ipw_robust,200,20,mixed,0.05,10,2,2000,-0.121021251923496,0.0570370907304975,0.0424121533900621,0.238824393080978,0.190525000969672,0.9055,2000,711.610841035843,0.004605005612920689,0.0017438863832092135,0.003650980456208917
538,dr_robust,200,20,mixed,0.05,10,2,2000,-0.0965172547250048,0.0560894656520878,0.0467972838343535,0.236832146576616,0.179810844600144,0.941,2000,711.610841035843,0.0048372142724068725,0.0017498209908379705,0.003694221870070112
538,aipw_robust,200,20,mixed,0.05,10,2,2000,-0.0905647371994518,0.0596894202426995,0.0515132052213044,0.244314183466084,0.192740145992945,0.932,2000,711.610841035843,0.005075096315406457,0.001870462511558484,0.0038279859257908046
538,reg_adj,200,20,mixed,0.05,10,2,2000,-0.122746044713768,0.148381734011139,0.133381833434983,0.385203496883322,0.285856000501156,0.945,2000,711.610841035843,0.00816645068052771,0.004670110564467242,0.0060618745705231965
538,adaptive,200,20,mixed,0.05,10,2,2000,-0.123583777818369,0.0577274631143007,0.0424757508498657,0.240265401409152,0.191914154679789,0.9045,2000,711.610841035843,0.00460845694619499,0.0017611500390444011,0.0036650096699634856
539,naive,500,20,mixed,0.05,10,2,2000,-0.123834113130972,0.0782149857699891,0.0629115539720408,0.279669422300667,0.20908698563056,0.9415,2000,1782.91835093498,0.00560854499723595,0.0024263855501194215,0.004337952876934224
539,ipw_robust,500,20,mixed,0.05,10,2,2000,-0.126540100595921,0.0310523912888366,0.0150475179890052,0.176216887070555,0.144989267387534,0.8235,2000,1782.91835093498,0.0027429471366584154,0.0008416183595959547,0.00238801846289278
539,dr_robust,500,20,mixed,0.05,10,2,2000,-0.0875490245078028,0.0215692797209222,0.0139114037305196,0.146864834868399,0.117532491760707,0.884,2000,1782.91835093498,0.0026373664639673796,0.0006377964331577548,0.002171372179491654
539,aipw_robust,500,20,mixed,0.05,10,2,2000,-0.0728099428437288,0.0234774972899452,0.0181853021641202,0.153223683841452,0.122862402735042,0.9185,2000,1782.91835093498,0.0030154023084922018,0.0007235442315189711,0.002361071778784726
539,reg_adj,500,20,mixed,0.05,10,2,2000,-0.149365762902571,0.0809123481537008,0.05863153279263,0.284450959136546,0.220024251135862,0.9225,2000,1782.91835093498,0.00541440360485945,0.0024604493506734026,0.0043249095698993665
539,adaptive,500,20,mixed,0.05,10,2,2000,-0.12741775393902,0.0312488020554973,0.0150210285509081,0.176773306965439,0.145627124417726,0.8205,2000,1782.91835093498,0.002740531750491873,0.0008446138930222093,0.00238897463514483
540,naive,1000,20,mixed,0.05,10,2,2000,-0.164109549228262,0.0593617363194218,0.0324460151791082,0.243642640601808,0.195834217214601,0.861,2000,3063.89230203629,0.004027779486212484,0.0016734432880305366,0.0034342167772789243
540,ipw_robust,1000,20,mixed,0.05,10,2,2000,-0.157434606262744,0.0343419027807517,0.0095610280456692,0.185315684119698,0.161661185696671,0.645,2000,3063.89230203629,0.0021864386620334447,0.0007519082039877204,0.0020287225216783387
540,dr_robust,1000,20,mixed,0.05,10,2,2000,-0.115255638594552,0.0233466479078821,0.0100678195898391,0.152796099125214,0.124934231016757,0.8065,2000,3063.89230203629,0.0022436376255802874,0.0006073220299197534,0.001987361043236001
540,aipw_robust,1000,20,mixed,0.05,10,2,2000,-0.0801939854624785,0.0155392862399066,0.0091127673192099,0.124656673467194,0.100369560866581,0.8605,2000,3063.89230203629,0.002134568729182771,0.0004474956021413957,0.0017949123367998563
540,reg_adj,1000,20,mixed,0.05,10,2,2000,-0.200449109698926,0.0696454678511661,0.0294803624533007,0.263904277818997,0.219966082617276,0.7975,2000,3063.89230203629,0.0038392943657201317,0.0017994789780257376,0.0034093402973557315
540,adaptive,1000,20,mixed,0.05,10,2,2000,-0.157434606262744,0.0343419027807517,0.0095610280456692,0.185315684119698,0.161661185696671,0.645,2000,3063.89230203629,0.0021864386620334447,0.0007519082039877204,0.0020287225216783387
541,naive,200,5,none,0.1,10,2,2000,0.012882837469002,0.0305591553742743,0.0304083920690561,0.174811771269198,0.138163245598905,0.9535,2000,180.786508083344,0.003899255830864147,0.0009668318974480841,0.0027653512415912484
541,ipw_robust,200,5,none,0.1,10,2,2000,-0.0175752903756281,0.0314523356715789,0.0311590243519672,0.177348063625118,0.141722248916019,0.9565,2000,180.786508083344,0.0039470890762666605,0.0009950549092718583,0.002805372917336233
541,dr_robust,200,5,none,0.1,10,2,2000,0.0075539019755561,0.0297128977664402,0.0296706716672175,0.172374295550236,0.137012357627703,0.955,2000,180.786508083344,0.0038516666306429937,0.0009400717309826178,0.0027268326985233344
541,aipw_robust,200,5,none,0.1,10,2,2000,0.0022114700101783,0.0404281160744521,0.0404434471984454,0.201067441607168,0.161542318788907,0.9555,2000,180.786508083344,0.004496857080141941,0.0012790887407476083,0.0031807455511534423
541,reg_adj,200,5,none,0.1,10,2,2000,0.011289259515312,0.0277447263312566,0.0276310944981016,0.166567482814794,0.132474930208233,0.9525,2000,180.786508083344,0.0037169271245278404,0.0008777929165731408,0.0026349468147668317
541,adaptive,200,5,none,0.1,10,2,2000,0.0110255439697746,0.0277817403319395,0.0276740147194698,0.166678553905233,0.132660364597335,0.9535,2000,180.786508083344,0.003719812812459103,0.000878964926578089,0.0026367067207633517
542,naive,500,5,none,0.1,10,2,2000,0.0098961344339305,0.0108824154299111,0.0107898768916225,0.104318816279284,0.0839568950180905,0.9535,2000,399.182152986526,0.002322700679341023,0.00034428886658071777,0.0016501762522831075
542,ipw_robust,500,5,none,0.1,10,2,2000,-0.0188329343175377,0.0114963501285521,0.0111472443357112,0.107221033983785,0.0863316333684069,0.948,2000,399.182152986526,0.0023608520004133253,0.00036354979367336104,0.0016953287063447855
542,dr_robust,500,5,none,0.1,10,2,2000,0.0050158856891759,0.0106122107585368,0.0105923478232015,0.103015585027397,0.0831003743195844,0.9545,2000,399.182152986526,0.0023013417633199877,0.00033575410716744973,0.0016296277261258862
542,aipw_robust,500,5,none,0.1,10,2,2000,0.0013011266906475,0.0153296942473231,0.0153356691512336,0.123813142466069,0.0990310353018513,0.9515,2000,399.182152986526,0.0027690855125143393,0.00048500997182042584,0.0019586368706914245
542,reg_adj,500,5,none,0.1,10,2,2000,0.009227246313114,0.0102567807800093,0.0101767270690209,0.101275766005542,0.0815737821902577,0.953,2000,399.182152986526,0.0022557401300926597,0.0003244976257946456,0.0016020497232126017
542,adaptive,500,5,none,0.1,10,2,2000,0.009227246313114,0.0102567807800093,0.0101767270690209,0.101275766005542,0.0815737821902577,0.953,2000,399.182152986526,0.0022557401300926597,0.0003244976257946456,0.0016020497232126017
543,naive,1000,5,none,0.1,10,2,2000,0.0115474378001545,0.0056643169414883,0.0055337404919859,0.0752616565157079,0.0599279402026055,0.949,2000,735.291347980499,0.0016633911885040602,0.00017915931035896473,0.001190242938125952
543,ipw_robust,1000,5,none,0.1,10,2,2000,-0.0173713457164224,0.0060581657262839,0.005759281715142,0.0778342195071292,0.0619770911660547,0.946,2000,735.291347980499,0.001696950458195819,0.00019142938552082068,0.001229725092208876
543,dr_robust,1000,5,none,0.1,10,2,2000,0.0070061925936846,0.0055058659263699,0.0054595089461832,0.074201522399274,0.0590361519588256,0.9535,2000,735.291347980499,0.0016521968626926997,0.00017419017442864737,0.0011737641546715198
543,aipw_robust,1000,5,none,0.1,10,2,2000,0.0016581216111171,0.0079440373685377,0.0079452606315762,0.0891293294518573,0.0707105204938709,0.95,2000,735.291347980499,0.0019931458340493053,0.00025133812958414017,0.0014099630903197755
543,reg_adj,1000,5,none,0.1,10,2,2000,0.0104905412291325,0.0054545208563719,0.005347142972578,0.0738547280569897,0.0588635893392123,0.9425,2000,735.291347980499,0.0016351059556765732,0.00017253654598558686,0.0011680805719875493
543,adaptive,1000,5,none,0.1,10,2,2000,0.0104905412291325,0.0054545208563719,0.005347142972578,0.0738547280569897,0.0588635893392123,0.9425,2000,735.291347980499,0.0016351059556765732,0.00017253654598558686,0.0011680805719875493
544,naive,200,10,none,0.1,10,2,2000,0.0187783677828519,0.0330409562057213,0.0327046814498582,0.181771714537002,0.145846728496303,0.949,2000,308.52680015564,0.0040438027554430865,0.0010453044066039807,0.0028753219643290412
544,ipw_robust,200,10,none,0.1,10,2,2000,-0.0070401572677556,0.0334709298742328,0.0334380851024292,0.182950621409802,0.147391350843353,0.9545,2000,308.52680015564,0.00408889258249891,0.0010589712807258216,0.002894145077413453
544,dr_robust,200,10,none,0.1,10,2,2000,0.0145242667690888,0.0318434598930977,0.0316483297327844,0.178447358885184,0.14358932518517,0.9505,2000,308.52680015564,0.003977959887479033,0.0010074569365281726,0.0028228407044577977
544,aipw_robust,200,10,none,0.1,10,2,2000,0.0139927965177229,0.0432045017182888,0.043030218473139,0.207856926077263,0.166200143919757,0.951,2000,308.52680015564,0.004638438232484022,0.0013669126503833113,0.0032881094611088707
544,reg_adj,200,10,none,0.1,10,2,2000,0.0189940672375477,0.0294152905051875,0.0290690504401832,0.171508864217531,0.137994402792084,0.951,2000,308.52680015564,0.0038124172410809918,0.0009305828512365027,0.0027129293155839754
544,adaptive,200,10,none,0.1,10,2,2000,0.0191108182037647,0.0295176697646041,0.0291670299071403,0.171807071346333,0.138121022405258,0.9505,2000,308.52680015564,0.003818836858726771,0.0009338204300914514,0.0027176425940263916
545,naive,500,10,none,0.1,10,2,2000,0.0076051141581698,0.0118176012981928,0.011765646360014,0.108708791264519,0.0863149624293627,0.9495,2000,723.611738204956,0.0024254531906443793,0.0003738869234965508,0.0017196719747659551
545,ipw_robust,500,10,none,0.1,10,2,2000,-0.0152461061629989,0.0120548629655397,0.0118283333790958,0.109794639967258,0.0880002702574091,0.9485,2000,723.611738204956,0.002431905978763961,0.0003813244221590493,0.001736534781082048
545,dr_robust,500,10,none,0.1,10,2,2000,0.0020641822240437,0.0112459613639524,0.0112473241777872,0.106046977156128,0.0845780269816165,0.948,2000,723.611738204956,0.0023714261719255778,0.0003558063341811216,0.001677588290222005
545,aipw_robust,500,10,none,0.1,10,2,2000,-0.0031648320241768,0.0158841037146892,0.0158820285672315,0.126032153495404,0.100820190200763,0.9485,2000,723.611738204956,0.0028179805328667107,0.0005025504803939349,0.0019937391628092006
545,reg_adj,500,10,none,0.1,10,2,2000,0.0059454629820812,0.0108313007876834,0.0108013529340791,0.104073535481809,0.0826527214993967,0.9465,2000,723.611738204956,0.0023239355556984686,0.00034268476637361805,0.00164635882113141
545,adaptive,500,10,none,0.1,10,2,2000,0.0059454629820812,0.0108313007876834,0.0108013529340791,0.104073535481809,0.0826527214993967,0.9465,2000,723.611738204956,0.0023239355556984686,0.00034268476637361805,0.00164635882113141
546,naive,1000,10,none,0.1,10,2,2000,0.0139672170112446,0.0060782229622308,0.0058860828526179,0.0779629589114652,0.0617653893676687,0.944,2000,1285.86780905724,0.0017155294886153807,0.0001922043769746555,0.0012326647144891138
546,ipw_robust,1000,10,none,0.1,10,2,2000,-0.0086235631459004,0.006136913047036,0.0060655799957026,0.0783384519060473,0.0626784695170456,0.9525,2000,1285.86780905724,0.0017414907400992116,0.0001941478936361489,0.001239160903185794
546,dr_robust,1000,10,none,0.1,10,2,2000,0.0096424590785986,0.0058925414277746,0.0058024656435139,0.076762890955035,0.0609134307719316,0.948,2000,1285.86780905724,0.001703300567062945,0.00018640707990490543,0.0012141744375814098
546,aipw_robust,1000,10,none,0.1,10,2,2000,0.0039152028809383,0.0080804770214657,0.0080691827992664,0.0898914735748933,0.0717241281512342,0.951,2000,1285.86780905724,0.002008629233988493,0.0002556542451163831,0.001422016098686958
546,reg_adj,1000,10,none,0.1,10,2,2000,0.0129654877903684,0.0057398545760098,0.0055745379713533,0.0757618279611166,0.0600747987269087,0.9475,2000,1285.86780905724,0.0016695116009410207,0.00018152045738031766,0.0011979677778727815
546,adaptive,1000,10,none,0.1,10,2,2000,0.0129654877903684,0.0057398545760098,0.0055745379713533,0.0757618279611166,0.0600747987269087,0.9475,2000,1285.86780905724,0.0016695116009410207,0.00018152045738031766,0.0011979677778727815
547,naive,200,20,none,0.1,10,2,2000,0.0038270482527584,0.0372725680897233,0.0372765600714301,0.193061047572324,0.154290201698705,0.95,2000,731.149062871933,0.004317207434872113,0.0011792513972846937,0.0030540893984399567
547,ipw_robust,200,20,none,0.1,10,2,2000,-0.019790153650957,0.0368939409754732,0.0365205510694794,0.192077955464632,0.153332555538325,0.941,2000,731.149062871933,0.004273204363793019,0.0011672005874442562,0.0030383512377066533
547,dr_robust,200,20,none,0.1,10,2,2000,-0.0024873857723106,0.0348873734764392,0.0348986357063121,0.186781619750015,0.149732888024216,0.945,2000,731.149062871933,0.0041772380651760865,0.0011037873962049468,0.0029547537859513024
547,aipw_robust,200,20,none,0.1,10,2,2000,-0.0010434103635426,0.044492913549044,0.0445140818847997,0.210933433928915,0.17004742836894,0.956,2000,731.149062871933,0.004717736845395242,0.0014076932945319856,0.0033368187970769514
547,reg_adj,200,20,none,0.1,10,2,2000,0.0023652067337445,0.0301174979518536,0.0301269672325765,0.173543936661163,0.140117449708694,0.9565,2000,731.149062871933,0.003881170392586269,0.0009528752422889677,0.0027453429391469182
547,adaptive,200,20,none,0.1,10,2,2000,0.0026818412736533,0.0310419536451707,0.0310502865158116,0.176187268680716,0.142067621825707,0.9555,2000,731.149062871933,0.0039401958400447305,0.0009821236872028449,0.00278715850060266
548,naive,500,20,none,0.1,10,2,2000,0.0082857897993129,0.0127739758284208,0.0127116773544997,0.113022014795441,0.0898590194313994,0.9525,2000,1977.57184004784,0.0025210788716836787,0.00040414374188695794,0.00178789832502287
548,ipw_robust,500,20,none,0.1,10,2,2000,-0.0152312440084532,0.0129358406337321,0.0127102049421581,0.113735837068762,0.0903956245134999,0.951,2000,1977.57184004784,0.002520932857312755,0.0004092024080399248,0.0017989158852039341
548,dr_robust,500,20,none,0.1,10,2,2000,0.0043467973608151,0.0123508562117151,0.012338130629734,0.111134406066326,0.0884513058581359,0.946,2000,1977.57184004784,0.0024837603175159634,0.0003907629929886678,0.0017580648820647719
548,aipw_robust,500,20,none,0.1,10,2,2000,-0.0003278975428351,0.0162315165849417,0.0162395288325594,0.127402969294054,0.101751015421258,0.9485,2000,1977.57184004784,0.0028495200326159667,0.0005135423923570767,0.0020154255242347953
548,reg_adj,500,20,none,0.1,10,2,2000,0.0077549492172952,0.011326578123289,0.0112720749233878,0.106426397680693,0.0847061247875539,0.948,2000,1977.57184004784,0.0023740340060104236,0.0003583510304955833,0.001683562717074809
548,adaptive,500,20,none,0.1,10,2,2000,0.0077549492172952,0.011326578123289,0.0112720749233878,0.106426397680693,0.0847061247875539,0.948,2000,1977.57184004784,0.0023740340060104236,0.0003583510304955833,0.001683562717074809
549,naive,1000,20,none,0.1,10,2,2000,0.0100765572207253,0.0057917811823282,0.0056930907222668,0.076103752747997,0.0605283598858208,0.9445,2000,3614.81968688965,0.0016871708156358679,0.00018321408444504496,0.001203712549180875
549,ipw_robust,1000,20,none,0.1,10,2,2000,-0.0134608815458694,0.0061590962752324,0.005980891388935,0.078479910010349,0.0627642940481651,0.943,2000,3614.81968688965,0.0017292905176596268,0.00019477803009551234,0.0012409419816474517
549,dr_robust,1000,20,none,0.1,10,2,2000,0.0059709897896183,0.005617170527787,0.0055843099637011,0.0749477853427776,0.0596832445975304,0.95,2000,3614.81968688965,0.0016709742612771,0.00017771524819029248,0.0011855937262021988
549,aipw_robust,1000,20,none,0.1,10,2,2000,0.0006669149653357,0.0076771497550222,0.0076805452520773,0.087619345780611,0.0694598073929622,0.9495,2000,3614.81968688965,0.0019596613549383093,0.00024289423131685766,0.0013860764945965104
549,reg_adj,1000,20,none,0.1,10,2,2000,0.0096243064160108,0.0054364818640707,0.0053465278540085,0.0737325020874157,0.0585755826403748,0.9475,2000,3614.81968688965,0.0016350119042393087,0.00017197624456458433,0.0011662173376450246
549,adaptive,1000,20,none,0.1,10,2,2000,0.0096243064160108,0.0054364818640707,0.0053465278540085,0.0737325020874157,0.0585755826403748,0.9475,2000,3614.81968688965,0.0016350119042393087,0.00017197624456458433,0.0011662173376450246
550,naive,200,5,covariate,0.1,10,2,2000,-0.198873585012879,0.0756054012748363,0.0360727348263745,0.274964363645248,0.228915161389253,0.8235,2000,163.072453975677,0.004246924465208588,0.0020382949314565646,0.00370647109398933
550,ipw_robust,200,5,covariate,0.1,10,2,2000,-0.192840926805308,0.0724331045754044,0.0352631130808148,0.269133990003872,0.223190783899555,0.8285,2000,163.072453975677,0.004198994705927527,0.0019662629167707373,0.0036529442393033467
550,dr_robust,200,5,covariate,0.1,10,2,2000,-0.192694145557267,0.0748820105696374,0.0377698617684766,0.273645775720433,0.225185344524653,0.842,2000,163.072453975677,0.004345679565296813,0.0020570441124997314,0.003758589196350844
550,aipw_robust,200,5,covariate,0.1,10,2,2000,-0.136335422394048,0.0680774278527934,0.0495148378723659,0.260916515101657,0.20966092895652,0.9115,2000,163.072453975677,0.004975682760806094,0.002071815183707352,0.003970264555503782
550,reg_adj,200,5,covariate,0.1,10,2,2000,-0.202689792029332,0.0746822510758864,0.0336159072366107,0.27328053548668,0.229467120400173,0.801,2000,163.072453975677,0.004099750433661218,0.0019728466890905254,0.0036095631281919164
550,adaptive,200,5,covariate,0.1,10,2,2000,-0.20365559322225,0.0756966449706662,0.0342381634016604,0.275130232745633,0.23045909138479,0.8065,2000,163.072453975677,0.004137521202462919,0.0020030847754502566,0.0036402483933893497
551,naive,500,5,covariate,0.1,10,2,2000,-0.194708601468096,0.0516373575174106,0.0137327844239607,0.227238547604518,0.19914660688422,0.6195,2000,372.606939077377,0.0026203801655447535,0.0011089854008742533,0.0024401348551221867
551,ipw_robust,500,5,covariate,0.1,10,2,2000,-0.189954345855848,0.0504585895549134,0.014383127609195,0.224629894615373,0.195430012356505,0.647,2000,372.606939077377,0.002681709120057114,0.0011157227162848595,0.0024834689038056978
551,dr_robust,500,5,covariate,0.1,10,2,2000,-0.193921015971277,0.0513864572890483,0.0137879908491406,0.226685811838872,0.19846154117053,0.6225,2000,372.606939077377,0.002625641907147717,0.001107751516712108,0.002443363145946462
551,aipw_robust,500,5,covariate,0.1,10,2,2000,-0.171283795107412,0.0509555193413362,0.0216281949724246,0.225733292496557,0.189321074453904,0.793,2000,372.606939077377,0.003288479509775346,0.0013178925508263942,0.0029191364203543335
551,reg_adj,500,5,covariate,0.1,10,2,2000,-0.195910951452295,0.0516685324053691,0.0132940785456983,0.227307132324019,0.199752048551562,0.601,2000,372.606939077377,0.0025781852673632958,0.0010941733246707529,0.002406816964966687
551,adaptive,500,5,covariate,0.1,10,2,2000,-0.195910951452295,0.0516685324053691,0.0132940785456983,0.227307132324019,0.199752048551562,0.601,2000,372.606939077377,0.0025781852673632958,0.0010941733246707529,0.002406816964966687
552,naive,1000,5,covariate,0.1,10,2,2000,-0.203116574714423,0.047987837480662,0.006734861987936,0.219061264217711,0.203493426442301,0.3,2000,743.423892021179,0.0018350561282881785,0.0007752869903674192,0.0017695665939298857
552,ipw_robust,1000,5,covariate,0.1,10,2,2000,-0.19843448294344,0.0465592829478195,0.0071866322429104,0.215776001788474,0.199115105853588,0.3485,2000,743.423892021179,0.0018956044211425548,0.0007858834854909021,0.0018210632298704527
552,dr_robust,1000,5,covariate,0.1,10,2,2000,-0.201840294625937,0.0476976196892911,0.0069615959525825,0.218397847263408,0.202272636637741,0.3225,2000,743.423892021179,0.0018656896784543912,0.0007846577330051446,0.0017963953006798067
552,aipw_robust,1000,5,covariate,0.1,10,2,2000,-0.197127887260881,0.049010808967722,0.0101564832734202,0.221383849834901,0.19978619987592,0.483,2000,743.423892021179,0.0022534954263787846,0.0009447242585348084,0.0021336792616971495
552,reg_adj,1000,5,covariate,0.1,10,2,2000,-0.20350022773901,0.0480705606927749,0.0066615487773346,0.21924999587862,0.203869769922477,0.2925,2000,743.423892021179,0.0018250409279430694,0.0007720860792274336,0.001760743657333685
552,adaptive,1000,5,covariate,0.1,10,2,2000,-0.20350022773901,0.0480705606927749,0.0066615487773346,0.21924999587862,0.203869769922477,0.2925,2000,743.423892021179,0.0018250409279430694,0.0007720860792274336,0.001760743657333685
553,naive,200,10,covariate,0.1,10,2,2000,-0.150021635634656,0.0677659071415462,0.0452820570115547,0.260318856676857,0.209770223415043,0.8955,2000,257.107782125473,0.0047582589784266,0.002022064568389437,0.003883822697676291
553,ipw_robust,200,10,covariate,0.1,10,2,2000,-0.145123575580368,0.0660308349034952,0.0449924789537411,0.2569646569151,0.207278625269564,0.895,2000,257.107782125473,0.004743020079745662,0.001979768435991056,0.0038522193280556144
553,dr_robust,200,10,covariate,0.1,10,2,2000,-0.131437825601076,0.0677837464648878,0.0505331110216597,0.26035311879232,0.205153664083925,0.9145,2000,257.107782125473,0.0050265848755223315,0.002073549000368825,0.003982185828975734
553,aipw_robust,200,10,covariate,0.1,10,2,2000,-0.0707802556448749,0.0608796340177103,0.0558977382977053,0.246737986572214,0.195400012533279,0.9375,2000,257.107782125473,0.005286669003148642,0.0019195403382873055,0.003889835458565486
553,reg_adj,200,10,covariate,0.1,10,2,2000,-0.163646812753424,0.0628393705474863,0.0360771297880262,0.250677822209078,0.205230500206818,0.867,2000,257.107782125473,0.004247183171704877,0.001798296560534644,0.0035868680856712834
553,adaptive,200,10,covariate,0.1,10,2,2000,-0.162014234973406,0.0639840480393792,0.0377543128617921,0.25295068301821,0.206640233230026,0.872,2000,257.107782125473,0.004344784969465814,0.0018459102860537136,0.0036487552910082987
554,naive,500,10,covariate,0.1,10,2,2000,-0.166160246373127,0.043224572292169,0.0156231563955884,0.207905200252829,0.176019228847874,0.74,2000,583.633399963379,0.0027949200700188546,0.0010520311655843133,0.002530074198011789
554,ipw_robust,500,10,covariate,0.1,10,2,2000,-0.158841486463714,0.0413572968954833,0.0161347464467046,0.203364935265358,0.170779247234456,0.7665,2000,583.633399963379,0.0028403121700531966,0.0010365853970623314,0.0025485843852819487
554,dr_robust,500,10,covariate,0.1,10,2,2000,-0.165115961541275,0.0430958588183111,0.015840498311767,0.207595420995529,0.175417894618411,0.743,2000,583.633399963379,0.0028142937223899532,0.001055769526143314,0.002542853597348981
554,aipw_robust,500,10,covariate,0.1,10,2,2000,-0.120074927096182,0.0373149974205062,0.0229084635351203,0.193170902106156,0.156379027093245,0.87,2000,583.633399963379,0.003384410106290334,0.0010887541557225626,0.002818111174746815
554,reg_adj,500,10,covariate,0.1,10,2,2000,-0.165669516421002,0.0415729692118216,0.0141336473643351,0.203894505104531,0.173192475014211,0.7205,2000,583.633399963379,0.0026583498043274045,0.00098772220063383,0.002422140312529395
554,adaptive,500,10,covariate,0.1,10,2,2000,-0.165594124138136,0.0415630744071367,0.0141487348254732,0.203870239140333,0.173126852882152,0.7205,2000,583.633399963379,0.0026597683005736795,0.0009879996589936587,0.002423109089290797
555,naive,1000,10,covariate,0.1,10,2,2000,-0.167577398362927,0.0351438124313697,0.0070651605695674,0.18746683021636,0.168879648064155,0.489,2000,1203.87797307968,0.001879515970877529,0.0006683762251373669,0.001782651961325579
555,ipw_robust,1000,10,covariate,0.1,10,2,2000,-0.161345151140416,0.0334924273370828,0.0074639014913046,0.183009364069391,0.163185214595006,0.545,2000,1203.87797307968,0.001931825754474844,0.0006665690069684435,0.0018211336079931488
555,dr_robust,1000,10,covariate,0.1,10,2,2000,-0.165824804675484,0.0346793222523716,0.0071850489311747,0.186223849848433,0.167182613820033,0.5095,2000,1203.87797307968,0.0018953955960662539,0.0006684100173929913,0.0017946412823518795
555,aipw_robust,1000,10,covariate,0.1,10,2,2000,-0.15402199470126,0.0347405792916486,0.0110233160979425,0.186388248802462,0.161074683496648,0.691,2000,1203.87797307968,0.0023476920686008314,0.0008028205214228086,0.0021536242938621467
555,reg_adj,1000,10,covariate,0.1,10,2,2000,-0.166520818165678,0.0346318481991688,0.0069061183757898,0.1860963411762,0.167715848971939,0.4895,2000,1203.87797307968,0.0018582408853253928,0.000656274721379913,0.0017632660514226286
555,adaptive,1000,10,covariate,0.1,10,2,2000,-0.166520818165678,0.0346318481991688,0.0069061183757898,0.1860963411762,0.167715848971939,0.4895,2000,1203.87797307968,0.0018582408853253928,0.000656274721379913,0.0017632660514226286
556,naive,200,20,covariate,0.1,10,2,2000,-0.11621492520699,0.0551911071203631,0.0417060513051493,0.234927876422453,0.188118040887981,0.902,2000,613.708475112915,0.004566511321848951,0.0016929119792675055,0.003603046188148549
556,ipw_robust,200,20,covariate,0.1,10,2,2000,-0.120359657191935,0.0545941804721059,0.0401277972913915,0.233653975939007,0.187141276495426,0.8975,2000,613.708475112915,0.004479274343651631,0.0016651902411451592,0.0035633680840505798
556,dr_robust,200,20,covariate,0.1,10,2,2000,-0.0585492760789306,0.0553719723952008,0.0519699396356518,0.235312499445314,0.169623180059958,0.9595,2000,613.708475112915,0.005097545469912544,0.0017484800183769815,0.003715229795481654
556,aipw_robust,200,20,covariate,0.1,10,2,2000,-0.0491371512281071,0.0556497134366077,0.053261884748168,0.235901914864224,0.187034413697979,0.941,2000,613.708475112915,0.005160517645942508,0.001758984283073091,0.0037282111170769726
556,reg_adj,200,20,covariate,0.1,10,2,2000,-0.168661509457804,0.0655860583818371,0.0371579325755401,0.256097751614178,0.209259677174011,0.8605,2000,613.708475112915,0.00431033250315681,0.001869425962470938,0.0036498289240885383
556,adaptive,200,20,covariate,0.1,10,2,2000,-0.167249977613292,0.0662553335334768,0.0383019294865736,0.257401114087482,0.209954258018057,0.8655,2000,613.708475112915,0.004376181525403945,0.0018999588052442714,0.003690657695829823
557,naive,500,20,covariate,0.1,10,2,2000,-0.169490669524085,0.0482248992257004,0.0195075659529542,0.219601683112176,0.186319192348716,0.7815,2000,1285.5411670208,0.0031231047014913063,0.001225290259555012,0.002789801613062124
557,ipw_robust,500,20,covariate,0.1,10,2,2000,-0.161441290427785,0.0451650943127499,0.0191113597376304,0.212520809128777,0.1786289418113,0.7855,2000,1285.5411670208,0.0030912262726651373,0.0011668135682446623,0.002745174867882306
557,dr_robust,500,20,covariate,0.1,10,2,2000,-0.161581307021245,0.0463218359008059,0.0202234288365305,0.21522508195098,0.180331118715769,0.7995,2000,1285.5411670208,0.0031798922023026583,0.0012103696199932002,0.0028118693439942
557,aipw_robust,500,20,covariate,0.1,10,2,2000,-0.0809486133796247,0.0282830158260414,0.0217412084221685,0.168175550619112,0.134798934224267,0.9155,2000,1285.5411670208,0.0032970599344088742,0.0008704058939657962,0.0025877896363696536
557,reg_adj,500,20,covariate,0.1,10,2,2000,-0.174701239746003,0.0441259831894632,0.0136122661537497,0.210061855627011,0.182416694756823,0.69,2000,1285.5411670208,0.0026088566608525755,0.0010080678344690094,0.002399454749792723
557,adaptive,500,20,covariate,0.1,10,2,2000,-0.174755922617623,0.0446273626161486,0.0140947775149694,0.211251893757544,0.182942010519146,0.6965,2000,1285.5411670208,0.0026546918385162333,0.0010293499909484931,0.00243630949914676
558,naive,1000,20,covariate,0.1,10,2,2000,-0.175852112959414,0.0386442035658678,0.0077240999835691,0.196581289968979,0.177598175807723,0.482,2000,2611.5550069809,0.0019652099103618804,0.000733062975071518,0.0018645288551804627
558,ipw_robust,1000,20,covariate,0.1,10,2,2000,-0.169512726814906,0.0364424754938453,0.0077117668250328,0.190899123868721,0.17152450057397,0.505,2000,2611.5550069809,0.0019636403470382245,0.0007089850991769152,0.0018569626848169186
558,dr_robust,1000,20,covariate,0.1,10,2,2000,-0.174244545637658,0.0379775222726185,0.0076201706734813,0.194878224213529,0.175804444401657,0.476,2000,2611.5550069809,0.0019519439891402238,0.0007216519028275949,0.0018515457684920135
558,aipw_robust,1000,20,covariate,0.1,10,2,2000,-0.133673174694372,0.0295441851570178,0.0116815082782848,0.171884220209471,0.145112239102224,0.759,2000,2611.5550069809,0.002416765222180756,0.0007442580929716405,0.002164998311260428
558,reg_adj,1000,20,covariate,0.1,10,2,2000,-0.17482627931407,0.0375181870367697,0.0069574378168768,0.193696120345168,0.176022200447014,0.452,2000,2611.5550069809,0.0018651324104305303,0.0006882611216579239,0.001776651799817769
558,adaptive,1000,20,covariate,0.1,10,2,2000,-0.17482627931407,0.0375181870367697,0.0069574378168768,0.193696120345168,0.176022200447014,0.452,2000,2611.5550069809,0.0018651324104305303,0.0006882611216579239,0.001776651799817769
559,naive,200,5,outcome,0.1,10,2,2000,0.0046535890156089,0.77282746789859,0.77319240821197,0.879106061802892,0.636575098373828,0.956,2000,175.360962152481,0.01966204984496746,0.02445117560480949,0.013906840520849343
559,ipw_robust,200,5,outcome,0.1,10,2,2000,-0.0174613733086713,0.0435358097125855,0.0432525364229722,0.208652365700908,0.165971073089934,0.943,2000,175.360962152481,0.004650405166379172,0.0013773733210284223,0.0033006415153778155
559,dr_robust,200,5,outcome,0.1,10,2,2000,0.0043901701109838,0.0425975118963415,0.042599538071774,0.206391646866683,0.164057924162843,0.951,2000,175.360962152481,0.0046151672814630455,0.001347725022509227,0.003264969883640153
559,aipw_robust,200,5,outcome,0.1,10,2,2000,0.001241006480694,0.0462696043310129,0.0462912098388472,0.215103705990885,0.171997129472834,0.951,2000,175.360962152481,0.004810987935905015,0.0014639052886914724,0.003402789556665066
559,reg_adj,200,5,outcome,0.1,10,2,2000,0.0048171218030654,0.733750233534797,0.734094075910286,0.856592221266804,0.626398256371139,0.9565,2000,175.360962152481,0.019158471701968896,0.023214826751390492,0.01355068734867704
559,adaptive,200,5,outcome,0.1,10,2,2000,-0.0174613733086713,0.0435358097125855,0.0432525364229722,0.208652365700908,0.165971073089934,0.943,2000,175.360962152481,0.004650405166379172,0.0013773733210284223,0.0033006415153778155
560,naive,500,5,outcome,0.1,10,2,2000,0.0285865568445884,0.334775904418282,0.334125776074091,0.578598223656349,0.431538609040204,0.9625,2000,378.542943954468,0.012925280965497249,0.010591795105007103,0.009152979279882791
560,ipw_robust,500,5,outcome,0.1,10,2,2000,-0.0174012699217849,0.017155257086902,0.016860883333678,0.130978078650215,0.105080284367247,0.9545,2000,378.542943954468,0.0029035222862652523,0.0005426789835601755,0.0020716404956948294
560,dr_robust,500,5,outcome,0.1,10,2,2000,0.0049328413033782,0.0166427087409392,0.016626689162196,0.129006622856887,0.102057251160579,0.9495,2000,378.542943954468,0.002883287113885469,0.0005265509893650639,0.002040790533479786
560,aipw_robust,500,5,outcome,0.1,10,2,2000,0.0023812965103666,0.0188098406274711,0.0188135768428222,0.13714897238941,0.110016782277798,0.9565,2000,378.542943954468,0.0030670488130140837,0.0005951168298285447,0.002169600032214666
560,reg_adj,500,5,outcome,0.1,10,2,2000,0.0268811411832006,0.323396287413951,0.322835109217248,0.568679424116919,0.424301106961215,0.9625,2000,378.542943954468,0.012705020842510413,0.010231767506149726,0.008996076763317273
560,adaptive,500,5,outcome,0.1,10,2,2000,-0.0174012699217849,0.017155257086902,0.016860883333678,0.130978078650215,0.105080284367247,0.9545,2000,378.542943954468,0.0029035222862652523,0.0005426789835601755,0.0020716404956948294
561,naive,1000,5,outcome,0.1,10,2,2000,0.0059747785696284,0.147257623837556,0.147295573645423,0.383741610771566,0.293925138099581,0.9505,2000,703.316164970398,0.008581828874005324,0.0046590237522587145,0.006070521962540234
561,ipw_robust,1000,5,outcome,0.1,10,2,2000,-0.0140188859390848,0.0087091066636885,0.0085168359186748,0.0933225946043539,0.0750999129953604,0.9445,2000,703.316164970398,0.002063593457863588,0.0002754707014079383,0.001475905714879719
561,dr_robust,1000,5,outcome,0.1,10,2,2000,0.0074927728179878,0.0085945143437367,0.0085426440212454,0.0927066035605703,0.0742019842137844,0.947,2000,703.316164970398,0.0020667176901121983,0.00027191168242871646,0.0014665173352568228
561,aipw_robust,1000,5,outcome,0.1,10,2,2000,0.0023328771111472,0.0095266755686619,0.0095259962511718,0.0976046903005279,0.0777726988683303,0.949,2000,703.316164970398,0.0021824294090728113,0.0003014105033565439,0.001544036984434311
561,reg_adj,1000,5,outcome,0.1,10,2,2000,0.0056867266798481,0.145230154842974,0.145270451208247,0.38109074358081,0.2898737468137,0.9535,2000,703.316164970398,0.008522630204586112,0.0045948775561391675,0.006028587198110241
561,adaptive,1000,5,outcome,0.1,10,2,2000,-0.0140188859390848,0.0087091066636885,0.0085168359186748,0.0933225946043539,0.0750999129953604,0.9445,2000,703.316164970398,0.002063593457863588,0.0002754707014079383,0.001475905714879719
562,naive,200,10,outcome,0.1,10,2,2000,-0.019826745156853,0.998879887716743,0.998986281033745,0.999439786939035,0.695472986153344,0.962,2000,297.323613166809,0.0223493431786456,0.03160314845636695,0.015810431438374743
562,ipw_robust,200,10,outcome,0.1,10,2,2000,-0.0190571778924491,0.0506269944392736,0.0502889628914949,0.225004432043624,0.180940468566477,0.957,2000,297.323613166809,0.005014427329790258,0.0016017201005218262,0.003559307890013659
562,dr_robust,200,10,outcome,0.1,10,2,2000,0.0010002417884376,0.0497922291592109,0.0498161367439476,0.223141724379846,0.178010436450895,0.951,2000,297.323613166809,0.004990798370198279,0.0015753562011655848,0.0035299453868249077
562,aipw_robust,200,10,outcome,0.1,10,2,2000,0.0021193990330354,0.0523606665774961,0.052382365908189,0.228824532289473,0.182285686298714,0.948,2000,297.323613166809,0.005117732208126418,0.0016566178937331652,0.003619843285940756
562,reg_adj,200,10,outcome,0.1,10,2,2000,-0.0154821602938868,0.84615197099256,0.846335441425907,0.919865191749617,0.67996793907469,0.9555,2000,297.323613166809,0.02057104082716656,0.026771055414992646,0.014551618897587116
562,adaptive,200,10,outcome,0.1,10,2,2000,-0.0190571778924491,0.0506269944392736,0.0502889628914949,0.225004432043624,0.180940468566477,0.957,2000,297.323613166809,0.005014427329790258,0.0016017201005218262,0.003559307890013659
563,naive,500,10,outcome,0.1,10,2,2000,0.0203758913422294,0.329523199446128,0.329272658827552,0.574041113027742,0.430303915941377,0.9555,2000,654.892729997635,0.012831068911582387,0.010425636512293283,0.009080914481285104
563,ipw_robust,500,10,outcome,0.1,10,2,2000,-0.0163020745563947,0.0182580709419921,0.0180013139641319,0.135122429455631,0.107229882036082,0.9475,2000,654.892729997635,0.003000109495012799,0.0005775943885475093,0.002137300190924887
563,dr_robust,500,10,outcome,0.1,10,2,2000,0.0019773761998878,0.0175818308992904,0.0175867142397744,0.132596496557377,0.105870315674028,0.948,2000,654.892729997635,0.0029653595262441957,0.0005562643674027483,0.002097583201084209
563,aipw_robust,500,10,outcome,0.1,10,2,2000,-0.0033062411391526,0.0187928893393812,0.0187913537858039,0.137087159644444,0.108460525283926,0.9485,2000,654.892729997635,0.003065236841241138,0.0005945803581866852,0.002168621626302631
563,reg_adj,500,10,outcome,0.1,10,2,2000,0.0194563550591571,0.323382298482415,0.323165331395925,0.568667124495882,0.426047780039196,0.9555,2000,654.892729997635,0.012711517049430509,0.010231348871408374,0.008995903254015579
563,adaptive,500,10,outcome,0.1,10,2,2000,-0.0163020745563947,0.0182580709419921,0.0180013139641319,0.135122429455631,0.107229882036082,0.9475,2000,654.892729997635,0.003000109495012799,0.0005775943885475093,0.002137300190924887
564,naive,1000,10,outcome,0.1,10,2,2000,-0.0005241452238653,0.166939361119102,0.167022597689731,0.408582135095383,0.311899704430898,0.952,2000,1167.58417201042,0.009138451665619593,0.005281726981837117,0.006463482526719021
564,ipw_robust,1000,10,outcome,0.1,10,2,2000,-0.0102516992504214,0.0090329326640717,0.0089323014772892,0.0950417416931725,0.0758003329309391,0.948,2000,1167.58417201042,0.002113326936052394,0.00028576831855120055,0.0015033832159439963
564,dr_robust,1000,10,outcome,0.1,10,2,2000,0.0063084841000171,0.0087733599832829,0.0087379319776315,0.0936662158052887,0.0745281908728925,0.9475,2000,1167.58417201042,0.0020902071640906193,0.0002775733087094834,0.0014817151857960014
564,aipw_robust,1000,10,outcome,0.1,10,2,2000,0.0003598458197791,0.0093801181377013,0.0093846809891818,0.0968510099983542,0.0772956537717688,0.9515,2000,1167.58417201042,0.0021661810853644946,0.0002967737651728779,0.0015321149731836613
564,reg_adj,1000,10,outcome,0.1,10,2,2000,-0.0029449255985167,0.163379355667897,0.16345240928576,0.404202122295143,0.309080030330945,0.9515,2000,1167.58417201042,0.009040254677987783,0.005169093267849568,0.006394193625825602
564,adaptive,1000,10,outcome,0.1,10,2,2000,-0.0102516992504214,0.0090329326640717,0.0089323014772892,0.0950417416931725,0.0758003329309391,0.948,2000,1167.58417201042,0.002113326936052394,0.00028576831855120055,0.0015033832159439963
565,naive,200,20,outcome,0.1,10,2,2000,0.0270838907252284,0.87903067547573,0.87873650659221,0.937566357905258,0.691813130956581,0.948,2000,699.219153165817,0.020961112883053346,0.02781127504700214,0.01483163021609426
565,ipw_robust,200,20,outcome,0.1,10,2,2000,-0.0126853276596472,0.0540405681412664,0.0539066039053864,0.232466273126375,0.18530972433192,0.9465,2000,699.219153165817,0.005191656956376567,0.0017097575794711266,0.0036774314752782565
565,dr_robust,200,20,outcome,0.1,10,2,2000,0.0051295591960531,0.054919460205703,0.0549206081322232,0.234349013664882,0.187343125015158,0.948,2000,699.219153165817,0.005240258015223258,0.0017375739930045174,0.0037072355582627716
565,aipw_robust,200,20,outcome,0.1,10,2,2000,0.0077421019292409,0.0588593534439047,0.0588288277154797,0.242609466929683,0.194638414718382,0.9515,2000,699.219153165817,0.005423505679700156,0.0018622253856568436,0.0038379075005275536
565,reg_adj,200,20,outcome,0.1,10,2,2000,0.0290049577322944,0.781386113408105,0.780935293481794,0.883960470500862,0.667672836115253,0.951,2000,699.219153165817,0.019760254217516964,0.024721931860617687,0.013983618434096923
565,adaptive,200,20,outcome,0.1,10,2,2000,-0.0126853276596472,0.0540405681412664,0.0539066039053864,0.232466273126375,0.18530972433192,0.9465,2000,699.219153165817,0.005191656956376567,0.0017097575794711266,0.0036774314752782565
566,naive,500,20,outcome,0.1,10,2,2000,0.0009569918457104,0.327110149557657,0.327272870159344,0.571935441774382,0.426125804644471,0.957,2000,1757.23255181313,0.012792045773826484,0.010349305821995062,0.009047617148787985
566,ipw_robust,500,20,outcome,0.1,10,2,2000,-0.0128233589610018,0.0194209971805447,0.0192661917413726,0.139359237873005,0.110661554517848,0.945,2000,1757.23255181313,0.003103722904945978,0.0006144284766406422,0.0022044770264909074
566,dr_robust,500,20,outcome,0.1,10,2,2000,0.0049013820106469,0.0190454214018902,0.0190309133129323,0.138005149910756,0.109083516887609,0.9465,2000,1757.23255181313,0.003084713383195617,0.0006025695325457915,0.002183141473109721
566,aipw_robust,500,20,outcome,0.1,10,2,2000,0.0003355395541597,0.0201410184758851,0.0201509813797826,0.141919056070301,0.112598681589581,0.95,2000,1757.23255181313,0.003174191344246799,0.0006372335427745936,0.002245059826422935
566,reg_adj,500,20,outcome,0.1,10,2,2000,0.0026395630786857,0.291118836921942,0.291257498377885,0.539554294693261,0.4141669514941,0.958,2000,1757.23255181313,0.012067673727315572,0.009210591127291803,0.008535370043276242
566,adaptive,500,20,outcome,0.1,10,2,2000,-0.0128233589610018,0.0194209971805447,0.0192661917413726,0.139359237873005,0.110661554517848,0.945,2000,1757.23255181313,0.003103722904945978,0.0006144284766406422,0.0022044770264909074
567,naive,1000,20,outcome,0.1,10,2,2000,0.0071981517668846,0.151181361136398,0.1512051503227,0.388820474173362,0.301878158025684,0.9515,2000,3035.44605088234,0.008694974132299072,0.004783164892266692,0.006150865515037204
567,ipw_robust,1000,20,outcome,0.1,10,2,2000,-0.0120462315746339,0.0088361869750125,0.0086954229913584,0.0940009945426777,0.0755263805717909,0.953,2000,3035.44605088234,0.0020851166623666885,0.00027952458950740585,0.0014868171920271438
567,dr_robust,1000,20,outcome,0.1,10,2,2000,0.0050813579843764,0.0086918695340856,0.0086703845273839,0.0932301964713453,0.0745173334912687,0.951,2000,3035.44605088234,0.002082112452220569,0.0002749969271826597,0.0014748275644103205
567,aipw_robust,1000,20,outcome,0.1,10,2,2000,5.84775242211677e-05,0.0095124318679816,0.0095171870418817,0.0975316967348649,0.0775856196272582,0.9485,2000,3035.44605088234,0.002181420069803349,0.00030095998783975125,0.0015428829699225682
567,reg_adj,1000,20,outcome,0.1,10,2,2000,0.0092396371008911,0.14259595830373,0.142581878349148,0.37761880025196,0.296263225559929,0.9485,2000,3035.44605088234,0.0084433961872326,0.004511533743456591,0.005973661454946554
567,adaptive,1000,20,outcome,0.1,10,2,2000,-0.0120462315746339,0.0088361869750125,0.0086954229913584,0.0940009945426777,0.0755263805717909,0.953,2000,3035.44605088234,0.0020851166623666885,0.00027952458950740585,0.0014868171920271438
568,naive,200,5,treatment,0.1,10,2,2000,-0.477293461077035,0.258550937525606,0.0307572681727975,0.508479043349484,0.477541068072733,0.2335,2000,180.161404848099,0.0039215601597321886,0.0038677613043850883,0.003803265203327886
568,ipw_robust,200,5,treatment,0.1,10,2,2000,-0.443278768909305,0.228788863240572,0.0323089507501985,0.478318788299783,0.443871504996069,0.3125,2000,180.161404848099,0.004019263038804409,0.0037068897743238786,0.00387491550091548
568,dr_robust,200,5,treatment,0.1,10,2,2000,-0.431922451094604,0.215983906170313,0.0294416232223539,0.464740687018377,0.432351779026226,0.3015,2000,180.161404848099,0.0038367709875853874,0.003442657579011907,0.0037038478394251025
568,aipw_robust,200,5,treatment,0.1,10,2,2000,-0.36886198124922,0.182484707956791,0.0464487711312574,0.427182288908133,0.374856709846678,0.592,2000,180.161404848099,0.00481916855542828,0.0038466933876271448,0.004502402706651526
568,reg_adj,200,5,treatment,0.1,10,2,2000,-0.469312167813547,0.249265009010565,0.0290256109581935,0.499264468003247,0.469492119887169,0.217,2000,180.161404848099,0.0038095676236413957,0.003691679123198226,0.0036971178201031293
568,adaptive,200,5,treatment,0.1,10,2,2000,-0.469312167813547,0.249265009010565,0.0290256109581935,0.499264468003247,0.469492119887169,0.217,2000,180.161404848099,0.0038095676236413957,0.003691679123198226,0.0036971178201031293
569,naive,500,5,treatment,0.1,10,2,2000,-0.474697691681644,0.236214506188963,0.0108820487254444,0.486019038916134,0.474697691681644,0.0055,2000,395.108990907669,0.0023326003435484187,0.002241136980760364,0.002305606160777467
569,ipw_robust,500,5,treatment,0.1,10,2,2000,-0.440375233784268,0.205944493323185,0.0120201568710718,0.453811076686307,0.440399529994251,0.0275,2000,395.108990907669,0.002451546131635279,0.0021924029159628017,0.0024155458389992996
569,dr_robust,500,5,treatment,0.1,10,2,2000,-0.426572945276271,0.192576596125355,0.010617427197281,0.438835500074179,0.426598187165867,0.018,2000,395.108990907669,0.00230406458213317,0.0019941712433973694,0.0022721170496237003
569,aipw_robust,500,5,treatment,0.1,10,2,2000,-0.363790300696642,0.149506595194108,0.017171798212261,0.386660827074722,0.363884488972078,0.203,2000,395.108990907669,0.0029301704909664387,0.0022000041783965,0.002844875953740396
569,reg_adj,500,5,treatment,0.1,10,2,2000,-0.466916916734393,0.228373077354194,0.0103668536482656,0.47788395804232,0.466916916734393,0.0055,2000,395.108990907669,0.002276714040922311,0.002151198818649716,0.0022507543750393193
569,adaptive,500,5,treatment,0.1,10,2,2000,-0.466916916734393,0.228373077354194,0.0103668536482656,0.47788395804232,0.466916916734393,0.0055,2000,395.108990907669,0.002276714040922311,0.002151198818649716,0.0022507543750393193
570,naive,1000,5,treatment,0.1,10,2,2000,-0.474527314616446,0.230883814416301,0.0057104973478793,0.480503709055717,0.474527314616446,0.0,2000,726.535103797913,0.0016897481096126872,0.001613798515802053,0.0016792778967028997
570,ipw_robust,1000,5,treatment,0.1,10,2,2000,-0.439813032818961,0.199629913957933,0.006197508874958,0.446799635136302,0.439813032818961,0.0,2000,726.535103797913,0.0017603279346414407,0.0015607836556627108,0.0017466259290773297
570,dr_robust,1000,5,treatment,0.1,10,2,2000,-0.426086562913988,0.187144829906184,0.0055978697452002,0.432602392395354,0.426086562913988,0.0,2000,726.535103797913,0.001673001755109689,0.0014366349407787561,0.0016604565370339191
570,aipw_robust,1000,5,treatment,0.1,10,2,2000,-0.35758787855323,0.136375195512135,0.0085103598038378,0.369290123767391,0.35761501822604,0.0275,2000,726.535103797913,0.00206280874099343,0.001499616673182587,0.0020304045202778937
570,reg_adj,1000,5,treatment,0.1,10,2,2000,-0.466691030030167,0.223279313424988,0.0054815366827115,0.472524405110454,0.466691030030167,0.0,2000,726.535103797913,0.0016555266054508909,0.0015549309621008631,0.0016453446057853808
570,adaptive,1000,5,treatment,0.1,10,2,2000,-0.466691030030167,0.223279313424988,0.0054815366827115,0.472524405110454,0.466691030030167,0.0,2000,726.535103797913,0.0016555266054508909,0.0015549309621008631,0.0016453446057853808
571,naive,200,10,treatment,0.1,10,2,2000,-0.49529653411724,0.27996254939757,0.0346612233006706,0.529114873536523,0.495620747846244,0.2385,2000,306.447452068329,0.0041630051225449265,0.004267023538801981,0.004032227926500958
571,ipw_robust,200,10,treatment,0.1,10,2,2000,-0.45052533589675,0.238856234937214,0.0359011072059379,0.488729204096925,0.451710729682514,0.338,2000,306.447452068329,0.004236809365898936,0.003982813827617556,0.00407466322273191
571,dr_robust,200,10,treatment,0.1,10,2,2000,-0.451397303979489,0.23629596634915,0.0325527166675333,0.486102835158519,0.45199013543339,0.2955,2000,306.447452068329,0.0040343968983934456,0.003784908400663814,0.0038931149202509267
571,aipw_robust,200,10,treatment,0.1,10,2,2000,-0.39320264351625,0.202100758357475,0.0475161975881014,0.449556179311857,0.399323577836428,0.554,2000,306.447452068329,0.0048742280203177505,0.004117109166568155,0.004579081943518474
571,reg_adj,200,10,treatment,0.1,10,2,2000,-0.48229808680434,0.263365014556136,0.0307689544982587,0.513191011764758,0.482667574809615,0.2125,2000,306.447452068329,0.003922305093835683,0.003906552247988883,0.0038061386096329467
571,adaptive,200,10,treatment,0.1,10,2,2000,-0.48217146529721,0.263294278397643,0.0308203666341015,0.513122089173369,0.482540953302485,0.213,2000,306.447452068329,0.003925580634384008,0.003909054525239079,0.0038090881368374727
572,naive,500,10,treatment,0.1,10,2,2000,-0.490065212128566,0.252355746173484,0.0121979330013685,0.502350222627087,0.490065212128566,0.0065,2000,713.387257099152,0.0024696085723620756,0.0024510806165307297,0.0024396133475492227
572,ipw_robust,500,10,treatment,0.1,10,2,2000,-0.446403337563044,0.212494920957453,0.0132255939670108,0.4609717138366,0.446403337563044,0.031,2000,713.387257099152,0.002571535919155204,0.0023336670006293067,0.0025312475045448433
572,dr_robust,500,10,treatment,0.1,10,2,2000,-0.443381024314753,0.208561377114446,0.0119806347094006,0.456685205710067,0.443381024314753,0.0165,2000,713.387257099152,0.002447512483053008,0.002203180263837567,0.0024121432403442986
572,aipw_robust,500,10,treatment,0.1,10,2,2000,-0.378403842277882,0.161911682063135,0.018731580002472,0.402382507153498,0.378641377262902,0.205,2000,713.387257099152,0.0030603578224181562,0.0023906488731098145,0.002970617298974489
572,reg_adj,500,10,treatment,0.1,10,2,2000,-0.479475679820513,0.24150416504409,0.01161304402676,0.491430732702066,0.479475679820513,0.007,2000,713.387257099152,0.0024096725946443427,0.0023397583366300792,0.0023805576055095615
572,adaptive,500,10,treatment,0.1,10,2,2000,-0.479475679820513,0.24150416504409,0.01161304402676,0.491430732702066,0.479475679820513,0.007,2000,713.387257099152,0.0024096725946443427,0.0023397583366300792,0.0023805576055095615
573,naive,1000,10,treatment,0.1,10,2,2000,-0.484641232406574,0.240967788285032,0.0060937109919653,0.490884699583346,0.484641232406574,0.0,2000,1319.53207993507,0.0017455244186154056,0.0017028446611550305,0.0017344650002336333
573,ipw_robust,1000,10,treatment,0.1,10,2,2000,-0.441922829386435,0.201662969116979,0.0063703671676505,0.449069002623181,0.441922829386435,0.0,2000,1319.53207993507,0.0017847082629453056,0.0015902180097441385,0.001770572006145021
573,dr_robust,1000,10,treatment,0.1,10,2,2000,-0.43692942165089,0.196786280106926,0.0058819015535218,0.443605996473139,0.43692942165089,0.0,2000,1319.53207993507,0.0017149200496702171,0.0015100969784176028,0.00170207006941242
573,aipw_robust,1000,10,treatment,0.1,10,2,2000,-0.372362368465253,0.147497484020148,0.0088481746584245,0.384054011852693,0.372362368465253,0.024,2000,1319.53207993507,0.0021033514516628576,0.0015912118325306956,0.0020715990243854263
573,reg_adj,1000,10,treatment,0.1,10,2,2000,-0.473655515620941,0.230081866668848,0.0057351867841012,0.479668496639969,0.473655515620941,0.0,2000,1319.53207993507,0.001693396997768273,0.0016143932256051962,0.0016828218206051296
573,adaptive,1000,10,treatment,0.1,10,2,2000,-0.473655515620941,0.230081866668848,0.0057351867841012,0.479668496639969,0.473655515620941,0.0,2000,1319.53207993507,0.001693396997768273,0.0016143932256051962,0.0016828218206051296
574,naive,200,20,treatment,0.1,10,2,2000,-0.490583113877556,0.2797823181582,0.0391300915821926,0.528944532213162,0.491376199781351,0.297,2000,739.99240899086,0.004423239287117112,0.004512890710182723,0.004265939465618723
574,ipw_robust,200,20,treatment,0.1,10,2,2000,-0.449805881618054,0.242057564698388,0.0397521096150006,0.49199346001587,0.451270797062066,0.394,2000,739.99240899086,0.004458256924796988,0.004203087876958635,0.004271487548658735
574,dr_robust,200,20,treatment,0.1,10,2,2000,-0.449109403798035,0.238070283229876,0.0363892212606798,0.487924464676528,0.450033141792208,0.345,2000,739.99240899086,0.004265514110906199,0.00400044162256551,0.00409944767292784
574,aipw_robust,200,20,treatment,0.1,10,2,2000,-0.399480368852132,0.211786262239946,0.0522278110472343,0.460202414422117,0.406359870793203,0.59,2000,739.99240899086,0.005110176662662177,0.004404230837592078,0.004785101837332314
574,reg_adj,200,20,treatment,0.1,10,2,2000,-0.475678217424374,0.257390480195185,0.0311362818040573,0.507336653707561,0.475917432399239,0.233,2000,739.99240899086,0.0039456483500216605,0.0038807043785298503,0.0038245850661193957
574,adaptive,200,20,treatment,0.1,10,2,2000,-0.475943982718729,0.258353373233723,0.0318466218584865,0.508284736376888,0.476183197693594,0.242,2000,739.99240899086,0.003990402351799033,0.0039296528154538005,0.003865601831234219
575,naive,500,20,treatment,0.1,10,2,2000,-0.488301386922183,0.250946647404622,0.0125146602646275,0.500945752955969,0.488301386922183,0.008,2000,2050.37319922447,0.002501465596867914,0.0024747856409828165,0.0024701134068705636
575,ipw_robust,500,20,treatment,0.1,10,2,2000,-0.445690316907131,0.211762402935553,0.0131291089052266,0.460176491072233,0.445690316907131,0.0235,2000,2050.37319922447,0.0025621386482025713,0.00232127167156325,0.0025221536916787916
575,dr_robust,500,20,treatment,0.1,10,2,2000,-0.440778573089727,0.206413053050576,0.0121333692401805,0.454327033149664,0.440778573089727,0.015,2000,2050.37319922447,0.002463064071454547,0.0022049716884444967,0.0024266349210593165
575,aipw_robust,500,20,treatment,0.1,10,2,2000,-0.382271909388227,0.16416388501561,0.0180410928547159,0.405171426701846,0.382366886242077,0.1815,2000,2050.37319922447,0.003003422452362962,0.00236605922063543,0.002919824874986242
575,reg_adj,500,20,treatment,0.1,10,2,2000,-0.476547103034636,0.238369216908781,0.0112777143552552,0.488230700498014,0.476547103034636,0.005,2000,2050.37319922447,0.0023746277977038,0.002291170055785594,0.0023464010491848555
575,adaptive,500,20,treatment,0.1,10,2,2000,-0.476547103034636,0.238369216908781,0.0112777143552552,0.488230700498014,0.476547103034636,0.005,2000,2050.37319922447,0.0023746277977038,0.002291170055785594,0.0023464010491848555
576,naive,1000,20,treatment,0.1,10,2,2000,-0.484314779878517,0.240720811252062,0.0061630867866788,0.490633071910223,0.484314779878517,0.0,2000,3672.1750228405,0.0017554325373933912,0.001711496668740834,0.001744171731103776
576,ipw_robust,1000,20,treatment,0.1,10,2,2000,-0.442111478457913,0.201927881373023,0.0064685562669144,0.449363863003049,0.442111478457913,0.0,2000,3672.1750228405,0.0017984098902800773,0.0016032976476881534,0.0017839637092461026
576,dr_robust,1000,20,treatment,0.1,10,2,2000,-0.436756693315849,0.196661970310244,0.0059085154117553,0.443465861493581,0.436756693315849,0.0,2000,3672.1750228405,0.0017187954229278277,0.0015129722142696147,0.0017058497007796328
576,aipw_robust,1000,20,treatment,0.1,10,2,2000,-0.373486873698809,0.148738152698816,0.0092503330400259,0.385665856278225,0.373486873698809,0.0285,2000,3672.1750228405,0.0021506200315288032,0.0016328722557978953,0.0021169520573528777
576,reg_adj,1000,20,treatment,0.1,10,2,2000,-0.473149616304656,0.229719756461202,0.0058521231135157,0.479290889190689,0.473149616304656,0.0,2000,3672.1750228405,0.0017105734584512442,0.0016292585722483674,0.0016996552709352213
576,adaptive,1000,20,treatment,0.1,10,2,2000,-0.473149616304656,0.229719756461202,0.0058521231135157,0.479290889190689,0.473149616304656,0.0,2000,3672.1750228405,0.0017105734584512442,0.0016292585722483674,0.0016996552709352213
577,naive,200,5,mixed,0.1,10,2,2000,-0.300624322963632,0.315576218571617,0.225313891960255,0.561761709777034,0.437400011331188,0.916,2000,174.972486019135,0.010613997643683905,0.00956513609273674,0.008513517320834479
577,ipw_robust,200,5,mixed,0.1,10,2,2000,-0.279840657811306,0.120989336885375,0.0426998930676448,0.34783521513121,0.298025434831803,0.729,2000,174.972486019135,0.004620600235231609,0.0029173628344004894,0.004193599019725483
577,dr_robust,200,5,mixed,0.1,10,2,2000,-0.241159998258143,0.10076169655461,0.0426248642268559,0.317429829339667,0.2640012094205,0.7995,2000,174.972486019135,0.004616538975621017,0.002602853261040328,0.004099887629424918
577,aipw_robust,200,5,mixed,0.1,10,2,2000,-0.19633806235843,0.0881665856865585,0.0496427723420667,0.29692858684633,0.242545149777192,0.861,2000,174.972486019135,0.004982106599725999,0.0025083315255104966,0.004223795950655028
577,reg_adj,200,5,mixed,0.1,10,2,2000,-0.334015535749086,0.324847680740476,0.213387996617035,0.569954104064946,0.453059897601071,0.9025,2000,174.972486019135,0.010329278692557264,0.00965133612173304,0.00846676605440609
577,adaptive,200,5,mixed,0.1,10,2,2000,-0.281452584471327,0.122050138715433,0.0428560094145505,0.349356749921098,0.299515905062446,0.727,2000,174.972486019135,0.004629039285561881,0.0029370670544395907,0.004203535576603179
578,naive,500,5,mixed,0.1,10,2,2000,-0.310801499913157,0.193053820529422,0.0965045004313693,0.43937890314559,0.363133284156502,0.843,2000,394.126322031021,0.006946383966905706,0.005287468158600437,0.006016980015137882
578,ipw_robust,500,5,mixed,0.1,10,2,2000,-0.293334595767062,0.107177084918457,0.0211424710801711,0.327379114969872,0.295934673425892,0.4735,2000,394.126322031021,0.003251343651490188,0.0020212421323034333,0.003087005309562041
578,dr_robust,500,5,mixed,0.1,10,2,2000,-0.286237149441533,0.108643024649419,0.0267246812696397,0.32961041344202,0.29017746369945,0.622,2000,394.126322031021,0.003655453547074542,0.002256857556753598,0.0034235228389569512
578,aipw_robust,500,5,mixed,0.1,10,2,2000,-0.19476580467301,0.0598308228056048,0.0219080581647619,0.244603399006647,0.2074205483799,0.7445,2000,394.126322031021,0.003309687157781072,0.0014635816487656083,0.002991744298544756
578,reg_adj,500,5,mixed,0.1,10,2,2000,-0.327123942766448,0.200917612833358,0.0939545161603716,0.448238343778572,0.372404132071401,0.83,2000,394.126322031021,0.006853995774742337,0.005379183074397766,0.006000360242557764
578,adaptive,500,5,mixed,0.1,10,2,2000,-0.293353669662302,0.107183324224308,0.0211375174787081,0.327388644006337,0.295953747321132,0.4735,2000,394.126322031021,0.0032509627403823084,0.0020210964667519353,0.003086692992797903
579,naive,1000,5,mixed,0.1,10,2,2000,-0.323249172268139,0.153008315768903,0.0485425596767048,0.391162774007066,0.337359644195815,0.6995,2000,762.417819023132,0.004926589067331717,0.0035356480139603396,0.004519407582860213
579,ipw_robust,1000,5,mixed,0.1,10,2,2000,-0.302004272259176,0.100412282009708,0.0092103067002636,0.316878970601881,0.302047146484545,0.1155,2000,762.417819023132,0.00214596210361036,0.0013284994948445164,0.0020962254016433464
579,dr_robust,1000,5,mixed,0.1,10,2,2000,-0.293174690230692,0.0984331700621219,0.0124880150777986,0.313740609520224,0.293297895082015,0.2475,2000,762.417819023132,0.0024988012203653377,0.0015174568375146103,0.0024183302885704278
579,aipw_robust,1000,5,mixed,0.1,10,2,2000,-0.205182573587386,0.0528362180064873,0.0107417003527204,0.229861301672307,0.206862297728976,0.498,2000,762.417819023132,0.002317509477080989,0.0010098677640425124,0.0021966893876773394
579,reg_adj,1000,5,mixed,0.1,10,2,2000,-0.331256326479009,0.157896811126095,0.0481901523699119,0.397362317194389,0.344839988445387,0.685,2000,762.417819023132,0.004908673566754664,0.0035914028288580387,0.0045190531077725846
579,adaptive,1000,5,mixed,0.1,10,2,2000,-0.302004272259176,0.100412282009708,0.0092103067002636,0.316878970601881,0.302047146484545,0.1155,2000,762.417819023132,0.00214596210361036,0.0013284994948445164,0.0020962254016433464
580,naive,200,10,mixed,0.1,10,2,2000,-0.270011568935851,0.308312212618557,0.235523727122918,0.555258689818139,0.420715612051849,0.931,2000,301.961250066757,0.010851813837394144,0.009477010512552944,0.008533869605585912
580,ipw_robust,200,10,mixed,0.1,10,2,2000,-0.239629127265317,0.0982023495595785,0.0408006312412615,0.313372541170375,0.261209197127796,0.786,2000,301.961250066757,0.00451667085591044,0.002520001762823969,0.004020776283417074
580,dr_robust,200,10,mixed,0.1,10,2,2000,-0.209959359851608,0.0819736614246784,0.0379096834771201,0.286310428424601,0.236634657001242,0.8175,2000,301.961250066757,0.004353715854136562,0.0021862031376123883,0.0038178894664120107
580,aipw_robust,200,10,mixed,0.1,10,2,2000,-0.18041908384563,0.0813783026333637,0.0488516826589966,0.285268825204164,0.232169215241436,0.876,2000,301.961250066757,0.004942250634022752,0.002359413829625705,0.004135421786690319
580,reg_adj,200,10,mixed,0.1,10,2,2000,-0.301237271884172,0.325777214142563,0.235150895618154,0.570768967396234,0.435628561915814,0.9305,2000,301.961250066757,0.010843221283782647,0.009898129095385245,0.008670871806975674
580,adaptive,200,10,mixed,0.1,10,2,2000,-0.241043965063247,0.0990927552777017,0.0410110677181491,0.314790017754219,0.262604587446872,0.786,2000,301.961250066757,0.004528303640335368,0.0025392072830780054,0.004033176307802367
581,naive,500,10,mixed,0.1,10,2,2000,-0.273983070260405,0.177643556974827,0.102628148259638,0.421477825009605,0.339441710812995,0.8875,2000,633.910487174988,0.007163384265123504,0.005093177233002676,0.0060420464978040165
581,ipw_robust,500,10,mixed,0.1,10,2,2000,-0.264550332549104,0.0905755986205307,0.0205990196785283,0.300957802059576,0.268702877615509,0.5425,2000,633.910487174988,0.0032092849420492643,0.0018186923281998247,0.003021507194287334
581,dr_robust,500,10,mixed,0.1,10,2,2000,-0.240230614042294,0.0843912837103536,0.0266938827285802,0.29050177918621,0.247933312084315,0.7345,2000,633.910487174988,0.003653346597886669,0.0019477194997239646,0.00335233661077767
581,aipw_robust,500,10,mixed,0.1,10,2,2000,-0.179862603342624,0.0536121789810045,0.0212722590293331,0.231543039154721,0.19448583396327,0.7635,2000,633.910487174988,0.0032613079453904,0.0013523490014101238,0.0029202972508848802
581,reg_adj,500,10,mixed,0.1,10,2,2000,-0.295195236873658,0.181147071424661,0.0940538704870089,0.425613758500193,0.347301366802673,0.858,2000,633.910487174988,0.006857618773561596,0.005023731876475742,0.00590174985669955
581,adaptive,500,10,mixed,0.1,10,2,2000,-0.264550332549104,0.0905755986205307,0.0205990196785283,0.300957802059576,0.268702877615509,0.5425,2000,633.910487174988,0.0032092849420492643,0.0018186923281998247,0.003021507194287334
582,naive,1000,10,mixed,0.1,10,2,2000,-0.282553916297309,0.130224325068947,0.0504128158619316,0.360866076362059,0.305452239209932,0.76,2000,1154.80987405777,0.0050205983638373025,0.003254387698133773,0.004509134982902393
582,ipw_robust,1000,10,mixed,0.1,10,2,2000,-0.265627038624713,0.0826592071763591,0.0121075372964726,0.287505142869409,0.266995975692773,0.3155,2000,1154.80987405777,0.002460440742679307,0.0013620400143326032,0.0023687228700310084
582,dr_robust,1000,10,mixed,0.1,10,2,2000,-0.264908767486581,0.086807476279419,0.0166391407585389,0.294631085052849,0.266115083100042,0.4845,2000,1154.80987405777,0.00288436654731493,0.001616236210841804,0.0027428134586543946
582,aipw_robust,1000,10,mixed,0.1,10,2,2000,-0.177553849505276,0.04251494000942,0.0109950680693126,0.206191512942264,0.181356255749181,0.598,2000,1154.80987405777,0.0023446820753902434,0.0009022963417889178,0.0021880055316378885
582,reg_adj,1000,10,mixed,0.1,10,2,2000,-0.293491764462811,0.133642855306693,0.0475292041012502,0.36557195640078,0.313187560379902,0.735,2000,1154.80987405777,0.004874895080986369,0.003232199077383011,0.0044207426483221825
582,adaptive,1000,10,mixed,0.1,10,2,2000,-0.265627038624713,0.0826592071763591,0.0121075372964726,0.287505142869409,0.266995975692773,0.3155,2000,1154.80987405777,0.002460440742679307,0.0013620400143326032,0.0023687228700310084
583,naive,200,20,mixed,0.1,10,2,2000,-0.237220053376052,0.335685492109232,0.279551914342667,0.579383717504412,0.429964275789689,0.94,2000,690.897487878799,0.01182268823793191,0.010469571162781945,0.009035092673882588
583,ipw_robust,200,20,mixed,0.1,10,2,2000,-0.216713751914374,0.0924111533543998,0.0454690376043972,0.303992028438905,0.25050575162896,0.8275,2000,690.897487878799,0.004768072860412118,0.002517603317956272,0.004140903514616748
583,dr_robust,200,20,mixed,0.1,10,2,2000,-0.197866465749797,0.0830516072714452,0.0439224302182386,0.288186757626795,0.235808823848681,0.84,2000,690.897487878799,0.004686279452734259,0.0023169821219391064,0.004019931625275481
583,aipw_robust,200,20,mixed,0.1,10,2,2000,-0.173452510379315,0.0858072707306324,0.0557493720597758,0.292928780987175,0.23471154255991,0.884,2000,690.897487878799,0.005279648286570603,0.0025421483887093626,0.004339191902110607
583,reg_adj,200,20,mixed,0.1,10,2,2000,-0.253352791826014,0.337758298250897,0.273707514882303,0.581169767151473,0.43532020479333,0.939,2000,690.897487878799,0.011698451070169568,0.010490618713446535,0.009025433966450905
583,adaptive,200,20,mixed,0.1,10,2,2000,-0.217695525912162,0.0928991943551295,0.0455306176617875,0.304793691462159,0.25112926533818,0.827,2000,690.897487878799,0.004771300538730898,0.002527558365502913,0.004146342979373503
584,naive,500,20,mixed,0.1,10,2,2000,-0.256891512185159,0.163824746709759,0.0978804378959296,0.404752698211833,0.327819152823794,0.8835,2000,1582.61977910995,0.006995728621663707,0.004743361292343833,0.005859579581926997
584,ipw_robust,500,20,mixed,0.1,10,2,2000,-0.246565236883999,0.0775807503842161,0.016794731710409,0.27853321235396,0.248797611371789,0.524,2000,1582.61977910995,0.0028978208804556053,0.0015245047808973423,0.0027366660658047514
584,dr_robust,500,20,mixed,0.1,10,2,2000,-0.201705350803779,0.0596570654758787,0.0189815076868466,0.244247959000436,0.207068677046336,0.706,2000,1582.61977910995,0.0030807067116853724,0.001380153889020516,0.0028253130439015303
584,aipw_robust,500,20,mixed,0.1,10,2,2000,-0.168141942902991,0.0491760899860534,0.0209148344400808,0.221756826244545,0.185097571095912,0.7815,2000,1582.61977910995,0.003233793008224305,0.0012728026915360103,0.002869816260204797
584,reg_adj,500,20,mixed,0.1,10,2,2000,-0.292509222434143,0.180207955550203,0.0946936571697604,0.42450907593384,0.348919616106289,0.858,2000,1582.61977910995,0.006880903180897127,0.005017088688152986,0.005909283184483555
584,adaptive,500,20,mixed,0.1,10,2,2000,-0.246565236883999,0.0775807503842161,0.016794731710409,0.27853321235396,0.248797611371789,0.524,2000,1582.61977910995,0.0028978208804556053,0.0015245047808973423,0.0027366660658047514
585,naive,1000,20,mixed,0.1,10,2,2000,-0.289997452208363,0.143754753294719,0.0596860740443994,0.379150040610204,0.315503697553716,0.7945,2000,2683.67726397514,0.005462878089633678,0.0036880141934877687,0.004863528680561763
585,ipw_robust,1000,20,mixed,0.1,10,2,2000,-0.262431030132373,0.081160701727889,0.0122968045538274,0.284887173680896,0.263647400077707,0.333,2000,2683.67726397514,0.0024795972005375593,0.0013582983407064405,0.002383923296995953
585,dr_robust,1000,20,mixed,0.1,10,2,2000,-0.240834487070035,0.072565904298295,0.0145719401060614,0.269380593767062,0.242857906629641,0.5065,2000,2683.67726397514,0.0026992536103580002,0.0013793922304180552,0.0025603036416402716
585,aipw_robust,1000,20,mixed,0.1,10,2,2000,-0.163070278902796,0.0372828339465814,0.0106962662182548,0.193087632816246,0.167458851979348,0.6525,2000,2683.67726397514,0.0023126031023777945,0.0008266066377827338,0.0021404960683561315
585,reg_adj,1000,20,mixed,0.1,10,2,2000,-0.313918103782162,0.154640910259965,0.0561243965760647,0.393244084837858,0.332803844832905,0.7515,2000,2683.67726397514,0.005297376547691541,0.0037698086961398254,0.004793217293648789
585,adaptive,1000,20,mixed,0.1,10,2,2000,-0.262431030132373,0.081160701727889,0.0122968045538274,0.284887173680896,0.263647400077707,0.333,2000,2683.67726397514,0.0024795972005375593,0.0013582983407064405,0.002383923296995953
586,naive,200,5,none,0.15,10,2,2000,0.0055866718846355,0.0292530508618187,0.0292364581881662,0.171035232808386,0.13637943870904,0.947,2000,185.464979887009,0.0038233792767763835,0.0009255244350608584,0.0027056543259064664
586,ipw_robust,200,5,none,0.15,10,2,2000,-0.0217760325635101,0.0311935186458708,0.0307346903968622,0.176616869652564,0.142218844555394,0.9535,2000,185.464979887009,0.0039201205591704825,0.000986797701325856,0.002793611117859404
586,dr_robust,200,5,none,0.15,10,2,2000,0.0011852185017495,0.028509963360987,0.0285228200281042,0.16884893651127,0.134760566138255,0.9495,2000,185.464979887009,0.0037764282085129197,0.0009020151865757525,0.0026710715661378967
586,aipw_robust,200,5,none,0.15,10,2,2000,-0.0008475931343967,0.0395093903519168,0.0395284361558733,0.198769691733717,0.159175920029623,0.9525,2000,185.464979887009,0.004445696579607817,0.0012500216240139289,0.003144396947821723
586,reg_adj,200,5,none,0.15,10,2,2000,0.0053257497743985,0.0273560647637606,0.0273413718390206,0.165396689095522,0.132318086327853,0.9485,2000,185.464979887009,0.0036973890679113416,0.0008655065650190449,0.002616456743336581
586,adaptive,200,5,none,0.15,10,2,2000,0.0049274043581397,0.0275232000647728,0.027512677089609,0.165901175597923,0.132509628949949,0.9485,2000,185.464979887009,0.0037089538342778682,0.0008707946821571321,0.0026244379493355263
587,naive,500,5,none,0.15,10,2,2000,0.0100410977740495,0.0127598121486258,0.0126653211647001,0.112959338474629,0.0888012289260551,0.941,2000,400.743702173233,0.002516477812807029,0.0004036883549006332,0.0017868746415830986
587,ipw_robust,500,5,none,0.15,10,2,2000,-0.0197940931679628,0.0131909506282672,0.012805547277564,0.114851863843244,0.0914446036048808,0.9445,2000,400.743702173233,0.002530370257251298,0.0004171529992409593,0.00181604801734133
587,dr_robust,500,5,none,0.15,10,2,2000,0.004871630326197,0.0125368887721812,0.0125194156979951,0.11196824894666,0.0885361656954298,0.9415,2000,400.743702173233,0.002501940816445815,0.0003966484722611967,0.0017712542439158538
587,aipw_robust,500,5,none,0.15,10,2,2000,0.0003823288543522,0.0169781239249771,0.0169864709851168,0.1303001301802,0.103328327986061,0.9455,2000,400.743702173233,0.0029143156130656818,0.0005371639996639718,0.002061256573270859
587,reg_adj,500,5,none,0.15,10,2,2000,0.0088467464215615,0.012038484624702,0.0119662028038565,0.109720028366302,0.086488630077587,0.9435,2000,400.743702173233,0.002446037898710535,0.00038087147098083405,0.0017356515335071223
587,adaptive,500,5,none,0.15,10,2,2000,0.0088467464215615,0.012038484624702,0.0119662028038565,0.109720028366302,0.086488630077587,0.9435,2000,400.743702173233,0.002446037898710535,0.00038087147098083405,0.0017356515335071223
588,naive,1000,5,none,0.15,10,2,2000,0.0069359492619929,0.0060166810593561,0.0059715594469147,0.0775672679637242,0.0613955291722373,0.9465,2000,733.656483888626,0.0017279408911931421,0.00019035250072519183,0.001227015632510183
588,ipw_robust,1000,5,none,0.15,10,2,2000,-0.0230704813388243,0.0066791652536946,0.0061499931410601,0.0817261601550855,0.0646537733202176,0.9365,2000,733.656483888626,0.0017535668138197785,0.00021063961587746593,0.0012886915002353664
588,dr_robust,1000,5,none,0.15,10,2,2000,0.0026339556292218,0.0059622852909693,0.0059583267320786,0.0772158357525795,0.0613791949316549,0.9485,2000,733.656483888626,0.0017260253086323213,0.00018863809763185755,0.0012214987754345186
588,aipw_robust,1000,5,none,0.15,10,2,2000,-0.0033572473255827,0.0086910789971447,0.0086841499625208,0.0932259566705792,0.0745819606665264,0.952,2000,733.656483888626,0.002083764617527709,0.00027497312702091443,0.001474766990016269
588,reg_adj,1000,5,none,0.15,10,2,2000,0.0063428404049332,0.0058005078233785,0.005763157777865,0.0761610650094822,0.0605460636820514,0.9485,2000,733.656483888626,0.001697521395721568,0.00018351487670144928,0.0012047814501976917
588,adaptive,1000,5,none,0.15,10,2,2000,0.0063428404049332,0.0058005078233785,0.005763157777865,0.0761610650094822,0.0605460636820514,0.9485,2000,733.656483888626,0.001697521395721568,0.00018351487670144928,0.0012047814501976917
589,naive,200,10,none,0.15,10,2,2000,0.010829269427334,0.0337640183976594,0.0336635771098846,0.183749879993592,0.144381779013761,0.9445,2000,307.482535123825,0.0041026562803801025,0.0010682378416481176,0.0029067715355388826
589,ipw_robust,200,10,none,0.15,10,2,2000,-0.011525236803192,0.034022981671643,0.0339071041403435,0.18445319642566,0.145636247896703,0.949,2000,307.482535123825,0.0041174691340885305,0.001076429071484916,0.002917892160027566
589,dr_robust,200,10,none,0.15,10,2,2000,0.0072114855523945,0.0331026642915871,0.0330671923638966,0.181941375974755,0.143223443922813,0.945,2000,307.482535123825,0.0040661525035281575,0.0010473197048440793,0.0028781790267140735
589,aipw_robust,200,10,none,0.15,10,2,2000,0.0038994223119779,0.043168863773075,0.0431752459016587,0.207771181286229,0.163721535270593,0.946,2000,307.482535123825,0.004646248266163717,0.0013658019111809049,0.0032867934396044888
589,reg_adj,200,10,none,0.15,10,2,2000,0.0135218501869239,0.0294768058509142,0.0293086197283007,0.171688106317573,0.13482954779831,0.9485,2000,307.482535123825,0.0038280948086679293,0.0009325839328398414,0.002715924687045102
589,adaptive,200,10,none,0.15,10,2,2000,0.0129755759327983,0.0296377046486281,0.0294840811183995,0.172156047377454,0.135449125326916,0.9495,2000,307.482535123825,0.0038395365031732346,0.0009376775819489708,0.0027233361715522622
590,naive,500,10,none,0.15,10,2,2000,0.0077034690574615,0.0121983651169745,0.0121450942285695,0.110446209156197,0.0882867488254455,0.9495,2000,717.489086866379,0.0024642538656325062,0.0003859336433291211,0.001747156585443869
590,ipw_robust,500,10,none,0.15,10,2,2000,-0.0134895470702445,0.012619103223063,0.0124433570214134,0.112334781893513,0.0895340404913753,0.9445,2000,717.489086866379,0.0024943292707071975,0.0003992063583673085,0.0017768599877895945
590,dr_robust,500,10,none,0.15,10,2,2000,0.0036497799116554,0.0120257630530267,0.0120184513853158,0.109662040164437,0.0879242238822968,0.9475,2000,717.489086866379,0.002451372206062943,0.0003804778137037135,0.0017347744631286783
590,aipw_robust,500,10,none,0.15,10,2,2000,0.0005792634782819,0.0165263721632874,0.0165343037689946,0.128554938307664,0.102689495014221,0.951,2000,717.489086866379,0.0028752655328677557,0.0005228712051454317,0.00203364885094523
590,reg_adj,500,10,none,0.15,10,2,2000,0.0074136868574581,0.0114030876780737,0.0113538018261663,0.106785240918742,0.0859056279564801,0.955,2000,717.489086866379,0.0023826247948603133,0.00036077262689198725,0.001689243868291295
590,adaptive,500,10,none,0.15,10,2,2000,0.0074136868574581,0.0114030876780737,0.0113538018261663,0.106785240918742,0.0859056279564801,0.955,2000,717.489086866379,0.0023826247948603133,0.00036077262689198725,0.001689243868291295
591,naive,1000,10,none,0.15,10,2,2000,0.0108772773320358,0.0061016199877714,0.0059862979746007,0.0781128669795923,0.0621805576089616,0.946,2000,1277.73396110535,0.001730071960150892,0.00019300855699136933,0.0012354466328946458
591,ipw_robust,1000,10,none,0.15,10,2,2000,-0.0114702646998834,0.0063496975118586,0.0062212411601532,0.0796849892505396,0.0638849599391536,0.947,2000,1277.73396110535,0.0017636951494168713,0.0002008503455296544,0.001260277170259481
591,dr_robust,1000,10,none,0.15,10,2,2000,0.0065050570888516,0.0059650756068226,0.0059257227004436,0.077233901926697,0.0616707743908541,0.9465,2000,1277.73396110535,0.0017212964155606087,0.00018872120318976364,0.0012217510606215367
591,aipw_robust,1000,10,none,0.15,10,2,2000,0.0005554629456216,0.0083206067437016,0.0083244604348351,0.091217359881229,0.0725074792667973,0.9505,2000,1277.73396110535,0.002040154459205859,0.0002632523093420626,0.00144299456641167
591,reg_adj,1000,10,none,0.15,10,2,2000,0.0102715641877196,0.0056734580189686,0.0055707383572848,0.0753223606837215,0.0600791739655069,0.9475,2000,1277.73396110535,0.001668942533055707,0.0001794675672369468,0.0011913299424491678
591,adaptive,1000,10,none,0.15,10,2,2000,0.0102715641877196,0.0056734580189686,0.0055707383572848,0.0753223606837215,0.0600791739655069,0.9475,2000,1277.73396110535,0.001668942533055707,0.0001794675672369468,0.0011913299424491678
592,naive,200,20,none,0.15,10,2,2000,0.0047741987779947,0.0402201284093263,0.0402174441574332,0.200549565966437,0.157010263587055,0.948,2000,728.864269018173,0.004484274978044567,0.0012725078250730108,0.0031725519298455413
592,ipw_robust,200,20,none,0.15,10,2,2000,-0.0189865319422631,0.0383967226353846,0.0380552618711256,0.195950816878585,0.156488441169731,0.9565,2000,728.864269018173,0.004362067277743753,0.001214759201093455,0.0030996533223082803
592,dr_robust,200,20,none,0.15,10,2,2000,0.0011558829410671,0.0375939397035038,0.0376114093428017,0.193891566870516,0.152934685802171,0.952,2000,728.864269018173,0.004336554470014282,0.0011894194446683349,0.003067228409842726
592,aipw_robust,200,20,none,0.15,10,2,2000,-0.0036870195671341,0.0441707691953472,0.0441792647144159,0.210168430539287,0.167211092572843,0.951,2000,728.864269018173,0.004699960888901944,0.0013975008359802465,0.0033247163534368455
592,reg_adj,200,20,none,0.15,10,2,2000,0.0050078815728249,0.0307195982322125,0.0307098742915108,0.175270072266239,0.139502973832058,0.9535,2000,728.864269018173,0.003918537628472565,0.0009719242343786525,0.0027726474400668892
592,adaptive,200,20,none,0.15,10,2,2000,0.0039622007496045,0.0321711501014321,0.0321715368350695,0.17936317933576,0.141997452114688,0.9545,2000,728.864269018173,0.004010706722952296,0.0010178496482691557,0.0028373985453385223
593,naive,500,20,none,0.15,10,2,2000,0.0106379574052453,0.0130427868063592,0.0129360887129598,0.114205020933229,0.0901395220942619,0.945,2000,1964.08262300491,0.002543235017940713,0.00041263815333072437,0.0018065674782021055
593,ipw_robust,500,20,none,0.15,10,2,2000,-0.0143270594728051,0.0131175598845222,0.0129187546286993,0.114531916444816,0.0905238068751333,0.951,2000,1964.08262300491,0.0025415305062795627,0.0004149671649847021,0.0018115787191277917
593,dr_robust,500,20,none,0.15,10,2,2000,0.0058824994051645,0.0125040731821778,0.0124757072365443,0.111821613215772,0.0885772269881494,0.95,2000,1964.08262300491,0.0024975695422294352,0.0003956092577145257,0.0017689302020314915
593,aipw_robust,500,20,none,0.15,10,2,2000,0.0023799338910923,0.0168512565616172,0.0168540194860342,0.129812389861743,0.103618865654305,0.953,2000,1964.08262300491,0.0029029312329121922,0.000533149977065112,0.0020535404117932986
593,reg_adj,500,20,none,0.15,10,2,2000,0.010380964545917,0.0115058361953938,0.0114037736573189,0.10726526089743,0.0854678788119118,0.945,2000,1964.08262300491,0.002387862397346097,0.0003640108457823527,0.001696778820733163
593,adaptive,500,20,none,0.15,10,2,2000,0.010380964545917,0.0115058361953938,0.0114037736573189,0.10726526089743,0.0854678788119118,0.945,2000,1964.08262300491,0.002387862397346097,0.0003640108457823527,0.001696778820733163
594,naive,1000,20,none,0.15,10,2,2000,0.0109296007296695,0.0062900211237237,0.0061736517775025,0.0793096534081682,0.0635658480745083,0.9475,2000,3659.70634579659,0.0017569365067501017,0.00019896969087883907,0.0012543850737490863
594,ipw_robust,1000,20,none,0.15,10,2,2000,-0.0134677578284768,0.0064039565424099,0.0062256888859264,0.0800247245694103,0.0646141347270844,0.9465,2000,3659.70634579659,0.0017643254923520207,0.0002025281196323889,0.0012654096638391049
594,dr_robust,1000,20,none,0.15,10,2,2000,0.0061265886722812,0.006029925860562,0.0059953884660357,0.0776525972557395,0.0622744861053684,0.9485,2000,3659.70634579659,0.0017313850620291982,0.00019077410132172675,0.001228381973454379
594,aipw_robust,1000,20,none,0.15,10,2,2000,0.0002314831073362,0.0079105479254822,0.0079144515668366,0.088941261096761,0.0712390871733601,0.9505,2000,3659.70634579659,0.0019892777039464096,0.00025027862830561087,0.0014069883045245315
594,reg_adj,1000,20,none,0.15,10,2,2000,0.0093825830844713,0.0057916276882341,0.0057064480469206,0.0761027442884564,0.0611132797346044,0.944,2000,3659.70634579659,0.0016891489050584912,0.00018321642736703032,0.001203743893075492
594,adaptive,1000,20,none,0.15,10,2,2000,0.0093825830844713,0.0057916276882341,0.0057064480469206,0.0761027442884564,0.0611132797346044,0.944,2000,3659.70634579659,0.0016891489050584912,0.00018321642736703032,0.001203743893075492
595,naive,200,5,covariate,0.15,10,2,2000,-0.197204538126351,0.0751643960850237,0.0362929126837383,0.274161259270933,0.223950342647917,0.818,2000,163.883316993713,0.00425986576571013,0.0020347017944949575,0.0037107755484961035
595,ipw_robust,200,5,covariate,0.15,10,2,2000,-0.19135772296893,0.0745408817508371,0.0379420746483074,0.273021760581162,0.22287845596405,0.8375,2000,163.883316993713,0.004355575429739875,0.0020538524708198277,0.003761334749376639
595,dr_robust,200,5,covariate,0.15,10,2,2000,-0.197500806137992,0.0760158587229649,0.0370278041999082,0.275709736358666,0.225523507595168,0.822,2000,163.883316993713,0.004302778416320564,0.00206390732354454,0.003742898874016619
595,aipw_robust,200,5,covariate,0.15,10,2,2000,-0.163814956489534,0.0790018853776398,0.0521926417288363,0.2810727403674,0.225851157814716,0.8905,2000,163.883316993713,0.005108455819953633,0.0023505927805665236,0.004181467006537137
595,reg_adj,200,5,covariate,0.15,10,2,2000,-0.1968504947843,0.0729313378407872,0.0341983197038154,0.270058026803106,0.222146201646041,0.8125,2000,163.883316993713,0.00413511303979803,0.0019544571804771312,0.0036185874636158986
595,adaptive,200,5,covariate,0.15,10,2,2000,-0.196400030584666,0.0730696310249073,0.0345139159692341,0.270313949001725,0.222465688981614,0.8155,2000,163.883316993713,0.00415414948992174,0.001963114623514724,0.003631175214532115
596,naive,500,5,covariate,0.15,10,2,2000,-0.211017906232098,0.0582271815627076,0.0137054775509047,0.241303090661325,0.213985116784452,0.56,2000,380.026628017426,0.002617773629528029,0.0011867646711698288,0.002459074742717413
596,ipw_robust,500,5,covariate,0.15,10,2,2000,-0.204330174933672,0.0560098492762136,0.0142661619687731,0.236664000803277,0.20831438855087,0.6015,2000,380.026628017426,0.002670782841113547,0.0011810043646405877,0.00249510774902829
596,dr_robust,500,5,covariate,0.15,10,2,2000,-0.209223443729601,0.057502753838678,0.0137351720186138,0.239797318247469,0.212404009059328,0.569,2000,380.026628017426,0.0026206079465091493,0.0011794719732176617,0.0024593101829446977
596,aipw_robust,500,5,covariate,0.15,10,2,2000,-0.203574531764625,0.0615166791146545,0.0200841311970669,0.248025561413848,0.212612681723923,0.694,2000,380.026628017426,0.003168921835346124,0.0014380713315681267,0.002899038557498927
596,reg_adj,500,5,covariate,0.15,10,2,2000,-0.210880153866228,0.0581079606146337,0.0136443434917355,0.241055928395536,0.213886622124561,0.559,2000,380.026628017426,0.0026119287405799857,0.001183092560727796,0.0024539793910119513
596,adaptive,500,5,covariate,0.15,10,2,2000,-0.210880153866228,0.0581079606146337,0.0136443434917355,0.241055928395536,0.213886622124561,0.559,2000,380.026628017426,0.0026119287405799857,0.001183092560727796,0.0024539793910119513
597,naive,1000,5,covariate,0.15,10,2,2000,-0.203603218239645,0.0485274725372542,0.0070767404299288,0.220289519808034,0.204171908154809,0.319,2000,754.757552146912,0.0018810556118744601,0.000797999046914104,0.001811250593331678
597,ipw_robust,1000,5,covariate,0.15,10,2,2000,-0.197716448069665,0.0464370239438312,0.0073489045588259,0.215492514820889,0.198333626501598,0.3565,2000,754.757552146912,0.001916886089315938,0.0007928241432384216,0.0018395630676485296
597,dr_robust,1000,5,covariate,0.15,10,2,2000,-0.201580113735463,0.0477128266403162,0.0070818252993635,0.21843265928042,0.202075344653026,0.3255,2000,754.757552146912,0.0018817312905092878,0.0007910029761574449,0.0018106334894315626
597,aipw_robust,1000,5,covariate,0.15,10,2,2000,-0.197000577429189,0.0488312318530182,0.0100270178545115,0.220977899014852,0.199231486549329,0.4935,2000,754.757552146912,0.0022390866279033846,0.0009374554503166374,0.0021211520575042456
597,reg_adj,1000,5,covariate,0.15,10,2,2000,-0.203837011954221,0.0485613479441218,0.0070153281657796,0.220366394770441,0.204396516091724,0.314,2000,754.757552146912,0.001872875885607426,0.0007950987168628414,0.0018040380378576046
597,adaptive,1000,5,covariate,0.15,10,2,2000,-0.203837011954221,0.0485613479441218,0.0070153281657796,0.220366394770441,0.204396516091724,0.314,2000,754.757552146912,0.001872875885607426,0.0007950987168628414,0.0018040380378576046
598,naive,200,10,covariate,0.15,10,2,2000,-0.167060960291111,0.0703378165763845,0.042449676961477,0.265212776042906,0.2151696303145,0.876,2000,250.113216876984,0.004607042270344228,0.0020424157472529107,0.003850522923002943
598,ipw_robust,200,10,covariate,0.15,10,2,2000,-0.159992682581261,0.0679329927532827,0.0423565125299997,0.260639584010723,0.210762223735499,0.8815,2000,250.113216876984,0.004601983948798589,0.0019906102677217583,0.003818702894415037
598,dr_robust,200,10,covariate,0.15,10,2,2000,-0.164188738516522,0.0720532323835636,0.045117849452643,0.268427331662712,0.215341517092211,0.89,2000,250.113216876984,0.004749623640492108,0.0021138091360441494,0.003937395500954839
598,aipw_robust,200,10,covariate,0.15,10,2,2000,-0.11209355345599,0.0733418415397294,0.0608072804535653,0.270816989016069,0.21792233366824,0.9265,2000,250.113216876984,0.0055139496032138935,0.002285958885057244,0.004220486486764695
598,reg_adj,200,10,covariate,0.15,10,2,2000,-0.168408741014186,0.064798783238324,0.0364555069418116,0.254556051270293,0.207611248636419,0.8645,2000,250.113216876984,0.00426939731940069,0.0018430599561417508,0.0036201456357930983
598,adaptive,200,10,covariate,0.15,10,2,2000,-0.168651904185095,0.0665786918121399,0.0381543041789708,0.258028470933228,0.210019439215311,0.8695,2000,250.113216876984,0.0043677399292409115,0.0019042668253221816,0.00369003237982789
599,naive,500,10,covariate,0.15,10,2,2000,-0.165871028939973,0.0421667135693198,0.0146608457505897,0.205345351954506,0.176093342476454,0.736,2000,613.590830087662,0.002707475369286829,0.0010107788626468838,0.002461168107839179
599,ipw_robust,500,10,covariate,0.15,10,2,2000,-0.158561789282172,0.0402149493522755,0.0150806486562398,0.20053665338854,0.170527553435,0.764,2000,613.590830087662,0.002745965099581548,0.0009928426390376467,0.002475464266160892
599,dr_robust,500,10,covariate,0.15,10,2,2000,-0.16391543060642,0.0414857654048707,0.014624809418692,0.203680547438558,0.17426186635884,0.739,2000,613.590830087662,0.002704145837292434,0.000999885823375385,0.0024545442261171484
599,aipw_robust,500,10,covariate,0.15,10,2,2000,-0.152462229593649,0.0445192241607959,0.0212851352757674,0.210995791808263,0.175557525829988,0.8165,2000,613.590830087662,0.0032622948422672804,0.0012010793023549706,0.0028462162492947263
599,reg_adj,500,10,covariate,0.15,10,2,2000,-0.166461914563731,0.0419580124896905,0.0142555712751052,0.204836550668308,0.176150467409706,0.725,2000,613.590830087662,0.0026697913097380103,0.0009966206821804624,0.002432721794349806
599,adaptive,500,10,covariate,0.15,10,2,2000,-0.166461914563731,0.0419580124896905,0.0142555712751052,0.204836550668308,0.176150467409706,0.725,2000,613.590830087662,0.0026697913097380103,0.0009966206821804624,0.002432721794349806
600,naive,1000,10,covariate,0.15,10,2,2000,-0.165524327095992,0.0344785880055542,0.0070838270585024,0.185684108112553,0.166674370223656,0.5095,2000,1284.49333882332,0.001881997218183704,0.0006620802701458675,0.0017828135021241167
600,ipw_robust,1000,10,covariate,0.15,10,2,2000,-0.159505418029408,0.0329068876442983,0.0074686435853547,0.181402556884677,0.161351261269982,0.5465,2000,1284.49333882332,0.0019324393373861312,0.0006601626877286361,0.0018196068982322042
600,dr_robust,1000,10,covariate,0.15,10,2,2000,-0.164090236623375,0.0340586796401428,0.0071366422061306,0.184549938065941,0.165429057710205,0.503,2000,1284.49333882332,0.0018890000272803863,0.0006597336514787621,0.0017874122809053304
600,aipw_robust,1000,10,covariate,0.15,10,2,2000,-0.160529764291236,0.0355213067204762,0.0097563796869199,0.188470970498048,0.164575136986107,0.6295,2000,1284.49333882332,0.002208662455754602,0.0007733220241466444,0.0020515680003745027
600,reg_adj,1000,10,covariate,0.15,10,2,2000,-0.165486610632932,0.0343371289727144,0.0069547880679726,0.185302803466959,0.166685891510011,0.504,2000,1284.49333882332,0.0018647772076004951,0.0006552054652873364,0.0017679318742853368
600,adaptive,1000,10,covariate,0.15,10,2,2000,-0.165486610632932,0.0343371289727144,0.0069547880679726,0.185302803466959,0.166685891510011,0.504,2000,1284.49333882332,0.0018647772076004951,0.0006552054652873364,0.0017679318742853368
601,naive,200,20,covariate,0.15,10,2,2000,-0.163740290897443,0.0701651897744379,0.0433759949087128,0.264887126479257,0.216201033428287,0.8765,2000,548.03653216362,0.004657037411741117,0.0020511885265531776,0.0038718161841545815
601,ipw_robust,200,20,covariate,0.15,10,2,2000,-0.16122446931924,0.0689404050026925,0.0429685597753095,0.262565049088207,0.213818589911696,0.8735,2000,548.03653216362,0.00463511379446662,0.002019923016985867,0.0038465192225704175
601,dr_robust,200,20,covariate,0.15,10,2,2000,-0.132292645992167,0.0656355059562753,0.0481582408931129,0.25619427385536,0.205444343620318,0.903,2000,548.03653216362,0.004907048037930386,0.002001220643560854,0.0039056701257317843
601,aipw_robust,200,20,covariate,0.15,10,2,2000,-0.0738425313293751,0.0693355919343668,0.0639148299161951,0.263316524233415,0.210847586224305,0.9415,2000,548.03653216362,0.005653088974896605,0.0021868069767390502,0.004152430203735659
601,reg_adj,200,20,covariate,0.15,10,2,2000,-0.183453646736588,0.0732019751377461,0.039566517895741,0.270558635304338,0.222819971417418,0.8475,2000,548.03653216362,0.0044478375586199746,0.002056392639922354,0.0038002716816065026
601,adaptive,200,20,covariate,0.15,10,2,2000,-0.183241196034027,0.0737924675582892,0.0402352492589381,0.271647690139801,0.223057474757763,0.853,2000,548.03653216362,0.004485267509242793,0.002078667901237184,0.0038260364006176837
602,naive,500,20,covariate,0.15,10,2,2000,-0.177875607145071,0.0487951484139117,0.0171639987960822,0.220896239021654,0.188177827203991,0.742,2000,1295.571600914,0.0029295049749131848,0.001175045312081551,0.0026597223141638995
602,ipw_robust,500,20,covariate,0.15,10,2,2000,-0.170692777415447,0.0463930837219344,0.0172656923062881,0.215390537679663,0.182101839974559,0.7545,2000,1295.571600914,0.002938170545278822,0.0011420207487961682,0.0026510467012590515
602,dr_robust,500,20,covariate,0.15,10,2,2000,-0.176004443503225,0.0474103875818591,0.0164410439709648,0.217739265135756,0.185719387955621,0.7305,2000,1295.571600914,0.0028671452675932555,0.0011353038865868996,0.0026070260820414285
602,aipw_robust,500,20,covariate,0.15,10,2,2000,-0.132887246635022,0.0413853879606259,0.023738236760769,0.203433989197051,0.165469811903569,0.8655,2000,1295.571600914,0.003445158687257308,0.0011840151582920774,0.0029100721147074697
602,reg_adj,500,20,covariate,0.15,10,2,2000,-0.176059602866646,0.0453250930738639,0.014335276950778,0.212896907149596,0.183646452496014,0.693,2000,1295.571600914,0.002677244567720514,0.001046040562778041,0.0024566833233585234
602,adaptive,500,20,covariate,0.15,10,2,2000,-0.176035389646392,0.0454881532979282,0.0145069483641534,0.21327951917127,0.183916599920781,0.6975,2000,1295.571600914,0.0026932274657140826,0.0010533505982616184,0.002469413383794591
603,naive,1000,20,covariate,0.15,10,2,2000,-0.172232604289174,0.0368701510053961,0.0072096858680989,0.192016017575087,0.173990961336824,0.4665,2000,3022.32796192169,0.0018986423923555088,0.0006926159271704661,0.0018035368505120199
603,ipw_robust,1000,20,covariate,0.15,10,2,2000,-0.165487660715297,0.0349008412047037,0.007518434572969,0.186817668341899,0.167764424348597,0.515,2000,3022.32796192169,0.0019388701056245361,0.0006843457099366549,0.001831587226225892
603,dr_robust,1000,20,covariate,0.15,10,2,2000,-0.169872855857033,0.0361525652310703,0.0072994277879397,0.190138279236639,0.171780768073438,0.4875,2000,3022.32796192169,0.001910422438616614,0.0006888814949761937,0.0018115276359444632
603,aipw_robust,1000,20,covariate,0.15,10,2,2000,-0.165444786262803,0.0378632428555782,0.0104965138109393,0.194584796054518,0.170365708778217,0.6325,2000,3022.32796192169,0.0022909074414889942,0.0008275249106461985,0.0021263863555258085
603,reg_adj,1000,20,covariate,0.15,10,2,2000,-0.171201009921605,0.0361216993426216,0.0068153212050468,0.190057094954705,0.172731483971972,0.451,2000,3022.32796192169,0.0018459849952053781,0.000667802225557356,0.0017568463458744036
603,adaptive,1000,20,covariate,0.15,10,2,2000,-0.171201009921605,0.0361216993426216,0.0068153212050468,0.190057094954705,0.172731483971972,0.451,2000,3022.32796192169,0.0018459849952053781,0.000667802225557356,0.0017568463458744036
604,naive,200,5,outcome,0.15,10,2,2000,0.0251095782473465,1.06211720060897,1.06201771854849,1.03059070469754,0.790406013127934,0.943,2000,170.845050096512,0.023043629472681706,0.03360388101941913,0.016303213713382593
604,ipw_robust,200,5,outcome,0.15,10,2,2000,-0.0186606150110842,0.0566078815886125,0.0562878069394904,0.237924108884771,0.189452354262151,0.9515,2000,170.845050096512,0.005305082795748357,0.0017909545296794743,0.0037637096511031827
604,dr_robust,200,5,outcome,0.15,10,2,2000,0.0040040007037829,0.0542871738314281,0.0542982909552698,0.232996081150366,0.185016960202051,0.9485,2000,170.845050096512,0.005210484188406573,0.0017175696269478883,0.003685833724043282
604,aipw_robust,200,5,outcome,0.15,10,2,2000,-2.87272992438581e-05,0.0537793878467427,0.0538062901665683,0.231903833186825,0.184731205826235,0.947,2000,170.845050096512,0.005186824180872546,0.0017015043197997051,0.0036685558328588496
604,reg_adj,200,5,outcome,0.15,10,2,2000,0.0237876430428106,1.05030832825971,1.05026761010323,1.02484551433849,0.788143702815688,0.945,2000,170.845050096512,0.022915798154365362,0.0332302669987253,0.016212329826205334
604,adaptive,200,5,outcome,0.15,10,2,2000,-0.0186606150110842,0.0566078815886125,0.0562878069394904,0.237924108884771,0.189452354262151,0.9515,2000,170.845050096512,0.005305082795748357,0.0017909545296794743,0.0037637096511031827
605,naive,500,5,outcome,0.15,10,2,2000,0.0057701801022278,0.42359365441764,0.423772245562008,0.650840728917329,0.501356998253655,0.9495,2000,369.610491037369,0.014556308693518559,0.013401907889707425,0.010295842972213375
605,ipw_robust,500,5,outcome,0.15,10,2,2000,-0.0164988830824471,0.0217356287116389,0.0214741526449932,0.147430080755723,0.118189998577063,0.95,2000,369.610491037369,0.0032767478271140426,0.000687626588337461,0.002332043043091016
605,dr_robust,500,5,outcome,0.15,10,2,2000,0.006149441465959,0.0208188261631634,0.0207914062359381,0.144287304234168,0.115816843965483,0.947,2000,369.610491037369,0.003224236827214938,0.0006586767443388867,0.002282518021370409
605,aipw_robust,500,5,outcome,0.15,10,2,2000,0.0017982595687651,0.0211754313140286,0.0211827889710375,0.145517804113547,0.1155802159323,0.946,2000,369.610491037369,0.003254442269501604,0.0006699608553853124,0.002301989297689458
605,reg_adj,500,5,outcome,0.15,10,2,2000,-0.0029116281092045,0.403366892998675,0.403560195518188,0.635111716943307,0.491866545792327,0.946,2000,369.610491037369,0.014204932163128903,0.012761961989950735,0.01004702137394981
605,adaptive,500,5,outcome,0.15,10,2,2000,-0.0164988830824471,0.0217356287116389,0.0214741526449932,0.147430080755723,0.118189998577063,0.95,2000,369.610491037369,0.0032767478271140426,0.000687626588337461,0.002332043043091016
606,naive,1000,5,outcome,0.15,10,2,2000,0.0087499949071014,0.198769952955198,0.198792786937793,0.44583624006489,0.347882735236875,0.9505,2000,688.168084144592,0.009969773992869474,0.006288800541324198,0.0070528144374365845
606,ipw_robust,1000,5,outcome,0.15,10,2,2000,-0.0136139382373746,0.0105251921964593,0.0103450253948256,0.102592359347367,0.081884348516884,0.9465,2000,688.168084144592,0.002274315874590159,0.00033294778906972053,0.0016226734192864895
606,dr_robust,1000,5,outcome,0.15,10,2,2000,0.0078866384294262,0.0103093275244907,0.0102522545860672,0.101534858666818,0.0816088824678756,0.9535,2000,688.168084144592,0.0022640952482246854,0.00032616573304229576,0.0016061761316504793
606,aipw_robust,1000,5,outcome,0.15,10,2,2000,0.0041404470277264,0.0105583374056523,0.0105464673377318,0.102753770761234,0.082199026075053,0.9485,2000,688.168084144592,0.002296352252783945,0.0003340502594616428,0.0016254890549849787
606,reg_adj,1000,5,outcome,0.15,10,2,2000,0.0082475347163275,0.193058911504205,0.193087433392004,0.43938469648385,0.343746512552671,0.9505,2000,688.168084144592,0.009825666221483509,0.006108111431090979,0.006950755772755377
606,adaptive,1000,5,outcome,0.15,10,2,2000,-0.0136139382373746,0.0105251921964593,0.0103450253948256,0.102592359347367,0.081884348516884,0.9465,2000,688.168084144592,0.002274315874590159,0.00033294778906972053,0.0016226734192864895
607,naive,200,10,outcome,0.15,10,2,2000,-0.0036360507834265,1.2433107870848,1.2439195259825,1.11503846888114,0.834065815868312,0.9545,2000,288.212080001831,0.02493912113510117,0.039336607358865114,0.017639125669958514
607,ipw_robust,200,10,outcome,0.15,10,2,2000,-0.0105752292432104,0.0610354394975394,0.0609540810645252,0.247053515452704,0.193950071986766,0.949,2000,288.212080001831,0.005520601464719456,0.0019310705982593151,0.0039082030359308935
607,dr_robust,200,10,outcome,0.15,10,2,2000,0.009166171561517,0.059602225288647,0.0595479805778408,0.244135669840863,0.190839154496725,0.9475,2000,288.212080001831,0.0054565548003223064,0.0018857275197813937,0.003862048345927048
607,aipw_robust,200,10,outcome,0.15,10,2,2000,0.0051951050922673,0.0587215303835246,0.058723903218214,0.242325257419702,0.194696480144555,0.9525,2000,288.212080001831,0.005418666958681535,0.0018578661474288292,0.0038334141624598505
607,reg_adj,200,10,outcome,0.15,10,2,2000,0.0049611129639965,1.12704085311418,1.12758003048758,1.06162180323983,0.815862535220874,0.9525,2000,288.212080001831,0.023744262785856084,0.03565798971620873,0.016794111428094546
607,adaptive,200,10,outcome,0.15,10,2,2000,-0.0105752292432104,0.0610354394975394,0.0609540810645252,0.247053515452704,0.193950071986766,0.949,2000,288.212080001831,0.005520601464719456,0.0019310705982593151,0.0039082030359308935
608,naive,500,10,outcome,0.15,10,2,2000,0.0024188932243527,0.430697750367875,0.430907352999944,0.656275666445035,0.500662270558496,0.9515,2000,625.361975908279,0.014678340386432384,0.013626671984954885,0.010381820233232858
608,ipw_robust,500,10,outcome,0.15,10,2,2000,-0.0158709060903428,0.0236331310922079,0.0233929419030309,0.153730709658831,0.122566264750341,0.947,2000,625.361975908279,0.003420010373012844,0.0007476726717660365,0.002431760945569429
608,dr_robust,500,10,outcome,0.15,10,2,2000,0.0020990445156567,0.0230306856417795,0.0230377985531774,0.151758642725149,0.121108946889199,0.949,2000,625.361975908279,0.0033939503939493135,0.0007286584732912517,0.0024007149122008474
608,aipw_robust,500,10,outcome,0.15,10,2,2000,-0.0025464131817261,0.0223099430141587,0.0223146161021177,0.149365133194326,0.119845887211181,0.952,2000,625.361975908279,0.003340255686479532,0.0007058551392099109,0.0023628511022434667
608,reg_adj,500,10,outcome,0.15,10,2,2000,-0.0004665932734151,0.40635403030081,0.406557091137096,0.637459042057456,0.491961303858156,0.9495,2000,625.361975908279,0.01425757853103212,0.012856470953428956,0.010084154514408916
608,adaptive,500,10,outcome,0.15,10,2,2000,-0.0158709060903428,0.0236331310922079,0.0233929419030309,0.153730709658831,0.122566264750341,0.947,2000,625.361975908279,0.003420010373012844,0.0007476726717660365,0.002431760945569429
609,naive,1000,10,outcome,0.15,10,2,2000,0.0096419674037306,0.219670892884336,0.219687769233538,0.468690615314981,0.36769715446942,0.9515,2000,1120.84347891808,0.010480643330290798,0.006950076518409059,0.007414354257699716
609,ipw_robust,1000,10,outcome,0.15,10,2,2000,-0.0087380555792018,0.0104276076433759,0.0103564322441927,0.10211565816943,0.0817694465586098,0.953,2000,1120.84347891808,0.002275569406125937,0.00032990482099473715,0.0016153488451661354
609,dr_robust,1000,10,outcome,0.15,10,2,2000,0.0063085784977037,0.0105062490239078,0.0104716867045984,0.102499995238575,0.0823496048436766,0.9525,2000,1120.84347891808,0.0022881965283382457,0.0003323999552059034,0.0016214632714480726
609,aipw_robust,1000,10,outcome,0.15,10,2,2000,0.0016620882810904,0.0101363513071779,0.0101386580987732,0.100679448286023,0.080736965515975,0.9495,2000,1120.84347891808,0.0022515170550956526,0.0003206998673047504,0.001592677913736999
609,reg_adj,1000,10,outcome,0.15,10,2,2000,0.0096579187972731,0.213718625837411,0.213732216550191,0.462297118569228,0.362682320929538,0.951,2000,1120.84347891808,0.010337606506106503,0.006761755120197352,0.007313213568283136
609,adaptive,1000,10,outcome,0.15,10,2,2000,-0.0087380555792018,0.0104276076433759,0.0103564322441927,0.10211565816943,0.0817694465586098,0.953,2000,1120.84347891808,0.002275569406125937,0.00032990482099473715,0.0016153488451661354
610,naive,200,20,outcome,0.15,10,2,2000,-0.013458559185217,1.65618404395177,1.65683132679983,1.28692814249738,0.873931821247021,0.963,2000,708.661160945892,0.02878221088450147,0.0523993345235493,0.02035829849126793
610,ipw_robust,200,20,outcome,0.15,10,2,2000,-0.0178118648283372,0.0687511884054206,0.068468159956736,0.262204478232963,0.208887656041548,0.952,2000,708.661160945892,0.005850989658029486,0.0021751629113661197,0.004147837073616901
610,dr_robust,200,20,outcome,0.15,10,2,2000,-0.0007971673636715,0.069380133199864,0.0694142048264715,0.263401088076462,0.207328087435909,0.957,2000,708.661160945892,0.005891273411855517,0.0021950899876284837,0.004166820273330224
610,aipw_robust,200,20,outcome,0.15,10,2,2000,-0.0009078566818703,0.065997452600765,0.0660296432186195,0.256899693656425,0.206168887373372,0.9455,2000,708.661160945892,0.005745852557219838,0.002088066720039837,0.004063972771474761
610,reg_adj,200,20,outcome,0.15,10,2,2000,0.0013011674855762,1.19234296445327,1.19293774028658,1.09194457938728,0.837019181950519,0.946,2000,708.661160945892,0.024422712178283762,0.03772405719928732,0.01727379663373361
610,adaptive,200,20,outcome,0.15,10,2,2000,-0.0178118648283372,0.0687511884054206,0.068468159956736,0.262204478232963,0.208887656041548,0.952,2000,708.661160945892,0.005850989658029486,0.0021751629113661197,0.004147837073616901
611,naive,500,20,outcome,0.15,10,2,2000,-0.0053186667106222,0.448608550143447,0.448804664259998,0.669782464792448,0.521672067187149,0.9565,2000,1688.9564230442,0.014980064490181575,0.014193344159419235,0.010595488017006735
611,ipw_robust,500,20,outcome,0.15,10,2,2000,-0.0103389916481345,0.0234742584220116,0.0233790532003115,0.15321311439303,0.122254954693076,0.9515,2000,1688.9564230442,0.0034189949693083418,0.0007426831925913523,0.002423693283481543
611,dr_robust,500,20,outcome,0.15,10,2,2000,0.0071144138561547,0.0228721479428576,0.0228329495331075,0.15123540571856,0.12012923413496,0.949,2000,1688.9564230442,0.003378827424796027,0.0007236400753061008,0.0023924294442425453
611,aipw_robust,500,20,outcome,0.15,10,2,2000,0.0059462164611994,0.0220618329892551,0.0220374942461747,0.148532262452489,0.118404771312425,0.947,2000,1688.9564230442,0.0033194498223481778,0.0006980039639027975,0.0023496712174773077
611,reg_adj,500,20,outcome,0.15,10,2,2000,-0.0068970369007568,0.429282610172159,0.429449765937117,0.655196619475527,0.51175338082623,0.9605,2000,1688.9564230442,0.014653493882639678,0.013581898194164001,0.010364749901362482
611,adaptive,500,20,outcome,0.15,10,2,2000,-0.0103389916481345,0.0234742584220116,0.0233790532003115,0.15321311439303,0.122254954693076,0.9515,2000,1688.9564230442,0.0034189949693083418,0.0007426831925913523,0.002423693283481543
612,naive,1000,20,outcome,0.15,10,2,2000,0.0223619239445698,0.238558698673791,0.238177731897237,0.488424711366851,0.382092948851383,0.9545,2000,2792.42627096176,0.010912784518564384,0.007547637790012154,0.0077265109794405935
612,ipw_robust,1000,20,outcome,0.15,10,2,2000,-0.0118578477294176,0.0109132452669284,0.0107780257270179,0.104466479154456,0.0830525903867396,0.9465,2000,2792.42627096176,0.002321424748620758,0.0003452489011868608,0.0016524386768908075
612,dr_robust,1000,20,outcome,0.15,10,2,2000,0.0062840625075644,0.0107484020533431,0.0107142697466174,0.103674500497196,0.082703432241131,0.948,2000,2792.42627096176,0.0023145485247254376,0.00034006143160045417,0.0016400437425288176
612,aipw_robust,1000,20,outcome,0.15,10,2,2000,-0.0030002035605523,0.0100256362060609,0.0100216458075599,0.100128098983557,0.0798510069357362,0.9515,2000,2792.42627096176,0.0022384867441599806,0.0003171967824516677,0.0015839548821542974
612,reg_adj,1000,20,outcome,0.15,10,2,2000,0.0205796362751323,0.229472655958834,0.229163716387811,0.479033042658681,0.371215419269934,0.948,2000,2792.42627096176,0.010704291578329951,0.007260173579057972,0.007577946542855673
612,adaptive,1000,20,outcome,0.15,10,2,2000,-0.0118578477294176,0.0109132452669284,0.0107780257270179,0.104466479154456,0.0830525903867396,0.9465,2000,2792.42627096176,0.002321424748620758,0.0003452489011868608,0.0016524386768908075
613,naive,200,5,treatment,0.15,10,2,2000,-0.69327303794065,0.510679148608644,0.0300666768115917,0.714618183793727,0.69327303794065,0.0235,2000,179.614647865295,0.003877284927084396,0.0054594641478657585,0.0038198469278257416
613,ipw_robust,200,5,treatment,0.15,10,2,2000,-0.649999123087682,0.454839210607602,0.0323565288572758,0.674417682603001,0.649999123087682,0.0515,2000,179.614647865295,0.004022221330140585,0.00532805199600744,0.003950112914776452
613,dr_robust,200,5,treatment,0.15,10,2,2000,-0.641179247719198,0.440532639006717,0.0294365295657436,0.663726328396514,0.641179247719198,0.0385,2000,179.614647865295,0.0038364390758712434,0.00500698126039938,0.003771871813866166
613,aipw_robust,200,5,treatment,0.15,10,2,2000,-0.561661076827954,0.361060471620662,0.0456201164553531,0.600883076497135,0.562601592898754,0.248,2000,179.614647865295,0.004775987670385734,0.005555549270337188,0.0046228205516482684
613,reg_adj,200,5,treatment,0.15,10,2,2000,-0.686725712064048,0.500334938120024,0.0287571130666841,0.707343578552901,0.686725712064048,0.024,2000,179.614647865295,0.0037919067147468236,0.005286797914908584,0.0037370791756704933
613,adaptive,200,5,treatment,0.15,10,2,2000,-0.686725712064048,0.500334938120024,0.0287571130666841,0.707343578552901,0.686725712064048,0.024,2000,179.614647865295,0.0037919067147468236,0.005286797914908584,0.0037370791756704933
614,naive,500,5,treatment,0.15,10,2,2000,-0.692959896627684,0.491911569259904,0.01172401293212,0.701364077537411,0.692959896627684,0.0,2000,398.022104024887,0.002421158083657488,0.0033759502620998192,0.0024067031447869845
614,ipw_robust,500,5,treatment,0.15,10,2,2000,-0.64760750257554,0.431940883238839,0.0125516816875553,0.657222095823656,0.64760750257554,0.0,2000,398.022104024887,0.002505162837776748,0.0032689114059635026,0.0024869153264443864
614,dr_robust,500,5,treatment,0.15,10,2,2000,-0.638670832175501,0.419323220169834,0.011428502549362,0.647551712351866,0.638670832175501,0.0,2000,398.022104024887,0.0023904500150977847,0.003074734609943599,0.0023741228316549122
614,aipw_robust,500,5,treatment,0.15,10,2,2000,-0.554430816327518,0.326473893453589,0.0190899083141488,0.571378940330836,0.554430816327518,0.021,2000,398.022104024887,0.0030894909219925538,0.003478599317418041,0.0030440387909675894
614,reg_adj,500,5,treatment,0.15,10,2,2000,-0.686035479413252,0.482000963244623,0.0113619652134586,0.694262892026228,0.686035479413252,0.0,2000,398.022104024887,0.0023834811949602834,0.0032899834642775246,0.0023694075414830286
614,adaptive,500,5,treatment,0.15,10,2,2000,-0.686035479413252,0.482000963244623,0.0113619652134586,0.694262892026228,0.686035479413252,0.0,2000,398.022104024887,0.0023834811949602834,0.0032899834642775246,0.0023694075414830286
615,naive,1000,5,treatment,0.15,10,2,2000,-0.692474540986326,0.485157836491707,0.0056396664106885,0.696532724638051,0.692474540986326,0.0,2000,727.460505008698,0.001679235899254256,0.002332484228736077,0.0016743536564977175
615,ipw_robust,1000,5,treatment,0.15,10,2,2000,-0.647366633795828,0.425260335514002,0.0061798668953073,0.652119878177319,0.647366633795828,0.0,2000,727.460505008698,0.0017578206528692426,0.0022842836895997907,0.0017514292740043321
615,dr_robust,1000,5,treatment,0.15,10,2,2000,-0.636575439200257,0.4106655405688,0.0054399707611801,0.640831912882621,0.636575439200257,0.0,2000,727.460505008698,0.0016492378180814463,0.0021067637214543947,0.001643772476918049
615,aipw_robust,1000,5,treatment,0.15,10,2,2000,-0.552653428415709,0.314158159011149,0.0087367154292264,0.560498134708002,0.552653428415709,0.0,2000,727.460505008698,0.0020900616533043232,0.0023266213709594733,0.0020754943030912615
615,reg_adj,1000,5,treatment,0.15,10,2,2000,-0.685175690893077,0.47491040044034,0.005447396747908,0.689137432186309,0.685175690893077,0.0,2000,727.460505008698,0.0016503631036696137,0.0022681283659914384,0.0016456284770337709
615,adaptive,1000,5,treatment,0.15,10,2,2000,-0.685175690893077,0.47491040044034,0.005447396747908,0.689137432186309,0.685175690893077,0.0,2000,727.460505008698,0.0016503631036696137,0.0022681283659914384,0.0016456284770337709
616,naive,200,10,treatment,0.15,10,2,2000,-0.697434916270133,0.518978069951341,0.0325788969670972,0.720401325617424,0.697434916270133,0.0275,2000,307.823176145554,0.004036018890385499,0.005723210899066211,0.003972237900979083
616,ipw_robust,200,10,treatment,0.15,10,2,2000,-0.642279343433485,0.44725623223865,0.0347508526636335,0.668772182614267,0.642279343433485,0.064,2000,307.823176145554,0.004168384139185921,0.005466137275969719,0.0040866960514134194
616,dr_robust,200,10,treatment,0.15,10,2,2000,-0.647044300926617,0.450465842727209,0.0318154230771332,0.671167522103989,0.647044300926617,0.046,2000,307.823176145554,0.003988447259093017,0.005258546739537037,0.00391746215836878
616,aipw_robust,200,10,treatment,0.15,10,2,2000,-0.575407758784106,0.378695588663337,0.0476253124506144,0.615382473477542,0.576138663373141,0.2485,2000,307.823176145554,0.0048798213312894155,0.005814214413993427,0.004724065653947823
616,reg_adj,200,10,treatment,0.15,10,2,2000,-0.686681784762814,0.500957730091768,0.0294405768551515,0.707783674643438,0.686681784762814,0.0215,2000,307.823176145554,0.0038367028067828957,0.0053508025837157676,0.0037799703323274265
616,adaptive,200,10,treatment,0.15,10,2,2000,-0.686681784762814,0.500957730091768,0.0294405768551515,0.707783674643438,0.686681784762814,0.0215,2000,307.823176145554,0.0038367028067828957,0.0053508025837157676,0.0037799703323274265
617,naive,500,10,treatment,0.15,10,2,2000,-0.703858498028209,0.507346203825947,0.0119353862725569,0.712282390506706,0.703858498028209,0.0,2000,711.996928930283,0.0024428862307275894,0.0034595425768627936,0.0024284908787382286
617,ipw_robust,500,10,treatment,0.15,10,2,2000,-0.650787791119896,0.436081737557889,0.0125632701222375,0.660364851849256,0.650787791119896,0.0,2000,711.996928930283,0.0025063190262053134,0.0032862664846632205,0.0024882203190103986
617,dr_robust,500,10,treatment,0.15,10,2,2000,-0.649936342571197,0.433962268681564,0.0115507946840812,0.658758126083895,0.649936342571197,0.0,2000,711.996928930283,0.002403205638733523,0.003145143986430777,0.0023871766145243975
617,aipw_robust,500,10,treatment,0.15,10,2,2000,-0.569635282951254,0.343745334725328,0.0192706144495973,0.586297991404822,0.569635282951254,0.016,2000,711.996928930283,0.003104079126697425,0.00358850698814916,0.0030603098089682854
617,reg_adj,500,10,treatment,0.15,10,2,2000,-0.694048073392532,0.493052194589795,0.011355143981901,0.702176754521107,0.694048073392532,0.0,2000,711.996928930283,0.002382765618131691,0.0033269425851318716,0.0023690207370941
617,adaptive,500,10,treatment,0.15,10,2,2000,-0.694048073392532,0.493052194589795,0.011355143981901,0.702176754521107,0.694048073392532,0.0,2000,711.996928930283,0.002382765618131691,0.0033269425851318716,0.0023690207370941
618,naive,1000,10,treatment,0.15,10,2,2000,-0.70322764271192,0.500195604458625,0.0056693216452836,0.707245080900974,0.70322764271192,0.0,2000,1270.14007616043,0.0016836450999666765,0.0023747485062120214,0.001678872409537851
618,ipw_robust,1000,10,treatment,0.15,10,2,2000,-0.649329369889439,0.427838447831193,0.006212923692023,0.654093607850737,0.649329369889439,0.0,2000,1270.14007616043,0.0017625157718475883,0.002297323102525074,0.0017561118737070116
618,dr_robust,1000,10,treatment,0.15,10,2,2000,-0.648112485519368,0.425626733315589,0.0055797292941428,0.652400745949596,0.648112485519368,0.0,2000,1270.14007616043,0.0016702887915182212,0.002172248065688095,0.0016648111449706416
618,aipw_robust,1000,10,treatment,0.15,10,2,2000,-0.568389052765572,0.33190280215411,0.0088411074040682,0.576110060799245,0.568389052765572,0.0,2000,1270.14007616043,0.0021025112846389435,0.0024063851786780177,0.002088476961623972
618,reg_adj,1000,10,treatment,0.15,10,2,2000,-0.693489860843943,0.486374222792086,0.0054487600787744,0.69740535041831,0.693489860843943,0.0,2000,1270.14007616043,0.0016505696105851458,0.0022957816968473383,0.0016459449984648868
618,adaptive,1000,10,treatment,0.15,10,2,2000,-0.693489860843943,0.486374222792086,0.0054487600787744,0.69740535041831,0.693489860843943,0.0,2000,1270.14007616043,0.0016505696105851458,0.0022957816968473383,0.0016459449984648868
619,naive,200,20,treatment,0.15,10,2,2000,-0.703372695999333,0.530673852594665,0.0359586824585236,0.72847364577908,0.703372695999333,0.0355,2000,720.558640003204,0.004240205328667682,0.00607230856360882,0.0041678299543113015
619,ipw_robust,200,20,treatment,0.15,10,2,2000,-0.648929017199313,0.458114238719505,0.0370238812968871,0.676841368948075,0.649003563614243,0.0755,2000,720.558640003204,0.0043025504818007135,0.005705518150968393,0.004214811928410733
619,dr_robust,200,20,treatment,0.15,10,2,2000,-0.656899093110783,0.465635527173704,0.034136176732301,0.682374916870267,0.656985351245499,0.0515,2000,720.558640003204,0.0041313543016970235,0.005534069028621022,0.00405500619366491
619,aipw_robust,200,20,treatment,0.15,10,2,2000,-0.597103159016225,0.406741310547526,0.0502342451629519,0.63776273844395,0.597703096126462,0.2405,2000,720.558640003204,0.00501169857248777,0.006192231384257621,0.004854651276245599
619,reg_adj,200,20,treatment,0.15,10,2,2000,-0.69306814221948,0.510625225047054,0.0302969237493669,0.714580453865801,0.69306814221948,0.0215,2000,720.558640003204,0.003892102500536625,0.005479394248493305,0.0038339939322789966
619,adaptive,200,20,treatment,0.15,10,2,2000,-0.693139868793088,0.510763213790082,0.0303355038314985,0.714676999622964,0.693139868793088,0.0215,2000,720.558640003204,0.003894579812476469,0.005483538666583549,0.003836375502133448
620,naive,500,20,treatment,0.15,10,2,2000,-0.703372520348319,0.507753761722888,0.0130273730282556,0.712568425993524,0.703372520348319,0.0,2000,1959.73913502693,0.0025521924915898877,0.003613841804141243,0.002535785808290983
620,ipw_robust,500,20,treatment,0.15,10,2,2000,-0.649914570721203,0.436381870565901,0.0139999212908205,0.660592060628873,0.649914570721203,0.0,2000,1959.73913502693,0.0026457438737357494,0.0034673941055170287,0.0026244594146470103
620,dr_robust,500,20,treatment,0.15,10,2,2000,-0.65013762963671,0.435196011922241,0.0125233361206609,0.659693877432738,0.65013762963671,0.0,2000,1959.73913502693,0.002502332523932511,0.003277733173658782,0.0024842834576655425
620,aipw_robust,500,20,treatment,0.15,10,2,2000,-0.576473033441875,0.351431335401244,0.0191197369840589,0.592816443261524,0.576473033441875,0.012,2000,1959.73913502693,0.003091903700316271,0.003615708868764117,0.0030496023768094337
620,reg_adj,500,20,treatment,0.15,10,2,2000,-0.693343098870588,0.492437062824397,0.0117182692075302,0.701738600067288,0.693343098870588,0.0,2000,1959.73913502693,0.0024205649348375473,0.0033769571546729085,0.0024061360985052696
620,adaptive,500,20,treatment,0.15,10,2,2000,-0.693343098870588,0.492437062824397,0.0117182692075302,0.701738600067288,0.693343098870588,0.0,2000,1959.73913502693,0.0024205649348375473,0.0033769571546729085,0.0024061360985052696
621,naive,1000,20,treatment,0.15,10,2,2000,-0.704637709671236,0.502522196261958,0.0060108998211444,0.708887999801068,0.704637709671236,0.0,2000,3499.91838693619,0.0017336233473774516,0.0024505359359782964,0.0017284366054059169
621,ipw_robust,1000,20,treatment,0.15,10,2,2000,-0.651930478546054,0.431586025344996,0.0065759644699447,0.656952072334806,0.651930478546054,0.0,2000,3499.91838693619,0.0018132794144787366,0.0023733918073898875,0.0018063660252679156
621,dr_robust,1000,20,treatment,0.15,10,2,2000,-0.650237175559983,0.428706488270227,0.0059010543171604,0.65475681613117,0.650237175559984,0.0,2000,3499.91838693619,0.0017177098586723543,0.0022416183723353443,0.0017117946061108833
621,aipw_robust,1000,20,treatment,0.15,10,2,2000,-0.571985279670693,0.336534440534987,0.0093719663582053,0.580115885435821,0.571985279670693,0.0,2000,3499.91838693619,0.002164713186337315,0.0024940394925655786,0.0021496045490048015
621,reg_adj,1000,20,treatment,0.15,10,2,2000,-0.694747742152983,0.48841463501005,0.005743081324044,0.698866678995393,0.694747742152983,0.0,2000,3499.91838693619,0.0016945620856203528,0.0023615799663192602,0.0016895783110692762
621,adaptive,1000,20,treatment,0.15,10,2,2000,-0.694747742152983,0.48841463501005,0.005743081324044,0.698866678995393,0.694747742152983,0.0,2000,3499.91838693619,0.0016945620856203528,0.0023615799663192602,0.0016895783110692762
622,naive,200,5,mixed,0.15,10,2,2000,-0.375126759802393,0.514130695754365,0.373597408538793,0.717029075947667,0.551480283612458,0.9175,2000,164.921955108643,0.013667432248575315,0.01564353996143202,0.01090858131572741
622,ipw_robust,200,5,mixed,0.15,10,2,2000,-0.360107657773312,0.177202367152247,0.0475486162734028,0.420954115257527,0.3700608632633,0.6275,2000,164.921955108643,0.004875890496791473,0.0038200582035246345,0.0045373807560803135
622,dr_robust,200,5,mixed,0.15,10,2,2000,-0.349378442894605,0.171421928086248,0.0493813223879835,0.414031312929648,0.360003258418692,0.6615,2000,164.921955108643,0.0049689698322682285,0.0038070994870909695,0.004597598500645131
622,aipw_robust,200,5,mixed,0.15,10,2,2000,-0.279734144479568,0.136555454192054,0.0583334293189977,0.369534104234039,0.309847945088897,0.785,2000,164.921955108643,0.0054006216919442575,0.003540071988439393,0.0047899124165781196
622,reg_adj,200,5,mixed,0.15,10,2,2000,-0.392519153526214,0.538584584781029,0.384705651721955,0.733883222850222,0.561998494349476,0.916,2000,164.921955108643,0.0138691321235677,0.016326133264273623,0.011123113838784143
622,adaptive,200,5,mixed,0.15,10,2,2000,-0.360395846787001,0.177330818942685,0.0474693872549924,0.421106659817539,0.370349052276989,0.6265,2000,164.921955108643,0.004871826518616626,0.0038189633736961113,0.004534437160588754
623,naive,500,5,mixed,0.15,10,2,2000,-0.387783368834298,0.283042056841205,0.132732481937696,0.532016970444745,0.443218745151487,0.8235,2000,369.48099398613,0.008146547794547578,0.0075853447874824715,0.007128856041134763
623,ipw_robust,500,5,mixed,0.15,10,2,2000,-0.369686383026526,0.155055034214063,0.0183962105240896,0.393770281019357,0.370101093556891,0.219,2000,369.48099398613,0.003032837823234998,0.0023166285769105617,0.0029415990598801443
623,dr_robust,500,5,mixed,0.15,10,2,2000,-0.382243135251405,0.164920877349952,0.018820473139698,0.406104515303575,0.38251899913607,0.1955,2000,369.48099398613,0.00306761088957661,0.0024194879387356965,0.0029788981008091703
623,aipw_robust,500,5,mixed,0.15,10,2,2000,-0.309620974172417,0.118961964717696,0.0231083712558477,0.344908632419799,0.31174316752198,0.474,2000,369.48099398613,0.003399144837738435,0.002228131878226056,0.0032300320560172693
623,reg_adj,500,5,mixed,0.15,10,2,2000,-0.393474622683406,0.289895693729836,0.135140985526751,0.538419626063014,0.449101546204069,0.8175,2000,369.48099398613,0.008220127296056643,0.007752983723577016,0.007199759581822566
623,adaptive,500,5,mixed,0.15,10,2,2000,-0.369686383026526,0.155055034214063,0.0183962105240896,0.393770281019357,0.370101093556891,0.219,2000,369.48099398613,0.003032837823234998,0.0023166285769105617,0.0029415990598801443
624,naive,1000,5,mixed,0.15,10,2,2000,-0.383106438366229,0.213401226804846,0.066664015695036,0.461953706343878,0.398357215276292,0.69,2000,729.041414022446,0.005773387900316243,0.004900277397098752,0.005303861977731367
624,ipw_robust,1000,5,mixed,0.15,10,2,2000,-0.366361138128946,0.142820517804431,0.0086043364415159,0.377916019512843,0.366361138128946,0.024,2000,729.041414022446,0.0020741668738936967,0.0015439530436151504,0.0020427197629851743
624,dr_robust,1000,5,mixed,0.15,10,2,2000,-0.381837311832222,0.154212691031827,0.0084171669080238,0.39269923737108,0.381837311832222,0.014,2000,729.041414022446,0.002051483232690899,0.0015891161283688548,0.002023324693736576
624,aipw_robust,1000,5,mixed,0.15,10,2,2000,-0.33016486560121,0.121074568268478,0.0120717656738504,0.347957710459875,0.330195859393029,0.148,2000,729.041414022446,0.0024568033777502833,0.0016666090829710138,0.0023948443056030513
624,reg_adj,1000,5,mixed,0.15,10,2,2000,-0.386645702779792,0.216982315654807,0.0675211767651108,0.465813606128897,0.401823410154985,0.691,2000,729.041414022446,0.005810386250719946,0.004974661031470291,0.005339754964235345
624,adaptive,1000,5,mixed,0.15,10,2,2000,-0.366361138128946,0.142820517804431,0.0086043364415159,0.377916019512843,0.366361138128946,0.024,2000,729.041414022446,0.0020741668738936967,0.0015439530436151504,0.0020427197629851743
625,naive,200,10,mixed,0.15,10,2,2000,-0.344192614040783,0.508269910318469,0.389996352934709,0.712930508758371,0.555752625458307,0.922,2000,271.747037172318,0.013964174750673757,0.01563655219395367,0.010966392938623185
625,ipw_robust,200,10,mixed,0.15,10,2,2000,-0.318937200289066,0.1477302673413,0.0460323457859655,0.384356953028432,0.332229008840513,0.6935,2000,271.747037172318,0.004797517367658271,0.003388787927403483,0.004408386397985631
625,dr_robust,200,10,mixed,0.15,10,2,2000,-0.297691832720525,0.138884459020526,0.0502891763401909,0.372672052910499,0.312685179981599,0.76,2000,271.747037172318,0.005014437971507421,0.0033826465741298843,0.0045383689865017346
625,aipw_robust,200,10,mixed,0.15,10,2,2000,-0.249463854520932,0.120103871973894,0.0579006075652359,0.346560055363994,0.284939872693177,0.825,2000,271.747037172318,0.005380548650706352,0.003249468639698576,0.004688175381732382
625,reg_adj,200,10,mixed,0.15,10,2,2000,-0.371820526260836,0.522926170542297,0.384868100843834,0.723136342982634,0.570298070244889,0.916,2000,271.747037172318,0.013872060064097077,0.01595430577255598,0.01103132619967015
625,adaptive,200,10,mixed,0.15,10,2,2000,-0.318941748024957,0.147731694189442,0.0460308709917222,0.384358809173722,0.332233556576404,0.6935,2000,271.747037172318,0.004797440515093554,0.003388763029495152,0.004408332720121816
626,naive,500,10,mixed,0.15,10,2,2000,-0.347859840834264,0.262293937549097,0.141358147757736,0.512146402456463,0.420952616782083,0.8565,2000,594.312612056732,0.00840708474317156,0.007361564137361484,0.0071869724184846565
626,ipw_robust,500,10,mixed,0.15,10,2,2000,-0.331471174827569,0.130560177391406,0.0206973863430093,0.36133111876976,0.333888074607555,0.3535,2000,594.312612056732,0.003216938478041607,0.002230819456014579,0.0030869462110126975
626,dr_robust,500,10,mixed,0.15,10,2,2000,-0.339919441514254,0.138870496779379,0.0233369385292808,0.372653319828737,0.342942283939291,0.387,2000,594.312612056732,0.0034159141184521022,0.0024367101605489677,0.0032694062160358913
626,aipw_robust,500,10,mixed,0.15,10,2,2000,-0.264236265239616,0.0929963812902447,0.0231871710079678,0.304953080473447,0.269708912239152,0.5925,2000,594.312612056732,0.0034049354625284604,0.0019430745579479866,0.003185858222732685
626,reg_adj,500,10,mixed,0.15,10,2,2000,-0.360253220069705,0.273256193407281,0.143545583628504,0.522739125575349,0.429623268163411,0.8495,2000,594.312612056732,0.008471882424482295,0.007606885714984449,0.0072759865703681415
626,adaptive,500,10,mixed,0.15,10,2,2000,-0.331471174827569,0.130560177391406,0.0206973863430093,0.36133111876976,0.333888074607555,0.3535,2000,594.312612056732,0.003216938478041607,0.002230819456014579,0.0030869462110126975
627,naive,1000,10,mixed,0.15,10,2,2000,-0.368375928869492,0.213239067115485,0.0775770306603544,0.461778157902131,0.389743735141331,0.757,2000,1157.53078699112,0.006228042656419206,0.005203146144864205,0.005633815779098583
627,ipw_robust,1000,10,mixed,0.15,10,2,2000,-0.339673899963927,0.124846933362171,0.0094733117013175,0.353336855369165,0.339673899963927,0.0665,2000,1157.53078699112,0.0021763859608669484,0.0015085668491754641,0.00213474313003567
627,dr_robust,1000,10,mixed,0.15,10,2,2000,-0.354898979398389,0.135278780748371,0.0093301602504783,0.367802638310781,0.354922642176714,0.048,2000,1157.53078699112,0.002159879655267661,0.001561211250066415,0.002122349172421166
627,aipw_robust,1000,10,mixed,0.15,10,2,2000,-0.292384976401566,0.0977275037050783,0.012244651605537,0.312613985139946,0.292767403106053,0.246,2000,1157.53078699112,0.002474333405741534,0.0014978307343778828,0.0023956553538501454
627,reg_adj,1000,10,mixed,0.15,10,2,2000,-0.371973285445175,0.218020605534389,0.0796963286138184,0.466926766778677,0.394475360133485,0.7535,2000,1157.53078699112,0.006312540242003151,0.005329702651816281,0.005707214740103513
627,adaptive,1000,10,mixed,0.15,10,2,2000,-0.339673899963927,0.124846933362171,0.0094733117013175,0.353336855369165,0.339673899963927,0.0665,2000,1157.53078699112,0.0021763859608669484,0.0015085668491754641,0.00213474313003567
628,naive,200,20,mixed,0.15,10,2,2000,-0.311984845325928,0.573942436137713,0.476846315582461,0.757589886507016,0.54772745573214,0.9445,2000,664.74506187439,0.015440957152690712,0.017894402638297186,0.011810085480946734
628,ipw_robust,200,20,mixed,0.15,10,2,2000,-0.286446356853016,0.127927658245457,0.0458990924373107,0.357669761435682,0.30451243051808,0.7145,2000,664.74506187439,0.004790568465083799,0.0031046588962898424,0.004340119337776529
628,dr_robust,200,20,mixed,0.15,10,2,2000,-0.265273480473649,0.125873452091213,0.055531198247733,0.354786488033596,0.289608512221731,0.815,2000,664.74506187439,0.005269307271726189,0.003301390158638797,0.004652643589862667
628,aipw_robust,200,20,mixed,0.15,10,2,2000,-0.239082240317462,0.11603047288047,0.0588996050477772,0.340632460109823,0.281584396067797,0.828,2000,664.74506187439,0.005426767225880303,0.0031941514899928667,0.0046885600523259635
628,reg_adj,200,20,mixed,0.15,10,2,2000,-0.340952332901216,0.542611314380525,0.426576109124306,0.736621554382252,0.567337428725347,0.926,2000,664.74506187439,0.014604384771778407,0.01676737417760408,0.011381267679348312
628,adaptive,200,20,mixed,0.15,10,2,2000,-0.286590351815561,0.12802650970059,0.0459154376656562,0.357807922914782,0.304656425480625,0.714,2000,664.74506187439,0.00479142137917634,0.003106552311293863,0.004341089328021589
629,naive,500,20,mixed,0.15,10,2,2000,-0.349405263940382,0.27268075645349,0.150672054011247,0.522188430026451,0.427308238031163,0.8665,2000,1414.44731998444,0.008679632884265527,0.00771306511941054,0.007385327475581795
629,ipw_robust,500,20,mixed,0.15,10,2,2000,-0.331641377793116,0.128883453822272,0.0189069038096606,0.359003417563499,0.333392972516143,0.314,2000,1414.44731998444,0.003074646630887898,0.0021251965997274164,0.00295985566676607
629,dr_robust,500,20,mixed,0.15,10,2,2000,-0.304599619012091,0.11128413094128,0.0185124592686029,0.33359276212364,0.306055522148737,0.3855,2000,1414.44731998444,0.0030424052383437434,0.0019436865605238695,0.002913262488296251
629,aipw_robust,500,20,mixed,0.15,10,2,2000,-0.248293978761956,0.0850776468542704,0.023439466698177,0.291680727601723,0.255503131846425,0.624,2000,1414.44731998444,0.003423409608721764,0.0018545862476315365,0.0031791374474420047
629,reg_adj,500,20,mixed,0.15,10,2,2000,-0.379006187306272,0.291795850859608,0.148224272979661,0.54018131294928,0.444579591789566,0.8535,2000,1414.44731998444,0.008608840600791172,0.008034549834249912,0.007436900945705532
629,adaptive,500,20,mixed,0.15,10,2,2000,-0.331641377793116,0.128883453822272,0.0189069038096606,0.359003417563499,0.333392972516143,0.314,2000,1414.44731998444,0.003074646630887898,0.0021251965997274164,0.00295985566676607
630,naive,1000,20,mixed,0.15,10,2,2000,-0.369491345966616,0.208707390659976,0.0722196457386231,0.456845040095628,0.392960687411187,0.7245,2000,2573.7836689949,0.00600914493662048,0.004993504388664343,0.005465205868951855
630,ipw_robust,1000,20,mixed,0.15,10,2,2000,-0.344093929089577,0.129778113846742,0.0113831733971372,0.360247295405173,0.344263934697962,0.1025,2000,2573.7836689949,0.002385704654513756,0.0016808112583478962,0.0023328575672684434
630,dr_robust,1000,20,mixed,0.15,10,2,2000,-0.355614805970274,0.138555755361227,0.0120999150934981,0.372230782393433,0.355896920222965,0.098,2000,2573.7836689949,0.0024596661453841757,0.0017907440391770365,0.002405421748924961
630,aipw_robust,1000,20,mixed,0.15,10,2,2000,-0.265124898617596,0.0821011991419224,0.0118158952225432,0.28653306814733,0.265794116633285,0.317,2000,2573.7836689949,0.0024306269996179175,0.0013419100450037665,0.002341632073533972
630,reg_adj,1000,20,mixed,0.15,10,2,2000,-0.382809391401944,0.219282805158511,0.072776163094531,0.468276419605462,0.405121887935052,0.712,2000,2573.7836689949,0.006032253438580436,0.005160043491990841,0.005509612779924242
630,adaptive,1000,20,mixed,0.15,10,2,2000,-0.344093929089577,0.129778113846742,0.0113831733971372,0.360247295405173,0.344263934697962,0.1025,2000,2573.7836689949,0.002385704654513756,0.0016808112583478962,0.0023328575672684434
631,naive,200,5,none,0.2,10,2,2000,0.0114611792932022,0.0305632154841894,0.0304470803935952,0.174823383688194,0.140287973811715,0.947,2000,180.82496213913,0.0039017355365013654,0.0009669662238559406,0.002765551734144935
631,ipw_robust,200,5,none,0.2,10,2,2000,-0.0151198403985717,0.0312274412237112,0.0310143388194427,0.176712877922666,0.142328315234245,0.956,2000,180.82496213913,0.003937914347687282,0.000987962328207935,0.0027953885982217215
631,dr_robust,200,5,none,0.2,10,2,2000,0.0073000585255633,0.0295875236457662,0.0295490072949371,0.172010242851309,0.138353063263076,0.949,2000,180.82496213913,0.0038437616533115774,0.0009361053443985959,0.0027210744223173803
631,aipw_robust,200,5,none,0.2,10,2,2000,0.0035992311412873,0.0408856125985864,0.040893104686121,0.202201910472148,0.163327112524197,0.955,2000,180.82496213913,0.004521786410597088,0.0012935631053184755,0.0031986916006331587
631,reg_adj,200,5,none,0.2,10,2,2000,0.0113107355139794,0.0282319427004531,0.0281180689970844,0.168023637326577,0.134441499990073,0.952,2000,180.82496213913,0.003749537904668014,0.0008932078410008895,0.002657982695806119
631,adaptive,200,5,none,0.2,10,2,2000,0.0112465813331135,0.0282456475123679,0.0281332285349531,0.168064414771146,0.134505654170939,0.9525,2000,180.82496213913,0.0037505485288790155,0.0008936416753454683,0.002658628468621224
632,naive,500,5,none,0.2,10,2,2000,0.0104237041523452,0.0118891146635517,0.0117863542324123,0.109037216873652,0.0865360342221855,0.945,2000,400.214046001434,0.0024275866856213702,0.0003761374827413034,0.0017248123784063406
632,ipw_robust,500,5,none,0.2,10,2,2000,-0.0187750196720777,0.0124735926868626,0.012127154900626,0.111685239341923,0.0881402963373918,0.943,2000,400.214046001434,0.0024624332377372183,0.0003944839201589885,0.001766052177008283
632,dr_robust,500,5,none,0.2,10,2,2000,0.0060930501252505,0.0115886605126448,0.0115573139097709,0.107650641022916,0.0857899548814866,0.9435,2000,400.214046001434,0.002403883723245667,0.0003666464801039699,0.0017029461070553241
632,aipw_robust,500,5,none,0.2,10,2,2000,0.0020532146149481,0.0162461529347619,0.0162500622756447,0.127460397515314,0.101236332297379,0.949,2000,400.214046001434,0.002850444024677971,0.0005140053836495192,0.002016333675672724
632,reg_adj,500,5,none,0.2,10,2,2000,0.0091532000014584,0.0110976761114048,0.0110194047435099,0.105345508264021,0.083920471985658,0.946,2000,400.214046001434,0.0023472755210573277,0.0003511035686909418,0.0016664382491325231
632,adaptive,500,5,none,0.2,10,2,2000,0.0091532000014584,0.0110976761114048,0.0110194047435099,0.105345508264021,0.083920471985658,0.946,2000,400.214046001434,0.0023472755210573277,0.0003511035686909418,0.0016664382491325231
633,naive,1000,5,none,0.2,10,2,2000,0.0107301000607425,0.0058235516691306,0.005711272257946,0.0763121986914977,0.0609979179526677,0.9485,2000,731.989696025848,0.001689862754478304,0.00018421119946317576,0.0012069577513280298
633,ipw_robust,1000,5,none,0.2,10,2,2000,-0.018541927659063,0.0061368651017839,0.0057959600004702,0.0783381458919215,0.0626023811653757,0.9415,2000,731.989696025848,0.0017023454409241091,0.00019385172204991718,0.0012372754029522405
633,dr_robust,1000,5,none,0.2,10,2,2000,0.006319487248311,0.0057207217703688,0.0056836276651198,0.0756354531312456,0.0603509881295498,0.9495,2000,731.989696025848,0.0016857680245395271,0.00018099056667341282,0.0011964664663233452
633,aipw_robust,1000,5,none,0.2,10,2,2000,0.0008658528162341,0.0079928494111113,0.0079960977588914,0.0894027371567078,0.0707621309460895,0.9465,2000,731.989696025848,0.0019995121603645473,0.0002528825196337407,0.0014142884640683912
633,reg_adj,1000,5,none,0.2,10,2,2000,0.0098735276977288,0.0055093836905779,0.0054146044436019,0.0742252227384867,0.0592854488576466,0.949,2000,731.989696025848,0.001645388167515784,0.0001742803588636117,0.001173996873526694
633,adaptive,1000,5,none,0.2,10,2,2000,0.0098735276977288,0.0055093836905779,0.0054146044436019,0.0742252227384867,0.0592854488576466,0.949,2000,731.989696025848,0.001645388167515784,0.0001742803588636117,0.001173996873526694
634,naive,200,10,none,0.2,10,2,2000,0.0044772859645378,0.0336065853033868,0.0336033408842206,0.183320989805823,0.146831813306193,0.949,2000,314.506723880768,0.004098984074390909,0.001063264665897506,0.002900007977874589
634,ipw_robust,200,10,none,0.2,10,2,2000,-0.0184892303270452,0.0340377276725821,0.0337127324006959,0.184493164297711,0.147028324924705,0.9505,2000,314.506723880768,0.004105650520970818,0.0010768462432083944,0.0029183906279332938
634,dr_robust,200,10,none,0.2,10,2,2000,-0.0007881934014293,0.0325734596091436,0.0325891329267689,0.180481189072833,0.144668508819642,0.954,2000,314.506723880768,0.004036652878733128,0.001030578515611761,0.0028550856765351654
634,aipw_robust,200,10,none,0.2,10,2,2000,-0.0042660193732782,0.0428723261079738,0.0428755649691652,0.207056335590037,0.164717744122483,0.9495,2000,314.506723880768,0.004630095299730083,0.0013564197910269722,0.0032754848750743554
634,reg_adj,200,10,none,0.2,10,2,2000,0.0035056215656368,0.0296338904958962,0.0296364193229963,0.172144969417919,0.137376579529342,0.952,2000,314.506723880768,0.0038494427728566314,0.0009375744113818874,0.0027232117631788687
634,adaptive,200,10,none,0.2,10,2,2000,0.0031545498904668,0.0297721374258378,0.0297770747782154,0.172546044364505,0.137569110131587,0.953,2000,314.506723880768,0.0038585667532268636,0.0009419484150991852,0.002729556677373928
635,naive,500,10,none,0.2,10,2,2000,0.0133466115563947,0.0119881036151358,0.0118158795148559,0.109490198717217,0.0878773515752151,0.952,2000,721.580869197845,0.0024306253840170335,0.0003792421154819484,0.0017318541747349742
635,ipw_robust,500,10,none,0.2,10,2,2000,-0.0107833173433574,0.0123004079116279,0.0121902230902455,0.11090720405649,0.0885364537669805,0.9435,2000,721.580869197845,0.0024688279699328487,0.0003891484236593614,0.0017543874943468536
635,dr_robust,500,10,none,0.2,10,2,2000,0.0080788108294198,0.0116687388545985,0.0116092763083351,0.108021936913752,0.0864289553735325,0.952,2000,721.580869197845,0.0024092816676693387,0.00036917571149631647,0.0017087997218151975
635,aipw_robust,500,10,none,0.2,10,2,2000,0.003992270923844,0.0164713036351819,0.0164635972066559,0.128340576729193,0.102145921412969,0.9505,2000,721.580869197845,0.002869111117284925,0.00052112842379427,0.002030255890519664
635,reg_adj,500,10,none,0.2,10,2,2000,0.012509438625441,0.0109816198710668,0.0108305490908886,0.104793224356667,0.0840782909615937,0.9525,2000,721.580869197845,0.002327074245795415,0.0003474053157417088,0.0016575752768103783
635,adaptive,500,10,none,0.2,10,2,2000,0.012509438625441,0.0109816198710668,0.0108305490908886,0.104793224356667,0.0840782909615937,0.9525,2000,721.580869197845,0.002327074245795415,0.0003474053157417088,0.0016575752768103783
636,naive,1000,10,none,0.2,10,2,2000,0.0095232967293714,0.006012896254359,0.0059251656565917,0.077542867204915,0.0618372669311185,0.9465,2000,1283.27271986008,0.001721215508963317,0.00019021654054250553,0.0012265250654185816
636,ipw_robust,1000,10,none,0.2,10,2,2000,-0.0136641771089971,0.0064106092827037,0.0062270130531643,0.0800662805599447,0.0631700188613322,0.9475,2000,1283.27271986008,0.001764513113179426,0.00020273376505049862,0.001266037110957803
636,dr_robust,1000,10,none,0.2,10,2,2000,0.00455318465292,0.0058500028149118,0.0058321874181373,0.0764853111055441,0.0607886710491827,0.95,2000,1283.27271986008,0.0017076573746125567,0.00018508438604105488,0.0012099341910608956
636,aipw_robust,1000,10,none,0.2,10,2,2000,0.0001084139790989,0.0080449230397856,0.0080489357540718,0.0896934949691765,0.0717003147595575,0.956,2000,1283.27271986008,0.0020061076434319024,0.0002545300689132246,0.00141888812003978
636,reg_adj,1000,10,none,0.2,10,2,2000,0.0090393278339546,0.0056714406515589,0.005592527467603,0.0753089679358239,0.0600159906132003,0.948,2000,1283.27271986008,0.0016722032573229548,0.0001794165213602937,0.001191202895737379
636,adaptive,1000,10,none,0.2,10,2,2000,0.0090393278339546,0.0056714406515589,0.005592527467603,0.0753089679358239,0.0600159906132003,0.948,2000,1283.27271986008,0.0016722032573229548,0.0001794165213602937,0.001191202895737379
637,naive,200,20,none,0.2,10,2,2000,0.0127921476628892,0.0389801928396992,0.0388359717837619,0.197434021484898,0.154599407085863,0.953,2000,730.668409109116,0.0044065843792988856,0.0012332651242987246,0.003123233561833361
637,ipw_robust,200,20,none,0.2,10,2,2000,-0.0097762147689211,0.037304433257783,0.0372274726188844,0.193143556086614,0.151880015196657,0.953,2000,730.668409109116,0.004314363951898611,0.0011802545074949041,0.0030553815291813995
637,dr_robust,200,20,none,0.2,10,2,2000,0.0124773870232899,0.0367750129999416,0.0366376466363308,0.191768123002603,0.151501615391015,0.9495,2000,730.668409109116,0.0042800494527710075,0.0011634968967638335,0.003033603496103574
637,aipw_robust,200,20,none,0.2,10,2,2000,0.0046714972464743,0.0465049335708541,0.0465063638662634,0.215650025668568,0.172766786914717,0.947,2000,730.668409109116,0.004822155320303536,0.0014713502935276386,0.003411430833282054
637,reg_adj,200,20,none,0.2,10,2,2000,0.0166796547661656,0.0314171890434914,0.0311545554380919,0.177248946522938,0.14028791720345,0.9465,2000,730.668409109116,0.003946806014874046,0.0009939524119938195,0.0028038316489096622
637,adaptive,200,20,none,0.2,10,2,2000,0.0153583084548083,0.0335266547452796,0.0333074308220976,0.183102852914092,0.143930712859836,0.945,2000,730.668409109116,0.004080896397980326,0.0010607063232717393,0.0028964767790084635
638,naive,500,20,none,0.2,10,2,2000,0.0040861520136954,0.0122764981455718,0.0122659344745301,0.11079935986084,0.0895008243605845,0.954,2000,1992.09615898132,0.002476482836052988,0.0003884105408914863,0.001752765274904638
638,ipw_robust,500,20,none,0.2,10,2,2000,-0.0192356428025968,0.0129292888964902,0.0125655617233228,0.11370703098969,0.0913849385305237,0.9435,2000,1992.09615898132,0.002506547598124041,0.00040889131472046197,0.0017980036553655895
638,dr_robust,500,20,none,0.2,10,2,2000,-0.001495311792681,0.0117332573102671,0.0117368897978087,0.108320161144023,0.0875862995265428,0.9545,2000,1992.09615898132,0.0024224873372020645,0.0003712237445208713,0.0017135487087546447
638,aipw_robust,500,20,none,0.2,10,2,2000,-0.0038348334966389,0.0161786012583722,0.0161719813010758,0.127195130639393,0.102268502766764,0.953,2000,1992.09615898132,0.0028435876372177983,0.0005118677835464647,0.002012135924438984
638,reg_adj,500,20,none,0.2,10,2,2000,0.0027145154350134,0.0109599972747792,0.0109581077345996,0.104690005610752,0.0844320666977594,0.9535,2000,1992.09615898132,0.0023407378894912175,0.0003467587299808457,0.001656121460486542
638,adaptive,500,20,none,0.2,10,2,2000,0.0027145154350134,0.0109599972747792,0.0109581077345996,0.104690005610752,0.0844320666977594,0.9535,2000,1992.09615898132,0.0023407378894912175,0.0003467587299808457,0.001656121460486542
639,naive,1000,20,none,0.2,10,2,2000,0.0112869707815744,0.0060851895831057,0.005960774260812,0.078007625160017,0.0621609539962736,0.9465,2000,3635.42082810402,0.0017263797758332318,0.00019248268472697779,0.0012337427548405567
639,ipw_robust,1000,20,none,0.2,10,2,2000,-0.0125350329743898,0.0062388532123485,0.0060847685449519,0.0789864115677407,0.0625532406489806,0.944,2000,3635.42082810402,0.0017442431804298249,0.00019732352046512264,0.0012490978925906334
639,dr_robust,1000,20,none,0.2,10,2,2000,0.0067667266338107,0.0057894696609456,0.0057465543487833,0.0760885645872341,0.0607115529698223,0.943,2000,3635.42082810402,0.0016950743860939112,0.0001831642435571841,0.0012036253052664027
639,aipw_robust,1000,20,none,0.2,10,2,2000,0.001851259066989,0.0081009113239482,0.0081015349312808,0.0900050627684259,0.0718140134689721,0.95,2000,3635.42082810402,0.002012651849088759,0.0002563013826685879,0.0014238164764576963
639,reg_adj,1000,20,none,0.2,10,2,2000,0.011244174979447,0.0056940998833651,0.0055704536392163,0.0754592597589263,0.0604174690738122,0.9485,2000,3635.42082810402,0.0016688998830391684,0.00018010695445149573,0.001193405256206415
639,adaptive,1000,20,none,0.2,10,2,2000,0.011244174979447,0.0056940998833651,0.0055704536392163,0.0754592597589263,0.0604174690738122,0.9485,2000,3635.42082810402,0.0016688998830391684,0.00018010695445149573,0.001193405256206415
640,naive,200,5,covariate,0.2,10,2,2000,-0.204062241772542,0.0798298848037781,0.0382075900815836,0.282541828414446,0.233262213984209,0.815,2000,166.770928859711,0.0043707888350722,0.002154496439956008,0.003812703506674574
640,ipw_robust,200,5,covariate,0.2,10,2,2000,-0.198209673391008,0.0789898025644743,0.0397225892333207,0.281051245441955,0.232382437872829,0.8305,2000,166.770928859711,0.0044566012404814,0.0021677298610471942,0.0038564672745684233
640,dr_robust,200,5,covariate,0.2,10,2,2000,-0.203980361449189,0.0800535807495606,0.0384648253052715,0.282937414898703,0.233735457563201,0.8135,2000,166.770928859711,0.00438547747145459,0.002163430321089011,0.003823160542170713
640,aipw_robust,200,5,covariate,0.2,10,2,2000,-0.189204649592951,0.0891765656120532,0.0534048686187712,0.29862445581709,0.245411589511769,0.876,2000,166.770928859711,0.005167439821554345,0.0025837371438623235,0.0043260642146550855
640,reg_adj,200,5,covariate,0.2,10,2,2000,-0.205457658235569,0.078824474464364,0.0366299401067734,0.280756966902629,0.23233931546484,0.804,2000,166.770928859711,0.004279599286543858,0.0021057684576993494,0.0037501624286133267
640,adaptive,200,5,covariate,0.2,10,2,2000,-0.205208909377194,0.0788483797715903,0.0367560613144703,0.280799536629942,0.232386347325916,0.805,2000,166.770928859711,0.004286960538334258,0.002108709256287526,0.0037548303704406324
641,naive,500,5,covariate,0.2,10,2,2000,-0.210878822697138,0.0583874901797539,0.0139245746049254,0.241635035083396,0.214087577484664,0.576,2000,383.636015176773,0.002638614655925094,0.0011968049305774353,0.0024764722759768247
641,ipw_robust,500,5,covariate,0.2,10,2,2000,-0.204211382400176,0.0560534632487683,0.0143583537238395,0.236756126106102,0.208142668357122,0.599,2000,383.636015176773,0.00267939860079081,0.001184784683479186,0.0025021204371037603
641,dr_robust,500,5,covariate,0.2,10,2,2000,-0.208548055667147,0.057349970954674,0.0138646117379957,0.239478539653711,0.21193791520436,0.578,2000,383.636015176773,0.00263292724339239,0.0011824698430645292,0.002468843021955946
641,aipw_robust,500,5,covariate,0.2,10,2,2000,-0.204115688252904,0.0613242143657175,0.0196708355925572,0.247637263685653,0.213032989372588,0.698,2000,383.636015176773,0.0031361469666261817,0.0014233911079267797,0.0028739437004392256
641,reg_adj,500,5,covariate,0.2,10,2,2000,-0.210939945556474,0.0582901438728095,0.0138013839334078,0.241433518536282,0.213969599039678,0.5725,2000,383.636015176773,0.002626916817621734,0.0011910842077559375,0.0024666918971670134
641,adaptive,500,5,covariate,0.2,10,2,2000,-0.210939945556474,0.0582901438728095,0.0138013839334078,0.241433518536282,0.213969599039678,0.5725,2000,383.636015176773,0.002626916817621734,0.0011910842077559375,0.0024666918971670134
642,naive,1000,5,covariate,0.2,10,2,2000,-0.203964466266265,0.0485994644431001,0.0070014616746548,0.220452862179424,0.204390561870717,0.3145,2000,751.961670160294,0.0018710240076833327,0.0007947094628215684,0.0018024475957467126
642,ipw_robust,1000,5,covariate,0.2,10,2,2000,-0.198588521593114,0.0466436655929911,0.0072098696192619,0.215971446244616,0.199134028473225,0.352,2000,751.961670160294,0.0018986665872740664,0.0007878193049633941,0.0018238969054989922
642,dr_robust,1000,5,covariate,0.2,10,2,2000,-0.202308698304285,0.0479249147551152,0.006999605148115,0.218917598093701,0.202708560710933,0.3275,2000,751.961670160294,0.001870775928340297,0.0007886478823457681,0.001801243685325406
642,aipw_robust,1000,5,covariate,0.2,10,2,2000,-0.196879149796444,0.0485477182899002,0.0097912142724658,0.220335467616769,0.198885509739687,0.481,2000,751.961670160294,0.0022126018928476264,0.0009246135492080088,0.002098194991503128
642,reg_adj,1000,5,covariate,0.2,10,2,2000,-0.203884019793445,0.0485632605820534,0.0069980660879636,0.22037073440467,0.204308929508804,0.3085,2000,751.961670160294,0.0018705702456688976,0.0007942127284033424,0.001801992289377495
642,adaptive,1000,5,covariate,0.2,10,2,2000,-0.203884019793445,0.0485632605820534,0.0069980660879636,0.22037073440467,0.204308929508804,0.3085,2000,751.961670160294,0.0018705702456688976,0.0007942127284033424,0.001801992289377495
643,naive,200,10,covariate,0.2,10,2,2000,-0.163520411552477,0.0673067271204218,0.0405880961742176,0.259435400669265,0.211866787474809,0.869,2000,255.664850950241,0.00450489157329106,0.0019539594851415223,0.0037657919468601754
643,ipw_robust,200,10,covariate,0.2,10,2,2000,-0.157601737178291,0.0659989772410959,0.0411812603096358,0.256902661023774,0.208832398857542,0.8745,2000,255.664850950241,0.004537689957987203,0.0019343323963014526,0.003764718490250375
643,dr_robust,200,10,covariate,0.2,10,2,2000,-0.164774146463516,0.0685981302345917,0.0414683450643436,0.261912447651103,0.212419472361539,0.8665,2000,255.664850950241,0.004553479167864041,0.00199283663453394,0.003804394660135863
643,aipw_robust,200,10,covariate,0.2,10,2,2000,-0.129700279979461,0.0779766619167898,0.0611850918359573,0.279243015878266,0.224600458575689,0.923,2000,255.664850950241,0.005531052876078717,0.002408764536721847,0.004313025572270589
643,reg_adj,200,10,covariate,0.2,10,2,2000,-0.16335606610212,0.0647235588969819,0.0380573832562498,0.254408252415251,0.209038861077963,0.8655,2000,255.664850950241,0.004362188857457332,0.0018653424665216363,0.0036660415863338063
643,adaptive,200,10,covariate,0.2,10,2,2000,-0.164079252847966,0.0653291360880735,0.0384263480469503,0.255595649587534,0.209750357725113,0.865,2000,255.664850950241,0.004383283475144535,0.0018829797136062452,0.003683512838823534
644,naive,500,10,covariate,0.2,10,2,2000,-0.165057679281433,0.0412603493094004,0.0140233234813686,0.20312643675652,0.173421440974224,0.7265,2000,634.462135791779,0.002647954255776391,0.000980182382405605,0.0024127395676726035
644,ipw_robust,500,10,covariate,0.2,10,2,2000,-0.158176494981499,0.0394329646289744,0.0144203712499673,0.198577351752345,0.168469160988996,0.75,2000,634.462135791779,0.002685178881375252,0.0009641248980258657,0.0024275802087145126
644,dr_robust,500,10,covariate,0.2,10,2,2000,-0.163654085830316,0.0407362812040945,0.013960601695986,0.201832309613933,0.172039500326446,0.7355,2000,634.462135791779,0.002642025898433435,0.0009709286748355069,0.0024052855479202257
644,aipw_robust,500,10,covariate,0.2,10,2,2000,-0.156150230417334,0.0443220123041812,0.0199490923909901,0.210527937110924,0.174482758925417,0.814,2000,634.462135791779,0.0031582504960017107,0.0011708114775165056,0.0027806558445011096
644,reg_adj,500,10,covariate,0.2,10,2,2000,-0.164678946839535,0.0409902331968621,0.0138780166730201,0.202460448475405,0.172705003693031,0.7275,2000,634.462135791779,0.002634199752583325,0.0009722754404201609,0.002401149083047382
644,adaptive,500,10,covariate,0.2,10,2,2000,-0.164678946839535,0.0409902331968621,0.0138780166730201,0.202460448475405,0.172705003693031,0.7275,2000,634.462135791779,0.002634199752583325,0.0009722754404201609,0.002401149083047382
645,naive,1000,10,covariate,0.2,10,2,2000,-0.167200405211472,0.0349528587277878,0.0070003834166157,0.18695683653664,0.168376164103622,0.4905,2000,1310.29371094704,0.0018708799288858304,0.0006636342837670353,0.001774832886726171
645,ipw_robust,1000,10,covariate,0.2,10,2,2000,-0.161234052816512,0.0333347346433016,0.0073419858485881,0.182578023440122,0.162889665728745,0.524,2000,1310.29371094704,0.0019159835396720009,0.0006600268544464326,0.0018075199906600315
645,dr_robust,1000,10,covariate,0.2,10,2,2000,-0.165294063716425,0.0343597438392148,0.007041136907779,0.185363814805411,0.166574769180762,0.4925,2000,1310.29371094704,0.0018763177912841684,0.0006590411896316646,0.001777696446103855
645,aipw_robust,1000,10,covariate,0.2,10,2,2000,-0.163995547608522,0.0370648256284424,0.0101753736798634,0.192522273071046,0.168160292599328,0.623,2000,1310.29371094704,0.002255590131192212,0.0008067603181871478,0.0020952389178612884
645,reg_adj,1000,10,covariate,0.2,10,2,2000,-0.167306408690233,0.034884122963571,0.006896136643069,0.186772918174908,0.168445993457152,0.481,2000,1310.29371094704,0.0018568974989305413,0.0006584999721803568,0.0017628357971140353
645,adaptive,1000,10,covariate,0.2,10,2,2000,-0.167306408690233,0.034884122963571,0.006896136643069,0.186772918174908,0.168445993457152,0.481,2000,1310.29371094704,0.0018568974989305413,0.0006584999721803568,0.0017628357971140353
646,naive,200,20,covariate,0.2,10,2,2000,-0.166098817303896,0.0760441243724764,0.0484795470362416,0.275760991390146,0.220985995105597,0.899,2000,538.696720123291,0.004923390449489132,0.002241707651397086,0.004064584407127989
646,ipw_robust,200,20,covariate,0.2,10,2,2000,-0.159983321720913,0.0719941301273867,0.0464226782376483,0.268317219215217,0.216357402246768,0.8915,2000,538.696720123291,0.004817814765931142,0.00212871103865805,0.003966780523598474
646,dr_robust,200,20,covariate,0.2,10,2,2000,-0.161218139365008,0.0791500892857163,0.0531853935221621,0.281336256614245,0.223607130264561,0.906,2000,538.696720123291,0.005156810716041558,0.002365036975171218,0.004203221091432317
646,aipw_robust,200,20,covariate,0.2,10,2,2000,-0.0813464813483122,0.0765578426622335,0.0699755804246945,0.276690879253787,0.222989289738534,0.9405,2000,538.696720123291,0.00591504777768931,0.002413021690492511,0.004360500962301749
646,reg_adj,200,20,covariate,0.2,10,2,2000,-0.171821085157061,0.0675697086076211,0.0380662564312866,0.259941740795166,0.213315014233597,0.852,2000,538.696720123291,0.004362697355495027,0.0019226702449656441,0.0036982714647600737
646,adaptive,200,20,covariate,0.2,10,2,2000,-0.172909640882867,0.0726346719752242,0.0427583072185915,0.269508203910798,0.218449827300188,0.8725,2000,538.696720123291,0.004623759683341658,0.0020940455283286604,0.003884938376535931
647,naive,500,20,covariate,0.2,10,2,2000,-0.173977879711936,0.045354121607443,0.0150933656612127,0.212965071331998,0.183229607407272,0.707,2000,1412.79279613495,0.0027471226457161228,0.0010684150906985533,0.002508427987782483
647,ipw_robust,500,20,covariate,0.2,10,2,2000,-0.168744333553645,0.0437644949391324,0.0152974935794582,0.209199653295918,0.179238978740709,0.722,2000,1412.79279613495,0.002765636778344022,0.0010512824854317046,0.00251262960733649
647,dr_robust,500,20,covariate,0.2,10,2,2000,-0.173282687449228,0.0450924949183227,0.0150731417195554,0.212349935056083,0.182650725716751,0.7145,2000,1412.79279613495,0.0027452815629326077,0.001064142251340444,0.002505633569088206
647,aipw_robust,500,20,covariate,0.2,10,2,2000,-0.158210173697356,0.0472419275298087,0.0222225797583402,0.217352081954162,0.180696727959401,0.8125,2000,1412.79279613495,0.003333360148434324,0.0012674090882083503,0.0029155669382445524
647,reg_adj,500,20,covariate,0.2,10,2,2000,-0.173177920036019,0.0443259123197133,0.0143424915775003,0.210537199372731,0.181032812654661,0.6965,2000,1412.79279613495,0.0026779181818625732,0.0010324663145279823,0.0024519807369056046
647,adaptive,500,20,covariate,0.2,10,2,2000,-0.173164542661554,0.0443201546039343,0.0143413664519752,0.210523525060584,0.181019435280196,0.696,2000,1412.79279613495,0.002677813142470475,0.0010323536408848991,0.00245187239902954
648,naive,1000,20,covariate,0.2,10,2,2000,-0.174812851992712,0.037251721341111,0.0066955358872287,0.193007049977743,0.176145868811596,0.4355,2000,3215.19024300575,0.0018296906688329451,0.0006738361103299173,0.0017456256401194206
648,ipw_robust,1000,20,covariate,0.2,10,2,2000,-0.168555443016933,0.0354064805863176,0.0069990427370515,0.188166098397978,0.170397528560627,0.4755,2000,3215.19024300575,0.0018707007693711333,0.0006683452168966297,0.0017759448237138226
648,dr_robust,1000,20,covariate,0.2,10,2,2000,-0.173092143531811,0.0366470522153003,0.0066895068162714,0.191434198134242,0.174524205758589,0.452,2000,3215.19024300575,0.0018288667004830342,0.0006675302684054965,0.001743497961470278
648,aipw_robust,1000,20,covariate,0.2,10,2,2000,-0.169755912650706,0.0389204932752611,0.0101084776342039,0.197282774907646,0.17367769658684,0.6105,2000,3215.19024300575,0.002248163432026673,0.0008275111677851831,0.0020972717161256626
648,reg_adj,1000,20,covariate,0.2,10,2,2000,-0.174059311205978,0.036814588823844,0.0065212056091492,0.191871281915361,0.175330377250063,0.427,2000,3215.19024300575,0.0018057139320984928,0.0006615643655752215,0.0017239796361684112
648,adaptive,1000,20,covariate,0.2,10,2,2000,-0.174059311205978,0.036814588823844,0.0065212056091492,0.191871281915361,0.175330377250063,0.427,2000,3215.19024300575,0.0018057139320984928,0.0006615643655752215,0.0017239796361684112
649,naive,200,5,outcome,0.2,10,2,2000,0.0468961948194209,1.4179605985351,1.41646958023668,1.19078150747108,0.91381300843857,0.952,2000,167.896529197693,0.026612681002077563,0.04486219368169814,0.01883729021664694
649,ipw_robust,200,5,outcome,0.2,10,2,2000,-0.0093174973283245,0.0671831930463629,0.0671299422610301,0.259197208793542,0.206763374365079,0.9535,2000,167.896529197693,0.005793528383508192,0.0021255787497542165,0.0041003118043746005
649,dr_robust,200,5,outcome,0.2,10,2,2000,0.0117415638633958,0.0663319738304052,0.066227223120007,0.257549944341685,0.205326584256874,0.9525,2000,167.896529197693,0.005754442767115119,0.0020986438060348446,0.00407424628143314
649,aipw_robust,200,5,outcome,0.2,10,2,2000,0.0069462399875819,0.063687261651493,0.0636708468249404,0.252363352433536,0.202173214347092,0.955,2000,167.896529197693,0.005642288845182441,0.0020149741943644352,0.0039922084069142156
649,reg_adj,200,5,outcome,0.2,10,2,2000,0.0540514011004607,1.36584388771363,1.36360413582061,1.1686932393548,0.890991117014542,0.9505,2000,167.896529197693,0.026111339833687297,0.04321323784854992,0.018487844540115008
649,adaptive,200,5,outcome,0.2,10,2,2000,-0.0084974397911172,0.0667464201748215,0.0667075674755557,0.258353285589368,0.206315942740928,0.953,2000,167.896529197693,0.005775273477314979,0.002111760638940904,0.004086963001309338
650,naive,500,5,outcome,0.2,10,2,2000,0.0082676766296465,0.636546252505168,0.636796296176404,0.797838487731175,0.604209569640457,0.955,2000,361.552788972855,0.01784371452607898,0.02013942845711764,0.012621244002898649
650,ipw_robust,500,5,outcome,0.2,10,2,2000,-0.0179180263438781,0.0275484734916056,0.027241038342717,0.165977328245775,0.132649659428232,0.952,2000,361.552788972855,0.0036905987551288343,0.0008715308081283823,0.0026254513714000795
650,dr_robust,500,5,outcome,0.2,10,2,2000,0.0037243782862135,0.0268645542347287,0.0268641152987592,0.163904100725786,0.131589595268223,0.9445,2000,361.552788972855,0.003664977169012053,0.0008499564428421004,0.002592846789916776
650,aipw_robust,500,5,outcome,0.2,10,2,2000,0.0019099851482775,0.0249018634103545,0.0249106707024391,0.157803242711785,0.125645545517408,0.949,2000,361.552788972855,0.0035292117181064033,0.0007878599274327924,0.00249633630429178
650,reg_adj,500,5,outcome,0.2,10,2,2000,0.0116637819064742,0.582369185754262,0.582524404147974,0.763131172049905,0.590980907531949,0.9505,2000,361.552788972855,0.017066405657723802,0.018425340678119365,0.012072197646327072
650,adaptive,500,5,outcome,0.2,10,2,2000,-0.0178462399451671,0.0275550361066887,0.0272501729129647,0.165997096681504,0.132695368749224,0.952,2000,361.552788972855,0.003691217476183481,0.0008717394365278059,0.0026257671186876194
651,naive,1000,5,outcome,0.2,10,2,2000,0.0336682382351885,0.286983408294613,0.28599285445598,0.535708323898941,0.415474143076107,0.9495,2000,678.963139057159,0.011958111357065964,0.009079663394217069,0.008474446811031731
651,ipw_robust,1000,5,outcome,0.2,10,2,2000,-0.0158635752520271,0.013167486074092,0.0129222942014159,0.114749666989024,0.0920499570173237,0.95,2000,678.963139057159,0.0025418786557796086,0.0004165207751654246,0.0018149106053844389
651,dr_robust,1000,5,outcome,0.2,10,2,2000,0.0059215815943374,0.0128129210106618,0.0127842480060865,0.113194173925436,0.0903474903543328,0.9505,2000,678.963139057159,0.0025282650183561157,0.000405380758893845,0.0017906432143799205
651,aipw_robust,1000,5,outcome,0.2,10,2,2000,-0.0026972025208811,0.0115780785822208,0.0115765919767706,0.107601480390471,0.0855735394472385,0.9475,2000,678.963139057159,0.0024058877755176573,0.0003663139622344231,0.0017021790076917158
651,reg_adj,1000,5,outcome,0.2,10,2,2000,0.030333977070844,0.280949183398644,0.280169117792606,0.530046397401816,0.410112770314334,0.9495,2000,678.963139057159,0.011835732292355341,0.008888775499728855,0.008384903230452935
651,adaptive,1000,5,outcome,0.2,10,2,2000,-0.0158635752520271,0.013167486074092,0.0129222942014159,0.114749666989024,0.0920499570173237,0.95,2000,678.963139057159,0.0025418786557796086,0.0004165207751654246,0.0018149106053844389
652,naive,200,10,outcome,0.2,10,2,2000,-0.0177606249825339,1.6541407303308,1.65465261683945,1.28613402502648,0.946332983731931,0.9575,2000,278.955701112747,0.028763280557330816,0.052334684187390776,0.020345735035784185
652,ipw_robust,200,10,outcome,0.2,10,2,2000,-0.0142294915353567,0.0713610949976007,0.0711942136750835,0.267134975242106,0.213903084322991,0.944,2000,278.955701112747,0.005966331103579632,0.002257752565260774,0.004225864777187187
652,dr_robust,200,10,outcome,0.2,10,2,2000,0.0004337351126082,0.070087467247803,0.070122340291801,0.264740377063649,0.211286989096774,0.943,2000,278.955701112747,0.005921247347130544,0.002217469050898042,0.004188006898480992
652,aipw_robust,200,10,outcome,0.2,10,2,2000,-0.000847857939727,0.0640264898092098,0.0640577998460469,0.253034562479535,0.202478703220168,0.955,2000,278.955701112747,0.005659408089458071,0.0020257082264461385,0.004002829112742206
652,reg_adj,200,10,outcome,0.2,10,2,2000,-0.0087818788147242,1.48264061408123,1.48330514525835,1.21763730810173,0.916558209657323,0.958,2000,278.955701112747,0.027233298967058235,0.04690866596989786,0.019262166844668815
652,adaptive,200,10,outcome,0.2,10,2,2000,-0.0144959622240235,0.0711287773123656,0.0709541214522915,0.26669978873701,0.213336208180901,0.944,2000,278.955701112747,0.005956262311730885,0.0022504015074278887,0.004218978796505511
653,naive,500,10,outcome,0.2,10,2,2000,0.0079337290372354,0.573667917904665,0.573891919808132,0.757408686182476,0.587361141531867,0.95,2000,593.822213888168,0.01693947932800964,0.01815004633029461,0.011981672947121361
653,ipw_robust,500,10,outcome,0.2,10,2,2000,-0.0113377311524392,0.0279700049541433,0.0278553885007086,0.167242353948225,0.132299331087859,0.9465,2000,593.822213888168,0.003731982616566468,0.0008849203144192841,0.0026456226354396994
653,dr_robust,500,10,outcome,0.2,10,2,2000,0.0046699830419179,0.0273105005018916,0.0273023429317457,0.165258889327902,0.129472350988569,0.9435,2000,593.822213888168,0.0036947491749607106,0.0008640652689741874,0.0026142777326178613
653,aipw_robust,500,10,outcome,0.2,10,2,2000,0.0004702056068306,0.0240582973443941,0.0240701113067348,0.155107373597757,0.122725208253471,0.95,2000,593.822213888168,0.0034691577729136793,0.0007611707441828634,0.002453689745778374
653,reg_adj,500,10,outcome,0.2,10,2,2000,0.0151056452988421,0.527786032555261,0.527821762916825,0.726488838562067,0.571351758657573,0.9445,2000,593.822213888168,0.016245334144252388,0.016698403836809463,0.011492539837129822
653,adaptive,500,10,outcome,0.2,10,2,2000,-0.0113377311524392,0.0279700049541433,0.0278553885007086,0.167242353948225,0.132299331087859,0.9465,2000,593.822213888168,0.003731982616566468,0.0008849203144192841,0.0026456226354396994
654,naive,1000,10,outcome,0.2,10,2,2000,0.0078428570870912,0.294866367611176,0.294952333370573,0.543015992039992,0.418898123465498,0.954,2000,1077.4171860218,0.012143976559812955,0.009329156673411498,0.008590130686910254
654,ipw_robust,1000,10,outcome,0.2,10,2,2000,-0.0115844863157546,0.0126195723183539,0.012491617804056,0.11233686980842,0.0896132144735434,0.952,2000,1077.4171860218,0.002499161639836047,0.00039924087172507383,0.0017769805781750092
654,dr_robust,1000,10,outcome,0.2,10,2,2000,0.0061951259615433,0.0125204785867479,0.0124883431726548,0.111894944419969,0.0894135230887687,0.9525,2000,1077.4171860218,0.0024988340453754427,0.00039612789610373405,0.0017700884439290192
654,aipw_robust,1000,10,outcome,0.2,10,2,2000,0.0004493364446473,0.0112903915102752,0.0112958375257976,0.106256253981943,0.085595035164846,0.9515,2000,1077.4171860218,0.0023765350329626534,0.0003572121312912234,0.0016808993254737148
654,reg_adj,1000,10,outcome,0.2,10,2,2000,0.0040176517493351,0.279908647347749,0.280032522083211,0.529063935028413,0.411021479301868,0.9515,2000,1077.4171860218,0.011832846700672054,0.008855916312190418,0.008369419767494468
654,adaptive,1000,10,outcome,0.2,10,2,2000,-0.0115844863157546,0.0126195723183539,0.012491617804056,0.11233686980842,0.0896132144735434,0.952,2000,1077.4171860218,0.002499161639836047,0.00039924087172507383,0.0017769805781750092
655,naive,200,20,outcome,0.2,10,2,2000,0.0103685913579294,1.95259432257918,1.95346354666577,1.39735261211306,1.00012009030572,0.9585,2000,662.213713884354,0.031252708255971755,0.061777340933760694,0.022105136669956817
655,ipw_robust,200,20,outcome,0.2,10,2,2000,-0.0168522887697371,0.0823189293666931,0.0820759677137713,0.286912755670941,0.228397966455549,0.9485,2000,662.213713884354,0.006406089591699889,0.002604435364179721,0.004538723553941144
655,dr_robust,200,20,outcome,0.2,10,2,2000,-0.000137078684643,0.0802892296670044,0.0803293755642207,0.283353541828939,0.222549796525088,0.949,2000,662.213713884354,0.006337561659038147,0.002540238492229903,0.00448245410280322
655,aipw_robust,200,20,outcome,0.2,10,2,2000,-0.0029232070794924,0.0841195906307494,0.0841531220521458,0.290033774982758,0.225800646160439,0.948,2000,662.213713884354,0.006486644820403912,0.0026614255863126723,0.004588130445274674
655,reg_adj,200,20,outcome,0.2,10,2,2000,0.0017955273483512,1.53867565127346,1.53944214842921,1.24043365452307,0.942889909471479,0.9565,2000,662.213713884354,0.027743847502006726,0.048681537100139505,0.019622789547280098
655,adaptive,200,20,outcome,0.2,10,2,2000,-0.0176449704634969,0.0829912698710053,0.0827212855311131,0.288082054059265,0.229266937013688,0.9485,2000,662.213713884354,0.006431224048776139,0.002625703866459078,0.004557215261175053
656,naive,500,20,outcome,0.2,10,2,2000,0.0414186669824215,0.639492616956238,0.638096159061168,0.799682822721758,0.615855254764489,0.9515,2000,1497.72055101395,0.01786191701723485,0.020232548622333615,0.012650358396764849
656,ipw_robust,500,20,outcome,0.2,10,2,2000,-0.0093992991107561,0.0289771264325571,0.0289032312243958,0.170226691304734,0.13677178894326,0.9475,2000,1497.72055101395,0.0038015280627923687,0.0009167899391691746,0.002692850140428238
656,dr_robust,500,20,outcome,0.2,10,2,2000,0.0081817640895049,0.0288072613139119,0.0287546973989951,0.16972701998772,0.136258174335034,0.9485,2000,1497.72055101395,0.0037917474466922967,0.0009114177823947491,0.0026849519377076542
656,aipw_robust,500,20,outcome,0.2,10,2,2000,0.0035866464648313,0.024412534561683,0.0244118764670528,0.156245110520883,0.125528631246103,0.949,2000,1497.72055101395,0.0034936997915571396,0.0007723780052570886,0.0024716869624981197
656,reg_adj,500,20,outcome,0.2,10,2,2000,0.0420313169419857,0.591643418811177,0.590171873143871,0.769183605396772,0.596212189960105,0.948,2000,1497.72055101395,0.01717806556548017,0.018718655732070523,0.012167872274406305
656,adaptive,500,20,outcome,0.2,10,2,2000,-0.0093943737486814,0.0289762792434768,0.0289024762234587,0.170224202872203,0.136776714305335,0.9475,2000,1497.72055101395,0.0038014784113196472,0.0009167631455518012,0.0026928108050535784
657,naive,1000,20,outcome,0.2,10,2,2000,0.0040371538268231,0.316930070047016,0.317072307589789,0.562965425267854,0.439929643418848,0.9455,2000,2572.74485015869,0.012591114080767218,0.010027222143581337,0.008905717556997815
657,ipw_robust,1000,20,outcome,0.2,10,2,2000,-0.0106623369330558,0.0136420671860682,0.0135351493318601,0.11679926021199,0.0942401132457594,0.9475,2000,2572.74485015869,0.0026014562587001245,0.00043159908010685725,0.0018476105042254008
657,dr_robust,1000,20,outcome,0.2,10,2,2000,0.0058354351081066,0.0133747664375826,0.0133473878285959,0.115649325279409,0.0931002605406744,0.9545,2000,2572.74485015869,0.0025833493597068806,0.00042315692176012065,0.0018294828817106052
657,aipw_robust,1000,20,outcome,0.2,10,2,2000,-0.0007079684733424,0.0121098511958087,0.0121154076802895,0.110044769052457,0.0883694124758931,0.952,2000,2572.74485015869,0.002461240305241394,0.000383138680132099,0.0017408309519440287
657,reg_adj,1000,20,outcome,0.2,10,2,2000,0.0056763883710502,0.299568761875919,0.299686383682822,0.547328751186999,0.430392605932762,0.945,2000,2572.74485015869,0.012241045373717516,0.00947793443665585,0.008658356075851059
657,adaptive,1000,20,outcome,0.2,10,2,2000,-0.0106623369330558,0.0136420671860682,0.0135351493318601,0.11679926021199,0.0942401132457594,0.9475,2000,2572.74485015869,0.0026014562587001245,0.00043159908010685725,0.0018476105042254008
658,naive,200,5,treatment,0.2,10,2,2000,-0.889565103766875,0.819338291985874,0.0280262312617336,0.905173072945652,0.889565103766875,0.001,2000,181.739247083664,0.003743409626378978,0.00671872344545319,0.0037112921529961337
658,ipw_robust,200,5,treatment,0.2,10,2,2000,-0.840336194605666,0.737645230834932,0.0314960589000496,0.858862754364707,0.840336194605666,0.0025,2000,181.739247083664,0.003968378692870023,0.006743502469112486,0.0039258324073562795
658,dr_robust,200,5,treatment,0.2,10,2,2000,-0.835366772193951,0.725956822723586,0.0281332452604757,0.852030998687012,0.835366772193951,0.001,2000,181.739247083664,0.0037505496437506133,0.006329008980480233,0.0037140720174696088
658,aipw_robust,200,5,treatment,0.2,10,2,2000,-0.744364384596405,0.60215250463669,0.0480982166894493,0.775984861087309,0.744401623534304,0.068,2000,181.739247083664,0.0049039890237157595,0.007457465942662005,0.004805162005488492
658,reg_adj,200,5,treatment,0.2,10,2,2000,-0.8849293168319,0.810083004032116,0.0269966065468163,0.90004611216988,0.8849293168319,0.001,2000,181.739247083664,0.003674003711675881,0.006558269307672377,0.0036432962817101373
658,adaptive,200,5,treatment,0.2,10,2,2000,-0.884934818872778,0.810091476022659,0.0269953400392832,0.900050818577851,0.884934818872778,0.001,2000,181.739247083664,0.0036739175303266676,0.006558152947351899,0.0036432125897703648
659,naive,500,5,treatment,0.2,10,2,2000,-0.892836865233122,0.808594456917475,0.0114425102532938,0.899218803694337,0.892836865233122,0.0,2000,398.9271068573,0.0023919145316350456,0.004286478813456757,0.002383445939879288
659,ipw_robust,500,5,treatment,0.2,10,2,2000,-0.844497240073789,0.725883272361401,0.0127140408895987,0.851987835806005,0.844497240073789,0.0,2000,398.9271068573,0.0025213132381359023,0.004277421422171361,0.002510259678839662
659,dr_robust,500,5,treatment,0.2,10,2,2000,-0.837979956009599,0.713718235405996,0.0115135855249094,0.844818462988349,0.837979956009599,0.0,2000,398.9271068573,0.0023993317324735863,0.004037633192735684,0.0023896454502506342
659,aipw_robust,500,5,treatment,0.2,10,2,2000,-0.742328120011293,0.570025625189895,0.0189840794701305,0.75500041403293,0.742328120011292,0.0,2000,398.9271068573,0.003080915405373093,0.004613327287238216,0.0030551819585075105
659,reg_adj,500,5,treatment,0.2,10,2,2000,-0.886770403117076,0.797511114159319,0.0111549437867903,0.893034777687475,0.886770403117076,0.0,2000,398.9271068573,0.0023616671851459407,0.00420334092805471,0.002353402707865037
659,adaptive,500,5,treatment,0.2,10,2,2000,-0.886770403117076,0.797511114159319,0.0111549437867903,0.893034777687475,0.886770403117076,0.0,2000,398.9271068573,0.0023616671851459407,0.00420334092805471,0.002353402707865037
660,naive,1000,5,treatment,0.2,10,2,2000,-0.894602083183347,0.805784937695373,0.0054747878533161,0.897655244342377,0.894602083183347,0.0,2000,733.436169147491,0.0016545071552151263,0.0029653094020392922,0.0016516972527753015
660,ipw_robust,1000,5,treatment,0.2,10,2,2000,-0.846864979781707,0.723164295050593,0.0059869945672055,0.850390672015276,0.846864979781707,0.0,2000,733.436169147491,0.0017301726167070007,0.0029365546396220845,0.001726591516263324
660,dr_robust,1000,5,treatment,0.2,10,2,2000,-0.839102339668884,0.709590600156126,0.005500614025344,0.842372008174611,0.839102339668884,0.0,2000,733.436169147491,0.0016584049603977915,0.00278857338383643,0.0016551911487889808
660,aipw_robust,1000,5,treatment,0.2,10,2,2000,-0.743807711178665,0.563012920811612,0.0097678935495421,0.750341869291333,0.743807711178665,0.0,2000,733.436169147491,0.002209965333386714,0.00330205757405264,0.00220036873136994
660,reg_adj,1000,5,treatment,0.2,10,2,2000,-0.889273247190214,0.796146014064126,0.0053417767842898,0.892270146348137,0.889273247190214,0.0,2000,733.436169147491,0.0016342852848095096,0.002911556721932658,0.0016315444004537253
660,adaptive,1000,5,treatment,0.2,10,2,2000,-0.889273247190214,0.796146014064126,0.0053417767842898,0.892270146348137,0.889273247190214,0.0,2000,733.436169147491,0.0016342852848095096,0.002911556721932658,0.0016315444004537253
661,naive,200,10,treatment,0.2,10,2,2000,-0.906872269153652,0.85607825648312,0.0336777828146332,0.925244971066106,0.906872269153652,0.003,2000,312.220118045807,0.004103521829759969,0.007518548817829304,0.004063004422043017
661,ipw_robust,200,10,treatment,0.2,10,2,2000,-0.853105252959677,0.76354291975769,0.0357722332469196,0.873809429885997,0.853105252959677,0.0045,2000,312.220118045807,0.004229198106433393,0.007304032983250535,0.004179419867443791
661,dr_robust,200,10,treatment,0.2,10,2,2000,-0.858041425577138,0.769193400392728,0.0329747997861729,0.877036715532895,0.858041425577139,0.004,2000,312.220118045807,0.0040604679401623715,0.007045689935419678,0.004016758825848389
661,aipw_robust,200,10,treatment,0.2,10,2,2000,-0.786572050680319,0.671169067716525,0.0524997266684158,0.819249087711744,0.786806673326346,0.0785,2000,312.220118045807,0.005123462045746791,0.008229150632226135,0.005022373998127413
661,reg_adj,200,10,treatment,0.2,10,2,2000,-0.898491168237523,0.838303157197,0.0310322939431432,0.915588967384929,0.898491168237523,0.0025,2000,312.220118045807,0.003939054070658538,0.0071461108101608896,0.0039024666442690676
661,adaptive,200,10,treatment,0.2,10,2,2000,-0.898491168237523,0.838303157197,0.0310322939431432,0.915588967384929,0.898491168237523,0.0025,2000,312.220118045807,0.003939054070658538,0.0071461108101608896,0.0039024666442690676
662,naive,500,10,treatment,0.2,10,2,2000,-0.908109412825795,0.836516710356649,0.0118599346611698,0.914612874585007,0.908109412825795,0.0,2000,719.651980876923,0.0024351524245075297,0.0044386427726835695,0.0024265144828064787
662,ipw_robust,500,10,treatment,0.2,10,2,2000,-0.851066337250141,0.737501512340456,0.0131941990396053,0.858779082384088,0.851066337250141,0.0,2000,719.651980876923,0.0025684819485062866,0.004391761684136718,0.0025569798882062824
662,dr_robust,500,10,treatment,0.2,10,2,2000,-0.853566674789843,0.740362579863261,0.01179240775535,0.860443246160525,0.853566674789843,0.0,2000,719.651980876923,0.002428210015150049,0.004162017904492142,0.0024185313343232824
662,aipw_robust,500,10,treatment,0.2,10,2,2000,-0.766512144685401,0.607583832025615,0.0200529905706874,0.779476639820345,0.766512144685401,0.0,2000,719.651980876923,0.003166464161386277,0.004895510739506789,0.003140254941209729
662,reg_adj,500,10,treatment,0.2,10,2,2000,-0.900281547155743,0.821833448603777,0.0113322505799283,0.906550301198878,0.900281547155743,0.0,2000,719.651980876923,0.002380362428279389,0.0043009479961731885,0.0023721507733687527
662,adaptive,500,10,treatment,0.2,10,2,2000,-0.900281547155743,0.821833448603777,0.0113322505799283,0.906550301198878,0.900281547155743,0.0,2000,719.651980876923,0.002380362428279389,0.0043009479961731885,0.0023721507733687527
663,naive,1000,10,treatment,0.2,10,2,2000,-0.906643371378739,0.827601159506044,0.0056017575197976,0.909725870526965,0.906643371378739,0.0,2000,1291.72101998329,0.001673582612212137,0.0030398509387285894,0.0016707510675538636
663,ipw_robust,1000,10,treatment,0.2,10,2,2000,-0.850141706073114,0.728983910398871,0.0062461130504908,0.853805546010842,0.850141706073114,0.0,2000,1291.72101998329,0.0017672171698026816,0.003011255040405766,0.0017634314127350067
663,dr_robust,1000,10,treatment,0.2,10,2,2000,-0.851889559818937,0.731346596167955,0.0056335908348699,0.855188047255079,0.851889559818937,0.0,2000,1291.72101998329,0.0016783311405783275,0.0028650496250887418,0.0016750991985240975
663,aipw_robust,1000,10,treatment,0.2,10,2,2000,-0.763437023574231,0.592450155307266,0.0096188757812748,0.769707837628841,0.763437023574231,0.0,2000,1291.72101998329,0.0021930430662979237,0.0033622877111381764,0.0021841324375077346
663,reg_adj,1000,10,treatment,0.2,10,2,2000,-0.899252391184872,0.814122365717407,0.0054702377845902,0.902287296661882,0.899252391184872,0.0,2000,1291.72101998329,0.0016538194860065895,0.0029794281791203016,0.0016510418522698073
663,adaptive,1000,10,treatment,0.2,10,2,2000,-0.899252391184872,0.814122365717407,0.0054702377845902,0.902287296661882,0.899252391184872,0.0,2000,1291.72101998329,0.0016538194860065895,0.0029794281791203016,0.0016510418522698073
664,naive,200,20,treatment,0.2,10,2,2000,-0.902719033477944,0.852878901408254,0.0379962461279655,0.923514429453192,0.902719033477944,0.0045,2000,781.820806026459,0.004358683638896352,0.007960535302692692,0.004309913872924586
664,ipw_robust,200,20,treatment,0.2,10,2,2000,-0.846062959458632,0.755447522822876,0.0396448138619078,0.869164842146112,0.846062959458632,0.01,2000,781.820806026459,0.004452236171965039,0.007637343340103634,0.004393495324342485
664,dr_robust,200,20,treatment,0.2,10,2,2000,-0.855429669805498,0.76842922498759,0.0366876488284602,0.876600949684399,0.855429669805498,0.0065,2000,781.820806026459,0.004282969111986462,0.0074188331642352735,0.004231590877757012
664,aipw_robust,200,20,treatment,0.2,10,2,2000,-0.791330688423889,0.680873617463524,0.0546967073757861,0.825150663493355,0.791350297161241,0.0745,2000,781.820806026459,0.005229565344069529,0.008455433280479244,0.005123569339859918
664,reg_adj,200,20,treatment,0.2,10,2,2000,-0.895745205561407,0.834775967475234,0.0324327105442574,0.91366075075776,0.895745205561407,0.001,2000,781.820806026459,0.004026953596967402,0.007286787070603817,0.003987687478399613
664,adaptive,200,20,treatment,0.2,10,2,2000,-0.895714615605655,0.834697660176928,0.0324091921634244,0.913617896156226,0.895714615605655,0.001,2000,781.820806026459,0.004025493271850321,0.007283848457588924,0.003986266298106428
665,naive,500,20,treatment,0.2,10,2,2000,-0.906297301241575,0.833249177827349,0.011880319749461,0.912824834142536,0.906297301241575,0.0,2000,2052.49197387695,0.0024372443198683426,0.004433681593413841,0.0024285500501192154
665,ipw_robust,500,20,treatment,0.2,10,2,2000,-0.85159723356915,0.738486876204976,0.0132756658152539,0.859352591318008,0.85159723356915,0.0,2000,2052.49197387695,0.0025763992135589063,0.00440814506287629,0.0025648058244145283
665,dr_robust,500,20,treatment,0.2,10,2,2000,-0.854859783629242,0.742672968554442,0.0118936657206672,0.861784757671219,0.854859783629242,0.0,2000,2052.49197387695,0.0024386128967783306,0.0041862740271670605,0.0024288396782971263
665,aipw_robust,500,20,treatment,0.2,10,2,2000,-0.775246618743286,0.619488906843197,0.018490832386493,0.787076176010427,0.775246618743286,0.0,2000,2052.49197387695,0.00304062759858002,0.00475059597440107,0.0030178756003523956
665,reg_adj,500,20,treatment,0.2,10,2,2000,-0.89929337156355,0.820035434582045,0.0113125227052601,0.905558079077231,0.89929337156355,0.0,2000,2052.49197387695,0.0023782895855278116,0.004292492719722115,0.002370081400022509
665,adaptive,500,20,treatment,0.2,10,2,2000,-0.89929337156355,0.820035434582045,0.0113125227052601,0.905558079077231,0.89929337156355,0.0,2000,2052.49197387695,0.0023782895855278116,0.004292492719722115,0.002370081400022509
666,naive,1000,20,treatment,0.2,10,2,2000,-0.906569161019471,0.828119204737706,0.0062546883703441,0.910010551992506,0.906569161019471,0.0,2000,3695.71601390839,0.0017684298643633142,0.0032125026245560587,0.0017650908648928028
666,ipw_robust,1000,20,treatment,0.2,10,2,2000,-0.851514008188998,0.73176762582461,0.0066948671160744,0.855434173869977,0.851514008188999,0.0,2000,3695.71601390839,0.001829599288925638,0.0031230430040308176,0.001825413982412111
666,dr_robust,1000,20,treatment,0.2,10,2,2000,-0.852559334942809,0.733094328556163,0.0062400289725252,0.856209278480538,0.852559334942809,0.0,2000,3695.71601390839,0.0017663562738764228,0.0030183042715989324,0.0017625972688332294
666,aipw_robust,1000,20,treatment,0.2,10,2,2000,-0.765775962765524,0.59657457023568,0.010166828500466,0.772382398968076,0.765775962765524,0.0,2000,3695.71601390839,0.0022546428209880604,0.003468037146469833,0.0022450260072622223
666,reg_adj,1000,20,treatment,0.2,10,2,2000,-0.899102924078106,0.814357271870168,0.0059741908798064,0.902417459865537,0.899102924078106,0.0,2000,3695.71601390839,0.0017283215672736368,0.003113614669047834,0.0017251520540791465
666,adaptive,1000,20,treatment,0.2,10,2,2000,-0.899102924078106,0.814357271870168,0.0059741908798064,0.902417459865537,0.899102924078106,0.0,2000,3695.71601390839,0.0017283215672736368,0.003113614669047834,0.0017251520540791465
667,naive,200,5,mixed,0.2,10,2,2000,-0.481150785900159,0.651691675066679,0.420395794191434,0.807274225444291,0.637513198333265,0.89,2000,173.692524909973,0.014498203236805484,0.019271247688334353,0.011935998376343702
667,ipw_robust,200,5,mixed,0.2,10,2,2000,-0.449317282289042,0.248736499256161,0.0468739160505755,0.498734898775052,0.451837722645984,0.4555,2000,173.692524909973,0.004841173207528083,0.004596035327081827,0.004607693725033277
667,dr_robust,200,5,mixed,0.2,10,2,2000,-0.46370636748132,0.262162891634142,0.0471628778303356,0.512018448529095,0.465864932206708,0.4365,2000,173.692524909973,0.004856072375404613,0.00474411215628205,0.0046327550988745966
667,aipw_robust,200,5,mixed,0.2,10,2,2000,-0.389754052978926,0.210574075026258,0.0586952008131653,0.458883509211497,0.399510539689777,0.6465,2000,173.692524909973,0.005417342559464248,0.004612775061449042,0.00502608501815113
667,reg_adj,200,5,mixed,0.2,10,2,2000,-0.493626609845514,0.672580775985882,0.429128110093353,0.820110221851845,0.648468217158478,0.8885,2000,173.692524909973,0.01464800515587964,0.01983128464397765,0.012090621550355595
667,adaptive,200,5,mixed,0.2,10,2,2000,-0.44942038878341,0.248994686862785,0.047039520768938,0.498993674171111,0.451940829140352,0.457,2000,173.692524909973,0.0048497175571850576,0.004605939392829349,0.004615228239596797
668,naive,500,5,mixed,0.2,10,2,2000,-0.470740898170209,0.380115152601519,0.158597458120484,0.616534794315389,0.514645027829373,0.787,2000,399.525498867035,0.008904983383490505,0.00976947252531093,0.007922888225764388
668,ipw_robust,500,5,mixed,0.2,10,2,2000,-0.448526419721973,0.218196785300625,0.0170293507874073,0.467115387565669,0.448526419721973,0.063,2000,399.525498867035,0.0029179916712875746,0.002672412843421756,0.0028605489291937073
668,dr_robust,500,5,mixed,0.2,10,2,2000,-0.466017113211889,0.233585745047783,0.0164220062445626,0.483307091865806,0.466017113211889,0.039,2000,399.525498867035,0.002865484797077329,0.002720749992341016,0.002814721776415039
668,aipw_robust,500,5,mixed,0.2,10,2,2000,-0.412075600547136,0.192965367580137,0.0231706523400247,0.439278234812673,0.412330588121113,0.2305,2000,399.525498867035,0.003403722399081974,0.0028992972667521433,0.0033000693375902493
668,reg_adj,500,5,mixed,0.2,10,2,2000,-0.474957597140672,0.388480070348824,0.162976839687027,0.623281694219254,0.520028589477719,0.787,2000,399.525498867035,0.009027093654300563,0.010004579924694196,0.008025728990185015
668,adaptive,500,5,mixed,0.2,10,2,2000,-0.448526419721973,0.218196785300625,0.0170293507874073,0.467115387565669,0.448526419721973,0.063,2000,399.525498867035,0.0029179916712875746,0.002672412843421756,0.0028605489291937073
669,naive,1000,5,mixed,0.2,10,2,2000,-0.481863169741819,0.319901003974686,0.0877527660040548,0.565597917229799,0.495352083689181,0.6255,2000,833.763708114624,0.0066239250450188065,0.006960714654335759,0.006153412558897085
669,ipw_robust,1000,5,mixed,0.2,10,2,2000,-0.446548211794,0.207945286838221,0.0085442535085562,0.456010182822951,0.446548211794,0.001,2000,833.763708114624,0.002066912372181777,0.0018656214057412436,0.002045591826691273
669,dr_robust,1000,5,mixed,0.2,10,2,2000,-0.463077138604135,0.222746272219506,0.0083099909171718,0.471960032438666,0.463077138604135,0.001,2000,833.763708114624,0.002038380597088262,0.0019060566898341502,0.0020192988376424156
669,aipw_robust,1000,5,mixed,0.2,10,2,2000,-0.422468459120185,0.189421158702213,0.0109470332674628,0.435225411370031,0.422468459120185,0.017,2000,833.763708114624,0.0023395547939151586,0.0020068586776171766,0.002305539411519947
669,reg_adj,1000,5,mixed,0.2,10,2,2000,-0.484612841832306,0.323648992833399,0.0888438082687495,0.568901566910655,0.4982101653492,0.628,2000,833.763708114624,0.006664975929016904,0.007044365768889496,0.006191199127067795
669,adaptive,1000,5,mixed,0.2,10,2,2000,-0.446548211794,0.207945286838221,0.0085442535085562,0.456010182822951,0.446548211794,0.001,2000,833.763708114624,0.002066912372181777,0.0018656214057412436,0.002045591826691273
670,naive,200,10,mixed,0.2,10,2,2000,-0.449060851973052,0.612593603270389,0.411143526258755,0.78268359077624,0.620447654837744,0.903,2000,287.762889862061,0.014337773994919069,0.01829912096902444,0.011689986339739134
670,ipw_robust,200,10,mixed,0.2,10,2,2000,-0.413113582315133,0.219618179829121,0.0489798378548061,0.468634377557944,0.418357285360301,0.547,2000,287.762889862061,0.004948729021415806,0.0043723106230263604,0.004664948659774484
670,dr_robust,200,10,mixed,0.2,10,2,2000,-0.416771242857793,0.222862761900573,0.0491890875711295,0.472083426843787,0.421526304224469,0.548,2000,287.762889862061,0.0049592886370491435,0.004416750508371286,0.004677934298499314
670,aipw_robust,200,10,mixed,0.2,10,2,2000,-0.34958574103219,0.183079314611489,0.0608995740654965,0.427877686508059,0.36617171342499,0.699,2000,287.762889862061,0.005518132567522119,0.004312059275664923,0.005038892435424658
670,reg_adj,200,10,mixed,0.2,10,2,2000,-0.470562430630557,0.629529282738749,0.408304433834729,0.793428813907555,0.629518047895879,0.9005,2000,287.762889862061,0.014288184521392648,0.018642247626390083,0.011747901827877246
670,adaptive,200,10,mixed,0.2,10,2,2000,-0.413203814880258,0.21969819486984,0.048985294885684,0.468719740217798,0.418447517925426,0.5465,2000,287.762889862061,0.0049490046921418455,0.004373419962361349,0.004665282456771685
671,naive,500,10,mixed,0.2,10,2,2000,-0.439991581901897,0.359158345341075,0.165648577485284,0.599298210694038,0.497190723912973,0.8225,2000,634.186419010162,0.009100785061885705,0.00956954158900831,0.007983956416227216
671,ipw_robust,500,10,mixed,0.2,10,2,2000,-0.410190072411772,0.187927854941434,0.0196818003364272,0.433506464705469,0.410679864798243,0.1685,2000,634.186419010162,0.0031370209065630407,0.0026477407626129498,0.00305386537247128
671,dr_robust,500,10,mixed,0.2,10,2,2000,-0.427339412780884,0.202047952454116,0.0194386980872484,0.449497444324343,0.428021730767613,0.1275,2000,634.186419010162,0.0031175870546985853,0.002734522476312944,0.0030417553101145106
671,aipw_robust,500,10,mixed,0.2,10,2,2000,-0.367039603871641,0.160162502052536,0.0254571598221962,0.400203076015835,0.367774447944167,0.382,2000,634.186419010162,0.003567713541064935,0.0027399171347545995,0.0034231585149612745
671,reg_adj,500,10,mixed,0.2,10,2,2000,-0.447444618349708,0.370837187729338,0.170715859168807,0.608964028272063,0.505191686463553,0.8205,2000,634.186419010162,0.009238935522255987,0.00987425022787777,0.00810741666950015
671,adaptive,500,10,mixed,0.2,10,2,2000,-0.410190072411772,0.187927854941434,0.0196818003364272,0.433506464705469,0.410679864798243,0.1685,2000,634.186419010162,0.0031370209065630407,0.0026477407626129498,0.00305386537247128
672,naive,1000,10,mixed,0.2,10,2,2000,-0.450931277226813,0.28610250069884,0.0828048863606156,0.534885502419761,0.466948575386614,0.6535,2000,1335.62812495232,0.006434473030505901,0.006366441514670621,0.005951218985997532
672,ipw_robust,1000,10,mixed,0.2,10,2,2000,-0.411668670795561,0.178943583194036,0.009477227293098,0.423017237466791,0.411668670795561,0.011,2000,1335.62812495232,0.0021768356958091714,0.0018171543692858496,0.0021478490807700307
672,dr_robust,1000,10,mixed,0.2,10,2,2000,-0.42870387609582,0.192957849539129,0.0091754238714842,0.439269677463775,0.42870387609582,0.006,2000,1335.62812495232,0.002141894473530874,0.0018592568146668105,0.002116304527780815
672,aipw_robust,1000,10,mixed,0.2,10,2,2000,-0.388263617739251,0.163224545552187,0.0124821497670993,0.404010576040018,0.388263617739251,0.061,2000,1335.62812495232,0.0024982143389928836,0.0019796813349003293,0.00245003652417287
672,reg_adj,1000,10,mixed,0.2,10,2,2000,-0.454728869222783,0.291177860539088,0.0844417369029085,0.539608988564023,0.470789222281886,0.657,2000,1335.62812495232,0.00649775872524167,0.006484739937648853,0.006008739731064968
672,adaptive,1000,10,mixed,0.2,10,2,2000,-0.411668670795561,0.178943583194036,0.009477227293098,0.423017237466791,0.411668670795561,0.011,2000,1335.62812495232,0.0021768356958091714,0.0018171543692858496,0.0021478490807700307
673,naive,200,20,mixed,0.2,10,2,2000,-0.41911325854361,0.667004840905325,0.49159471477567,0.816703643254593,0.635599501592157,0.9205,2000,663.824800014496,0.015677925799921208,0.02035604113785173,0.01246231806725643
673,ipw_robust,200,20,mixed,0.2,10,2,2000,-0.392307755312455,0.207209206928646,0.0533304972989988,0.455202380187809,0.400287925075258,0.605,2000,663.824800014496,0.0051638404941960975,0.004388603684619444,0.0048204972948612205
673,dr_robust,200,20,mixed,0.2,10,2,2000,-0.386720077330588,0.215285491789457,0.0657659565571594,0.463988676359086,0.396121958200724,0.705,2000,663.824800014496,0.005734368167338029,0.004898579051111447,0.0052787700440779526
673,aipw_robust,200,20,mixed,0.2,10,2,2000,-0.339061028408938,0.185382395944723,0.0704552425802864,0.430560560136113,0.365237050742926,0.765,2000,663.824800014496,0.005935286116957058,0.00460036369072711,0.005342295737994207
673,reg_adj,200,20,mixed,0.2,10,2,2000,-0.462482347387287,0.697225664735873,0.483577531856947,0.835000398045338,0.658345135564112,0.904,2000,663.824800014496,0.015549558383712173,0.020993140549070935,0.012570736851272179
673,adaptive,200,20,mixed,0.2,10,2,2000,-0.392307755312455,0.207209206928646,0.0533304972989988,0.455202380187809,0.400287925075258,0.605,2000,663.824800014496,0.0051638404941960975,0.004388603684619444,0.0048204972948612205
674,naive,500,20,mixed,0.2,10,2,2000,-0.438600631371415,0.413793252210897,0.221533505124055,0.643267636533112,0.512666003808925,0.8715,2000,1343.39232516289,0.010524578498069532,0.011589224405423645,0.009008089127477107
674,ipw_robust,500,20,mixed,0.2,10,2,2000,-0.413285361616763,0.191296984322503,0.0205024454185136,0.437375107113451,0.413637961544441,0.175,2000,1343.39232516289,0.0032017530681263976,0.0027247352241503656,0.0031148723142165415
674,dr_robust,500,20,mixed,0.2,10,2,2000,-0.423252002694674,0.199889510543809,0.0207576315745436,0.447090047466737,0.423824063836246,0.1545,2000,1343.39232516289,0.003221616952288369,0.0028049986170500247,0.003136950411828071
674,aipw_robust,500,20,mixed,0.2,10,2,2000,-0.337887687266341,0.138820442630657,0.0246646857673432,0.372586154641657,0.339746054407249,0.421,2000,1343.39232516289,0.003511743567470666,0.0024980365917775258,0.003352293906600029
674,reg_adj,500,20,mixed,0.2,10,2,2000,-0.453003380739195,0.423456216772886,0.218353330476985,0.65073513565266,0.52462693828818,0.853,2000,1343.39232516289,0.010448763813891693,0.011717322720383984,0.009003142813728663
674,adaptive,500,20,mixed,0.2,10,2,2000,-0.413285361616763,0.191296984322503,0.0205024454185136,0.437375107113451,0.413637961544441,0.175,2000,1343.39232516289,0.0032017530681263976,0.0027247352241503656,0.0031148723142165415
675,naive,1000,20,mixed,0.2,10,2,2000,-0.472911706080307,0.318334755179488,0.0947366417525775,0.564211622690891,0.489486719537005,0.6735,2000,2615.67609715462,0.006882464738470423,0.007165882713134619,0.006350350138976594
675,ipw_robust,1000,20,mixed,0.2,10,2,2000,-0.426460407542956,0.192053125777331,0.0101897414463495,0.438238663033433,0.426503194877446,0.0145,2000,2615.67609715462,0.0022571820314663924,0.0019519775591322166,0.0022270713697655894
675,dr_robust,1000,20,mixed,0.2,10,2,2000,-0.443798060215822,0.206986886500428,0.010035185842022,0.454958115105586,0.443798060215822,0.0115,2000,2615.67609715462,0.0022399984198679694,0.002013380117081117,0.0022127093134868634
675,aipw_robust,1000,20,mixed,0.2,10,2,2000,-0.384350611233601,0.160325107290027,0.0126060179433564,0.40040617788694,0.384409669569173,0.07,2000,2615.67609715462,0.0025105794095543364,0.0019706266977379087,0.0024607845814685974
675,reg_adj,1000,20,mixed,0.2,10,2,2000,-0.480196541336725,0.328811197543068,0.0982716150388344,0.573420611369236,0.497681613372778,0.6745,2000,2615.67609715462,0.007009693824941087,0.007414712525702025,0.006465334850797293
675,adaptive,1000,20,mixed,0.2,10,2,2000,-0.426460407542956,0.192053125777331,0.0101897414463495,0.438238663033433,0.426503194877446,0.0145,2000,2615.67609715462,0.0022571820314663924,0.0019519775591322166,0.0022270713697655894
