"scenario_id","method","n","p","contamination_type","contamination_rate","contamination_strength","true_ate","n_mc","bias","mse","var","rmse","mae","coverage","n_valid","elapsed_sec"
1,"naive",200,5,"none",0,3,2,2000,0.00803692353364927,0.0308178829033819,0.0307686751010467,0.175550229004071,0.139586750411221,0.9465,2000,198.148185968399
1,"ipw_robust",200,5,"none",0,3,2,2000,-0.020987459902847,0.0314354967456404,0.0310105285367352,0.177300583038072,0.142090765063695,0.9475,2000,198.148185968399
1,"dr_robust",200,5,"none",0,3,2,2000,0.00323744851356622,0.0307534719565112,0.0307583700686675,0.175366678580941,0.139985700310997,0.952,2000,198.148185968399
1,"aipw_robust",200,5,"none",0,3,2,2000,0.00180278615109586,0.041757272427536,0.0417749098445517,0.204345962591719,0.162747790894887,0.948,2000,198.148185968399
1,"reg_adj",200,5,"none",0,3,2,2000,0.00719295115221419,0.0286319050893116,0.028594463774921,0.169209648333987,0.135280913414069,0.951,2000,198.148185968399
1,"adaptive",200,5,"none",0,3,2,2000,0.00717166985467266,0.0286488943362515,0.0286117673714328,0.169259842656938,0.135302194711611,0.951,2000,198.148185968399
2,"naive",500,5,"none",0,3,2,2000,0.00990024121555111,0.0117964891085327,0.0117043264956545,0.10861164352192,0.0864175195374492,0.948,2000,435.221884012222
2,"ipw_robust",500,5,"none",0,3,2,2000,-0.0195321174282248,0.0127124199106777,0.0123370848418686,0.112749367673072,0.0904513176261401,0.941,2000,435.221884012222
2,"dr_robust",500,5,"none",0,3,2,2000,0.00562312299350021,0.0115257482813588,0.011499878708513,0.107358037805089,0.0857417361970637,0.9465,2000,435.221884012222
2,"aipw_robust",500,5,"none",0,3,2,2000,0.0031063875138555,0.0158731555568766,0.0158714416343075,0.125988712021659,0.100495275114957,0.948,2000,435.221884012222
2,"reg_adj",500,5,"none",0,3,2,2000,0.00899030430817049,0.0109109311676971,0.0108355233578225,0.104455402769302,0.083447486255668,0.949,2000,435.221884012222
2,"adaptive",500,5,"none",0,3,2,2000,0.00899030430817049,0.0109109311676971,0.0108355233578225,0.104455402769302,0.083447486255668,0.949,2000,435.221884012222
3,"naive",1000,5,"none",0,3,2,2000,0.00386069576213988,0.00581738238627515,0.00580538010455962,0.0762717666392693,0.0605444885357831,0.95,2000,835.385866165161
3,"ipw_robust",1000,5,"none",0,3,2,2000,-0.0257565388116114,0.00680967964879137,0.0061493550347547,0.082520783132441,0.065469482799254,0.936,2000,835.385866165161
3,"dr_robust",1000,5,"none",0,3,2,2000,-0.000269531579995874,0.00581218692932876,0.00581502179295262,0.0762377001838904,0.0608678331843487,0.953,2000,835.385866165161
3,"aipw_robust",1000,5,"none",0,3,2,2000,-0.00468001579737942,0.00834363882543972,0.00832589922718959,0.0913435209822772,0.0732379930805429,0.9495,2000,835.385866165161
3,"reg_adj",1000,5,"none",0,3,2,2000,0.00345339315570747,0.00555224040130435,0.00554308602002648,0.074513357200601,0.059542083802834,0.9495,2000,835.385866165161
3,"adaptive",1000,5,"none",0,3,2,2000,0.00345339315570747,0.00555224040130435,0.00554308602002648,0.074513357200601,0.059542083802834,0.9495,2000,835.385866165161
4,"naive",200,10,"none",0,3,2,2000,0.00785922681955542,0.0342368408446791,0.0341921694832195,0.185031999515433,0.14528680489746,0.9495,2000,329.045756101608
4,"ipw_robust",200,10,"none",0,3,2,2000,-0.0150344013330155,0.0342047720286004,0.033995736673495,0.184945321726721,0.146867548279543,0.9535,2000,329.045756101608
4,"dr_robust",200,10,"none",0,3,2,2000,0.00379145189922347,0.032978975980399,0.0329810914186041,0.18160114531687,0.143153713161389,0.9475,2000,329.045756101608
4,"aipw_robust",200,10,"none",0,3,2,2000,-0.00566119458160186,0.0437633519711318,0.0437531794367594,0.209196921514471,0.166285933790482,0.955,2000,329.045756101608
4,"reg_adj",200,10,"none",0,3,2,2000,0.0077902285613205,0.0291859165645571,0.0291397988029209,0.170838861400318,0.134780051611395,0.949,2000,329.045756101608
4,"adaptive",200,10,"none",0,3,2,2000,0.0071418006469024,0.0296493836505703,0.0296131849265535,0.172189963849727,0.13550690043737,0.9505,2000,329.045756101608
5,"naive",500,10,"none",0,3,2,2000,0.00602181523755885,0.0125896770944664,0.0125596946830526,0.112203730305487,0.0896175498434147,0.9505,2000,792.282344102859
5,"ipw_robust",500,10,"none",0,3,2,2000,-0.0178699926901946,0.0130107833861813,0.0126977956452563,0.114064820984304,0.0907529751974521,0.9445,2000,792.282344102859
5,"dr_robust",500,10,"none",0,3,2,2000,0.000780478557089737,0.0123509220096107,0.0123564911083868,0.111134702094398,0.0888317441031538,0.953,2000,792.282344102859
5,"aipw_robust",500,10,"none",0,3,2,2000,-0.00389792622593488,0.0171033483024155,0.0170967028249651,0.130779770233838,0.103635219020857,0.95,2000,792.282344102859
5,"reg_adj",500,10,"none",0,3,2,2000,0.00498434179505969,0.0115067999192773,0.0114877001062004,0.107269753049391,0.0861151052167006,0.946,2000,792.282344102859
5,"adaptive",500,10,"none",0,3,2,2000,0.00498434179505969,0.0115067999192773,0.0114877001062004,0.107269753049391,0.0861151052167006,0.946,2000,792.282344102859
6,"naive",1000,10,"none",0,3,2,2000,0.00812244033546738,0.00613078181071787,0.00606784169456193,0.0782993091330816,0.0616167989598045,0.944,2000,1420.03727698326
6,"ipw_robust",1000,10,"none",0,3,2,2000,-0.0141714532687605,0.00633192021158814,0.0061341572024407,0.0795733637066333,0.0630545872898361,0.939,2000,1420.03727698326
6,"dr_robust",1000,10,"none",0,3,2,2000,0.00385455931801504,0.00590772879629029,0.00589581907829334,0.0768617511919309,0.0606008015321167,0.9405,2000,1420.03727698326
6,"aipw_robust",1000,10,"none",0,3,2,2000,-0.00111498256783626,0.00793770986204055,0.00794043689436115,0.0890938261724153,0.0711760466861782,0.953,2000,1420.03727698326
6,"reg_adj",1000,10,"none",0,3,2,2000,0.00796687091633785,0.00559966360213487,0.00553896205096276,0.0748309000489428,0.0591821748450774,0.9405,2000,1420.03727698326
6,"adaptive",1000,10,"none",0,3,2,2000,0.00796687091633785,0.00559966360213487,0.00553896205096276,0.0748309000489428,0.0591821748450774,0.9405,2000,1420.03727698326
7,"naive",200,20,"none",0,3,2,2000,0.00622780227243336,0.0400958189164881,0.0400770719313092,0.200239404005526,0.15701020776523,0.951,2000,825.439730167389
7,"ipw_robust",200,20,"none",0,3,2,2000,-0.019199904041215,0.0390246737949028,0.0386753751672945,0.197546637012384,0.155168674537276,0.95,2000,825.439730167389
7,"dr_robust",200,20,"none",0,3,2,2000,-0.000560693884717356,0.0366395480990981,0.0366575625027171,0.19141459740338,0.151092768557202,0.949,2000,825.439730167389
7,"aipw_robust",200,20,"none",0,3,2,2000,-0.00481898824455684,0.0451554404080049,0.0451547951578827,0.21249809506912,0.170521932382152,0.9515,2000,825.439730167389
7,"reg_adj",200,20,"none",0,3,2,2000,0.00473091172432438,0.0303451240439121,0.0303379114739057,0.174198519063487,0.137627317334979,0.949,2000,825.439730167389
7,"adaptive",200,20,"none",0,3,2,2000,0.00489944227120631,0.0327039191089459,0.0326962627057299,0.180842249236582,0.142167753528505,0.9535,2000,825.439730167389
8,"naive",500,20,"none",0,3,2,2000,0.00976488432909761,0.0123365714235985,0.0122473421287021,0.111070119400307,0.0883712372943318,0.952,2000,2023.6912560463
8,"ipw_robust",500,20,"none",0,3,2,2000,-0.0147695383066615,0.0125942247487624,0.0123822766252831,0.112223993641121,0.0895648197581191,0.949,2000,2023.6912560463
8,"dr_robust",500,20,"none",0,3,2,2000,0.00449873329520312,0.0118360011605487,0.0118216733959853,0.108793387485402,0.0867325382162628,0.95,2000,2023.6912560463
8,"aipw_robust",500,20,"none",0,3,2,2000,-0.00221572716102281,0.0161650881820277,0.0161682628666089,0.127142000070896,0.10028252851301,0.9465,2000,2023.6912560463
8,"reg_adj",500,20,"none",0,3,2,2000,0.0088572434518821,0.0111246027659936,0.0110516778433493,0.10547323246205,0.0843106194697446,0.952,2000,2023.6912560463
8,"adaptive",500,20,"none",0,3,2,2000,0.0088572434518821,0.0111246027659936,0.0110516778433493,0.10547323246205,0.0843106194697446,0.952,2000,2023.6912560463
9,"naive",1000,20,"none",0,3,2,2000,0.0109741259256331,0.00594952636790852,0.00583201093354364,0.0771331729407557,0.0616010771583809,0.95,2000,3600.34447002411
9,"ipw_robust",1000,20,"none",0,3,2,2000,-0.0123384116408929,0.00615722983916095,0.00600799743605886,0.0784680179382718,0.0634215441514637,0.9545,2000,3600.34447002411
9,"dr_robust",1000,20,"none",0,3,2,2000,0.00667501449641206,0.00578999969747683,0.0057483180379685,0.0760920475311108,0.0607685293697979,0.9515,2000,3600.34447002411
9,"aipw_robust",1000,20,"none",0,3,2,2000,0.00197369296115069,0.00768774926202526,0.00768769764694384,0.0876798110286813,0.0701330810265169,0.955,2000,3600.34447002411
9,"reg_adj",1000,20,"none",0,3,2,2000,0.00991323455427162,0.00553841150501376,0.00544286071604378,0.0744205046006392,0.0595061635885145,0.9485,2000,3600.34447002411
9,"adaptive",1000,20,"none",0,3,2,2000,0.00991323455427162,0.00553841150501376,0.00544286071604378,0.0744205046006392,0.0595061635885145,0.9485,2000,3600.34447002411
10,"naive",200,5,"covariate",0,3,2,2000,0.00801148345164737,0.0286053665834821,0.0285554604466093,0.169131211145318,0.135342805312097,0.9495,2000,180.866459846497
10,"ipw_robust",200,5,"covariate",0,3,2,2000,-0.0199926442103049,0.0293699226623554,0.0289847091944328,0.171376552253671,0.136669064891926,0.9535,2000,180.866459846497
10,"dr_robust",200,5,"covariate",0,3,2,2000,0.00346585498588192,0.0278392478188447,0.0278411562461846,0.166850974881313,0.133476146803731,0.951,2000,180.866459846497
10,"aipw_robust",200,5,"covariate",0,3,2,2000,0.00196665274466046,0.0368937610799322,0.0369083475306795,0.192077487176223,0.153492205598515,0.9475,2000,180.866459846497
10,"reg_adj",200,5,"covariate",0,3,2,2000,0.00765303668128414,0.026517088367889,0.0264717552750814,0.162840684007066,0.13058343212135,0.9485,2000,180.866459846497
10,"adaptive",200,5,"covariate",0,3,2,2000,0.00756528766357034,0.0265613493379499,0.0265173744477412,0.16297653002181,0.130671181139064,0.948,2000,180.866459846497
11,"naive",500,5,"covariate",0,3,2,2000,0.0143521202875845,0.0112339864488709,0.0110335198520476,0.105990501691759,0.0842132124375027,0.9475,2000,400.804167985916
11,"ipw_robust",500,5,"covariate",0,3,2,2000,-0.0157783753901155,0.0118952535745544,0.0116521225058559,0.109065363771247,0.0871020428462343,0.949,2000,400.804167985916
11,"dr_robust",500,5,"covariate",0,3,2,2000,0.0102540697294247,0.0110616221565362,0.0109619571891148,0.105174246641163,0.0833705496486401,0.9515,2000,400.804167985916
11,"aipw_robust",500,5,"covariate",0,3,2,2000,0.00523548917793315,0.0154855797631403,0.0154659023673918,0.124441069439074,0.100285551590891,0.954,2000,400.804167985916
11,"reg_adj",500,5,"covariate",0,3,2,2000,0.0121407495507442,0.010628189433594,0.0104860346512657,0.103093110504989,0.0820760141359566,0.9475,2000,400.804167985916
11,"adaptive",500,5,"covariate",0,3,2,2000,0.0121407495507442,0.010628189433594,0.0104860346512657,0.103093110504989,0.0820760141359566,0.9475,2000,400.804167985916
12,"naive",1000,5,"covariate",0,3,2,2000,0.0111374245475413,0.00565195939303262,0.00553068250873481,0.0751795144506309,0.0605985111079394,0.95,2000,735.490218162537
12,"ipw_robust",1000,5,"covariate",0,3,2,2000,-0.0178874748791684,0.00622912378654855,0.00591211808803969,0.0789247982990679,0.0633069369736242,0.9485,2000,735.490218162537
12,"dr_robust",1000,5,"covariate",0,3,2,2000,0.00687079315136296,0.00556646994554029,0.00552202315859076,0.074608779279253,0.0598174987048522,0.948,2000,735.490218162537
12,"aipw_robust",1000,5,"covariate",0,3,2,2000,0.000935628531895105,0.00781761125875861,0.00782064618109947,0.0884172565665697,0.0701729562467714,0.9535,2000,735.490218162537
12,"reg_adj",1000,5,"covariate",0,3,2,2000,0.00971974920115848,0.00544733141595167,0.00535553565924787,0.0738060391563703,0.0593887152317471,0.95,2000,735.490218162537
12,"adaptive",1000,5,"covariate",0,3,2,2000,0.00971974920115848,0.00544733141595167,0.00535553565924787,0.0738060391563703,0.0593887152317471,0.95,2000,735.490218162537
13,"naive",200,10,"covariate",0,3,2,2000,0.0088839610167204,0.0326176250764736,0.032554977802028,0.180603502392599,0.143754733566856,0.9505,2000,311.334192991257
13,"ipw_robust",200,10,"covariate",0,3,2,2000,-0.0147582199047418,0.0335931660373579,0.0333920570111067,0.183284385688901,0.146180533220896,0.95,2000,311.334192991257
13,"dr_robust",200,10,"covariate",0,3,2,2000,0.00604475611552546,0.0317322663635615,0.0317115830786046,0.178135528077814,0.141779259671142,0.952,2000,311.334192991257
13,"aipw_robust",200,10,"covariate",0,3,2,2000,0.00264992714274204,0.0422597355045316,0.0422738503158277,0.20557172836879,0.165165997235163,0.9545,2000,311.334192991257
13,"reg_adj",200,10,"covariate",0,3,2,2000,0.0110915336296813,0.0289129675204661,0.0288043475759958,0.170038135488678,0.135534637150483,0.949,2000,311.334192991257
13,"adaptive",200,10,"covariate",0,3,2,2000,0.00996475923116247,0.0293344671035132,0.0292497955747655,0.171273077579383,0.136229451567395,0.948,2000,311.334192991257
14,"naive",500,10,"covariate",0,3,2,2000,0.00805429487732479,0.0119072476779347,0.0118483001620448,0.109120335767146,0.0863928226264989,0.945,2000,723.577311992645
14,"ipw_robust",500,10,"covariate",0,3,2,2000,-0.014608165684068,0.0123669669538129,0.0121596482732963,0.111206865587575,0.0881717163345529,0.945,2000,723.577311992645
14,"dr_robust",500,10,"covariate",0,3,2,2000,0.0036528949045298,0.0116718694180861,0.0116643579558805,0.108036426348182,0.0857116835510232,0.9495,2000,723.577311992645
14,"aipw_robust",500,10,"covariate",0,3,2,2000,0.000735170266704444,0.0163401099284362,0.0163477433247776,0.127828439435191,0.101656771897889,0.9495,2000,723.577311992645
14,"reg_adj",500,10,"covariate",0,3,2,2000,0.00850837286356487,0.0112712868979092,0.0112044967374925,0.106166317153367,0.0846648622935431,0.9485,2000,723.577311992645
14,"adaptive",500,10,"covariate",0,3,2,2000,0.00850837286356487,0.0112712868979092,0.0112044967374925,0.106166317153367,0.0846648622935431,0.9485,2000,723.577311992645
15,"naive",1000,10,"covariate",0,3,2,2000,0.00920461729563149,0.0059576425136469,0.00587585546181876,0.0771857662632619,0.0616707172814241,0.945,2000,1281.85231280327
15,"ipw_robust",1000,10,"covariate",0,3,2,2000,-0.014019732135897,0.00618758409932402,0.00599402822427385,0.0786611981813398,0.0627596639502173,0.939,2000,1281.85231280327
15,"dr_robust",1000,10,"covariate",0,3,2,2000,0.00435389257250929,0.00571771236242644,0.00570160678528613,0.0756155563520261,0.0603368248774961,0.946,2000,1281.85231280327
15,"aipw_robust",1000,10,"covariate",0,3,2,2000,-0.00294327277105966,0.00789570990468502,0.00789099254635334,0.0888578072241546,0.0712051579891301,0.9535,2000,1281.85231280327
15,"reg_adj",1000,10,"covariate",0,3,2,2000,0.00843745445012445,0.00551646428725158,0.00544799764847789,0.0742729041256068,0.0596557146022205,0.948,2000,1281.85231280327
15,"adaptive",1000,10,"covariate",0,3,2,2000,0.00843745445012445,0.00551646428725158,0.00544799764847789,0.0742729041256068,0.0596557146022205,0.948,2000,1281.85231280327
16,"naive",200,20,"covariate",0,3,2,2000,0.0106700021648232,0.038118682708642,0.0380238456852873,0.195240064301982,0.153664518148116,0.947,2000,727.626489877701
16,"ipw_robust",200,20,"covariate",0,3,2,2000,-0.0147792811436576,0.0369008104026373,0.0367007336183232,0.192095836505212,0.152019410515977,0.9455,2000,727.626489877701
16,"dr_robust",200,20,"covariate",0,3,2,2000,0.00474244287990055,0.0356854502651652,0.0356807999006464,0.188905929671795,0.148444154454578,0.949,2000,727.626489877701
16,"aipw_robust",200,20,"covariate",0,3,2,2000,0.00257054017236813,0.0452138452457391,0.045229852495209,0.212635475040594,0.169567669953131,0.9525,2000,727.626489877701
16,"reg_adj",200,20,"covariate",0,3,2,2000,0.00790185884467043,0.0309372190027028,0.0308902247418727,0.175889792207231,0.139260583678253,0.95,2000,727.626489877701
16,"adaptive",200,20,"covariate",0,3,2,2000,0.00519718568318872,0.0316193237517978,0.0316081170713079,0.177818232337963,0.140693348840337,0.9485,2000,727.626489877701
17,"naive",500,20,"covariate",0,3,2,2000,0.0121191714728455,0.0132372356406613,0.0130969097783623,0.115053186138678,0.0912768696801804,0.9445,2000,1955.95267891884
17,"ipw_robust",500,20,"covariate",0,3,2,2000,-0.0111243591814152,0.0131466228776012,0.0130293862035058,0.114658723512872,0.091337075916805,0.9435,2000,1955.95267891884
17,"dr_robust",500,20,"covariate",0,3,2,2000,0.00740646640936315,0.0127686272068428,0.0127201315279337,0.112998350460716,0.089975052523928,0.9485,2000,1955.95267891884
17,"aipw_robust",500,20,"covariate",0,3,2,2000,0.00225090499233627,0.0163785788557532,0.0163817031340357,0.127978821903287,0.101382964962853,0.946,2000,1955.95267891884
17,"reg_adj",500,20,"covariate",0,3,2,2000,0.0111868424983879,0.0119743715237037,0.0118551536554477,0.109427471522026,0.0869476462009815,0.9505,2000,1955.95267891884
17,"adaptive",500,20,"covariate",0,3,2,2000,0.0111868424983879,0.0119743715237037,0.0118551536554477,0.109427471522026,0.0869476462009815,0.9505,2000,1955.95267891884
18,"naive",1000,20,"covariate",0,3,2,2000,0.0102108222845594,0.00603244282504773,0.0059311475070744,0.077668802134755,0.0618157958494713,0.9495,2000,3615.11858797073
18,"ipw_robust",1000,20,"covariate",0,3,2,2000,-0.0141036589939842,0.00628028122228464,0.00608441023038124,0.0792482253573204,0.0632721017935362,0.942,2000,3615.11858797073
18,"dr_robust",1000,20,"covariate",0,3,2,2000,0.00523423437228798,0.00587782342613981,0.00585335289312233,0.0766669643727975,0.0614136072531509,0.956,2000,3615.11858797073
18,"aipw_robust",1000,20,"covariate",0,3,2,2000,0.000800454716143317,0.00793046376400672,0.00793378993121974,0.0890531513423681,0.0716263542126799,0.9465,2000,3615.11858797073
18,"reg_adj",1000,20,"covariate",0,3,2,2000,0.00900819293221078,0.00565316773652021,0.00557480760041649,0.075187550409095,0.0602070822937691,0.9535,2000,3615.11858797073
18,"adaptive",1000,20,"covariate",0,3,2,2000,0.00900819293221078,0.00565316773652021,0.00557480760041649,0.075187550409095,0.0602070822937691,0.9535,2000,3615.11858797073
19,"naive",200,5,"outcome",0,3,2,2000,0.00847940809661729,0.0299141139537623,0.0298571421631749,0.172956971393935,0.138117688477644,0.952,2000,187.647414922714
19,"ipw_robust",200,5,"outcome",0,3,2,2000,-0.0216901234370901,0.0302945428436081,0.0298390008893366,0.174053275877267,0.138474525962624,0.95,2000,187.647414922714
19,"dr_robust",200,5,"outcome",0,3,2,2000,0.00287535885880352,0.0291638935527789,0.0291702109696969,0.170774393726867,0.136389959495694,0.9515,2000,187.647414922714
19,"aipw_robust",200,5,"outcome",0,3,2,2000,0.00198222631995204,0.0396768671416299,0.0396927843126027,0.199190529748856,0.158718208971671,0.9465,2000,187.647414922714
19,"reg_adj",200,5,"outcome",0,3,2,2000,0.00604613889337946,0.0276399505898089,0.0276172033959889,0.166252670925339,0.132248942454879,0.9475,2000,187.647414922714
19,"adaptive",200,5,"outcome",0,3,2,2000,0.00605435316502101,0.0275933858613605,0.0275705159270773,0.16611256984756,0.13212418506104,0.9475,2000,187.647414922714
20,"naive",500,5,"outcome",0,3,2,2000,0.0086385326170948,0.0112032371700573,0.0111341800142879,0.105845345528546,0.085119010459717,0.9555,2000,399.71465587616
20,"ipw_robust",500,5,"outcome",0,3,2,2000,-0.0190787006962647,0.0117653117240382,0.011407018412987,0.10846802166555,0.0865630825957491,0.943,2000,399.71465587616
20,"dr_robust",500,5,"outcome",0,3,2,2000,0.00432363699437133,0.0110046584979608,0.0109914603912973,0.104903090983826,0.0844347400035297,0.952,2000,399.71465587616
20,"aipw_robust",500,5,"outcome",0,3,2,2000,-0.0006698922759798,0.0157258289244037,0.0157332467921384,0.125402667134331,0.0994246605485021,0.9465,2000,399.71465587616
20,"reg_adj",500,5,"outcome",0,3,2,2000,0.00749131494609134,0.0104729213583018,0.0104220125649628,0.102337292119255,0.0828524800615825,0.9585,2000,399.71465587616
20,"adaptive",500,5,"outcome",0,3,2,2000,0.00749131494609134,0.0104729213583018,0.0104220125649628,0.102337292119255,0.0828524800615825,0.9585,2000,399.71465587616
21,"naive",1000,5,"outcome",0,3,2,2000,0.00865269576361127,0.00584683024623332,0.00577484852651897,0.076464568567627,0.0609507572638176,0.9465,2000,734.461011171341
21,"ipw_robust",1000,5,"outcome",0,3,2,2000,-0.0205378981858668,0.00659514464916942,0.00617642760107693,0.081210495929833,0.0642960988377388,0.9405,2000,734.461011171341
21,"dr_robust",1000,5,"outcome",0,3,2,2000,0.00424765577527841,0.00572818257307479,0.0057129964917354,0.0756847578649413,0.0605542437707171,0.9455,2000,734.461011171341
21,"aipw_robust",1000,5,"outcome",0,3,2,2000,-0.000141792715667499,0.00812954583310065,0.00813359252418852,0.090163994105744,0.0727588082518702,0.957,2000,734.461011171341
21,"reg_adj",1000,5,"outcome",0,3,2,2000,0.00736688084317949,0.00552472287255383,0.00547318853346296,0.0743284795522808,0.0596081390319465,0.946,2000,734.461011171341
21,"adaptive",1000,5,"outcome",0,3,2,2000,0.00736688084317949,0.00552472287255383,0.00547318853346296,0.0743284795522808,0.0596081390319465,0.946,2000,734.461011171341
22,"naive",200,10,"outcome",0,3,2,2000,0.00463649094043106,0.0336337720316084,0.0336290895281317,0.183395125430335,0.145568703315013,0.955,2000,305.724946022034
22,"ipw_robust",200,10,"outcome",0,3,2,2000,-0.0187811157958617,0.0342555088983449,0.0339197384570358,0.18508243811433,0.147869802200077,0.9515,2000,305.724946022034
22,"dr_robust",200,10,"outcome",0,3,2,2000,-0.000418352659279364,0.0335635775225671,0.0335801925999196,0.183203650407319,0.144693910062853,0.95,2000,305.724946022034
22,"aipw_robust",200,10,"outcome",0,3,2,2000,-0.00703716644051378,0.0435166975543935,0.0434889203030335,0.208606561628328,0.16590961320524,0.95,2000,305.724946022034
22,"reg_adj",200,10,"outcome",0,3,2,2000,0.00301718266436968,0.0287911717196309,0.0287964665616816,0.169679614920682,0.134398995536521,0.95,2000,305.724946022034
22,"adaptive",200,10,"outcome",0,3,2,2000,0.00261182867310561,0.029180438671616,0.0291882111281624,0.17082282830938,0.135120312502633,0.9485,2000,305.724946022034
23,"naive",500,10,"outcome",0,3,2,2000,0.00475979154937312,0.011793008708648,0.0117762412136614,0.108595620117241,0.0863838899471957,0.9495,2000,719.555671215057
23,"ipw_robust",500,10,"outcome",0,3,2,2000,-0.017985965736703,0.012511651280736,0.0121942534439761,0.111855492850088,0.0890482852425588,0.9505,2000,719.555671215057
23,"dr_robust",500,10,"outcome",0,3,2,2000,2.86968364928697e-05,0.0114835106605968,0.0114892544643206,0.107161143427069,0.0848980872041749,0.9505,2000,719.555671215057
23,"aipw_robust",500,10,"outcome",0,3,2,2000,-0.0026043970424825,0.0158424654685102,0.0158436043867487,0.125866856115938,0.100913623449824,0.953,2000,719.555671215057
23,"reg_adj",500,10,"outcome",0,3,2,2000,0.00553167367387042,0.011047382335941,0.0110222940693415,0.105106528512462,0.0839136028142568,0.948,2000,719.555671215057
23,"adaptive",500,10,"outcome",0,3,2,2000,0.00553167367387042,0.011047382335941,0.0110222940693415,0.105106528512462,0.0839136028142568,0.948,2000,719.555671215057
24,"naive",1000,10,"outcome",0,3,2,2000,0.00998639921500244,0.0059202159939546,0.00582339952443542,0.0769429398577583,0.0609778116741063,0.948,2000,1283.24853205681
24,"ipw_robust",1000,10,"outcome",0,3,2,2000,-0.0132548228732152,0.00614267326127235,0.00596996791582996,0.0783752082056077,0.0626420279470942,0.944,2000,1283.24853205681
24,"dr_robust",1000,10,"outcome",0,3,2,2000,0.00517898205560963,0.005786830828113,0.00576289041818976,0.0760712220758481,0.0606739993445123,0.9485,2000,1283.24853205681
24,"aipw_robust",1000,10,"outcome",0,3,2,2000,-0.000382061717095317,0.00812798741330876,0.00813190739585102,0.0901553515511351,0.0720057303400999,0.949,2000,1283.24853205681
24,"reg_adj",1000,10,"outcome",0,3,2,2000,0.00974023499003307,0.00548019383459164,0.00538801566476296,0.0740283312968193,0.0589143270774085,0.95,2000,1283.24853205681
24,"adaptive",1000,10,"outcome",0,3,2,2000,0.00974023499003307,0.00548019383459164,0.00538801566476296,0.0740283312968193,0.0589143270774085,0.95,2000,1283.24853205681
25,"naive",200,20,"outcome",0,3,2,2000,0.00782900076739113,0.038393407297446,0.0383512896892748,0.195942357078417,0.154394821429244,0.9425,2000,728.999887943268
25,"ipw_robust",200,20,"outcome",0,3,2,2000,-0.0139802250914767,0.0376912508837218,0.0375145614708489,0.194142346961506,0.153388389892057,0.9495,2000,728.999887943268
25,"dr_robust",200,20,"outcome",0,3,2,2000,0.00525364213482771,0.035602918074898,0.0355931138761552,0.18868735536569,0.149346870665177,0.947,2000,728.999887943268
25,"aipw_robust",200,20,"outcome",0,3,2,2000,0.00301138018561398,0.0472498237997164,0.0472643875828855,0.217370245893306,0.173649660753781,0.9465,2000,728.999887943268
25,"reg_adj",200,20,"outcome",0,3,2,2000,0.0102241666535416,0.030315487715011,0.030226067164834,0.174113433470858,0.139649087492031,0.948,2000,728.999887943268
25,"adaptive",200,20,"outcome",0,3,2,2000,0.00924756743060362,0.0318954552947217,0.0318258507166965,0.178592987809493,0.142556897979071,0.944,2000,728.999887943268
26,"naive",500,20,"outcome",0,3,2,2000,0.0113169787799383,0.0128123152960068,0.0126905865805915,0.113191498338023,0.0907669235106486,0.9485,2000,1994.85592412949
26,"ipw_robust",500,20,"outcome",0,3,2,2000,-0.0119350719232614,0.01308504646113,0.012949075056845,0.114389887932151,0.0917198571737306,0.9515,2000,1994.85592412949
26,"dr_robust",500,20,"outcome",0,3,2,2000,0.00736850328381822,0.0123712324437413,0.012323099152674,0.111226042111285,0.0891364229650515,0.951,2000,1994.85592412949
26,"aipw_robust",500,20,"outcome",0,3,2,2000,0.0038751623429234,0.0163498455742337,0.0163430001911452,0.127866514671487,0.101517116839979,0.946,2000,1994.85592412949
26,"reg_adj",500,20,"outcome",0,3,2,2000,0.0110250320362875,0.0113379988355467,0.0112220585334122,0.106480039610937,0.0858046362827377,0.951,2000,1994.85592412949
26,"adaptive",500,20,"outcome",0,3,2,2000,0.0109742396917323,0.0113598207477268,0.011245009315573,0.106582459850234,0.0858554286272929,0.9515,2000,1994.85592412949
27,"naive",1000,20,"outcome",0,3,2,2000,0.00997563452671191,0.0064533748560127,0.0063570400918481,0.0803329002091466,0.0639832915592674,0.951,2000,3604.47192811966
27,"ipw_robust",1000,20,"outcome",0,3,2,2000,-0.0135737400039941,0.00666650901863398,0.00648550535361476,0.0816486926939678,0.0648891960347678,0.942,2000,3604.47192811966
27,"dr_robust",1000,20,"outcome",0,3,2,2000,0.00564534557942453,0.00624868807815762,0.00621992811550424,0.0790486437464782,0.0630418834299643,0.951,2000,3604.47192811966
27,"aipw_robust",1000,20,"outcome",0,3,2,2000,0.00099907353195805,0.0083893367909481,0.00839253491048108,0.0915933228513307,0.0729036406747375,0.9485,2000,3604.47192811966
27,"reg_adj",1000,20,"outcome",0,3,2,2000,0.0095176303036566,0.00600712108060719,0.005919495541781,0.0775056196711386,0.0618491838540692,0.9525,2000,3604.47192811966
27,"adaptive",1000,20,"outcome",0,3,2,2000,0.0095176303036566,0.00600712108060719,0.005919495541781,0.0775056196711386,0.0618491838540692,0.9525,2000,3604.47192811966
28,"naive",200,5,"treatment",0,3,2,2000,0.00138824644399582,0.0285638777714073,0.0285762386625493,0.169008513902132,0.134873530659997,0.947,2000,180.283191919327
28,"ipw_robust",200,5,"treatment",0,3,2,2000,-0.0257475666993197,0.0299244767482888,0.029276177646176,0.1729869265242,0.137555063470372,0.941,2000,180.283191919327
28,"dr_robust",200,5,"treatment",0,3,2,2000,-0.00174777270184956,0.0287911247398453,0.028802471266061,0.169679476483885,0.135200351247119,0.9495,2000,180.283191919327
28,"aipw_robust",200,5,"treatment",0,3,2,2000,-0.00309583848522088,0.0387016042661382,0.0387113757380807,0.196727233158346,0.158271773024704,0.95,2000,180.283191919327
28,"reg_adj",200,5,"treatment",0,3,2,2000,0.00309647554755887,0.0271035683242823,0.0271075339304309,0.164631613987965,0.131579755937902,0.945,2000,180.283191919327
28,"adaptive",200,5,"treatment",0,3,2,2000,0.00300138382496851,0.0270949929317773,0.0270995343941095,0.164605567742338,0.131531487973852,0.945,2000,180.283191919327
29,"naive",500,5,"treatment",0,3,2,2000,0.00859096174319252,0.0121423155721156,0.0120745482225539,0.11019217563927,0.0878264905104466,0.9485,2000,401.062474966049
29,"ipw_robust",500,5,"treatment",0,3,2,2000,-0.0214606437848421,0.0127687058000178,0.012314303720218,0.112998698222669,0.0902074026486184,0.939,2000,401.062474966049
29,"dr_robust",500,5,"treatment",0,3,2,2000,0.00286681947221057,0.0117478191545165,0.0117454732372489,0.108387356986489,0.0866346021593136,0.9495,2000,401.062474966049
29,"aipw_robust",500,5,"treatment",0,3,2,2000,-0.00216410593723948,0.0158921157958878,0.0158953801314459,0.126063935349837,0.102476148789316,0.9555,2000,401.062474966049
29,"reg_adj",500,5,"treatment",0,3,2,2000,0.00686123373575898,0.0114103439026123,0.0113689518501607,0.106819211299337,0.0854861372793962,0.95,2000,401.062474966049
29,"adaptive",500,5,"treatment",0,3,2,2000,0.00686123373575898,0.0114103439026123,0.0113689518501607,0.106819211299337,0.0854861372793962,0.95,2000,401.062474966049
30,"naive",1000,5,"treatment",0,3,2,2000,0.00889195710069446,0.00558177829089073,0.00550546412187108,0.074711299619875,0.0593838288886347,0.95,2000,733.177905082703
30,"ipw_robust",1000,5,"treatment",0,3,2,2000,-0.0207134753725065,0.00617739447969078,0.00575122202869771,0.0785964024602321,0.0623757877623195,0.9375,2000,733.177905082703
30,"dr_robust",1000,5,"treatment",0,3,2,2000,0.00422227116980656,0.00544363442983377,0.00542852111656067,0.0737809896235729,0.058321037447227,0.948,2000,733.177905082703
30,"aipw_robust",1000,5,"treatment",0,3,2,2000,0.000600790329753131,0.00772967124559561,0.00773317688501779,0.0879185489279458,0.069662278187939,0.9465,2000,733.177905082703
30,"reg_adj",1000,5,"treatment",0,3,2,2000,0.00704689670707248,0.0052915566617679,0.00524452016865208,0.0727430866939801,0.0574842730294271,0.948,2000,733.177905082703
30,"adaptive",1000,5,"treatment",0,3,2,2000,0.00704689670707248,0.0052915566617679,0.00524452016865208,0.0727430866939801,0.0574842730294271,0.948,2000,733.177905082703
31,"naive",200,10,"treatment",0,3,2,2000,0.0101244594800591,0.0317810481344787,0.0316943906500404,0.178272398689418,0.141334191050838,0.944,2000,308.860728025436
31,"ipw_robust",200,10,"treatment",0,3,2,2000,-0.0125362456725731,0.0323356230748063,0.0321945629006935,0.179821086290808,0.143566966919508,0.9485,2000,308.860728025436
31,"dr_robust",200,10,"treatment",0,3,2,2000,0.00489019130610524,0.0304963209545921,0.0304876508089863,0.174631958571712,0.138990201706379,0.949,2000,308.860728025436
31,"aipw_robust",200,10,"treatment",0,3,2,2000,0.00152826859156452,0.0420288689671463,0.0420475571408287,0.205009436288056,0.161649302823008,0.9505,2000,308.860728025436
31,"reg_adj",200,10,"treatment",0,3,2,2000,0.00841019643946161,0.0278025252381558,0.0277456666673391,0.166740892519369,0.132707348383429,0.951,2000,308.860728025436
31,"adaptive",200,10,"treatment",0,3,2,2000,0.00859524583614801,0.0279321096252455,0.0278721674579907,0.167129020894773,0.132992938881974,0.9505,2000,308.860728025436
32,"naive",500,10,"treatment",0,3,2,2000,0.0093413249831924,0.0122808413502558,0.0121996808382333,0.110818957540016,0.0889704164776669,0.9475,2000,722.254822969437
32,"ipw_robust",500,10,"treatment",0,3,2,2000,-0.0132986697297215,0.0125306160096177,0.0123599413637194,0.111940234096672,0.0896895310827108,0.9485,2000,722.254822969437
32,"dr_robust",500,10,"treatment",0,3,2,2000,0.00444875642220177,0.0118454469659576,0.0118315713179125,0.108836790498239,0.0870765821945951,0.948,2000,722.254822969437
32,"aipw_robust",500,10,"treatment",0,3,2,2000,0.000621130349991006,0.0161039947076948,0.0161116647371517,0.126901515781707,0.101309742269264,0.953,2000,722.254822969437
32,"reg_adj",500,10,"treatment",0,3,2,2000,0.00776384029001909,0.0111846937298647,0.011129981504568,0.105757712389521,0.0841682756886183,0.951,2000,722.254822969437
32,"adaptive",500,10,"treatment",0,3,2,2000,0.00776384029001909,0.0111846937298647,0.011129981504568,0.105757712389521,0.0841682756886183,0.951,2000,722.254822969437
33,"naive",1000,10,"treatment",0,3,2,2000,0.0119565432659221,0.00597375318743162,0.00583371111611982,0.077290058787865,0.0621106684819643,0.9505,2000,1283.19309616089
33,"ipw_robust",1000,10,"treatment",0,3,2,2000,-0.0115702236246236,0.0062581744802507,0.00612736808957169,0.0791086245630064,0.0631095366441711,0.948,2000,1283.19309616089
33,"dr_robust",1000,10,"treatment",0,3,2,2000,0.00775775668010592,0.00583996470272163,0.00578267325063922,0.0764196617548235,0.0613174228201022,0.951,2000,1283.19309616089
33,"aipw_robust",1000,10,"treatment",0,3,2,2000,0.00357621009173537,0.00817907001394669,0.00817036591828561,0.090438211028009,0.072535549002019,0.958,2000,1283.19309616089
33,"reg_adj",1000,10,"treatment",0,3,2,2000,0.0114808056866518,0.00559748967471698,0.00546841498299382,0.0748163730390412,0.0602915597210029,0.953,2000,1283.19309616089
33,"adaptive",1000,10,"treatment",0,3,2,2000,0.0114808056866518,0.00559748967471698,0.00546841498299382,0.0748163730390412,0.0602915597210029,0.953,2000,1283.19309616089
34,"naive",200,20,"treatment",0,3,2,2000,0.013681267355826,0.0384347040357431,0.0382666602894263,0.196047708570499,0.155308236818782,0.9495,2000,731.200312137604
34,"ipw_robust",200,20,"treatment",0,3,2,2000,-0.00834401673112839,0.0379305216699618,0.0378798389742395,0.194757597207302,0.154427040061353,0.948,2000,731.200312137604
34,"dr_robust",200,20,"treatment",0,3,2,2000,0.00951049884521282,0.0357140904588812,0.0356414616013971,0.188981719906665,0.147983467605622,0.948,2000,731.200312137604
34,"aipw_robust",200,20,"treatment",0,3,2,2000,0.0108091202258334,0.043827861585592,0.043732890951011,0.209351048685198,0.164461829046122,0.9515,2000,731.200312137604
34,"reg_adj",200,20,"treatment",0,3,2,2000,0.013866490899797,0.0304518511978486,0.0302747089824657,0.17450458789914,0.138485392383825,0.9485,2000,731.200312137604
34,"adaptive",200,20,"treatment",0,3,2,2000,0.0131163821480702,0.0318820807651847,0.0317259042366488,0.178555539721356,0.140892675554922,0.9445,2000,731.200312137604
35,"naive",500,20,"treatment",0,3,2,2000,0.0107597747134816,0.0132829323264648,0.0131737464478039,0.115251604442042,0.0916689330916706,0.95,2000,1956.810349226
35,"ipw_robust",500,20,"treatment",0,3,2,2000,-0.0142765906649753,0.0135650836496988,0.0133679465819745,0.116469239070661,0.0930955421968948,0.951,2000,1956.810349226
35,"dr_robust",500,20,"treatment",0,3,2,2000,0.00563210498632527,0.0128448698061391,0.0128195589790516,0.113335209913509,0.0902278807809495,0.9455,2000,1956.810349226
35,"aipw_robust",500,20,"treatment",0,3,2,2000,0.000943868200042886,0.0174376701934703,0.0174455020573199,0.132051770883507,0.104911388275584,0.9475,2000,1956.810349226
35,"reg_adj",500,20,"treatment",0,3,2,2000,0.00840280890544687,0.0116167433321741,0.011551912090718,0.107780997082853,0.0859237797755247,0.9445,2000,1956.810349226
35,"adaptive",500,20,"treatment",0,3,2,2000,0.00840280890544687,0.0116167433321741,0.011551912090718,0.107780997082853,0.0859237797755247,0.9445,2000,1956.810349226
36,"naive",1000,20,"treatment",0,3,2,2000,0.00711200108407795,0.00613421770602935,0.00608668048685285,0.0783212468365344,0.0623952304140847,0.9495,2000,3610.34717488289
36,"ipw_robust",1000,20,"treatment",0,3,2,2000,-0.0172094983106192,0.00655752578337286,0.00626449119686808,0.0809785513785771,0.0641533979039831,0.9465,2000,3610.34717488289
36,"dr_robust",1000,20,"treatment",0,3,2,2000,0.00255436999568648,0.00599479819030559,0.0059912690187401,0.0774260821061326,0.0614621904014554,0.953,2000,3610.34717488289
36,"aipw_robust",1000,20,"treatment",0,3,2,2000,-0.00155276810850924,0.0082055467671736,0.00820723929802381,0.0905844731020367,0.071866261375945,0.9515,2000,3610.34717488289
36,"reg_adj",1000,20,"treatment",0,3,2,2000,0.00686210188904957,0.00567535559295035,0.00563108269196063,0.0753349559829323,0.0599349668954348,0.948,2000,3610.34717488289
36,"adaptive",1000,20,"treatment",0,3,2,2000,0.00686210188904957,0.00567535559295035,0.00563108269196063,0.0753349559829323,0.0599349668954348,0.948,2000,3610.34717488289
37,"naive",200,5,"mixed",0,3,2,2000,0.00501174281212746,0.0278255020663583,0.0278142916461665,0.16680977808977,0.132998403018953,0.95,2000,180.553239107132
37,"ipw_robust",200,5,"mixed",0,3,2,2000,-0.0236403975609834,0.0299409990396928,0.0293968290573801,0.173034675830288,0.138141494434121,0.95,2000,180.553239107132
37,"dr_robust",200,5,"mixed",0,3,2,2000,0.00174400885813153,0.0278056927555398,0.0278165594683768,0.166750390570876,0.133149602583371,0.944,2000,180.553239107132
37,"aipw_robust",200,5,"mixed",0,3,2,2000,0.000926999592886446,0.0388074624177568,0.0388260160975604,0.196996097468343,0.156725229376425,0.9495,2000,180.553239107132
37,"reg_adj",200,5,"mixed",0,3,2,2000,0.00757254367662652,0.0260234424531205,0.0259790885796759,0.161317830549262,0.129005146623342,0.9485,2000,180.553239107132
37,"adaptive",200,5,"mixed",0,3,2,2000,0.00758300885224239,0.026032901031731,0.0259883932050803,0.161347144479631,0.129063787286858,0.9485,2000,180.553239107132
38,"naive",500,5,"mixed",0,3,2,2000,0.00859625434569455,0.0113673060384367,0.0112990599796507,0.106617569088949,0.0855147997717801,0.9475,2000,401.417658090591
38,"ipw_robust",500,5,"mixed",0,3,2,2000,-0.0214373755170396,0.0119342368356453,0.011480415974574,0.109243932717773,0.0864486703394638,0.943,2000,401.417658090591
38,"dr_robust",500,5,"mixed",0,3,2,2000,0.0042064709651406,0.01099656473762,0.0109843625208998,0.104864506567379,0.0837853014526748,0.951,2000,401.417658090591
38,"aipw_robust",500,5,"mixed",0,3,2,2000,-0.00313156560262118,0.0151639032982778,0.0151616774338713,0.123141801587754,0.0970394857557926,0.944,2000,401.417658090591
38,"reg_adj",500,5,"mixed",0,3,2,2000,0.00654317006882543,0.0103817580596012,0.0103441170435734,0.10189091254671,0.0813227961408296,0.946,2000,401.417658090591
38,"adaptive",500,5,"mixed",0,3,2,2000,0.00654317006882543,0.0103817580596012,0.0103441170435734,0.10189091254671,0.0813227961408296,0.946,2000,401.417658090591
39,"naive",1000,5,"mixed",0,3,2,2000,0.0066908864693116,0.00583462027746236,0.00579274869006217,0.0763846861449489,0.0614946959429828,0.949,2000,732.011713981628
39,"ipw_robust",1000,5,"mixed",0,3,2,2000,-0.0222927718472659,0.0065297740207148,0.00603582425620866,0.0808070171502129,0.0648870386249146,0.9455,2000,732.011713981628
39,"dr_robust",1000,5,"mixed",0,3,2,2000,0.00224452062863723,0.00567536140981452,0.00567316011702066,0.0753349945895964,0.0606304743472803,0.9555,2000,732.011713981628
39,"aipw_robust",1000,5,"mixed",0,3,2,2000,-0.0033946570954968,0.00825039017525657,0.00824298797244679,0.090831658441628,0.0728229534567811,0.9495,2000,732.011713981628
39,"reg_adj",1000,5,"mixed",0,3,2,2000,0.00549627498934502,0.0055761389476847,0.00554870426105673,0.0746735491836614,0.0599585188899629,0.95,2000,732.011713981628
39,"adaptive",1000,5,"mixed",0,3,2,2000,0.00549627498934502,0.0055761389476847,0.00554870426105673,0.0746735491836614,0.0599585188899629,0.95,2000,732.011713981628
40,"naive",200,10,"mixed",0,3,2,2000,0.0103540136806193,0.0319329535993972,0.031841668834516,0.178697939549949,0.143047585335469,0.953,2000,309.23903799057
40,"ipw_robust",200,10,"mixed",0,3,2,2000,-0.0127519134726226,0.0328861059044941,0.0327398645395506,0.181345267113576,0.144999272147776,0.9515,2000,309.23903799057
40,"dr_robust",200,10,"mixed",0,3,2,2000,0.00658638497886921,0.0316760150419931,0.0316484588043054,0.177977568929326,0.142625417429429,0.9505,2000,309.23903799057
40,"aipw_robust",200,10,"mixed",0,3,2,2000,-0.00150561539445082,0.0399707838534831,0.0399885112313828,0.199926946291597,0.159306178022431,0.955,2000,309.23903799057
40,"reg_adj",200,10,"mixed",0,3,2,2000,0.0092919166490284,0.0286630904542231,0.0285910462623418,0.169301773334549,0.135748627240891,0.951,2000,309.23903799057
40,"adaptive",200,10,"mixed",0,3,2,2000,0.00952707438044831,0.028634193415403,0.0285577071227138,0.169216410006249,0.135724838947303,0.952,2000,309.23903799057
41,"naive",500,10,"mixed",0,3,2,2000,0.0120741227975945,0.012188326948605,0.0120485667906689,0.110400756105223,0.0869744073916031,0.9455,2000,721.41556096077
41,"ipw_robust",500,10,"mixed",0,3,2,2000,-0.0112232941320407,0.0125640011291156,0.0124442609284055,0.112089255190297,0.0888478780005706,0.943,2000,721.41556096077
41,"dr_robust",500,10,"mixed",0,3,2,2000,0.00785150176379812,0.011968070806187,0.0119123809166984,0.109398678265265,0.0864563625082513,0.9465,2000,721.41556096077
41,"aipw_robust",500,10,"mixed",0,3,2,2000,0.00504002690046867,0.0160575713850984,0.0160401896087453,0.126718472943365,0.100693772863537,0.952,2000,721.41556096077
41,"reg_adj",500,10,"mixed",0,3,2,2000,0.0117271022785546,0.0112214100950723,0.0110894298821617,0.105931157338492,0.0838795989623039,0.949,2000,721.41556096077
41,"adaptive",500,10,"mixed",0,3,2,2000,0.0116705365769336,0.0112298962336722,0.0110992444318946,0.105971204738232,0.0839361646639249,0.949,2000,721.41556096077
42,"naive",1000,10,"mixed",0,3,2,2000,0.00871062226314523,0.00601523753117362,0.00594233375784134,0.0775579623969945,0.0617366402322745,0.9445,2000,1285.13482785225
42,"ipw_robust",1000,10,"mixed",0,3,2,2000,-0.0148114397486461,0.00653419575206933,0.00631797599263787,0.0808343723428921,0.0642907546470352,0.9445,2000,1285.13482785225
42,"dr_robust",1000,10,"mixed",0,3,2,2000,0.00445934266645764,0.0059422638807485,0.00592534081413868,0.0770860809793085,0.0611183450708912,0.9395,2000,1285.13482785225
42,"aipw_robust",1000,10,"mixed",0,3,2,2000,-0.000775838782363536,0.00816319657820171,0.00816667799138118,0.0903504099503799,0.0718510243065635,0.942,2000,1285.13482785225
42,"reg_adj",1000,10,"mixed",0,3,2,2000,0.00882184575020695,0.00565086802164432,0.00557583097469122,0.0751722556642031,0.0596593921697098,0.9415,2000,1285.13482785225
42,"adaptive",1000,10,"mixed",0,3,2,2000,0.00882184575020695,0.00565086802164432,0.00557583097469122,0.0751722556642031,0.0596593921697098,0.9415,2000,1285.13482785225
43,"naive",200,20,"mixed",0,3,2,2000,0.00705321736993714,0.0386323929658619,0.0386019460636262,0.1965512476833,0.157267186009613,0.952,2000,723.913050174713
43,"ipw_robust",200,20,"mixed",0,3,2,2000,-0.0156275067723277,0.0378214878003658,0.0375960668658796,0.194477473760757,0.156581480721739,0.9575,2000,723.913050174713
43,"dr_robust",200,20,"mixed",0,3,2,2000,0.00112599011629566,0.0365130607654537,0.036530057940682,0.191083910273612,0.152578324897424,0.9565,2000,723.913050174713
43,"aipw_robust",200,20,"mixed",0,3,2,2000,-0.0027925902085093,0.0440088248202775,0.0440230377790944,0.209782803919381,0.16855946833261,0.948,2000,723.913050174713
43,"reg_adj",200,20,"mixed",0,3,2,2000,0.00238871730439261,0.029677132751805,0.0296862699164029,0.172270522004796,0.138456026109892,0.9525,2000,723.913050174713
43,"adaptive",200,20,"mixed",0,3,2,2000,0.000818067277694734,0.0310639908025191,0.0310788609989477,0.176249796602774,0.140688403171257,0.9505,2000,723.913050174713
44,"naive",500,20,"mixed",0,3,2,2000,0.0122226040379174,0.0131798753792049,0.0130370018306526,0.114803638353516,0.0915057454639905,0.9495,2000,1969.85838699341
44,"ipw_robust",500,20,"mixed",0,3,2,2000,-0.0130670631503831,0.0133534838879209,0.0131893304137516,0.115557275356945,0.0918117224583704,0.945,2000,1969.85838699341
44,"dr_robust",500,20,"mixed",0,3,2,2000,0.00672041154231051,0.0125543691705254,0.0125154629707127,0.112046281377498,0.0892985003140669,0.952,2000,1969.85838699341
44,"aipw_robust",500,20,"mixed",0,3,2,2000,0.00449774280106796,0.0163326476384078,0.0163205782372219,0.127799247409395,0.102301116699413,0.9495,2000,1969.85838699341
44,"reg_adj",500,20,"mixed",0,3,2,2000,0.0109344835281795,0.0114801211013429,0.0113662412919608,0.107145327015894,0.0856902382315887,0.9495,2000,1969.85838699341
44,"adaptive",500,20,"mixed",0,3,2,2000,0.0109344835281795,0.0114801211013429,0.0113662412919608,0.107145327015894,0.0856902382315887,0.9495,2000,1969.85838699341
45,"naive",1000,20,"mixed",0,3,2,2000,0.0136280288742761,0.00599520739179828,0.00581239041600819,0.0774287245910604,0.0625089850738954,0.952,2000,3611.42542505264
45,"ipw_robust",1000,20,"mixed",0,3,2,2000,-0.0111159729142465,0.00605377725437876,0.00593317899004352,0.0778060232525655,0.062817512578044,0.949,2000,3611.42542505264
45,"dr_robust",1000,20,"mixed",0,3,2,2000,0.00895634537620538,0.00579014204305821,0.00571278231171619,0.0760929828765978,0.0613642094940178,0.954,2000,3611.42542505264
45,"aipw_robust",1000,20,"mixed",0,3,2,2000,0.00436652575218011,0.00802240307699532,0.00800734019995084,0.0895678685522622,0.071902755499329,0.9525,2000,3611.42542505264
45,"reg_adj",1000,20,"mixed",0,3,2,2000,0.0124445193189868,0.00559212662646155,0.00543998055565874,0.0747805230421769,0.0603183391945935,0.9565,2000,3611.42542505264
45,"adaptive",1000,20,"mixed",0,3,2,2000,0.0124445193189868,0.00559212662646155,0.00543998055565874,0.0747805230421769,0.0603183391945935,0.9565,2000,3611.42542505264
46,"naive",200,5,"none",0.05,3,2,2000,0.00949662563286724,0.0302295398574538,0.0301544311746302,0.173866442585836,0.138867660718987,0.9495,2000,180.730264902115
46,"ipw_robust",200,5,"none",0.05,3,2,2000,-0.0194810455955703,0.0310480507395707,0.0306838815428454,0.176204570711349,0.139999456723274,0.9485,2000,180.730264902115
46,"dr_robust",200,5,"none",0.05,3,2,2000,0.00403808599849409,0.0299721171012526,0.0299707963609018,0.173124571050017,0.138461768478319,0.95,2000,180.730264902115
46,"aipw_robust",200,5,"none",0.05,3,2,2000,0.00140260957037297,0.0408131119005474,0.0408315603671241,0.202022552950277,0.161676664743616,0.9505,2000,180.730264902115
46,"reg_adj",200,5,"none",0.05,3,2,2000,0.00954463063751643,0.0277600329319756,0.0276827743451415,0.166613423624796,0.133260615292249,0.9475,2000,180.730264902115
46,"adaptive",200,5,"none",0.05,3,2,2000,0.00944165324319091,0.0277498927234677,0.0276745852001031,0.166582990498633,0.133215061309439,0.9475,2000,180.730264902115
47,"naive",500,5,"none",0.05,3,2,2000,0.00648521127865864,0.0110841561050699,0.0110476219507164,0.105281318879799,0.0833131901199924,0.944,2000,399.888010025024
47,"ipw_robust",500,5,"none",0.05,3,2,2000,-0.0221675214522514,0.0120756828664285,0.0115900788985417,0.109889411985088,0.087027898079358,0.9405,2000,399.888010025024
47,"dr_robust",500,5,"none",0.05,3,2,2000,0.0022525762769936,0.0108975092751097,0.0108978841172847,0.104391135998751,0.0825986009034396,0.943,2000,399.888010025024
47,"aipw_robust",500,5,"none",0.05,3,2,2000,-0.0014944650733546,0.0149132567913686,0.0149184826068165,0.122119846017626,0.0970732850775032,0.9495,2000,399.888010025024
47,"reg_adj",500,5,"none",0.05,3,2,2000,0.00550359787784105,0.0104289742380272,0.0104038865917221,0.102122349356187,0.0810322001854911,0.944,2000,399.888010025024
47,"adaptive",500,5,"none",0.05,3,2,2000,0.00550359787784105,0.0104289742380272,0.0104038865917221,0.102122349356187,0.0810322001854911,0.944,2000,399.888010025024
48,"naive",1000,5,"none",0.05,3,2,2000,0.0112960969859284,0.00576781404867657,0.00564303375844029,0.0759461259622673,0.0600694038842143,0.945,2000,733.282299041748
48,"ipw_robust",1000,5,"none",0.05,3,2,2000,-0.0167282927311447,0.00605274207043693,0.00577579418983298,0.0777993706300824,0.0621190394357383,0.9395,2000,733.282299041748
48,"dr_robust",1000,5,"none",0.05,3,2,2000,0.00686143731027933,0.00555962190902828,0.00551530023718398,0.0745628721886991,0.0590380565714171,0.947,2000,733.282299041748
48,"aipw_robust",1000,5,"none",0.05,3,2,2000,0.00179525510393219,0.00765705667909669,0.00765766256949324,0.0875046094734254,0.0701159495720106,0.955,2000,733.282299041748
48,"reg_adj",1000,5,"none",0.05,3,2,2000,0.00996322300192487,0.00538347336198577,0.00528685097488713,0.0733721565853544,0.0583240181573643,0.949,2000,733.282299041748
48,"adaptive",1000,5,"none",0.05,3,2,2000,0.00996322300192487,0.00538347336198577,0.00528685097488713,0.0733721565853544,0.0583240181573643,0.949,2000,733.282299041748
49,"naive",200,10,"none",0.05,3,2,2000,0.0128383063928674,0.032676433417756,0.032527875244341,0.180766239706855,0.143853157035537,0.9525,2000,309.725973844528
49,"ipw_robust",200,10,"none",0.05,3,2,2000,-0.0100718334888192,0.0330948269392559,0.0330098900544566,0.181919836574399,0.145477326770405,0.954,2000,309.725973844528
49,"dr_robust",200,10,"none",0.05,3,2,2000,0.00670273783246245,0.0313196702119043,0.0312903887118095,0.176973642703947,0.140606818362126,0.9505,2000,309.725973844528
49,"aipw_robust",200,10,"none",0.05,3,2,2000,0.002993750875667,0.0423583261704618,0.0423705489006065,0.205811384938885,0.164431247769764,0.95,2000,309.725973844528
49,"reg_adj",200,10,"none",0.05,3,2,2000,0.00902093188368847,0.02854630506024,0.0284791674319058,0.168956518253188,0.1358610074453,0.952,2000,309.725973844528
49,"adaptive",200,10,"none",0.05,3,2,2000,0.00917564420090722,0.0288042428347119,0.0287344175970088,0.169718127596058,0.136377906458051,0.9515,2000,309.725973844528
50,"naive",500,10,"none",0.05,3,2,2000,0.0114341049814133,0.0121121119223141,0.0119873668490127,0.110055040422119,0.0879553195934128,0.95,2000,722.031994819641
50,"ipw_robust",500,10,"none",0.05,3,2,2000,-0.0119165621467034,0.0125224085476432,0.0123865973929435,0.111903568073781,0.0895890663449428,0.9535,2000,722.031994819641
50,"dr_robust",500,10,"none",0.05,3,2,2000,0.00642803016633264,0.0116226870056462,0.0115871610143341,0.107808566476167,0.0858558665496515,0.9505,2000,722.031994819641
50,"aipw_robust",500,10,"none",0.05,3,2,2000,0.00213589290454141,0.0156976430487439,0.0157009314759823,0.125290235248977,0.100238257562911,0.955,2000,722.031994819641
50,"reg_adj",500,10,"none",0.05,3,2,2000,0.0108069838016953,0.010957878441963,0.0108465107984722,0.104679885565294,0.0838032256577369,0.952,2000,722.031994819641
50,"adaptive",500,10,"none",0.05,3,2,2000,0.0108069838016953,0.010957878441963,0.0108465107984722,0.104679885565294,0.0838032256577369,0.952,2000,722.031994819641
51,"naive",1000,10,"none",0.05,3,2,2000,0.00900134770645922,0.00574069742848396,0.00566250442016147,0.0757673902710392,0.0607690639131242,0.9485,2000,1284.43319916725
51,"ipw_robust",1000,10,"none",0.05,3,2,2000,-0.0133823520899718,0.00591200604854525,0.00573578659438247,0.0768895704796512,0.0615652814242444,0.9465,2000,1284.43319916725
51,"dr_robust",1000,10,"none",0.05,3,2,2000,0.00468781180383093,0.00560553840687611,0.00558635600537066,0.0748701436279917,0.0600177896044521,0.949,2000,1284.43319916725
51,"aipw_robust",1000,10,"none",0.05,3,2,2000,0.00035393732971567,0.0074331725885032,0.00743676569971969,0.0862158488243501,0.0689768166409437,0.946,2000,1284.43319916725
51,"reg_adj",1000,10,"none",0.05,3,2,2000,0.00911949769274267,0.00543664370301267,0.00535615654311629,0.0737335995528,0.0593357304923309,0.947,2000,1284.43319916725
51,"adaptive",1000,10,"none",0.05,3,2,2000,0.00911949769274267,0.00543664370301267,0.00535615654311629,0.0737335995528,0.0593357304923309,0.947,2000,1284.43319916725
52,"naive",200,20,"none",0.05,3,2,2000,0.0111677211506982,0.0389243510862171,0.0388190426118233,0.197292552029257,0.154910436661398,0.944,2000,730.466317892075
52,"ipw_robust",200,20,"none",0.05,3,2,2000,-0.0142026148684691,0.0373342296217849,0.0371510908981319,0.193220675968657,0.153336301248567,0.9485,2000,730.466317892075
52,"dr_robust",200,20,"none",0.05,3,2,2000,0.00589217678381138,0.036454053206394,0.0364375542362604,0.190929445624278,0.151637705595854,0.9465,2000,730.466317892075
52,"aipw_robust",200,20,"none",0.05,3,2,2000,0.00124757218412075,0.0459476205076656,0.0459690485956088,0.214353960793043,0.171024185185139,0.953,2000,730.466317892075
52,"reg_adj",200,20,"none",0.05,3,2,2000,0.0121049668478803,0.0313429712386373,0.0312120470397689,0.177039462376718,0.140703713643537,0.956,2000,730.466317892075
52,"adaptive",200,20,"none",0.05,3,2,2000,0.0105054895442911,0.0325480041971573,0.0324538658195018,0.180410654333821,0.143641608477204,0.9555,2000,730.466317892075
53,"naive",500,20,"none",0.05,3,2,2000,0.0103040697986865,0.0131678554203468,0.0130682156737675,0.114751276334282,0.0914590319542641,0.945,2000,1954.79122900963
53,"ipw_robust",500,20,"none",0.05,3,2,2000,-0.0139056962246198,0.0132504904060309,0.0130636538454622,0.115110774500178,0.0910522154106761,0.944,2000,1954.79122900963
53,"dr_robust",500,20,"none",0.05,3,2,2000,0.00496457161114483,0.0122117144336813,0.0121931640444214,0.110506626198076,0.0883315540343092,0.9505,2000,1954.79122900963
53,"aipw_robust",500,20,"none",0.05,3,2,2000,0.000673134051142998,0.0162730400795162,0.0162807273337322,0.127565826456446,0.102698658859991,0.9515,2000,1954.79122900963
53,"reg_adj",500,20,"none",0.05,3,2,2000,0.00829131530326022,0.0116352120318221,0.0115722522484883,0.107866640032135,0.0867367177221267,0.9505,2000,1954.79122900963
53,"adaptive",500,20,"none",0.05,3,2,2000,0.00829131530326022,0.0116352120318221,0.0115722522484883,0.107866640032135,0.0867367177221267,0.9505,2000,1954.79122900963
54,"naive",1000,20,"none",0.05,3,2,2000,0.0102671606895193,0.00618472111085164,0.00608234769607527,0.0786429978501051,0.0637526358206043,0.952,2000,3602.26520490646
54,"ipw_robust",1000,20,"none",0.05,3,2,2000,-0.0137240112673307,0.00667595927361718,0.00649085621645959,0.0817065436401344,0.0653832918658654,0.9405,2000,3602.26520490646
54,"dr_robust",1000,20,"none",0.05,3,2,2000,0.0051089883083697,0.00610829467630725,0.00608523553253846,0.0781555799435155,0.0632133473169397,0.9505,2000,3602.26520490646
54,"aipw_robust",1000,20,"none",0.05,3,2,2000,-0.000482601538084992,0.00822317986230774,0.00822706048830733,0.0906817504369415,0.0722531548523626,0.952,2000,3602.26520490646
54,"reg_adj",1000,20,"none",0.05,3,2,2000,0.0090617889979927,0.00577665396926222,0.00569738664273944,0.0760043023075814,0.0614610826402846,0.949,2000,3602.26520490646
54,"adaptive",1000,20,"none",0.05,3,2,2000,0.0090617889979927,0.00577665396926222,0.00569738664273944,0.0760043023075814,0.0614610826402846,0.949,2000,3602.26520490646
55,"naive",200,5,"covariate",0.05,3,2,2000,-0.0861584026217053,0.0483225324817008,0.0409197220003771,0.219823866951932,0.170831287029645,0.929,2000,173.492828130722
55,"ipw_robust",200,5,"covariate",0.05,3,2,2000,-0.0991171202520484,0.0498871870314925,0.0400830250169419,0.223354397833337,0.175630558457447,0.918,2000,173.492828130722
55,"dr_robust",200,5,"covariate",0.05,3,2,2000,-0.103801828161264,0.0591489768328041,0.0483983564814242,0.243205626647091,0.18302127880578,0.9335,2000,173.492828130722
55,"aipw_robust",200,5,"covariate",0.05,3,2,2000,-0.0636007926493711,0.0505096427554907,0.0464878258427838,0.224743504367736,0.178225900966475,0.9385,2000,173.492828130722
55,"reg_adj",200,5,"covariate",0.05,3,2,2000,-0.110283212024305,0.0444020305922042,0.0322557716236182,0.210717893384032,0.167931691035052,0.9005,2000,173.492828130722
55,"adaptive",200,5,"covariate",0.05,3,2,2000,-0.107739033998848,0.0452987453089253,0.0337078998118262,0.212835018991061,0.169036602286493,0.9035,2000,173.492828130722
56,"naive",500,5,"covariate",0.05,3,2,2000,-0.105888126351026,0.0290169421707514,0.0178135536454434,0.170343600322265,0.136332603316636,0.887,2000,401.738739013672
56,"ipw_robust",500,5,"covariate",0.05,3,2,2000,-0.11428166037365,0.0298094302342164,0.0167575110920042,0.172654076795819,0.1395181959117,0.865,2000,401.738739013672
56,"dr_robust",500,5,"covariate",0.05,3,2,2000,-0.144529296994016,0.0436681184770219,0.0227907961855302,0.208969180687062,0.165204349823043,0.8635,2000,401.738739013672
56,"aipw_robust",500,5,"covariate",0.05,3,2,2000,-0.0753938424678064,0.0222067425668577,0.0165307764730338,0.149019269112614,0.119115677752796,0.909,2000,401.738739013672
56,"reg_adj",500,5,"covariate",0.05,3,2,2000,-0.122387769693602,0.0270856659993088,0.0121129563068881,0.16457723414649,0.138194281542897,0.8085,2000,401.738739013672
56,"adaptive",500,5,"covariate",0.05,3,2,2000,-0.122428139554234,0.0271456385487396,0.0121630707293933,0.164759335240039,0.138402503758625,0.808,2000,401.738739013672
57,"naive",1000,5,"covariate",0.05,3,2,2000,-0.11283199126407,0.0231282876405226,0.0104024306032089,0.152079872568735,0.126855289378739,0.8045,2000,800.868463993073
57,"ipw_robust",1000,5,"covariate",0.05,3,2,2000,-0.120254854276088,0.0240179249623074,0.00956147572320577,0.154977175617274,0.130743616311623,0.7665,2000,800.868463993073
57,"dr_robust",1000,5,"covariate",0.05,3,2,2000,-0.170528841851356,0.042398099110084,0.0133246755446914,0.205907986999252,0.174501538660265,0.7155,2000,800.868463993073
57,"aipw_robust",1000,5,"covariate",0.05,3,2,2000,-0.0808980389473353,0.0161194595861282,0.00957975675898314,0.126962433759472,0.102554820736831,0.8635,2000,800.868463993073
57,"reg_adj",1000,5,"covariate",0.05,3,2,2000,-0.129663722155994,0.0234191353257171,0.00660975936205141,0.153033118395062,0.132922317643505,0.6385,2000,800.868463993073
57,"adaptive",1000,5,"covariate",0.05,3,2,2000,-0.129580278224814,0.0233967480344664,0.00660900403166209,0.152959955656591,0.132838873712325,0.639,2000,800.868463993073
58,"naive",200,10,"covariate",0.05,3,2,2000,-0.067876248893459,0.0466306350602323,0.0420444721324517,0.21594127687923,0.16852766794809,0.942,2000,298.447851896286
58,"ipw_robust",200,10,"covariate",0.05,3,2,2000,-0.0787999548826357,0.0470258881761971,0.0408368737235535,0.216854532293418,0.171567429524235,0.931,2000,298.447851896286
58,"dr_robust",200,10,"covariate",0.05,3,2,2000,-0.0739823670807946,0.0527554450108375,0.0473057072255728,0.2296855350492,0.174470654974808,0.947,2000,298.447851896286
58,"aipw_robust",200,10,"covariate",0.05,3,2,2000,-0.048388412093491,0.0483403052135992,0.0460218777275335,0.219864288172498,0.175770367177366,0.945,2000,298.447851896286
58,"reg_adj",200,10,"covariate",0.05,3,2,2000,-0.088284962403929,0.0414071974502122,0.0336297777524252,0.203487585494084,0.162162908810867,0.9195,2000,298.447851896286
58,"adaptive",200,10,"covariate",0.05,3,2,2000,-0.0882427573146249,0.0421604262648697,0.0343908374651144,0.205330042285267,0.163457713887804,0.9205,2000,298.447851896286
59,"naive",500,10,"covariate",0.05,3,2,2000,-0.0873863716475736,0.03042289313618,0.0227979141435239,0.17442159595698,0.137568790599105,0.9265,2000,715.075870037079
59,"ipw_robust",500,10,"covariate",0.05,3,2,2000,-0.095388322883992,0.0299697399396766,0.0208812484212665,0.173117705448278,0.137431949896099,0.903,2000,715.075870037079
59,"dr_robust",500,10,"covariate",0.05,3,2,2000,-0.132307083485916,0.0453677281994903,0.0278765021099961,0.212997014531872,0.163081509043583,0.883,2000,715.075870037079
59,"aipw_robust",500,10,"covariate",0.05,3,2,2000,-0.0629940663023367,0.023616180574466,0.0196577570636947,0.153675569217966,0.122370165315648,0.9225,2000,715.075870037079
59,"reg_adj",500,10,"covariate",0.05,3,2,2000,-0.107602753478077,0.0258563267622625,0.014285116764581,0.16079902599911,0.131482841004871,0.8475,2000,715.075870037079
59,"adaptive",500,10,"covariate",0.05,3,2,2000,-0.106918914308391,0.0262172021027613,0.0147929443380454,0.161917269316035,0.131985032877337,0.856,2000,715.075870037079
60,"naive",1000,10,"covariate",0.05,3,2,2000,-0.0963567686294859,0.0219318602871914,0.0126535602065784,0.148094092681617,0.119539123398603,0.8785,2000,1487.89356398582
60,"ipw_robust",1000,10,"covariate",0.05,3,2,2000,-0.101935868798158,0.0217067647956057,0.0113215042000704,0.147332158049781,0.120315514555525,0.847,2000,1487.89356398582
60,"dr_robust",1000,10,"covariate",0.05,3,2,2000,-0.164860631712977,0.0436128309804544,0.0164420241037045,0.208836852543928,0.172795006134548,0.7735,2000,1487.89356398582
60,"aipw_robust",1000,10,"covariate",0.05,3,2,2000,-0.0735422105669596,0.0149764733814321,0.00957280304788098,0.122378402430462,0.0993889898142551,0.885,2000,1487.89356398582
60,"reg_adj",1000,10,"covariate",0.05,3,2,2000,-0.11529043169562,0.0202784121599236,0.00699002353112672,0.142402289868961,0.121269722032383,0.7255,2000,1487.89356398582
60,"adaptive",1000,10,"covariate",0.05,3,2,2000,-0.115273774711969,0.0202731436325668,0.00698859479361791,0.142383789922051,0.121253065048732,0.7255,2000,1487.89356398582
61,"naive",200,20,"covariate",0.05,3,2,2000,-0.0471268355186703,0.0430958277273456,0.0408953367697266,0.207595346111963,0.163903185763028,0.9465,2000,745.618673086166
61,"ipw_robust",200,20,"covariate",0.05,3,2,2000,-0.0630094196777695,0.0441323775522661,0.0401822817249993,0.21007707526588,0.167502526889279,0.9415,2000,745.618673086166
61,"dr_robust",200,20,"covariate",0.05,3,2,2000,-0.0383470714870049,0.0410403734769167,0.0395896704204974,0.202584237977481,0.160200110386013,0.9475,2000,745.618673086166
61,"aipw_robust",200,20,"covariate",0.05,3,2,2000,-0.0351147564442049,0.0492679484396978,0.0480589317854547,0.221963844893032,0.177830810174018,0.9495,2000,745.618673086166
61,"reg_adj",200,20,"covariate",0.05,3,2,2000,-0.0712917726240065,0.0392069031895638,0.0341414570742279,0.198007331151056,0.158614700221922,0.9415,2000,745.618673086166
61,"adaptive",200,20,"covariate",0.05,3,2,2000,-0.0705945786800297,0.0409190769364933,0.0359534591270459,0.202284643353106,0.16117068257787,0.9425,2000,745.618673086166
62,"naive",500,20,"covariate",0.05,3,2,2000,-0.0741205684566264,0.0249959338741286,0.0195118311213559,0.158101024266539,0.125304301620591,0.9255,2000,1823.25450396538
62,"ipw_robust",500,20,"covariate",0.05,3,2,2000,-0.0826154645783703,0.0256582861279112,0.0188423923365795,0.160182040591045,0.128009709360657,0.913,2000,1823.25450396538
62,"dr_robust",500,20,"covariate",0.05,3,2,2000,-0.0996934915118628,0.0345921912162322,0.0246657318323224,0.18598976105214,0.141267950038749,0.908,2000,1823.25450396538
62,"aipw_robust",500,20,"covariate",0.05,3,2,2000,-0.0492401889256278,0.0206421194911566,0.0182266366040271,0.143673656218378,0.114421413551536,0.9365,2000,1823.25450396538
62,"reg_adj",500,20,"covariate",0.05,3,2,2000,-0.0973179879075907,0.0228387055918438,0.0133746021225231,0.151124801379005,0.122955205878435,0.868,2000,1823.25450396538
62,"adaptive",500,20,"covariate",0.05,3,2,2000,-0.0969786143016667,0.0229380496151254,0.0135399679672376,0.151453126792171,0.123149845625073,0.872,2000,1823.25450396538
63,"naive",1000,20,"covariate",0.05,3,2,2000,-0.0925685211295331,0.0208563794849783,0.0122935951784587,0.14441737944229,0.116191290667877,0.8755,2000,3847.50625300407
63,"ipw_robust",1000,20,"covariate",0.05,3,2,2000,-0.0985551811941787,0.0205783628398604,0.0108706744368615,0.143451604521736,0.116678878174753,0.844,2000,3847.50625300407
63,"dr_robust",1000,20,"covariate",0.05,3,2,2000,-0.153450150748044,0.0393499612496672,0.0158109179440418,0.198368246576077,0.162114733900388,0.7835,2000,3847.50625300407
63,"aipw_robust",1000,20,"covariate",0.05,3,2,2000,-0.0677441630370061,0.0139161545438251,0.00933154869258688,0.117966751857568,0.0941451352514019,0.891,2000,3847.50625300407
63,"reg_adj",1000,20,"covariate",0.05,3,2,2000,-0.116827589972604,0.0204015701319997,0.00675626248443507,0.142834065026518,0.122662111937262,0.707,2000,3847.50625300407
63,"adaptive",1000,20,"covariate",0.05,3,2,2000,-0.116757868100202,0.0203839413580458,0.00675491905426887,0.142772341011996,0.12259239006486,0.7075,2000,3847.50625300407
64,"naive",200,5,"outcome",0.05,3,2,2000,-0.000487866596599495,0.055676821940861,0.0557044361451175,0.235959365020465,0.185181636744437,0.9525,2000,209.72177195549
64,"ipw_robust",200,5,"outcome",0.05,3,2,2000,-0.0249075231672564,0.0336922372238068,0.0330883967118353,0.183554453020914,0.147006898130725,0.9495,2000,209.72177195549
64,"dr_robust",200,5,"outcome",0.05,3,2,2000,-0.00151271257727137,0.0318214037622998,0.0318350329794481,0.17838554807579,0.142511272695208,0.9495,2000,209.72177195549
64,"aipw_robust",200,5,"outcome",0.05,3,2,2000,-0.00632514148241525,0.0397387933264031,0.0397186452342476,0.199345913743932,0.159940077216484,0.955,2000,209.72177195549
64,"reg_adj",200,5,"outcome",0.05,3,2,2000,0.00244590797744237,0.0549093212586228,0.0549308041948862,0.234327380514149,0.185044046205506,0.954,2000,209.72177195549
64,"adaptive",200,5,"outcome",0.05,3,2,2000,-0.0208271250710514,0.0365038329655786,0.0360881078807938,0.191059762811479,0.152619628798938,0.9465,2000,209.72177195549
65,"naive",500,5,"outcome",0.05,3,2,2000,0.0127538128792377,0.0231406574674921,0.0229894924707689,0.152120535982135,0.119162708292797,0.947,2000,456.789308071136
65,"ipw_robust",500,5,"outcome",0.05,3,2,2000,-0.0166110595676898,0.0134075376880084,0.0131381794777859,0.115790922303989,0.0913514626346223,0.9475,2000,456.789308071136
65,"dr_robust",500,5,"outcome",0.05,3,2,2000,0.00737549864525811,0.0130735887295414,0.0130257036010757,0.114339795038916,0.0896350214423057,0.9465,2000,456.789308071136
65,"aipw_robust",500,5,"outcome",0.05,3,2,2000,0.00456672996368246,0.0173139115954996,0.0173017074266517,0.13158233770343,0.104148630959794,0.9485,2000,456.789308071136
65,"reg_adj",500,5,"outcome",0.05,3,2,2000,0.0101259231948534,0.0220576435582102,0.021966092283804,0.148518159018385,0.116515446192222,0.9525,2000,456.789308071136
65,"adaptive",500,5,"outcome",0.05,3,2,2000,-0.0138691667104636,0.0141905055277191,0.0140051543196363,0.119123908296022,0.0939073764631864,0.9515,2000,456.789308071136
66,"naive",1000,5,"outcome",0.05,3,2,2000,0.010076301486011,0.012097967760342,0.0120024371272686,0.10999076215911,0.0867093099330349,0.952,2000,833.50813293457
66,"ipw_robust",1000,5,"outcome",0.05,3,2,2000,-0.0210644338030586,0.00716218453836087,0.00672183508445966,0.0846296906431831,0.0673049771905436,0.9455,2000,833.50813293457
66,"dr_robust",1000,5,"outcome",0.05,3,2,2000,0.00497628564541497,0.00648670657293924,0.00646517574198547,0.0805400929533809,0.0643224895546044,0.9535,2000,833.50813293457
66,"aipw_robust",1000,5,"outcome",0.05,3,2,2000,0.000379707989074607,0.00846310785147682,0.00846719727195584,0.0919951512389475,0.0736870233185945,0.952,2000,833.50813293457
66,"reg_adj",1000,5,"outcome",0.05,3,2,2000,0.00950221731484557,0.0117857503228723,0.0117013088433954,0.108562195643199,0.085417897224677,0.9465,2000,833.50813293457
66,"adaptive",1000,5,"outcome",0.05,3,2,2000,-0.0196262001883563,0.00728274417644302,0.00690100694608263,0.085338995637651,0.0677527925214865,0.948,2000,833.50813293457
67,"naive",200,10,"outcome",0.05,3,2,2000,0.0103969275141584,0.0667259124816546,0.0666511419508954,0.258313593296316,0.199592281937805,0.9535,2000,347.552808046341
67,"ipw_robust",200,10,"outcome",0.05,3,2,2000,-0.0118176975171456,0.0378882976449792,0.0377675234320885,0.194649165538872,0.15452814237504,0.949,2000,347.552808046341
67,"dr_robust",200,10,"outcome",0.05,3,2,2000,0.00688090621073467,0.0366473397845179,0.0366183020652696,0.19143494922432,0.151555147287993,0.949,2000,347.552808046341
67,"aipw_robust",200,10,"outcome",0.05,3,2,2000,0.00628897059126388,0.0456091687452978,0.0455924138011006,0.213563032253473,0.169423057302837,0.945,2000,347.552808046341
67,"reg_adj",200,10,"outcome",0.05,3,2,2000,0.0122670550791346,0.0609413663194777,0.0608212963273269,0.246863051750313,0.190471898918152,0.9505,2000,347.552808046341
67,"adaptive",200,10,"outcome",0.05,3,2,2000,-0.0103368958599259,0.0389125878252046,0.0388251489836775,0.197262738055631,0.156581100103709,0.9465,2000,347.552808046341
68,"naive",500,10,"outcome",0.05,3,2,2000,0.0111789208921991,0.0244097624454624,0.0242969426444706,0.156236239219531,0.121650187995245,0.9525,2000,792.669661045074
68,"ipw_robust",500,10,"outcome",0.05,3,2,2000,-0.0155652468636722,0.0139170680738435,0.0136816319799064,0.117970623774919,0.0929716411132081,0.946,2000,792.669661045074
68,"dr_robust",500,10,"outcome",0.05,3,2,2000,0.00402599830600803,0.0131823733521466,0.0131727510653193,0.11481451716637,0.0904828984868876,0.946,2000,792.669661045074
68,"aipw_robust",500,10,"outcome",0.05,3,2,2000,-0.000980176887134476,0.0161655125804778,0.0161726381528241,0.127143669053861,0.100344299885152,0.948,2000,792.669661045074
68,"reg_adj",500,10,"outcome",0.05,3,2,2000,0.0105040650475656,0.0228985943836703,0.0227996588305621,0.151322815145867,0.11877076978021,0.955,2000,792.669661045074
68,"adaptive",500,10,"outcome",0.05,3,2,2000,-0.0135676651482353,0.014274929169908,0.0140978965806237,0.119477735038408,0.0944148554966127,0.9455,2000,792.669661045074
69,"naive",1000,10,"outcome",0.05,3,2,2000,0.0109785052421656,0.0125569431640622,0.0124426369051625,0.112057767084938,0.0885266597322913,0.9555,2000,1435.70001792908
69,"ipw_robust",1000,10,"outcome",0.05,3,2,2000,-0.012098097653914,0.00680002488962221,0.00665698941748731,0.0824622634277171,0.0657516134551633,0.9435,2000,1435.70001792908
69,"dr_robust",1000,10,"outcome",0.05,3,2,2000,0.00646074373094452,0.00654161258304344,0.00650312293495399,0.0808802360471546,0.0647048946292428,0.9495,2000,1435.70001792908
69,"aipw_robust",1000,10,"outcome",0.05,3,2,2000,0.000980637183884525,0.00860890025632385,0.00861224472940214,0.0927841595118685,0.0741667897127911,0.946,2000,1435.70001792908
69,"reg_adj",1000,10,"outcome",0.05,3,2,2000,0.00964469151757763,0.0120402375317652,0.0119531940543232,0.109728016166179,0.0860952092926345,0.9515,2000,1435.70001792908
69,"adaptive",1000,10,"outcome",0.05,3,2,2000,-0.0114922914843174,0.0069313522606118,0.00680268083747002,0.0832547431718566,0.0662224081432287,0.9445,2000,1435.70001792908
70,"naive",200,20,"outcome",0.05,3,2,2000,0.0120524771884094,0.0874779582687856,0.0873763842545358,0.295766729482519,0.217985523405997,0.962,2000,825.130280971527
70,"ipw_robust",200,20,"outcome",0.05,3,2,2000,-0.0117886843218424,0.0436413122799226,0.0435241012525088,0.208905031724759,0.167288356864872,0.949,2000,825.130280971527
70,"dr_robust",200,20,"outcome",0.05,3,2,2000,0.00976968981094606,0.0432283625506128,0.0431544929580898,0.207914315405681,0.165700978273088,0.9505,2000,825.130280971527
70,"aipw_robust",200,20,"outcome",0.05,3,2,2000,0.0117715519813366,0.0515900641966358,0.0514772333772752,0.227134462811428,0.181433248052311,0.9515,2000,825.130280971527
70,"reg_adj",200,20,"outcome",0.05,3,2,2000,0.00972186811709763,0.0668562052173207,0.0667950880416553,0.258565669061693,0.201481271319513,0.952,2000,825.130280971527
70,"adaptive",200,20,"outcome",0.05,3,2,2000,-0.00794856896880747,0.044922796409831,0.0448820576900241,0.211949985633005,0.168559225561937,0.9475,2000,825.130280971527
71,"naive",500,20,"outcome",0.05,3,2,2000,0.00906572533382777,0.0264525016349668,0.0263835060121444,0.16264225046084,0.126007425311603,0.9455,2000,2259.15618109703
71,"ipw_robust",500,20,"outcome",0.05,3,2,2000,-0.0128425505900258,0.0150412524594109,0.0148837632353712,0.122642783967957,0.0973389117547075,0.9455,2000,2259.15618109703
71,"dr_robust",500,20,"outcome",0.05,3,2,2000,0.00765755727588191,0.0145022595867098,0.0144508468266898,0.120425327845557,0.0953235122276415,0.95,2000,2259.15618109703
71,"aipw_robust",500,20,"outcome",0.05,3,2,2000,0.00398438067356821,0.0182389759177982,0.0182322167368147,0.135051752738712,0.107835209338929,0.9525,2000,2259.15618109703
71,"reg_adj",500,20,"outcome",0.05,3,2,2000,0.00887985380898559,0.0251891330515508,0.0251228426692164,0.158710847302731,0.123838415916332,0.949,2000,2259.15618109703
71,"adaptive",500,20,"outcome",0.05,3,2,2000,-0.0117266518074124,0.0153783233181866,0.0152484331721604,0.124009367864636,0.0981727499586406,0.9485,2000,2259.15618109703
72,"naive",1000,20,"outcome",0.05,3,2,2000,0.0114521140444115,0.0128748135971457,0.0127500376999095,0.113467235787014,0.0874119848293135,0.9545,2000,4225.21880102158
72,"ipw_robust",1000,20,"outcome",0.05,3,2,2000,-0.0117280939031261,0.00689080718194849,0.00675663731400495,0.0830108859243683,0.0657514098176965,0.951,2000,4225.21880102158
72,"dr_robust",1000,20,"outcome",0.05,3,2,2000,0.00722306928759187,0.00673755037699583,0.00668872200806651,0.0820825826652392,0.0648523822314352,0.95,2000,4225.21880102158
72,"aipw_robust",1000,20,"outcome",0.05,3,2,2000,0.00215122151635994,0.00855627612059615,0.00855592632974858,0.0925001411923039,0.0732639116836724,0.9485,2000,4225.21880102158
72,"reg_adj",1000,20,"outcome",0.05,3,2,2000,0.0105746024671642,0.0119954358637969,0.0118895584256712,0.109523677183506,0.0845769852385733,0.955,2000,4225.21880102158
72,"adaptive",1000,20,"outcome",0.05,3,2,2000,-0.01093335195455,0.00704443951417663,0.00692836551197055,0.0839311593758637,0.0663659935812474,0.949,2000,4225.21880102158
73,"naive",200,5,"treatment",0.05,3,2,2000,-0.248395885907506,0.0919287658735667,0.0302433714235037,0.30319756904297,0.259197100929886,0.698,2000,213.229902029037
73,"ipw_robust",200,5,"treatment",0.05,3,2,2000,-0.235629730505494,0.0866080371088276,0.0311022183198958,0.294292434678208,0.249401407924752,0.7345,2000,213.229902029037
73,"dr_robust",200,5,"treatment",0.05,3,2,2000,-0.2210642113515,0.0773483941119904,0.0284932551991292,0.278115792633195,0.234503704914306,0.7445,2000,213.229902029037
73,"aipw_robust",200,5,"treatment",0.05,3,2,2000,-0.183677033300488,0.074815831256871,0.0410991282589321,0.273524827496282,0.22329845333991,0.8535,2000,213.229902029037
73,"reg_adj",200,5,"treatment",0.05,3,2,2000,-0.24066545648243,0.0854152077970736,0.0275091004033789,0.292258802770889,0.25060108066731,0.689,2000,213.229902029037
73,"adaptive",200,5,"treatment",0.05,3,2,2000,-0.240672013226554,0.0854188063219277,0.0275095431429767,0.292264959107191,0.250607637411434,0.689,2000,213.229902029037
74,"naive",500,5,"treatment",0.05,3,2,2000,-0.251060071832204,0.0747561600681925,0.0117308658327175,0.273415727543593,0.251703466712835,0.3705,2000,468.001127958298
74,"ipw_robust",500,5,"treatment",0.05,3,2,2000,-0.240305477899651,0.0704075888924641,0.0126671997837766,0.265344283700373,0.241161078293128,0.445,2000,468.001127958298
74,"dr_robust",500,5,"treatment",0.05,3,2,2000,-0.222003912981926,0.0608224804617557,0.0115425143396391,0.246622141061494,0.223341874031555,0.4675,2000,468.001127958298
74,"aipw_robust",500,5,"treatment",0.05,3,2,2000,-0.185614550752781,0.051900106191122,0.0174560727763535,0.227815948061416,0.194624985887084,0.7145,2000,468.001127958298
74,"reg_adj",500,5,"treatment",0.05,3,2,2000,-0.244320923064167,0.0709332278340777,0.0112461374558792,0.266332926680269,0.245128373147585,0.3785,2000,468.001127958298
74,"adaptive",500,5,"treatment",0.05,3,2,2000,-0.244320923064167,0.0709332278340777,0.0112461374558792,0.266332926680269,0.245128373147585,0.3785,2000,468.001127958298
75,"naive",1000,5,"treatment",0.05,3,2,2000,-0.24190596797138,0.0641961185590942,0.00568046144964891,0.253369529657957,0.24190596797138,0.106,2000,874.805044174194
75,"ipw_robust",1000,5,"treatment",0.05,3,2,2000,-0.229492928217742,0.0586312697394947,0.00596724926217218,0.242138947175985,0.229500211539868,0.161,2000,874.805044174194
75,"dr_robust",1000,5,"treatment",0.05,3,2,2000,-0.211895367000557,0.0503163423311709,0.0054194054776091,0.224313045387848,0.211895367000557,0.178,2000,874.805044174194
75,"aipw_robust",1000,5,"treatment",0.05,3,2,2000,-0.172902085209227,0.0380787845938942,0.00818774739789443,0.195137860483029,0.174415767104152,0.5255,2000,874.805044174194
75,"reg_adj",1000,5,"treatment",0.05,3,2,2000,-0.235337565679379,0.0607617025426927,0.00538062303431371,0.246498889536429,0.235337565679379,0.101,2000,874.805044174194
75,"adaptive",1000,5,"treatment",0.05,3,2,2000,-0.235337565679379,0.0607617025426927,0.00538062303431371,0.246498889536429,0.235337565679379,0.101,2000,874.805044174194
76,"naive",200,10,"treatment",0.05,3,2,2000,-0.245730692676999,0.0913183928004006,0.0309502946241948,0.302189332704516,0.258475054277559,0.715,2000,317.899481058121
76,"ipw_robust",200,10,"treatment",0.05,3,2,2000,-0.225331860147102,0.0826179175828788,0.0318594000855683,0.287433327195854,0.24253465414889,0.744,2000,317.899481058121
76,"dr_robust",200,10,"treatment",0.05,3,2,2000,-0.218337499863813,0.0772935305624662,0.0296370852583149,0.278017140770972,0.233967119392709,0.752,2000,317.899481058121
76,"aipw_robust",200,10,"treatment",0.05,3,2,2000,-0.181691365408631,0.0757191381224074,0.0427287502334717,0.275171106990555,0.223396444277628,0.864,2000,317.899481058121
76,"reg_adj",200,10,"treatment",0.05,3,2,2000,-0.236650443668962,0.0830377740923045,0.027047865536356,0.288162756254698,0.246393282483828,0.7105,2000,317.899481058121
76,"adaptive",200,10,"treatment",0.05,3,2,2000,-0.236784527581704,0.0831527868348204,0.027099424044752,0.288362249323348,0.24652736639657,0.7105,2000,317.899481058121
77,"naive",500,10,"treatment",0.05,3,2,2000,-0.251469614926527,0.0755759708330744,0.0123451761898735,0.27491084160701,0.252874188772531,0.3855,2000,720.619076967239
77,"ipw_robust",500,10,"treatment",0.05,3,2,2000,-0.231750713299828,0.0664736836152341,0.0127716763384244,0.257824908833949,0.234024110070758,0.4465,2000,720.619076967239
77,"dr_robust",500,10,"treatment",0.05,3,2,2000,-0.222337829921594,0.0612640271509103,0.0118358344538937,0.247515710917328,0.224499210324116,0.467,2000,720.619076967239
77,"aipw_robust",500,10,"treatment",0.05,3,2,2000,-0.18829460149181,0.0521626066910063,0.0167161077939438,0.228391345481842,0.195953250926956,0.7,2000,720.619076967239
77,"reg_adj",500,10,"treatment",0.05,3,2,2000,-0.242846620821257,0.070205788884394,0.0112369261031423,0.264963750132719,0.244155232641459,0.3655,2000,720.619076967239
77,"adaptive",500,10,"treatment",0.05,3,2,2000,-0.242846620821257,0.070205788884394,0.0112369261031423,0.264963750132719,0.244155232641459,0.3655,2000,720.619076967239
78,"naive",1000,10,"treatment",0.05,3,2,2000,-0.249825257365431,0.0681861708051115,0.00577639978730122,0.261124818439595,0.249825257365431,0.095,2000,1275.37725496292
78,"ipw_robust",1000,10,"treatment",0.05,3,2,2000,-0.229818154166869,0.0588242472070502,0.00601086865671163,0.242537104804709,0.229847777527243,0.153,2000,1275.37725496292
78,"dr_robust",1000,10,"treatment",0.05,3,2,2000,-0.219584881644417,0.0537459086887805,0.00553115401899727,0.231831638670783,0.219625892196199,0.1635,2000,1275.37725496292
78,"aipw_robust",1000,10,"treatment",0.05,3,2,2000,-0.18156298860167,0.041627416193791,0.00866663067916051,0.204027978948454,0.182925825272316,0.5085,2000,1275.37725496292
78,"reg_adj",1000,10,"treatment",0.05,3,2,2000,-0.240823052863905,0.0633806911103374,0.0053876421407167,0.251755220621812,0.240823052863905,0.0955,2000,1275.37725496292
78,"adaptive",1000,10,"treatment",0.05,3,2,2000,-0.240823052863905,0.0633806911103374,0.0053876421407167,0.251755220621812,0.240823052863905,0.0955,2000,1275.37725496292
79,"naive",200,20,"treatment",0.05,3,2,2000,-0.253623987305368,0.104427493577684,0.0401224278549378,0.323152430870764,0.274830672590863,0.749,2000,760.755846977234
79,"ipw_robust",200,20,"treatment",0.05,3,2,2000,-0.237231598371237,0.0954868362263481,0.039227618769961,0.309009443587649,0.260371851661861,0.7775,2000,760.755846977234
79,"dr_robust",200,20,"treatment",0.05,3,2,2000,-0.22848248867044,0.0883944057597997,0.0362082622618931,0.297311967064563,0.250466306644797,0.774,2000,760.755846977234
79,"aipw_robust",200,20,"treatment",0.05,3,2,2000,-0.199972559916652,0.0883517627466725,0.0483869314928002,0.297240244157268,0.242114914546256,0.847,2000,760.755846977234
79,"reg_adj",200,20,"treatment",0.05,3,2,2000,-0.243957511565718,0.0920442097885495,0.0325452149466852,0.30338788668724,0.258941801102851,0.718,2000,760.755846977234
79,"adaptive",200,20,"treatment",0.05,3,2,2000,-0.243526715078099,0.0927065846964212,0.0334180327560695,0.304477560251033,0.259173771846819,0.728,2000,760.755846977234
80,"naive",500,20,"treatment",0.05,3,2,2000,-0.250336129256358,0.0755312390349604,0.0128694961719903,0.274829472646149,0.251602477925877,0.401,2000,1969.95603513718
80,"ipw_robust",500,20,"treatment",0.05,3,2,2000,-0.232027822827169,0.0672335353130599,0.0134033264103492,0.259294302507903,0.234116356948453,0.4785,2000,1969.95603513718
80,"dr_robust",500,20,"treatment",0.05,3,2,2000,-0.221466921618004,0.0611978484609795,0.0121563292546516,0.24738198895833,0.223350926801462,0.4845,2000,1969.95603513718
80,"aipw_robust",500,20,"treatment",0.05,3,2,2000,-0.187346610476268,0.0526284990623334,0.0175385158633185,0.229409021318547,0.195819884030429,0.703,2000,1969.95603513718
80,"reg_adj",500,20,"treatment",0.05,3,2,2000,-0.240844679364274,0.0694605371690298,0.011460107644772,0.263553670376699,0.241874959234824,0.386,2000,1969.95603513718
80,"adaptive",500,20,"treatment",0.05,3,2,2000,-0.240844679364274,0.0694605371690298,0.011460107644772,0.263553670376699,0.241874959234824,0.386,2000,1969.95603513718
81,"naive",1000,20,"treatment",0.05,3,2,2000,-0.249257443483865,0.0683286172645026,0.00620244535506818,0.261397431633332,0.249268376713535,0.1085,2000,3732.76989388466
81,"ipw_robust",1000,20,"treatment",0.05,3,2,2000,-0.230082760458028,0.0594417454954504,0.00650692229661221,0.243806779018653,0.230216753831093,0.1805,2000,3732.76989388466
81,"dr_robust",1000,20,"treatment",0.05,3,2,2000,-0.219041393491861,0.053892261229533,0.00591608721028185,0.232147068104538,0.21916647800493,0.188,2000,3732.76989388466
81,"aipw_robust",1000,20,"treatment",0.05,3,2,2000,-0.182183508408209,0.0417011383098752,0.00851456485637941,0.204208565711322,0.183694343838444,0.503,2000,3732.76989388466
81,"reg_adj",1000,20,"treatment",0.05,3,2,2000,-0.240089966514075,0.0632239757416531,0.00558357550867801,0.251443782467678,0.24009568370849,0.0995,2000,3732.76989388466
81,"adaptive",1000,20,"treatment",0.05,3,2,2000,-0.240089966514075,0.0632239757416531,0.00558357550867801,0.251443782467678,0.24009568370849,0.0995,2000,3732.76989388466
82,"naive",200,5,"mixed",0.05,3,2,2000,-0.132781856463059,0.0611218956701441,0.0435126305796574,0.247228428118904,0.195170667169132,0.91,2000,179.20254611969
82,"ipw_robust",200,5,"mixed",0.05,3,2,2000,-0.13742259868801,0.0545144975316216,0.035647350576744,0.233483398835167,0.1890285367033,0.8895,2000,179.20254611969
82,"dr_robust",200,5,"mixed",0.05,3,2,2000,-0.129241930301879,0.0565790469299137,0.0398955181408283,0.237863504829795,0.184579067877545,0.912,2000,179.20254611969
82,"aipw_robust",200,5,"mixed",0.05,3,2,2000,-0.0944856990111356,0.0532188255446092,0.0443134349444585,0.230692057827332,0.183092793779522,0.928,2000,179.20254611969
82,"reg_adj",200,5,"mixed",0.05,3,2,2000,-0.143249026532141,0.0597341292027503,0.03923346233151,0.244405665242748,0.1950611886821,0.895,2000,179.20254611969
82,"adaptive",200,5,"mixed",0.05,3,2,2000,-0.145086482979413,0.0556675847128046,0.0346348145767576,0.235939790439859,0.191062527302128,0.881,2000,179.20254611969
83,"naive",500,5,"mixed",0.05,3,2,2000,-0.13319429245999,0.0382374241337994,0.0205069580689164,0.195543918682733,0.157216868127311,0.853,2000,399.70463514328
83,"ipw_robust",500,5,"mixed",0.05,3,2,2000,-0.137988396466922,0.0359005837453706,0.0168682202960061,0.189474493653818,0.155531540860777,0.8195,2000,399.70463514328
83,"dr_robust",500,5,"mixed",0.05,3,2,2000,-0.1576682123982,0.0488372260042784,0.0239899557813253,0.220991461383191,0.172817067678524,0.8545,2000,399.70463514328
83,"aipw_robust",500,5,"mixed",0.05,3,2,2000,-0.0901444301971377,0.0258228161784879,0.0177056507082754,0.16069479200798,0.129401776963551,0.894,2000,399.70463514328
83,"reg_adj",500,5,"mixed",0.05,3,2,2000,-0.147161851762657,0.0368439870929822,0.0151949739657508,0.191947875979345,0.160665386409878,0.7845,2000,399.70463514328
83,"adaptive",500,5,"mixed",0.05,3,2,2000,-0.14478364894561,0.0365607362496074,0.0156062343647843,0.191208619705304,0.158833803616263,0.798,2000,399.70463514328
84,"naive",1000,5,"mixed",0.05,3,2,2000,-0.128657094708788,0.0285718704221436,0.0120252350207478,0.169032157952691,0.141290544659096,0.7915,2000,758.355576038361
84,"ipw_robust",1000,5,"mixed",0.05,3,2,2000,-0.133702457174517,0.0278695985193543,0.00999825059014571,0.166941901628543,0.141647648915149,0.748,2000,758.355576038361
84,"dr_robust",1000,5,"mixed",0.05,3,2,2000,-0.180730639480979,0.0481083506898153,0.0154525128990613,0.21933615910245,0.185224827589277,0.71,2000,758.355576038361
84,"aipw_robust",1000,5,"mixed",0.05,3,2,2000,-0.0855746198665668,0.0163733404365138,0.00905485229735504,0.127958354305273,0.104688850720152,0.8545,2000,758.355576038361
84,"reg_adj",1000,5,"mixed",0.05,3,2,2000,-0.148275667575181,0.0298224524759461,0.00784069923069579,0.172691784622043,0.151569335171684,0.6055,2000,758.355576038361
84,"adaptive",1000,5,"mixed",0.05,3,2,2000,-0.141540221298882,0.0292164413599689,0.00918740081503983,0.170928176027151,0.147476046315465,0.6925,2000,758.355576038361
85,"naive",200,10,"mixed",0.05,3,2,2000,-0.126940299556628,0.0644476071560173,0.0483579464777298,0.253865332717993,0.199275966567281,0.918,2000,297.70272898674
85,"ipw_robust",200,10,"mixed",0.05,3,2,2000,-0.125722912238037,0.0551594673819853,0.0393729031719582,0.234860527509382,0.187082970127415,0.903,2000,297.70272898674
85,"dr_robust",200,10,"mixed",0.05,3,2,2000,-0.116985286262255,0.0556802322489562,0.0420156828885386,0.235966591383094,0.182461047770061,0.927,2000,297.70272898674
85,"aipw_robust",200,10,"mixed",0.05,3,2,2000,-0.0909842156760965,0.0560264493890708,0.0477722079908718,0.2366990692611,0.189118369357164,0.931,2000,297.70272898674
85,"reg_adj",200,10,"mixed",0.05,3,2,2000,-0.128338202353566,0.0580687535268156,0.0416188687778596,0.240974591039835,0.191610485753573,0.9105,2000,297.70272898674
85,"adaptive",200,10,"mixed",0.05,3,2,2000,-0.130686336617816,0.0548498128655196,0.0377897891815253,0.234200369055046,0.187795107901946,0.8975,2000,297.70272898674
86,"naive",500,10,"mixed",0.05,3,2,2000,-0.121655849057658,0.0353597801317939,0.020569919481595,0.188041963752227,0.151967231492996,0.873,2000,689.616482973099
86,"ipw_robust",500,10,"mixed",0.05,3,2,2000,-0.121789701628942,0.0316802479141889,0.0168559444635538,0.177989460121067,0.14589660802868,0.853,2000,689.616482973099
86,"dr_robust",500,10,"mixed",0.05,3,2,2000,-0.143512660428995,0.0449509033932848,0.0243672032915224,0.212016280962771,0.164368011670139,0.8765,2000,689.616482973099
86,"aipw_robust",500,10,"mixed",0.05,3,2,2000,-0.0881470843645051,0.0254387141232906,0.0176776444635592,0.159495185266799,0.129395750064822,0.902,2000,689.616482973099
86,"reg_adj",500,10,"mixed",0.05,3,2,2000,-0.134292097714461,0.0348783299868241,0.01685238867261,0.186757409456289,0.153625710445465,0.8235,2000,689.616482973099
86,"adaptive",500,10,"mixed",0.05,3,2,2000,-0.13248046870939,0.0334846431317008,0.0159415393118971,0.182988095601055,0.149654568795237,0.82,2000,689.616482973099
87,"naive",1000,10,"mixed",0.05,3,2,2000,-0.12564964749383,0.0291519059635868,0.0133707574269764,0.170739292383408,0.140713421481717,0.817,2000,1332.70441102982
87,"ipw_robust",1000,10,"mixed",0.05,3,2,2000,-0.124283376536182,0.0263295313152425,0.0108886179409786,0.162263770803105,0.135398417427355,0.7885,2000,1332.70441102982
87,"dr_robust",1000,10,"mixed",0.05,3,2,2000,-0.172711409005316,0.0462715901064664,0.0164505845981638,0.215108321797336,0.178618253783532,0.7485,2000,1332.70441102982
87,"aipw_robust",1000,10,"mixed",0.05,3,2,2000,-0.0865394046865038,0.0160431752959411,0.00855838592540929,0.126661656770868,0.104043954878307,0.8555,2000,1332.70441102982
87,"reg_adj",1000,10,"mixed",0.05,3,2,2000,-0.140955509168499,0.0281344429418794,0.00827012243814756,0.167733249363027,0.145321755527459,0.6565,2000,1332.70441102982
87,"adaptive",1000,10,"mixed",0.05,3,2,2000,-0.136037180552669,0.0278312641897988,0.00932981460438152,0.166827048735506,0.142613060830668,0.718,2000,1332.70441102982
88,"naive",200,20,"mixed",0.05,3,2,2000,-0.116916427166334,0.0655975553429201,0.0519540814423005,0.256120197061692,0.201304121516085,0.922,2000,722.796493053436
88,"ipw_robust",200,20,"mixed",0.05,3,2,2000,-0.118121469464924,0.0541196636010884,0.0401870755903307,0.232636333364091,0.185657062991929,0.912,2000,722.796493053436
88,"dr_robust",200,20,"mixed",0.05,3,2,2000,-0.101079963228712,0.0495155065235804,0.0393180065605429,0.222520800204341,0.176900037902842,0.9205,2000,722.796493053436
88,"aipw_robust",200,20,"mixed",0.05,3,2,2000,-0.0875515118863901,0.055601161463246,0.0479598741667366,0.235798985288839,0.188339273778667,0.9365,2000,722.796493053436
88,"reg_adj",200,20,"mixed",0.05,3,2,2000,-0.120170753790545,0.0576471400262572,0.0432277438315852,0.240098188302738,0.190850854253663,0.912,2000,722.796493053436
88,"adaptive",200,20,"mixed",0.05,3,2,2000,-0.123068276192353,0.0538943398977994,0.0387679232544695,0.232151545111807,0.186787323897434,0.9025,2000,722.796493053436
89,"naive",500,20,"mixed",0.05,3,2,2000,-0.114850233939551,0.0335453056137119,0.0203649118336592,0.183153775865287,0.147955213654041,0.885,2000,1792.72434306145
89,"ipw_robust",500,20,"mixed",0.05,3,2,2000,-0.117770056255735,0.0302368442813596,0.0163752457537575,0.173887447164422,0.141917317287566,0.847,2000,1792.72434306145
89,"dr_robust",500,20,"mixed",0.05,3,2,2000,-0.112973906100267,0.0305378855576752,0.0177836739350908,0.174750924339974,0.139205190596943,0.879,2000,1792.72434306145
89,"aipw_robust",500,20,"mixed",0.05,3,2,2000,-0.0833572034115693,0.0253550126319388,0.018415797169926,0.159232574029119,0.12833468387243,0.9015,2000,1792.72434306145
89,"reg_adj",500,20,"mixed",0.05,3,2,2000,-0.125010251111825,0.0323435870558624,0.0167243863660039,0.179843229107638,0.149016039341644,0.8475,2000,1792.72434306145
89,"adaptive",500,20,"mixed",0.05,3,2,2000,-0.124512094473376,0.0309043102243157,0.0154087529306341,0.17579621788968,0.145804279193297,0.8295,2000,1792.72434306145
90,"naive",1000,20,"mixed",0.05,3,2,2000,-0.122683474625718,0.0265037472052443,0.0114582413796949,0.162799715003572,0.136073814564329,0.8045,2000,3332.14421105385
90,"ipw_robust",1000,20,"mixed",0.05,3,2,2000,-0.125226934312601,0.0249572014945949,0.0092800564454851,0.157978484277432,0.133952074156274,0.7625,2000,3332.14421105385
90,"dr_robust",1000,20,"mixed",0.05,3,2,2000,-0.150222983808939,0.0358580824776465,0.0132977865064389,0.189362304795982,0.156754657863579,0.7615,2000,3332.14421105385
90,"aipw_robust",1000,20,"mixed",0.05,3,2,2000,-0.0904111699104211,0.0169357052825597,0.00876590859228484,0.13013725555182,0.107111370116461,0.8395,2000,3332.14421105385
90,"reg_adj",1000,20,"mixed",0.05,3,2,2000,-0.138199605064455,0.0273096125389066,0.00821458899343209,0.165256202724456,0.14318131136787,0.6575,2000,3332.14421105385
90,"adaptive",1000,20,"mixed",0.05,3,2,2000,-0.133307968953013,0.0265486273614933,0.00878200377700422,0.162937495259665,0.140261016800074,0.7035,2000,3332.14421105385
91,"naive",200,5,"none",0.1,3,2,2000,0.00710114760235436,0.0295449014610247,0.0295092297786436,0.171886303878537,0.135998833970274,0.945,2000,180.440097093582
91,"ipw_robust",200,5,"none",0.1,3,2,2000,-0.0203623514724451,0.0311695177378047,0.0307702775190769,0.176548910327435,0.140105749204056,0.95,2000,180.440097093582
91,"dr_robust",200,5,"none",0.1,3,2,2000,0.00378063573315979,0.0293042900350541,0.0293046491530838,0.171184958553765,0.13532679199032,0.947,2000,180.440097093582
91,"aipw_robust",200,5,"none",0.1,3,2,2000,0.00287224613974768,0.0400384474942894,0.040050222807806,0.200096095649789,0.159242122154439,0.9475,2000,180.440097093582
91,"reg_adj",200,5,"none",0.1,3,2,2000,0.0088101741369826,0.0274367098053517,0.0273727770255405,0.165640302479052,0.131665563311894,0.946,2000,180.440097093582
91,"adaptive",200,5,"none",0.1,3,2,2000,0.00873290478470024,0.0274519063759286,0.0273893374186593,0.165686168330156,0.131681485585535,0.946,2000,180.440097093582
92,"naive",500,5,"none",0.1,3,2,2000,0.011486578972987,0.0117310220776789,0.0116048830226875,0.10830984293996,0.0858708135365679,0.946,2000,398.934433937073
92,"ipw_robust",500,5,"none",0.1,3,2,2000,-0.017889702632282,0.012323712852207,0.0120096762300506,0.111012219382404,0.0881985330944679,0.94,2000,398.934433937073
92,"dr_robust",500,5,"none",0.1,3,2,2000,0.00715023927592462,0.0115470248547514,0.0115016497579274,0.107457083781161,0.0854298923300667,0.9445,2000,398.934433937073
92,"aipw_robust",500,5,"none",0.1,3,2,2000,0.00528329845286013,0.0160361945293987,0.0160162894315725,0.126634097025243,0.10077013963872,0.9515,2000,398.934433937073
92,"reg_adj",500,5,"none",0.1,3,2,2000,0.0111476612873687,0.0111046526968695,0.0109858752823327,0.10537861593734,0.0832300484727555,0.9415,2000,398.934433937073
92,"adaptive",500,5,"none",0.1,3,2,2000,0.0111476612873687,0.0111046526968695,0.0109858752823327,0.10537861593734,0.0832300484727555,0.9415,2000,398.934433937073
93,"naive",1000,5,"none",0.1,3,2,2000,0.0100931200555228,0.00577561935356005,0.00567658657439206,0.0759974957058458,0.0601841574512558,0.947,2000,735.050949811935
93,"ipw_robust",1000,5,"none",0.1,3,2,2000,-0.0184546051227681,0.00631922143510821,0.00598163980477329,0.0794935307752034,0.0628137947228827,0.9425,2000,735.050949811935
93,"dr_robust",1000,5,"none",0.1,3,2,2000,0.00554979097448571,0.00568872126400551,0.00566075145987497,0.0754236121118945,0.059747717642327,0.9435,2000,735.050949811935
93,"aipw_robust",1000,5,"none",0.1,3,2,2000,0.000437469391595169,0.00810684375884373,0.00811070773324177,0.0900380128548144,0.0718970959148452,0.954,2000,735.050949811935
93,"reg_adj",1000,5,"none",0.1,3,2,2000,0.00901395750352041,0.00547709460170798,0.00539854244305424,0.0740073955879274,0.058724915315096,0.944,2000,735.050949811935
93,"adaptive",1000,5,"none",0.1,3,2,2000,0.00901395750352041,0.00547709460170798,0.00539854244305424,0.0740073955879274,0.058724915315096,0.944,2000,735.050949811935
94,"naive",200,10,"none",0.1,3,2,2000,0.00664059451207955,0.0343614692200191,0.0343345389940423,0.185368468785873,0.147754386758458,0.951,2000,308.08559513092
94,"ipw_robust",200,10,"none",0.1,3,2,2000,-0.0147116553201503,0.0343562322205425,0.0341568778572122,0.18535434232988,0.14778661946487,0.9455,2000,308.08559513092
94,"dr_robust",200,10,"none",0.1,3,2,2000,0.00271440314715932,0.0333264673947322,0.0333357672939338,0.182555381719445,0.145409829397949,0.9475,2000,308.08559513092
94,"aipw_robust",200,10,"none",0.1,3,2,2000,0.000835799677475713,0.0434096230370263,0.0434306397958234,0.208349761307822,0.165828708001924,0.95,2000,308.08559513092
94,"reg_adj",200,10,"none",0.1,3,2,2000,0.00690329609704499,0.031033140749932,0.0310009857458014,0.176162256882489,0.141368625056251,0.953,2000,308.08559513092
94,"adaptive",200,10,"none",0.1,3,2,2000,0.00642493792757159,0.0310787691135125,0.0310530157940363,0.176291715952601,0.141478392062529,0.953,2000,308.08559513092
95,"naive",500,10,"none",0.1,3,2,2000,0.00978755518313257,0.0120935795265943,0.0120037851827228,0.109970812157564,0.088475627872794,0.9465,2000,716.818922042847
95,"ipw_robust",500,10,"none",0.1,3,2,2000,-0.0126315382208855,0.0126300703529932,0.0124767529716534,0.11238358578099,0.0905406295674442,0.9505,2000,716.818922042847
95,"dr_robust",500,10,"none",0.1,3,2,2000,0.00523233750188323,0.0115304806522497,0.0115088577253787,0.107380075676308,0.0863517329078989,0.9535,2000,716.818922042847
95,"aipw_robust",500,10,"none",0.1,3,2,2000,-0.000896057573510189,0.0158533527866275,0.0158604801075063,0.125910098032793,0.101004571400049,0.949,2000,716.818922042847
95,"reg_adj",500,10,"none",0.1,3,2,2000,0.00957443656662971,0.0111187455440729,0.0110325920045067,0.105445462415757,0.0848098171731107,0.944,2000,716.818922042847
95,"adaptive",500,10,"none",0.1,3,2,2000,0.00957443656662971,0.0111187455440729,0.0110325920045067,0.105445462415757,0.0848098171731107,0.944,2000,716.818922042847
96,"naive",1000,10,"none",0.1,3,2,2000,0.00957739537250557,0.00588076917136766,0.00579193863856565,0.0766861732737242,0.0611853013439349,0.9485,2000,1291.05963611603
96,"ipw_robust",1000,10,"none",0.1,3,2,2000,-0.0142690082562598,0.00604587895324695,0.0058451969551073,0.077755250325923,0.0615824951044459,0.945,2000,1291.05963611603
96,"dr_robust",1000,10,"none",0.1,3,2,2000,0.00469862371634155,0.00574966195588773,0.00573045011611802,0.0758265254108859,0.0601704049214655,0.95,2000,1291.05963611603
96,"aipw_robust",1000,10,"none",0.1,3,2,2000,-0.00269151045496518,0.00779295531155641,0.00778960588597021,0.0882777169593573,0.0700012265877144,0.9505,2000,1291.05963611603
96,"reg_adj",1000,10,"none",0.1,3,2,2000,0.00917141923126463,0.00551983388001814,0.00543843816838673,0.0742955845257182,0.0589353236852232,0.949,2000,1291.05963611603
96,"adaptive",1000,10,"none",0.1,3,2,2000,0.00917141923126463,0.00551983388001814,0.00543843816838673,0.0742955845257182,0.0589353236852232,0.949,2000,1291.05963611603
97,"naive",200,20,"none",0.1,3,2,2000,0.00980629679172162,0.0412246539600309,0.0411490650357814,0.2030385528909,0.160267118067286,0.952,2000,727.496189117432
97,"ipw_robust",200,20,"none",0.1,3,2,2000,-0.0140163254620493,0.0393177223730085,0.039140835411256,0.198286969750936,0.158707346222905,0.949,2000,727.496189117432
97,"dr_robust",200,20,"none",0.1,3,2,2000,0.0057847908266031,0.0381686338430519,0.0381542471617252,0.19536794476846,0.155658797273279,0.949,2000,727.496189117432
97,"aipw_robust",200,20,"none",0.1,3,2,2000,0.00395679306032592,0.0467261136919628,0.046733824392837,0.216162239283282,0.173309005877299,0.951,2000,727.496189117432
97,"reg_adj",200,20,"none",0.1,3,2,2000,0.00936027194866984,0.0317117022027939,0.0316399074655736,0.178077798174826,0.143190410222647,0.947,2000,727.496189117432
97,"adaptive",200,20,"none",0.1,3,2,2000,0.00744049776312394,0.0335900224636403,0.0335514371752649,0.183275809815808,0.146600094651308,0.9445,2000,727.496189117432
98,"naive",500,20,"none",0.1,3,2,2000,0.0108440961209308,0.0127919635858616,0.0126807095199416,0.113101563145085,0.0905344873064564,0.9495,2000,1969.92739987373
98,"ipw_robust",500,20,"none",0.1,3,2,2000,-0.013216878445264,0.0128600736587409,0.0126917336497289,0.113402264786648,0.0907063016810913,0.9525,2000,1969.92739987373
98,"dr_robust",500,20,"none",0.1,3,2,2000,0.00516617098796601,0.0122737599681734,0.0122531972441186,0.110787002704168,0.0890246762771368,0.952,2000,1969.92739987373
98,"aipw_robust",500,20,"none",0.1,3,2,2000,-0.000273922184001574,0.0165151389072729,0.0165233255366784,0.12851124039271,0.103258404281107,0.947,2000,1969.92739987373
98,"reg_adj",500,20,"none",0.1,3,2,2000,0.00912253479207159,0.0112694427674759,0.0111918180354611,0.106157631696812,0.0847760702629229,0.949,2000,1969.92739987373
98,"adaptive",500,20,"none",0.1,3,2,2000,0.0091102662373177,0.0112699955538632,0.0111925949003986,0.106160235276036,0.0847883388176769,0.949,2000,1969.92739987373
99,"naive",1000,20,"none",0.1,3,2,2000,0.0103937341485141,0.00619936294220852,0.00609438042286996,0.0787360333151761,0.0624479201549649,0.9495,2000,3602.80889701843
99,"ipw_robust",1000,20,"none",0.1,3,2,2000,-0.0129943347613535,0.00633338368768233,0.0061676147591718,0.0795825589415314,0.0631106276651862,0.9475,2000,3602.80889701843
99,"dr_robust",1000,20,"none",0.1,3,2,2000,0.00583009747656327,0.0059837791115909,0.00595276545773353,0.077354890676614,0.0614159184295806,0.9495,2000,3602.80889701843
99,"aipw_robust",1000,20,"none",0.1,3,2,2000,0.000857576248546099,0.00785259467257586,0.00785578712911834,0.0886148671080415,0.0699576064238698,0.9455,2000,3602.80889701843
99,"reg_adj",1000,20,"none",0.1,3,2,2000,0.00986698454761958,0.00573841176406924,0.00564387631816536,0.0757523053383145,0.0597511535778228,0.9495,2000,3602.80889701843
99,"adaptive",1000,20,"none",0.1,3,2,2000,0.00986698454761958,0.00573841176406924,0.00564387631816536,0.0757523053383145,0.0597511535778228,0.9495,2000,3602.80889701843
100,"naive",200,5,"covariate",0.1,3,2,2000,-0.139912207491488,0.0584247400266426,0.0388687485957993,0.241712101531228,0.192992529493024,0.895,2000,170.465616941452
100,"ipw_robust",200,5,"covariate",0.1,3,2,2000,-0.144417474849397,0.0591144188427824,0.0382771503760943,0.243134569411226,0.195208636127073,0.8835,2000,170.465616941452
100,"dr_robust",200,5,"covariate",0.1,3,2,2000,-0.154705217152358,0.0657214400921814,0.0418086401981222,0.256361931831115,0.201513498139424,0.8885,2000,170.465616941452
100,"aipw_robust",200,5,"covariate",0.1,3,2,2000,-0.117899671147941,0.059955683014825,0.0460783897529089,0.244858495900847,0.196213067263491,0.912,2000,170.465616941452
100,"reg_adj",200,5,"covariate",0.1,3,2,2000,-0.152760681605421,0.0550812996890181,0.031761354521726,0.234694055504221,0.190897850523468,0.863,2000,170.465616941452
100,"adaptive",200,5,"covariate",0.1,3,2,2000,-0.152503633836587,0.0566344623043227,0.0333938008713946,0.237979961980673,0.192906693893682,0.8705,2000,170.465616941452
101,"naive",500,5,"covariate",0.1,3,2,2000,-0.156304496299943,0.0398827238836494,0.0154593579990702,0.199706594492143,0.167949188136996,0.7655,2000,399.077345848083
101,"ipw_robust",500,5,"covariate",0.1,3,2,2000,-0.157102717236097,0.0402174711647778,0.0155439793915084,0.200542940949757,0.168706816188382,0.7655,2000,399.077345848083
101,"dr_robust",500,5,"covariate",0.1,3,2,2000,-0.17272899322618,0.0468930440435811,0.0170662720786906,0.216548017870358,0.182155561749533,0.756,2000,399.077345848083
101,"aipw_robust",500,5,"covariate",0.1,3,2,2000,-0.139201977494555,0.0383635659784002,0.018995873376694,0.195866194067277,0.161605682484832,0.8165,2000,399.077345848083
101,"reg_adj",500,5,"covariate",0.1,3,2,2000,-0.164321891229401,0.0400353141064409,0.013040150244356,0.200088265788979,0.171575099023463,0.697,2000,399.077345848083
101,"adaptive",500,5,"covariate",0.1,3,2,2000,-0.164321891229401,0.0400353141064409,0.013040150244356,0.200088265788979,0.171575099023463,0.697,2000,399.077345848083
102,"naive",1000,5,"covariate",0.1,3,2,2000,-0.160303716004521,0.0330822229970324,0.0073886359501494,0.181885191802501,0.162360829862345,0.538,2000,806.89586186409
102,"ipw_robust",1000,5,"covariate",0.1,3,2,2000,-0.160782169545671,0.0333500063449197,0.00750285172697022,0.182619841049432,0.162823304408133,0.536,2000,806.89586186409
102,"dr_robust",1000,5,"covariate",0.1,3,2,2000,-0.176542750727089,0.0395263488775852,0.00836318763711672,0.19881234588824,0.178289244225159,0.5295,2000,806.89586186409
102,"aipw_robust",1000,5,"covariate",0.1,3,2,2000,-0.146358762279385,0.0311206945586509,0.00970465959249358,0.176410585166114,0.1524085395964,0.681,2000,806.89586186409
102,"reg_adj",1000,5,"covariate",0.1,3,2,2000,-0.167752049277637,0.0343522725825452,0.00621462986062891,0.185343660756297,0.168858235680837,0.4245,2000,806.89586186409
102,"adaptive",1000,5,"covariate",0.1,3,2,2000,-0.167752049277637,0.0343522725825452,0.00621462986062891,0.185343660756297,0.168858235680837,0.4245,2000,806.89586186409
103,"naive",200,10,"covariate",0.1,3,2,2000,-0.11559716995985,0.0591371556384523,0.0457973486100308,0.243181322552642,0.192449813980635,0.919,2000,271.650045871735
103,"ipw_robust",200,10,"covariate",0.1,3,2,2000,-0.116046221513337,0.0567079627301587,0.0432628686369547,0.238134337570537,0.189101681855463,0.916,2000,271.650045871735
103,"dr_robust",200,10,"covariate",0.1,3,2,2000,-0.125898977539014,0.0658648809704323,0.0500393480991126,0.256641541786267,0.199397417573759,0.921,2000,271.650045871735
103,"aipw_robust",200,10,"covariate",0.1,3,2,2000,-0.0862294529925092,0.0570811974620826,0.0496705141557732,0.238916716581495,0.191107712644011,0.938,2000,271.650045871735
103,"reg_adj",200,10,"covariate",0.1,3,2,2000,-0.130480339919955,0.0529910273281206,0.0359839001725799,0.230197800441535,0.18443421491009,0.894,2000,271.650045871735
103,"adaptive",200,10,"covariate",0.1,3,2,2000,-0.130068133011605,0.05495708684465,0.0380583968179343,0.234429278983343,0.187164827713443,0.901,2000,271.650045871735
104,"naive",500,10,"covariate",0.1,3,2,2000,-0.130307267478523,0.0346709732225327,0.0176998391844056,0.186201431848772,0.152646962809352,0.841,2000,660.765488147736
104,"ipw_robust",500,10,"covariate",0.1,3,2,2000,-0.131195076049127,0.0338302083030453,0.0166263735102643,0.183929900513879,0.151977208392122,0.8335,2000,660.765488147736
104,"dr_robust",500,10,"covariate",0.1,3,2,2000,-0.15192100706729,0.0431255420613484,0.0200555774617396,0.207666901699208,0.168721907116011,0.8405,2000,660.765488147736
104,"aipw_robust",500,10,"covariate",0.1,3,2,2000,-0.118106969648294,0.0331799754967473,0.0192403393869376,0.18215371392521,0.147946027293633,0.855,2000,660.765488147736
104,"reg_adj",500,10,"covariate",0.1,3,2,2000,-0.139662026995802,0.0326815240680692,0.0131826336002932,0.180780319913616,0.150824318697811,0.7635,2000,660.765488147736
104,"adaptive",500,10,"covariate",0.1,3,2,2000,-0.139288234895539,0.0327888022990074,0.0133942870622236,0.18107678564357,0.150955652726111,0.7665,2000,660.765488147736
105,"naive",1000,10,"covariate",0.1,3,2,2000,-0.139487013811217,0.0281794823518726,0.00872721893937158,0.167867454713153,0.145861988643294,0.6875,2000,1390.81193494797
105,"ipw_robust",1000,10,"covariate",0.1,3,2,2000,-0.136749932287378,0.0272070585067717,0.00851076991112493,0.164945622878486,0.142985562033923,0.688,2000,1390.81193494797
105,"dr_robust",1000,10,"covariate",0.1,3,2,2000,-0.16115901134367,0.0359103724993461,0.00994311712063729,0.189500323216996,0.164681413674702,0.656,2000,1390.81193494797
105,"aipw_robust",1000,10,"covariate",0.1,3,2,2000,-0.127370826827222,0.026475797269713,0.0102575985423339,0.162713850884653,0.138085462919983,0.76,2000,1390.81193494797
105,"reg_adj",1000,10,"covariate",0.1,3,2,2000,-0.146843673356546,0.0284462434413856,0.00688662234771548,0.168660141827835,0.149544484604038,0.5735,2000,1390.81193494797
105,"adaptive",1000,10,"covariate",0.1,3,2,2000,-0.146843673356546,0.0284462434413856,0.00688662234771548,0.168660141827835,0.149544484604038,0.5735,2000,1390.81193494797
106,"naive",200,20,"covariate",0.1,3,2,2000,-0.0832349779436679,0.0505522462871067,0.0436460077376926,0.224838266954508,0.178389414413471,0.9305,2000,611.090111970901
106,"ipw_robust",200,20,"covariate",0.1,3,2,2000,-0.0918666997864717,0.0512892468648511,0.042871191931159,0.226471293688298,0.180193869189518,0.9245,2000,611.090111970901
106,"dr_robust",200,20,"covariate",0.1,3,2,2000,-0.0814058001257767,0.0531459865106774,0.0465423533932561,0.230534133070739,0.179619674505142,0.933,2000,611.090111970901
106,"aipw_robust",200,20,"covariate",0.1,3,2,2000,-0.0601747341859105,0.0559219508333427,0.0523271157568761,0.236478224860858,0.188406510668058,0.95,2000,611.090111970901
106,"reg_adj",200,20,"covariate",0.1,3,2,2000,-0.113102553625947,0.0492317457055018,0.0364577869622729,0.221882278935254,0.17750575807841,0.9065,2000,611.090111970901
106,"adaptive",200,20,"covariate",0.1,3,2,2000,-0.111931096338087,0.050956628120412,0.0384472814336827,0.225735748432569,0.179354407916542,0.9115,2000,611.090111970901
107,"naive",500,20,"covariate",0.1,3,2,2000,-0.128689378268739,0.0369783856574417,0.0204276433999471,0.192297648600917,0.155944660032373,0.874,2000,1515.93079185486
107,"ipw_robust",500,20,"covariate",0.1,3,2,2000,-0.128891781140913,0.0356504491925195,0.0190468813875363,0.188813265403995,0.154541368064864,0.8595,2000,1515.93079185486
107,"dr_robust",500,20,"covariate",0.1,3,2,2000,-0.149297209171187,0.0445928629501164,0.0223143634655441,0.21117022268804,0.170913696822257,0.8575,2000,1515.93079185486
107,"aipw_robust",500,20,"covariate",0.1,3,2,2000,-0.101054592900348,0.0298855385715669,0.0196833495000619,0.172874343300465,0.139357524348068,0.893,2000,1515.93079185486
107,"reg_adj",500,20,"covariate",0.1,3,2,2000,-0.143124926989851,0.0340216819964269,0.0135437091251393,0.184449673343237,0.156080890523882,0.759,2000,1515.93079185486
107,"adaptive",500,20,"covariate",0.1,3,2,2000,-0.143304363143627,0.0345524402731578,0.0140233114328737,0.185882867078055,0.156815961714334,0.7735,2000,1515.93079185486
108,"naive",1000,20,"covariate",0.1,3,2,2000,-0.140429410398883,0.0292131718852896,0.00949750133097721,0.170918611875037,0.147578908207353,0.707,2000,3335.07818818092
108,"ipw_robust",1000,20,"covariate",0.1,3,2,2000,-0.138695342968304,0.0282267714913736,0.00899487076566105,0.168008248283748,0.144782740395021,0.6945,2000,3335.07818818092
108,"dr_robust",1000,20,"covariate",0.1,3,2,2000,-0.167079577607893,0.0384496974101054,0.0105393818473971,0.196085943938125,0.171049979170732,0.648,2000,3335.07818818092
108,"aipw_robust",1000,20,"covariate",0.1,3,2,2000,-0.122625966985922,0.0251654274123697,0.0101333663162953,0.158636147874215,0.133554816676258,0.78,2000,3335.07818818092
108,"reg_adj",1000,20,"covariate",0.1,3,2,2000,-0.149478938579766,0.0290971197262738,0.0067565449198002,0.170578778651607,0.151864968393874,0.5545,2000,3335.07818818092
108,"adaptive",1000,20,"covariate",0.1,3,2,2000,-0.149478938579766,0.0290971197262738,0.0067565449198002,0.170578778651607,0.151864968393874,0.5545,2000,3335.07818818092
109,"naive",200,5,"outcome",0.1,3,2,2000,0.00480770292012611,0.0850032206799451,0.0850226179815677,0.291553118110483,0.226144309224494,0.9515,2000,177.898247003555
109,"ipw_robust",200,5,"outcome",0.1,3,2,2000,-0.0204494813619334,0.0404961130649217,0.0400979807673333,0.201236460575418,0.160158926949936,0.949,2000,177.898247003555
109,"dr_robust",200,5,"outcome",0.1,3,2,2000,0.0020265595297313,0.0402973946466065,0.0403134444252916,0.200742109799131,0.159124027940229,0.9475,2000,177.898247003555
109,"aipw_robust",200,5,"outcome",0.1,3,2,2000,0.000141115975357042,0.0482638342437587,0.0482879583091948,0.21969031440589,0.175455989863156,0.955,2000,177.898247003555
109,"reg_adj",200,5,"outcome",0.1,3,2,2000,0.00473231787258355,0.0823464708073459,0.0823652586042009,0.286960747851245,0.222745868275475,0.952,2000,177.898247003555
109,"adaptive",200,5,"outcome",0.1,3,2,2000,-0.0227599025317657,0.0421685436912197,0.0416713662110698,0.205349808110988,0.163476006133963,0.9475,2000,177.898247003555
110,"naive",500,5,"outcome",0.1,3,2,2000,0.0124984526063887,0.0359117156182196,0.0357733909961635,0.189503867027086,0.148379768211825,0.948,2000,388.540223121643
110,"ipw_robust",500,5,"outcome",0.1,3,2,2000,-0.0199472088824211,0.0153327410428727,0.0149423210612044,0.123825445861797,0.0992966006037098,0.9515,2000,388.540223121643
110,"dr_robust",500,5,"outcome",0.1,3,2,2000,0.00540638380665337,0.0150099614531366,0.0149882265805621,0.122515147851752,0.0976288211505383,0.9525,2000,388.540223121643
110,"aipw_robust",500,5,"outcome",0.1,3,2,2000,0.000887294591708443,0.0180051939298697,0.0180134133448497,0.134183433887607,0.108123375873721,0.9525,2000,388.540223121643
110,"reg_adj",500,5,"outcome",0.1,3,2,2000,0.00943780513087722,0.0338506331912183,0.0337784502506552,0.183985415702491,0.14478183908787,0.949,2000,388.540223121643
110,"adaptive",500,5,"outcome",0.1,3,2,2000,-0.0201604069004337,0.0155887273379674,0.0151898802717122,0.124854825048804,0.0998719939404923,0.949,2000,388.540223121643
111,"naive",1000,5,"outcome",0.1,3,2,2000,0.00858887243635253,0.0180061259038391,0.0179413278380302,0.134186906603584,0.106766276615168,0.9485,2000,714.414262056351
111,"ipw_robust",1000,5,"outcome",0.1,3,2,2000,-0.0220915785863673,0.00813478457257475,0.00765057201414418,0.090193040599454,0.0725259565014474,0.941,2000,714.414262056351
111,"dr_robust",1000,5,"outcome",0.1,3,2,2000,0.00254641399543987,0.00740284221130575,0.00740005801607762,0.0860397711021232,0.0696583256350206,0.9435,2000,714.414262056351
111,"aipw_robust",1000,5,"outcome",0.1,3,2,2000,-0.00306214698266238,0.00904613157306059,0.00904127546665049,0.0951111537784113,0.0772144009151692,0.948,2000,714.414262056351
111,"reg_adj",1000,5,"outcome",0.1,3,2,2000,0.00792600392215892,0.0173469359458103,0.0172927607880302,0.131707767218985,0.105180439289476,0.951,2000,714.414262056351
111,"adaptive",1000,5,"outcome",0.1,3,2,2000,-0.0219598981105551,0.00816777069618656,0.00768937826029075,0.0903757196164244,0.0726524984493572,0.9405,2000,714.414262056351
112,"naive",200,10,"outcome",0.1,3,2,2000,0.00532988992990102,0.0968902347119676,0.0969102821263659,0.311271962617849,0.240013991507942,0.951,2000,304.165143013
112,"ipw_robust",200,10,"outcome",0.1,3,2,2000,-0.017855949720474,0.0427385175387927,0.0424409030498976,0.206732961906883,0.165597737757608,0.946,2000,304.165143013
112,"dr_robust",200,10,"outcome",0.1,3,2,2000,-0.00193307695318645,0.0413027446846655,0.0413196677320246,0.20323076707198,0.161727273553338,0.9475,2000,304.165143013
112,"aipw_robust",200,10,"outcome",0.1,3,2,2000,-0.00144979686259394,0.0495828373433101,0.049605538201468,0.222672039877732,0.177597257450863,0.947,2000,304.165143013
112,"reg_adj",200,10,"outcome",0.1,3,2,2000,0.0070729606994604,0.0899565605105125,0.0899515094922025,0.299927592112684,0.232474312297292,0.952,2000,304.165143013
112,"adaptive",200,10,"outcome",0.1,3,2,2000,-0.0205848345629571,0.0446900158550743,0.0442884246534167,0.211400132107514,0.168865841097828,0.9445,2000,304.165143013
113,"naive",500,10,"outcome",0.1,3,2,2000,0.00624382953986657,0.038632118662825,0.0386124394752397,0.196550549891943,0.152038090397491,0.9545,2000,683.314461946487
113,"ipw_robust",500,10,"outcome",0.1,3,2,2000,-0.0168745847677234,0.0158639945167211,0.01558703642385,0.125952350183397,0.101760703857322,0.9545,2000,683.314461946487
113,"dr_robust",500,10,"outcome",0.1,3,2,2000,0.00207291466599768,0.0153661855253443,0.0153695733368001,0.123960419188321,0.100646473240701,0.9595,2000,683.314461946487
113,"aipw_robust",500,10,"outcome",0.1,3,2,2000,-0.00528392197719874,0.0184233126543937,0.0184045951204929,0.13573250404525,0.109388147861317,0.9555,2000,683.314461946487
113,"reg_adj",500,10,"outcome",0.1,3,2,2000,0.00448544811282403,0.0362311212640451,0.036229116577561,0.190344743200449,0.148495636336772,0.9555,2000,683.314461946487
113,"adaptive",500,10,"outcome",0.1,3,2,2000,-0.0179541255984403,0.0161182010477418,0.0158037522978862,0.126957477321117,0.102549606030626,0.9545,2000,683.314461946487
114,"naive",1000,10,"outcome",0.1,3,2,2000,0.0136568302281153,0.019053065052326,0.0188759940374651,0.138032840484886,0.107104657794909,0.9545,2000,1212.95443081856
114,"ipw_robust",1000,10,"outcome",0.1,3,2,2000,-0.0144980711521565,0.00781636474912414,0.00760997566982605,0.0884102072677365,0.0702355341549673,0.9435,2000,1212.95443081856
114,"dr_robust",1000,10,"outcome",0.1,3,2,2000,0.00498883311283471,0.00757908199777614,0.00755797252821253,0.0870579232337651,0.0697574027815537,0.9565,2000,1212.95443081856
114,"aipw_robust",1000,10,"outcome",0.1,3,2,2000,-0.00226897756490474,0.00881425950012267,0.00881351799993259,0.0938842878234834,0.0740365420329313,0.94,2000,1212.95443081856
114,"reg_adj",1000,10,"outcome",0.1,3,2,2000,0.0129131599672228,0.0180367555206103,0.0178789452929177,0.134300988531769,0.105357516210556,0.9515,2000,1212.95443081856
114,"adaptive",1000,10,"outcome",0.1,3,2,2000,-0.0143934639928056,0.007820351104231,0.00761698779241501,0.0884327490482513,0.0702803794484834,0.9455,2000,1212.95443081856
115,"naive",200,20,"outcome",0.1,3,2,2000,0.00978275889274105,0.128118004368601,0.128086345169632,0.357935754526704,0.266878159070428,0.954,2000,719.716346979141
115,"ipw_robust",200,20,"outcome",0.1,3,2,2000,-0.0154755913957467,0.0498320043097733,0.0496173190402453,0.223230831897776,0.178705194982236,0.952,2000,719.716346979141
115,"dr_robust",200,20,"outcome",0.1,3,2,2000,0.00668923928239407,0.050275956909679,0.0502563391570804,0.224223007092669,0.179065112999912,0.956,2000,719.716346979141
115,"aipw_robust",200,20,"outcome",0.1,3,2,2000,0.00325075624367033,0.0575477271929367,0.057565942748155,0.23989107359995,0.191111706641453,0.951,2000,719.716346979141
115,"reg_adj",200,20,"outcome",0.1,3,2,2000,0.00721632880371725,0.104231890293091,0.104231930857117,0.322849640379375,0.247620782336594,0.9495,2000,719.716346979141
115,"adaptive",200,20,"outcome",0.1,3,2,2000,-0.0170834126413011,0.0510007458145948,0.0507342699621029,0.225833447067955,0.181504506636117,0.952,2000,719.716346979141
116,"naive",500,20,"outcome",0.1,3,2,2000,0.0129325617545857,0.0397178924354209,0.0395704264951323,0.199293483173487,0.154521183445338,0.95,2000,1871.76591086388
116,"ipw_robust",500,20,"outcome",0.1,3,2,2000,-0.0114438078094934,0.01681111248149,0.0166884959923055,0.129657674209782,0.104195323636534,0.951,2000,1871.76591086388
116,"dr_robust",500,20,"outcome",0.1,3,2,2000,0.00776061137158734,0.0168306228313217,0.0167787851350284,0.129732890322083,0.104061237807219,0.9505,2000,1871.76591086388
116,"aipw_robust",500,20,"outcome",0.1,3,2,2000,0.00337296289059141,0.0199431740569634,0.0199417680623333,0.141220303274577,0.113033937141274,0.9485,2000,1871.76591086388
116,"reg_adj",500,20,"outcome",0.1,3,2,2000,0.0105696345663686,0.0361083019873874,0.0360145921085752,0.190021846079306,0.147851636354018,0.951,2000,1871.76591086388
116,"adaptive",500,20,"outcome",0.1,3,2,2000,-0.0124774439965307,0.017052079153806,0.0169048449676033,0.130583609820705,0.104784257856945,0.95,2000,1871.76591086388
117,"naive",1000,20,"outcome",0.1,3,2,2000,0.0101565897050317,0.0210862212929639,0.0209935617594072,0.145210954452355,0.111140828182841,0.9495,2000,3306.95401191711
117,"ipw_robust",1000,20,"outcome",0.1,3,2,2000,-0.0139777654801572,0.00856546957401668,0.0083742787855912,0.0925498221176933,0.0730226171607205,0.9405,2000,3306.95401191711
117,"dr_robust",1000,20,"outcome",0.1,3,2,2000,0.00673430797468688,0.00836828921984061,0.00832710186687611,0.0914783538321531,0.0720198094404317,0.9445,2000,3306.95401191711
117,"aipw_robust",1000,20,"outcome",0.1,3,2,2000,0.00208906497984751,0.00968976805945808,0.00969024899146379,0.0984366195044206,0.0775448510412728,0.949,2000,3306.95401191711
117,"reg_adj",1000,20,"outcome",0.1,3,2,2000,0.00899746087389763,0.0197815040904614,0.0197104049907795,0.140646735086391,0.107659797511426,0.9505,2000,3306.95401191711
117,"adaptive",1000,20,"outcome",0.1,3,2,2000,-0.013914248348504,0.00858615055252116,0.00839674261672568,0.0926614836516293,0.0731595730741922,0.941,2000,3306.95401191711
118,"naive",200,5,"treatment",0.1,3,2,2000,-0.478730892092637,0.260277540170898,0.0311098280411072,0.510174029298727,0.479089297448182,0.2265,2000,178.788392066956
118,"ipw_robust",200,5,"treatment",0.1,3,2,2000,-0.443720542889276,0.229959701916744,0.0330883258977394,0.479541136834729,0.444518647162887,0.316,2000,178.788392066956
118,"dr_robust",200,5,"treatment",0.1,3,2,2000,-0.434601948654396,0.218942957500755,0.0300791432982054,0.467913408122437,0.435378961647406,0.2905,2000,178.788392066956
118,"aipw_robust",200,5,"treatment",0.1,3,2,2000,-0.366588022884853,0.180557345370799,0.0461936636800136,0.424920398864069,0.37355606699401,0.5945,2000,178.788392066956
118,"reg_adj",200,5,"treatment",0.1,3,2,2000,-0.471025865662471,0.251097237388366,0.0292464945125423,0.501096036093249,0.471258373027698,0.216,2000,178.788392066956
118,"adaptive",200,5,"treatment",0.1,3,2,2000,-0.471015134781571,0.251089904502865,0.0292492719455365,0.501088719193383,0.471247642146798,0.2165,2000,178.788392066956
119,"naive",500,5,"treatment",0.1,3,2,2000,-0.470285615037098,0.23276926853444,0.0116065120796579,0.48246167571574,0.470285615037098,0.0055,2000,396.815514087677
119,"ipw_robust",500,5,"treatment",0.1,3,2,2000,-0.436577207780056,0.203515947265367,0.0129227502874803,0.451127417993372,0.436577207780056,0.023,2000,396.815514087677
119,"dr_robust",500,5,"treatment",0.1,3,2,2000,-0.423035413221511,0.190424903071026,0.0114716780705673,0.436377019412144,0.423035413221511,0.019,2000,396.815514087677
119,"aipw_robust",500,5,"treatment",0.1,3,2,2000,-0.359963447780367,0.147939797328506,0.0183753012411975,0.384629428578348,0.360188308414899,0.25,2000,396.815514087677
119,"reg_adj",500,5,"treatment",0.1,3,2,2000,-0.462411520644123,0.225029640390574,0.0112108313818545,0.474372891711335,0.462411520644123,0.0075,2000,396.815514087677
119,"adaptive",500,5,"treatment",0.1,3,2,2000,-0.462411520644123,0.225029640390574,0.0112108313818545,0.474372891711335,0.462411520644123,0.0075,2000,396.815514087677
120,"naive",1000,5,"treatment",0.1,3,2,2000,-0.476352355718427,0.232626088634129,0.00571738052589654,0.482313268150617,0.476352355718427,0,2000,726.429688930511
120,"ipw_robust",1000,5,"treatment",0.1,3,2,2000,-0.442608220159781,0.201979394085463,0.00608039773131946,0.449421176721194,0.442608220159781,0,2000,726.429688930511
120,"dr_robust",1000,5,"treatment",0.1,3,2,2000,-0.428520855073581,0.189144520274982,0.00551715561979867,0.434907484730928,0.428520855073581,0,2000,726.429688930511
120,"aipw_robust",1000,5,"treatment",0.1,3,2,2000,-0.363869147410861,0.141280782150512,0.00888446794697823,0.375873359192311,0.363869147410861,0.035,2000,726.429688930511
120,"reg_adj",1000,5,"treatment",0.1,3,2,2000,-0.468774624392536,0.225221111295869,0.00547419992146673,0.474574663562931,0.468774624392536,0,2000,726.429688930511
120,"adaptive",1000,5,"treatment",0.1,3,2,2000,-0.468774624392536,0.225221111295869,0.00547419992146673,0.474574663562931,0.468774624392536,0,2000,726.429688930511
121,"naive",200,10,"treatment",0.1,3,2,2000,-0.487024029208972,0.270081095428491,0.0329051429730358,0.519693270524538,0.487203127426783,0.2325,2000,308.858469963074
121,"ipw_robust",200,10,"treatment",0.1,3,2,2000,-0.44333640852405,0.23082023401969,0.0342902080006872,0.480437544348577,0.444004581285129,0.3355,2000,308.858469963074
121,"dr_robust",200,10,"treatment",0.1,3,2,2000,-0.442432038709129,0.226858047217579,0.0311275020923095,0.476296175942637,0.442814419126075,0.2915,2000,308.858469963074
121,"aipw_robust",200,10,"treatment",0.1,3,2,2000,-0.385521508184909,0.194700479737984,0.0460966948122233,0.441248773072497,0.391627862965602,0.563,2000,308.858469963074
121,"reg_adj",200,10,"treatment",0.1,3,2,2000,-0.476432774078564,0.25627490364307,0.0293013661099287,0.506236015750627,0.476543780956954,0.2045,2000,308.858469963074
121,"adaptive",200,10,"treatment",0.1,3,2,2000,-0.476495089013913,0.256336699365291,0.0293037814016152,0.506297046569789,0.476606095892303,0.205,2000,308.858469963074
122,"naive",500,10,"treatment",0.1,3,2,2000,-0.484393808797988,0.247455850948418,0.0128249013972945,0.49744934510804,0.484393808797988,0.0115,2000,711.915347099304
122,"ipw_robust",500,10,"treatment",0.1,3,2,2000,-0.440963798992744,0.207819377186934,0.0133769936616508,0.455872106173358,0.440963798992745,0.0295,2000,711.915347099304
122,"dr_robust",500,10,"treatment",0.1,3,2,2000,-0.436804282156244,0.203245422080334,0.0124536680043046,0.450827485941501,0.436804282156244,0.0245,2000,711.915347099304
122,"aipw_robust",500,10,"treatment",0.1,3,2,2000,-0.374267619331047,0.158263234967008,0.0181960821283426,0.39782312020169,0.374389433488583,0.21,2000,711.915347099304
122,"reg_adj",500,10,"treatment",0.1,3,2,2000,-0.473202077701078,0.235765429367898,0.0118511486015819,0.48555682403597,0.473202077701078,0.0095,2000,711.915347099304
122,"adaptive",500,10,"treatment",0.1,3,2,2000,-0.473202077701078,0.235765429367898,0.0118511486015819,0.48555682403597,0.473202077701078,0.0095,2000,711.915347099304
123,"naive",1000,10,"treatment",0.1,3,2,2000,-0.485599258865073,0.241474346333914,0.00567054139430253,0.491400393094993,0.485599258865073,0,2000,1253.88312387466
123,"ipw_robust",1000,10,"treatment",0.1,3,2,2000,-0.44150084298564,0.201154440384581,0.00623456330920526,0.448502441893666,0.44150084298564,0.001,2000,1253.88312387466
123,"dr_robust",1000,10,"treatment",0.1,3,2,2000,-0.437158672064528,0.196559871556007,0.00545489444200711,0.443350731989931,0.437158672064528,0,2000,1253.88312387466
123,"aipw_robust",1000,10,"treatment",0.1,3,2,2000,-0.371265010294884,0.146565013086514,0.0087316710527801,0.382838102971104,0.371265010294884,0.0235,2000,1253.88312387466
123,"reg_adj",1000,10,"treatment",0.1,3,2,2000,-0.474408019645029,0.230461945187202,0.00540167692214448,0.480064521900132,0.474408019645029,0,2000,1253.88312387466
123,"adaptive",1000,10,"treatment",0.1,3,2,2000,-0.474408019645029,0.230461945187202,0.00540167692214448,0.480064521900132,0.474408019645029,0,2000,1253.88312387466
124,"naive",200,20,"treatment",0.1,3,2,2000,-0.484737477064412,0.275596873287745,0.0406467750044757,0.524973211971568,0.486008776150465,0.3275,2000,733.516541004181
124,"ipw_robust",200,20,"treatment",0.1,3,2,2000,-0.44397665311689,0.237394525781449,0.0402994069720602,0.487231490958301,0.445977339238765,0.4035,2000,733.516541004181
124,"dr_robust",200,20,"treatment",0.1,3,2,2000,-0.44424769133878,0.234633212704061,0.0372958493689099,0.48438952579929,0.445459779131873,0.3665,2000,733.516541004181
124,"aipw_robust",200,20,"treatment",0.1,3,2,2000,-0.400238919222419,0.212535575789839,0.0523705686138163,0.461015808611635,0.407711817378308,0.589,2000,733.516541004181
124,"reg_adj",200,20,"treatment",0.1,3,2,2000,-0.475152387632952,0.257510290539783,0.0317563772551155,0.507454717723447,0.475425403417127,0.239,2000,733.516541004181
124,"adaptive",200,20,"treatment",0.1,3,2,2000,-0.474476533550725,0.257164421077156,0.0320524664200542,0.507113814717324,0.474848348778095,0.243,2000,733.516541004181
125,"naive",500,20,"treatment",0.1,3,2,2000,-0.484320117500156,0.246895536895794,0.0123357285447013,0.496885838896415,0.484320117500156,0.0085,2000,1936.85755181313
125,"ipw_robust",500,20,"treatment",0.1,3,2,2000,-0.442704438099703,0.208732929569545,0.0127520860994216,0.456872990632566,0.442704438099702,0.023,2000,1936.85755181313
125,"dr_robust",500,20,"treatment",0.1,3,2,2000,-0.43745933339843,0.202978137912985,0.0116132761736727,0.450530951115442,0.43745933339843,0.014,2000,1936.85755181313
125,"aipw_robust",500,20,"treatment",0.1,3,2,2000,-0.380415467401025,0.161946745853097,0.0172394377340237,0.40242607501639,0.380454089137416,0.173,2000,1936.85755181313
125,"reg_adj",500,20,"treatment",0.1,3,2,2000,-0.47324599455047,0.235227496238499,0.0112713605607156,0.485002573434924,0.47324599455047,0.0045,2000,1936.85755181313
125,"adaptive",500,20,"treatment",0.1,3,2,2000,-0.47324599455047,0.235227496238499,0.0112713605607156,0.485002573434924,0.47324599455047,0.0045,2000,1936.85755181313
126,"naive",1000,20,"treatment",0.1,3,2,2000,-0.487360963914922,0.243459336821781,0.00594159847293568,0.493415987602531,0.487360963914922,0,2000,3501.62141108513
126,"ipw_robust",1000,20,"treatment",0.1,3,2,2000,-0.443769610113685,0.203255060488596,0.00632675700664767,0.450838175500474,0.443769610113685,5e-04,2000,3501.62141108513
126,"dr_robust",1000,20,"treatment",0.1,3,2,2000,-0.439184756207475,0.198598559817622,0.00571816881701198,0.445643983262001,0.439184756207475,0,2000,3501.62141108513
126,"aipw_robust",1000,20,"treatment",0.1,3,2,2000,-0.376454244457165,0.150714674450247,0.00900137696891708,0.388219878999321,0.376454244457165,0.0245,2000,3501.62141108513
126,"reg_adj",1000,20,"treatment",0.1,3,2,2000,-0.475002908017248,0.231176496362056,0.00555150949195928,0.480808170024237,0.475002908017248,0,2000,3501.62141108513
126,"adaptive",1000,20,"treatment",0.1,3,2,2000,-0.475002908017248,0.231176496362056,0.00555150949195928,0.480808170024237,0.475002908017248,0,2000,3501.62141108513
127,"naive",200,5,"mixed",0.1,3,2,2000,-0.249747538354359,0.113705073133983,0.0513569186792606,0.337201828485527,0.27962200880114,0.813,2000,174.202294826508
127,"ipw_robust",200,5,"mixed",0.1,3,2,2000,-0.237653646530376,0.0951957843810251,0.0387358966201505,0.30853814088541,0.257767470987886,0.7795,2000,174.202294826508
127,"dr_robust",200,5,"mixed",0.1,3,2,2000,-0.241918082409837,0.100420758662894,0.0419173587454138,0.316892345541659,0.260534434235319,0.8005,2000,174.202294826508
127,"aipw_robust",200,5,"mixed",0.1,3,2,2000,-0.187516404384452,0.0821393615085806,0.0470004598252198,0.286599653713295,0.232517933458969,0.8615,2000,174.202294826508
127,"reg_adj",200,5,"mixed",0.1,3,2,2000,-0.262536491694713,0.116266788627086,0.0473650616865606,0.340979161573087,0.285998356355448,0.787,2000,174.202294826508
127,"adaptive",200,5,"mixed",0.1,3,2,2000,-0.257441455745805,0.104300859270148,0.0380437780226401,0.322956435560817,0.274012781233069,0.743,2000,174.202294826508
128,"naive",500,5,"mixed",0.1,3,2,2000,-0.240757779844807,0.082903012086764,0.0249511791205236,0.287928831635118,0.251066720258997,0.672,2000,398.644880056381
128,"ipw_robust",500,5,"mixed",0.1,3,2,2000,-0.231427377551363,0.0707444966819195,0.0171944628330348,0.265978376342739,0.235576876504959,0.5745,2000,398.644880056381
128,"dr_robust",500,5,"mixed",0.1,3,2,2000,-0.262736265951017,0.0923877067122966,0.0233690457893078,0.303953461425095,0.265379907252104,0.6335,2000,398.644880056381
128,"aipw_robust",500,5,"mixed",0.1,3,2,2000,-0.18460984279864,0.0526108597153191,0.0185393353248429,0.229370572906202,0.194407416433826,0.725,2000,398.644880056381
128,"reg_adj",500,5,"mixed",0.1,3,2,2000,-0.260724828754671,0.0885798990298004,0.0206127690851906,0.297623754142374,0.265984485185064,0.55,2000,398.644880056381
128,"adaptive",500,5,"mixed",0.1,3,2,2000,-0.245332440889406,0.0778638626515144,0.0176846984479847,0.279040969485691,0.248894834668756,0.539,2000,398.644880056381
129,"naive",1000,5,"mixed",0.1,3,2,2000,-0.245311129317276,0.0730460333684181,0.0128749206618318,0.270270296866707,0.246857294843041,0.4165,2000,773.365140199661
129,"ipw_robust",1000,5,"mixed",0.1,3,2,2000,-0.234898978070378,0.0650087345774122,0.00983612274027428,0.254968105019848,0.235752775641501,0.3415,2000,773.365140199661
129,"dr_robust",1000,5,"mixed",0.1,3,2,2000,-0.289809882399599,0.0985890384123394,0.0146065737627516,0.313988914473647,0.289948423950583,0.3545,2000,773.365140199661
129,"aipw_robust",1000,5,"mixed",0.1,3,2,2000,-0.184740923755228,0.0436814089939839,0.00955697857333549,0.209000978452217,0.187209172217613,0.531,2000,773.365140199661
129,"reg_adj",1000,5,"mixed",0.1,3,2,2000,-0.263717146159297,0.0794744353268639,0.00993266848270145,0.281912105676333,0.264201448683067,0.242,2000,773.365140199661
129,"adaptive",1000,5,"mixed",0.1,3,2,2000,-0.242948654633127,0.0687364865787448,0.00971729643891774,0.262176441692889,0.243790146575462,0.3045,2000,773.365140199661
130,"naive",200,10,"mixed",0.1,3,2,2000,-0.237640946819456,0.109434020608679,0.0529872946507571,0.330808132621734,0.274792494961281,0.8245,2000,288.856004953384
130,"ipw_robust",200,10,"mixed",0.1,3,2,2000,-0.227335133134815,0.0908116189685278,0.0391499311766922,0.301349662300338,0.252271221398166,0.793,2000,288.856004953384
130,"dr_robust",200,10,"mixed",0.1,3,2,2000,-0.221674408263379,0.0901298227247256,0.0410107848382257,0.300216293236602,0.248275944458555,0.808,2000,288.856004953384
130,"aipw_robust",200,10,"mixed",0.1,3,2,2000,-0.187714566428387,0.0827634704896733,0.047550487283918,0.287686409984332,0.233850767833822,0.86,2000,288.856004953384
130,"reg_adj",200,10,"mixed",0.1,3,2,2000,-0.247398722383193,0.109381971686453,0.0481999438215272,0.330729453914302,0.277118543970155,0.8015,2000,288.856004953384
130,"adaptive",200,10,"mixed",0.1,3,2,2000,-0.246445928662709,0.10004547492777,0.0393295439453173,0.316299660018423,0.26730356883573,0.7625,2000,288.856004953384
131,"naive",500,10,"mixed",0.1,3,2,2000,-0.234074968485592,0.0821728026775329,0.0273954095107577,0.2866579890349,0.246110301696617,0.7185,2000,670.058841943741
131,"ipw_robust",500,10,"mixed",0.1,3,2,2000,-0.216272054261459,0.0657476278663951,0.0189835181710093,0.256413002529893,0.223892317032879,0.659,2000,670.058841943741
131,"dr_robust",500,10,"mixed",0.1,3,2,2000,-0.24768581169296,0.0855749176329064,0.0242387757067592,0.292531908743143,0.252516489074041,0.682,2000,670.058841943741
131,"aipw_robust",500,10,"mixed",0.1,3,2,2000,-0.179773370369961,0.0517862288605305,0.0194775029178142,0.227565878067276,0.192344963563944,0.743,2000,670.058841943741
131,"reg_adj",500,10,"mixed",0.1,3,2,2000,-0.249275744356368,0.0835824770307663,0.0214548077101999,0.289106342079807,0.255291770387918,0.605,2000,670.058841943741
131,"adaptive",500,10,"mixed",0.1,3,2,2000,-0.233998143758382,0.0739743176661647,0.0192288007841884,0.271982201009854,0.240194396351788,0.618,2000,670.058841943741
132,"naive",1000,10,"mixed",0.1,3,2,2000,-0.231729562202879,0.0691713042238739,0.015480454452362,0.26300438061727,0.235771989767789,0.5305,2000,1327.43590307236
132,"ipw_robust",1000,10,"mixed",0.1,3,2,2000,-0.216638942362088,0.0578927503492912,0.0109658019024785,0.240609123578661,0.218172457654897,0.4585,2000,1327.43590307236
132,"dr_robust",1000,10,"mixed",0.1,3,2,2000,-0.274694078904391,0.091422364412394,0.0159735141843546,0.302361314344931,0.275074673326506,0.443,2000,1327.43590307236
132,"aipw_robust",1000,10,"mixed",0.1,3,2,2000,-0.175845019183071,0.0405310934893081,0.00961442993277981,0.201323355548501,0.178280012785556,0.5635,2000,1327.43590307236
132,"reg_adj",1000,10,"mixed",0.1,3,2,2000,-0.24797446478571,0.0723402262591561,0.010854318232513,0.268961384327111,0.249059204012578,0.3245,2000,1327.43590307236
132,"adaptive",1000,10,"mixed",0.1,3,2,2000,-0.223558265490223,0.0608792755044573,0.0109064306507857,0.24673726006515,0.224923580415993,0.4285,2000,1327.43590307236
133,"naive",200,20,"mixed",0.1,3,2,2000,-0.227012436327962,0.10775351502502,0.0562469922735999,0.328258305340504,0.270664688814041,0.854,2000,692.721170186996
133,"ipw_robust",200,20,"mixed",0.1,3,2,2000,-0.211888154176864,0.0848571836905627,0.0399805841021352,0.291302563824218,0.242283436784405,0.8235,2000,692.721170186996
133,"dr_robust",200,20,"mixed",0.1,3,2,2000,-0.202403756415469,0.0808572642711911,0.0399099386294134,0.284354117732083,0.235375802601118,0.8305,2000,692.721170186996
133,"aipw_robust",200,20,"mixed",0.1,3,2,2000,-0.174142684630235,0.082196173259696,0.051896446872907,0.286698750014185,0.233070178811932,0.8845,2000,692.721170186996
133,"reg_adj",200,20,"mixed",0.1,3,2,2000,-0.236115705960135,0.103726130585433,0.047999503736248,0.322065413519416,0.268106326808027,0.8125,2000,692.721170186996
133,"adaptive",200,20,"mixed",0.1,3,2,2000,-0.230615582554858,0.0939741773665982,0.0408110359674652,0.30655207937086,0.256672562257519,0.7885,2000,692.721170186996
134,"naive",500,20,"mixed",0.1,3,2,2000,-0.229014463439778,0.0746259204029387,0.0221893906336461,0.273177452222797,0.235679459034529,0.6675,2000,1653.98437285423
134,"ipw_robust",500,20,"mixed",0.1,3,2,2000,-0.213969358945697,0.0623015141850472,0.0165268910629461,0.24960271269569,0.218512629828074,0.619,2000,1653.98437285423
134,"dr_robust",500,20,"mixed",0.1,3,2,2000,-0.220155688507041,0.0677989246011047,0.0193400674528216,0.260382266295354,0.223735047699601,0.6765,2000,1653.98437285423
134,"aipw_robust",500,20,"mixed",0.1,3,2,2000,-0.172875732833886,0.0489979253029814,0.019121467033645,0.221354749899299,0.186508856054203,0.76,2000,1653.98437285423
134,"reg_adj",500,20,"mixed",0.1,3,2,2000,-0.243175990526437,0.0785696203480469,0.0194447803697181,0.280302729826249,0.247121610448859,0.5855,2000,1653.98437285423
134,"adaptive",500,20,"mixed",0.1,3,2,2000,-0.228980839320244,0.0694297423366964,0.0170060205711785,0.263495241582645,0.232773085320017,0.591,2000,1653.98437285423
135,"naive",1000,20,"mixed",0.1,3,2,2000,-0.227761246831144,0.0669770664768168,0.0151094356365579,0.258799278354513,0.231164078146269,0.5645,2000,3232.63721990585
135,"ipw_robust",1000,20,"mixed",0.1,3,2,2000,-0.214609159157356,0.0576956492427187,0.0116443802386109,0.240199186598787,0.216138368958093,0.4955,2000,3232.63721990585
135,"dr_robust",1000,20,"mixed",0.1,3,2,2000,-0.257950373471038,0.0814986757156465,0.0149677644240103,0.285479729080099,0.258345690233489,0.48,2000,3232.63721990585
135,"aipw_robust",1000,20,"mixed",0.1,3,2,2000,-0.174479527689296,0.0398413992335606,0.00940299514845493,0.199603104268347,0.176807640633989,0.569,2000,3232.63721990585
135,"reg_adj",1000,20,"mixed",0.1,3,2,2000,-0.247074333653865,0.0715745547042821,0.0105340954014814,0.267534212212723,0.247704554551058,0.337,2000,3232.63721990585
135,"adaptive",1000,20,"mixed",0.1,3,2,2000,-0.221913513563357,0.0607622209478652,0.0115223746331474,0.246499941070714,0.223183550148152,0.4605,2000,3232.63721990585
136,"naive",200,5,"none",0.15,3,2,2000,0.0122343976412318,0.0301216601440373,0.029986973144966,0.173555928000277,0.138960952908917,0.947,2000,179.925247192383
136,"ipw_robust",200,5,"none",0.15,3,2,2000,-0.0172872799050194,0.0316597407717081,0.031376579014701,0.177931843051513,0.142744699540975,0.9495,2000,179.925247192383
136,"dr_robust",200,5,"none",0.15,3,2,2000,0.0073609494269733,0.0298255014130398,0.0297862109420443,0.172700612080675,0.137692898134705,0.945,2000,179.925247192383
136,"aipw_robust",200,5,"none",0.15,3,2,2000,0.00829153669341176,0.0410530645500594,0.0410048173780102,0.202615558509359,0.16232637501419,0.951,2000,179.925247192383
136,"reg_adj",200,5,"none",0.15,3,2,2000,0.0120416679185178,0.028010535604376,0.0278794735749036,0.167363483485425,0.133575739005218,0.9485,2000,179.925247192383
136,"adaptive",200,5,"none",0.15,3,2,2000,0.011809520183701,0.0280433455892875,0.0279178397421894,0.167461474940619,0.133678081414786,0.9485,2000,179.925247192383
137,"naive",500,5,"none",0.15,3,2,2000,0.0087387675706867,0.0118236066643216,0.0117531171642493,0.108736409101651,0.087037591999739,0.951,2000,399.848116159439
137,"ipw_robust",500,5,"none",0.15,3,2,2000,-0.0200243474020425,0.0124438190869446,0.0120488690325832,0.111551867249923,0.0886364332136469,0.945,2000,399.848116159439
137,"dr_robust",500,5,"none",0.15,3,2,2000,0.00450510448165398,0.0116520792175358,0.0116376020521713,0.107944797084138,0.0863402320582261,0.947,2000,399.848116159439
137,"aipw_robust",500,5,"none",0.15,3,2,2000,0.00240520598289651,0.016344709030749,0.0163470975637107,0.12784642752439,0.102056851047399,0.9495,2000,399.848116159439
137,"reg_adj",500,5,"none",0.15,3,2,2000,0.00764899481732195,0.0111060059994071,0.0110530253903869,0.105385036885732,0.0838973911997322,0.945,2000,399.848116159439
137,"adaptive",500,5,"none",0.15,3,2,2000,0.00764899481732195,0.0111060059994071,0.0110530253903869,0.105385036885732,0.0838973911997322,0.945,2000,399.848116159439
138,"naive",1000,5,"none",0.15,3,2,2000,0.00792314345095857,0.00578272348489396,0.00572280868709304,0.0760442205883785,0.0603303138721344,0.9445,2000,732.56229186058
138,"ipw_robust",1000,5,"none",0.15,3,2,2000,-0.0214503091201494,0.00622616873374203,0.00576893744111262,0.0789060753918355,0.0633154256396853,0.9445,2000,732.56229186058
138,"dr_robust",1000,5,"none",0.15,3,2,2000,0.00315485650972214,0.00567373148429548,0.00566661167053381,0.0753241759616093,0.0599690538675659,0.9485,2000,732.56229186058
138,"aipw_robust",1000,5,"none",0.15,3,2,2000,-0.00208460290253676,0.00747630381056315,0.00747569608934655,0.0864656221313601,0.0687222299354309,0.949,2000,732.56229186058
138,"reg_adj",1000,5,"none",0.15,3,2,2000,0.00644302588450962,0.00546147996206512,0.00542267871887609,0.0739018265137278,0.0587247840979517,0.9475,2000,732.56229186058
138,"adaptive",1000,5,"none",0.15,3,2,2000,0.00644302588450962,0.00546147996206512,0.00542267871887609,0.0739018265137278,0.0587247840979517,0.9475,2000,732.56229186058
139,"naive",200,10,"none",0.15,3,2,2000,0.00414607032838266,0.0351849915127671,0.0351853943107546,0.187576628375624,0.149099968247166,0.9525,2000,309.224457025528
139,"ipw_robust",200,10,"none",0.15,3,2,2000,-0.0185705667734228,0.0353550565355353,0.0350277044374679,0.188029403380257,0.149856582954831,0.953,2000,309.224457025528
139,"dr_robust",200,10,"none",0.15,3,2,2000,-0.00100778078438291,0.0342522825529703,0.0342684011314266,0.185073721940664,0.147365852455755,0.9545,2000,309.224457025528
139,"aipw_robust",200,10,"none",0.15,3,2,2000,-0.00680491649858372,0.0419972549773751,0.0419719340558504,0.204932318040311,0.162776185353511,0.9565,2000,309.224457025528
139,"reg_adj",200,10,"none",0.15,3,2,2000,0.00565920450738533,0.0306126963835479,0.0305959677717773,0.174964843278722,0.140175838329859,0.952,2000,309.224457025528
139,"adaptive",200,10,"none",0.15,3,2,2000,0.00534964417155637,0.0311469677850239,0.0311339160502868,0.176485035583825,0.141016900711376,0.954,2000,309.224457025528
140,"naive",500,10,"none",0.15,3,2,2000,0.0109086632099089,0.0119143764586716,0.0118012781647268,0.109152995646806,0.0874841976510004,0.9495,2000,724.871825933456
140,"ipw_robust",500,10,"none",0.15,3,2,2000,-0.0116821973288097,0.0122909401770221,0.0121605467159509,0.11086451270367,0.0880246275461267,0.9505,2000,724.871825933456
140,"dr_robust",500,10,"none",0.15,3,2,2000,0.00560047402530772,0.0115873676892234,0.011561783271551,0.107644636137726,0.0862476776053592,0.9535,2000,724.871825933456
140,"aipw_robust",500,10,"none",0.15,3,2,2000,-0.000427151430214101,0.0162769096634848,0.0162848696399605,0.127580992563488,0.10259012272805,0.9535,2000,724.871825933456
140,"reg_adj",500,10,"none",0.15,3,2,2000,0.00943226411856335,0.0110206555588086,0.0109371565306716,0.104979310146374,0.0837806590019746,0.9525,2000,724.871825933456
140,"adaptive",500,10,"none",0.15,3,2,2000,0.00943226411856335,0.0110206555588086,0.0109371565306716,0.104979310146374,0.0837806590019746,0.9525,2000,724.871825933456
141,"naive",1000,10,"none",0.15,3,2,2000,0.0103372320305253,0.00582306806800965,0.00571906923657503,0.0763090300554899,0.0604432977109656,0.94,2000,1283.46940493584
141,"ipw_robust",1000,10,"none",0.15,3,2,2000,-0.0134548659103397,0.00623432012950462,0.00605631487027454,0.0789577110199163,0.0628510267516495,0.9465,2000,1283.46940493584
141,"dr_robust",1000,10,"none",0.15,3,2,2000,0.0055487951068609,0.00575652449803687,0.00572859967073431,0.0758717635094695,0.0601136195634517,0.9485,2000,1283.46940493584
141,"aipw_robust",1000,10,"none",0.15,3,2,2000,-0.000869141725241329,0.00808573602457412,0.00808902512980046,0.089920720774325,0.0711021046527859,0.9455,2000,1283.46940493584
141,"reg_adj",1000,10,"none",0.15,3,2,2000,0.00951445677578144,0.00554613126651485,0.00545833554654991,0.0744723523632418,0.059408581312359,0.946,2000,1283.46940493584
141,"adaptive",1000,10,"none",0.15,3,2,2000,0.00951445677578144,0.00554613126651485,0.00545833554654991,0.0744723523632418,0.059408581312359,0.946,2000,1283.46940493584
142,"naive",200,20,"none",0.15,3,2,2000,0.0106846656533381,0.0386443237275449,0.0385494363656041,0.19658159559721,0.155264029346142,0.951,2000,720.270735025406
142,"ipw_robust",200,20,"none",0.15,3,2,2000,-0.0142168117869519,0.0380162709108743,0.0378330697083428,0.194977616435514,0.154994499546652,0.9435,2000,720.270735025406
142,"dr_robust",200,20,"none",0.15,3,2,2000,0.00494717595727456,0.0369124776898696,0.0369064563681015,0.192126202507283,0.151515556236474,0.948,2000,720.270735025406
142,"aipw_robust",200,20,"none",0.15,3,2,2000,0.00349337153918272,0.0473093481562806,0.0473208049140269,0.217507122081739,0.172338896023586,0.953,2000,720.270735025406
142,"reg_adj",200,20,"none",0.15,3,2,2000,0.00932603189006809,0.0302938866648405,0.0302220228054287,0.174051390873042,0.137597287148596,0.95,2000,720.270735025406
142,"adaptive",200,20,"none",0.15,3,2,2000,0.00817437640530461,0.0318991091257801,0.0318482128025658,0.178603217008485,0.140642770789281,0.95,2000,720.270735025406
143,"naive",500,20,"none",0.15,3,2,2000,0.00934801065901336,0.0121034663156918,0.01202209205844,0.110015754852166,0.0862855719841897,0.95,2000,1975.12707400322
143,"ipw_robust",500,20,"none",0.15,3,2,2000,-0.0156753595453332,0.0124782255972112,0.0122386280143429,0.111705978341408,0.0894614765503871,0.945,2000,1975.12707400322
143,"dr_robust",500,20,"none",0.15,3,2,2000,0.00356806396513365,0.0113852434153011,0.0113782014355596,0.106701656103835,0.0849118151291641,0.9465,2000,1975.12707400322
143,"aipw_robust",500,20,"none",0.15,3,2,2000,-0.00176374099124121,0.0160433641751874,0.016048277531669,0.126662402374135,0.101017045032433,0.95,2000,1975.12707400322
143,"reg_adj",500,20,"none",0.15,3,2,2000,0.00634238338658522,0.0105640871150323,0.0105291258509353,0.102781745047612,0.0823128163488493,0.9465,2000,1975.12707400322
143,"adaptive",500,20,"none",0.15,3,2,2000,0.00647877801216001,0.0105947360925327,0.010558040548276,0.10293073444085,0.0824251704000858,0.947,2000,1975.12707400322
144,"naive",1000,20,"none",0.15,3,2,2000,0.00883514170698163,0.00621115853682273,0.00613616689128592,0.0788109036670861,0.0626803173540476,0.9515,2000,3607.28095197678
144,"ipw_robust",1000,20,"none",0.15,3,2,2000,-0.0153314698851557,0.00656757053963574,0.0063356844130028,0.0810405487372571,0.0640090324013823,0.9455,2000,3607.28095197678
144,"dr_robust",1000,20,"none",0.15,3,2,2000,0.00378071183767892,0.00603305650925452,0.00602177361406199,0.0776727526823565,0.0617327245453807,0.948,2000,3607.28095197678
144,"aipw_robust",1000,20,"none",0.15,3,2,2000,-0.0015183515870929,0.00834126852882505,0.00834313470463534,0.0913305454315534,0.0725637200142257,0.9485,2000,3607.28095197678
144,"reg_adj",1000,20,"none",0.15,3,2,2000,0.0075734100045457,0.00571778366156925,0.00566325875184822,0.0756160278087209,0.0606005286966147,0.952,2000,3607.28095197678
144,"adaptive",1000,20,"none",0.15,3,2,2000,0.0075734100045457,0.00571778366156925,0.00566325875184822,0.0756160278087209,0.0606005286966147,0.952,2000,3607.28095197678
145,"naive",200,5,"covariate",0.15,3,2,2000,-0.16178865713286,0.063590943524699,0.0374340909933416,0.252172447988869,0.204643706503612,0.8685,2000,169.363937139511
145,"ipw_robust",200,5,"covariate",0.15,3,2,2000,-0.162284216947959,0.0641904670899632,0.0378732366378697,0.253358376790591,0.206541786571917,0.8685,2000,169.363937139511
145,"dr_robust",200,5,"covariate",0.15,3,2,2000,-0.170656153887213,0.0680000445055041,0.0388959696307433,0.260768181543501,0.21105313348653,0.8605,2000,169.363937139511
145,"aipw_robust",200,5,"covariate",0.15,3,2,2000,-0.149188421407344,0.0714595992489322,0.0492270276807575,0.267319283346586,0.216818263892424,0.894,2000,169.363937139511
145,"reg_adj",200,5,"covariate",0.15,3,2,2000,-0.170074936442436,0.0628599436516189,0.0339514353634018,0.250718853801661,0.206255503157761,0.856,2000,169.363937139511
145,"adaptive",200,5,"covariate",0.15,3,2,2000,-0.169890676392339,0.0633407043108082,0.0344951099407322,0.251675792063536,0.20680885982363,0.8575,2000,169.363937139511
146,"naive",500,5,"covariate",0.15,3,2,2000,-0.17141308254921,0.0443591148199207,0.0149841620319144,0.210616036473771,0.179968168285221,0.7075,2000,401.383224964142
146,"ipw_robust",500,5,"covariate",0.15,3,2,2000,-0.170056186225598,0.0440866251605019,0.0151751062400265,0.209968152729174,0.179586012546165,0.714,2000,401.383224964142
146,"dr_robust",500,5,"covariate",0.15,3,2,2000,-0.177038358204623,0.0463992741746997,0.0150642260119171,0.215404907499109,0.185244672127037,0.6945,2000,401.383224964142
146,"aipw_robust",500,5,"covariate",0.15,3,2,2000,-0.159250003180799,0.0448456207830231,0.0194948046722747,0.21176784643336,0.177046774876642,0.7955,2000,401.383224964142
146,"reg_adj",500,5,"covariate",0.15,3,2,2000,-0.173916333893533,0.0440633267016093,0.0138233471802324,0.209912664462174,0.18094027931727,0.678,2000,401.383224964142
146,"adaptive",500,5,"covariate",0.15,3,2,2000,-0.173916333893533,0.0440633267016093,0.0138233471802324,0.209912664462174,0.18094027931727,0.678,2000,401.383224964142
147,"naive",1000,5,"covariate",0.15,3,2,2000,-0.176155889942385,0.0384553376929779,0.00742815420868856,0.19610032558101,0.177645759520272,0.465,2000,805.72654914856
147,"ipw_robust",1000,5,"covariate",0.15,3,2,2000,-0.174371420835019,0.0380650130609118,0.00766345238308009,0.195102570615848,0.175993210360487,0.4895,2000,805.72654914856
147,"dr_robust",1000,5,"covariate",0.15,3,2,2000,-0.182371437865352,0.0409848327467029,0.00772935607566499,0.202447110986309,0.183596349881957,0.4655,2000,805.72654914856
147,"aipw_robust",1000,5,"covariate",0.15,3,2,2000,-0.169123441779296,0.0387617577887669,0.0101641012801319,0.196880059398525,0.172961937710466,0.618,2000,805.72654914856
147,"reg_adj",1000,5,"covariate",0.15,3,2,2000,-0.17980303285716,0.039108839801264,0.00678310072699467,0.197759550467895,0.180622486816051,0.415,2000,805.72654914856
147,"adaptive",1000,5,"covariate",0.15,3,2,2000,-0.17980303285716,0.039108839801264,0.00678310072699467,0.197759550467895,0.180622486816051,0.415,2000,805.72654914856
148,"naive",200,10,"covariate",0.15,3,2,2000,-0.135832680785903,0.062670378512887,0.0442419823345694,0.250340525111071,0.198820798727608,0.8985,2000,267.267060041428
148,"ipw_robust",200,10,"covariate",0.15,3,2,2000,-0.13354767794158,0.0601088939328031,0.0422950591788045,0.245171152325887,0.197238195818029,0.902,2000,267.267060041428
148,"dr_robust",200,10,"covariate",0.15,3,2,2000,-0.145193486881545,0.0683469526561798,0.0472894487477324,0.261432501147389,0.20518656933881,0.9025,2000,267.267060041428
148,"aipw_robust",200,10,"covariate",0.15,3,2,2000,-0.117316211335008,0.0659321291919131,0.0521951333165711,0.256772524215332,0.205218695386879,0.912,2000,267.267060041428
148,"reg_adj",200,10,"covariate",0.15,3,2,2000,-0.147484768371593,0.0571972116637861,0.0354631863553413,0.239159385481285,0.193479438735716,0.8695,2000,267.267060041428
148,"adaptive",200,10,"covariate",0.15,3,2,2000,-0.146320329092351,0.0587935059742255,0.0374025685528079,0.242473722234442,0.195520679020442,0.878,2000,267.267060041428
149,"naive",500,10,"covariate",0.15,3,2,2000,-0.145541502061041,0.0364688790059221,0.0152941972823792,0.190968267012931,0.160228316900103,0.78,2000,665.374457836151
149,"ipw_robust",500,10,"covariate",0.15,3,2,2000,-0.142445777271927,0.0356384627070311,0.015355340914885,0.188781521095236,0.158119032245399,0.7845,2000,665.374457836151
149,"dr_robust",500,10,"covariate",0.15,3,2,2000,-0.154662859049265,0.0394045632289128,0.015491709114177,0.198505826687563,0.166722995758097,0.765,2000,665.374457836151
149,"aipw_robust",500,10,"covariate",0.15,3,2,2000,-0.140160944673156,0.039866438417877,0.0202314637380746,0.199665816848746,0.163996912426864,0.83,2000,665.374457836151
149,"reg_adj",500,10,"covariate",0.15,3,2,2000,-0.152826315657914,0.0370156124425172,0.013666562966428,0.192394418948464,0.163213231246361,0.738,2000,665.374457836151
149,"adaptive",500,10,"covariate",0.15,3,2,2000,-0.152934241313222,0.0370673467223865,0.0136853072099406,0.192528820498092,0.163321156901669,0.7385,2000,665.374457836151
150,"naive",1000,10,"covariate",0.15,3,2,2000,-0.152830381952113,0.031040453191508,0.00768717112944394,0.176183010507563,0.15545474183211,0.589,2000,1388.82527089119
150,"ipw_robust",1000,10,"covariate",0.15,3,2,2000,-0.148847846712607,0.0299611040317264,0.0078093272243587,0.17309276134988,0.152191671976396,0.598,2000,1388.82527089119
150,"dr_robust",1000,10,"covariate",0.15,3,2,2000,-0.159364270999491,0.0331963014955217,0.00780323224044278,0.182198522210038,0.161565894542324,0.564,2000,1388.82527089119
150,"aipw_robust",1000,10,"covariate",0.15,3,2,2000,-0.148843499259536,0.0320616975959491,0.00991226645735421,0.179057805180196,0.155297286307495,0.6735,2000,1388.82527089119
150,"reg_adj",1000,10,"covariate",0.15,3,2,2000,-0.155569002704987,0.0310703857441224,0.00687210719509578,0.176267937368435,0.157333669402688,0.53,2000,1388.82527089119
150,"adaptive",1000,10,"covariate",0.15,3,2,2000,-0.155569002704987,0.0310703857441224,0.00687210719509578,0.176267937368435,0.157333669402688,0.53,2000,1388.82527089119
151,"naive",200,20,"covariate",0.15,3,2,2000,-0.131492619518872,0.0629432733139123,0.045675802227091,0.250884980247747,0.19841322748566,0.9165,2000,576.299592971802
151,"ipw_robust",200,20,"covariate",0.15,3,2,2000,-0.132124876987353,0.0607709513756103,0.0433356360747246,0.246517649217273,0.197257600809987,0.912,2000,576.299592971802
151,"dr_robust",200,20,"covariate",0.15,3,2,2000,-0.131206118062554,0.0639594004043308,0.0467677388567143,0.252901958087182,0.20144523040572,0.9135,2000,576.299592971802
151,"aipw_robust",200,20,"covariate",0.15,3,2,2000,-0.0990461114423868,0.0619698916499606,0.052185852384295,0.248937525596204,0.198978081962914,0.9295,2000,576.299592971802
151,"reg_adj",200,20,"covariate",0.15,3,2,2000,-0.151044039346213,0.0584841857281961,0.0356877277700607,0.241835038255825,0.195680409834908,0.88,2000,576.299592971802
151,"adaptive",200,20,"covariate",0.15,3,2,2000,-0.15084937556654,0.0606556231957433,0.037919048611234,0.246283623482649,0.198246928782441,0.886,2000,576.299592971802
152,"naive",500,20,"covariate",0.15,3,2,2000,-0.156339632312851,0.0415641306971078,0.0171306153730769,0.203872829717714,0.171296001678557,0.79,2000,1574.78955197334
152,"ipw_robust",500,20,"covariate",0.15,3,2,2000,-0.151915006597079,0.0399620099993325,0.0168922869133986,0.199905002436989,0.16770374923502,0.786,2000,1574.78955197334
152,"dr_robust",500,20,"covariate",0.15,3,2,2000,-0.168695680944402,0.0456407647974871,0.0171911275919876,0.213636993045416,0.180106954374867,0.7585,2000,1574.78955197334
152,"aipw_robust",500,20,"covariate",0.15,3,2,2000,-0.142827110535745,0.0402142444465115,0.0198245732291361,0.2005348958324,0.165798530667743,0.824,2000,1574.78955197334
152,"reg_adj",500,20,"covariate",0.15,3,2,2000,-0.164914323097965,0.0403928505477947,0.0132027179439068,0.200979726708429,0.172106953768275,0.706,2000,1574.78955197334
152,"adaptive",500,20,"covariate",0.15,3,2,2000,-0.164877231083534,0.0404461431760246,0.0132682759842435,0.201112265105897,0.172069861753845,0.7075,2000,1574.78955197334
153,"naive",1000,20,"covariate",0.15,3,2,2000,-0.155323351904235,0.0322140425317839,0.00809274525764586,0.179482708169294,0.158655505018551,0.597,2000,3422.49109888077
153,"ipw_robust",1000,20,"covariate",0.15,3,2,2000,-0.149718148391282,0.0305270870948418,0.00811562094760153,0.174720024882215,0.153408535147847,0.6105,2000,3422.49109888077
153,"dr_robust",1000,20,"covariate",0.15,3,2,2000,-0.163400648572759,0.0350487173119885,0.00835312191894975,0.187213026555281,0.166047521766346,0.567,2000,3422.49109888077
153,"aipw_robust",1000,20,"covariate",0.15,3,2,2000,-0.144879780821329,0.031315494727146,0.0103305090908551,0.176961845399357,0.151272186282805,0.7005,2000,3422.49109888077
153,"reg_adj",1000,20,"covariate",0.15,3,2,2000,-0.159001795955423,0.0322032479017235,0.0069251393543507,0.179452634145402,0.160901365000387,0.5085,2000,3422.49109888077
153,"adaptive",1000,20,"covariate",0.15,3,2,2000,-0.159001795955423,0.0322032479017235,0.0069251393543507,0.179452634145402,0.160901365000387,0.5085,2000,3422.49109888077
154,"naive",200,5,"outcome",0.15,3,2,2000,0.0108365954433451,0.122215215737229,0.122158863368111,0.349592928614452,0.27129384258942,0.949,2000,176.638633012772
154,"ipw_robust",200,5,"outcome",0.15,3,2,2000,-0.0215396530739373,0.0458653648533035,0.0454241202588874,0.214162006091892,0.169499837628447,0.949,2000,176.638633012772
154,"dr_robust",200,5,"outcome",0.15,3,2,2000,0.00425236939371754,0.0455931569647434,0.0455978732559108,0.213525541715139,0.168003196172122,0.9515,2000,176.638633012772
154,"aipw_robust",200,5,"outcome",0.15,3,2,2000,0.00132608304181048,0.0551725572908044,0.0551983979935674,0.234888393265407,0.186647873853582,0.947,2000,176.638633012772
154,"reg_adj",200,5,"outcome",0.15,3,2,2000,0.00922685305265336,0.115869224159929,0.115842010347848,0.340395687634155,0.267065497720968,0.952,2000,176.638633012772
154,"adaptive",200,5,"outcome",0.15,3,2,2000,-0.0224680820549861,0.0482172598051896,0.0477363132505853,0.21958428861189,0.17388299019957,0.949,2000,176.638633012772
155,"naive",500,5,"outcome",0.15,3,2,2000,0.00521161264973147,0.0498961431517847,0.0498939292099789,0.223374446058149,0.175905845937623,0.9475,2000,382.856841802597
155,"ipw_robust",500,5,"outcome",0.15,3,2,2000,-0.0227808484711904,0.0174642827954025,0.0169537926346525,0.13215249825638,0.104742238736005,0.9435,2000,382.856841802597
155,"dr_robust",500,5,"outcome",0.15,3,2,2000,0.00301294921445594,0.0171410972178449,0.0171405896497009,0.130924013144438,0.104031623960124,0.9435,2000,382.856841802597
155,"aipw_robust",500,5,"outcome",0.15,3,2,2000,-0.00254200950860262,0.0193799593972834,0.0193831891795314,0.139211922611835,0.109600973867365,0.946,2000,382.856841802597
155,"reg_adj",500,5,"outcome",0.15,3,2,2000,0.0033721714864674,0.0481582982199579,0.0481710121855165,0.219449990248252,0.173603607137682,0.95,2000,382.856841802597
155,"adaptive",500,5,"outcome",0.15,3,2,2000,-0.022915536092029,0.0175361591182886,0.0170195470974522,0.132424163649572,0.104907162926464,0.943,2000,382.856841802597
156,"naive",1000,5,"outcome",0.15,3,2,2000,0.00905078153967764,0.0235993217215728,0.0235291696599238,0.153620707333265,0.120505159510269,0.942,2000,706.933976173401
156,"ipw_robust",1000,5,"outcome",0.15,3,2,2000,-0.019135919645652,0.00889519927238112,0.00853328249294275,0.0943143640830024,0.0746940496195888,0.9435,2000,706.933976173401
156,"dr_robust",1000,5,"outcome",0.15,3,2,2000,0.00488023813087235,0.00848072324081428,0.00846113708514283,0.092090842328726,0.072702294217463,0.948,2000,706.933976173401
156,"aipw_robust",1000,5,"outcome",0.15,3,2,2000,0.00159646366604438,0.0101048396380762,0.0101073446141463,0.100522831426876,0.0802203978220235,0.9495,2000,706.933976173401
156,"reg_adj",1000,5,"outcome",0.15,3,2,2000,0.00842106779296481,0.0229478468335155,0.0228883766390613,0.151485467400393,0.118794285638791,0.943,2000,706.933976173401
156,"adaptive",1000,5,"outcome",0.15,3,2,2000,-0.019135919645652,0.00889519927238112,0.00853328249294275,0.0943143640830024,0.0746940496195888,0.9435,2000,706.933976173401
157,"naive",200,10,"outcome",0.15,3,2,2000,0.00549106483787609,0.139848741263406,0.139888533737221,0.373963556063163,0.283016943571189,0.948,2000,299.84445309639
157,"ipw_robust",200,10,"outcome",0.15,3,2,2000,-0.0148269907592748,0.0494874794887562,0.0492922859767689,0.222457815076828,0.177830280759843,0.9545,2000,299.84445309639
157,"dr_robust",200,10,"outcome",0.15,3,2,2000,0.00146003638693237,0.0499387010954831,0.0499615501643141,0.223469687196011,0.178441326106794,0.95,2000,299.84445309639
157,"aipw_robust",200,10,"outcome",0.15,3,2,2000,-0.00224348872199887,0.0559422165259663,0.0559651658672542,0.236521069940854,0.18705832888195,0.951,2000,299.84445309639
157,"reg_adj",200,10,"outcome",0.15,3,2,2000,0.0053683541335543,0.127603964699143,0.127638964955517,0.357216971460123,0.275065248950186,0.945,2000,299.84445309639
157,"adaptive",200,10,"outcome",0.15,3,2,2000,-0.0163150617283834,0.0518942522966803,0.0516538980064826,0.227803099839928,0.181921251876426,0.9535,2000,299.84445309639
158,"naive",500,10,"outcome",0.15,3,2,2000,0.0173593342306519,0.0519700353350714,0.051694536118199,0.22796937367785,0.17955904715922,0.953,2000,666.201019048691
158,"ipw_robust",500,10,"outcome",0.15,3,2,2000,-0.0109437907485923,0.0182239699868886,0.0181132600609701,0.134996185082722,0.108155870951388,0.9485,2000,666.201019048691
158,"dr_robust",500,10,"outcome",0.15,3,2,2000,0.00713122731998794,0.0184506000053457,0.018408950077295,0.135832985704304,0.109428596374783,0.9535,2000,666.201019048691
158,"aipw_robust",500,10,"outcome",0.15,3,2,2000,-0.000160548779464031,0.0202922386965639,0.0203023641027047,0.142450829048356,0.115003133489965,0.949,2000,666.201019048691
158,"reg_adj",500,10,"outcome",0.15,3,2,2000,0.0161242160302777,0.0482644728354622,0.0480284967412417,0.219691767791745,0.173723164238418,0.9515,2000,666.201019048691
158,"adaptive",500,10,"outcome",0.15,3,2,2000,-0.0113379757468699,0.018284397001134,0.0181649297719834,0.135219809943418,0.108293496673791,0.9495,2000,666.201019048691
159,"naive",1000,10,"outcome",0.15,3,2,2000,0.00675131621778213,0.0258993750373472,0.0258667281307401,0.160932827718111,0.124836818729574,0.957,2000,1193.70832180977
159,"ipw_robust",1000,10,"outcome",0.15,3,2,2000,-0.0156203620760893,0.00922853978484244,0.00898903859275069,0.0960652891779463,0.0768439086126223,0.949,2000,1193.70832180977
159,"dr_robust",1000,10,"outcome",0.15,3,2,2000,0.00390591351142788,0.00898064076963696,0.00896986954405023,0.0947662427747189,0.0756552517335966,0.946,2000,1193.70832180977
159,"aipw_robust",1000,10,"outcome",0.15,3,2,2000,-0.000267777245122947,0.0101941278751678,0.010199155748389,0.10096597384846,0.0812634107442144,0.9495,2000,1193.70832180977
159,"reg_adj",1000,10,"outcome",0.15,3,2,2000,0.00587731322667606,0.0246070152413785,0.0245847648130205,0.156866233592123,0.121568587159421,0.9565,2000,1193.70832180977
159,"adaptive",1000,10,"outcome",0.15,3,2,2000,-0.0156146419210286,0.00922854263824495,0.00898922020602602,0.0960653040293162,0.076844158029158,0.949,2000,1193.70832180977
160,"naive",200,20,"outcome",0.15,3,2,2000,0.0198640299196202,0.15200565257,0.151686916343524,0.38987902299303,0.292769170305125,0.957,2000,715.584699869156
160,"ipw_robust",200,20,"outcome",0.15,3,2,2000,-0.0101690161304411,0.0573317473894356,0.0572569669838664,0.239440488199961,0.188416279079626,0.9455,2000,715.584699869156
160,"dr_robust",200,20,"outcome",0.15,3,2,2000,0.0113049723067373,0.0582727728366284,0.0581740574665056,0.241397541074114,0.189344691514655,0.9495,2000,715.584699869156
160,"aipw_robust",200,20,"outcome",0.15,3,2,2000,0.00703932988010347,0.0638410340988187,0.0638233936304731,0.25266783352619,0.200582525651793,0.9495,2000,715.584699869156
160,"reg_adj",200,20,"outcome",0.15,3,2,2000,0.0183221232478092,0.130210079666766,0.129939349141029,0.360846338025989,0.279692374105151,0.9495,2000,715.584699869156
160,"adaptive",200,20,"outcome",0.15,3,2,2000,-0.0110191854232953,0.0582069767468899,0.0581146116052996,0.241261220976124,0.189298216325255,0.9455,2000,715.584699869156
161,"naive",500,20,"outcome",0.15,3,2,2000,0.0235540069016515,0.0527688893808062,0.0522402182488076,0.229714800090909,0.177444596051166,0.947,2000,1837.73223495483
161,"ipw_robust",500,20,"outcome",0.15,3,2,2000,-0.00995872375514639,0.0182991410167013,0.0182090693725562,0.1352743176538,0.108453425871914,0.955,2000,1837.73223495483
161,"dr_robust",500,20,"outcome",0.15,3,2,2000,0.0100642984795023,0.0185368700561516,0.0184448023534438,0.136150174646056,0.109467213474238,0.9495,2000,1837.73223495483
161,"aipw_robust",500,20,"outcome",0.15,3,2,2000,0.00372834983387316,0.020637887328141,0.0206343038876011,0.143658927074307,0.115112475683959,0.9545,2000,1837.73223495483
161,"reg_adj",500,20,"outcome",0.15,3,2,2000,0.0234295943175535,0.0486686889234841,0.0481438149410695,0.220609811485084,0.172882899930452,0.953,2000,1837.73223495483
161,"adaptive",500,20,"outcome",0.15,3,2,2000,-0.0102193810665134,0.0183401408499319,0.0182448275143064,0.135425776165145,0.108721829278728,0.955,2000,1837.73223495483
162,"naive",1000,20,"outcome",0.15,3,2,2000,0.0050480358963183,0.026402774328949,0.0263904869059914,0.162489305275606,0.127924780825891,0.9525,2000,3136.47554993629
162,"ipw_robust",1000,20,"outcome",0.15,3,2,2000,-0.0153597454333887,0.00948836268768364,0.00925706944262645,0.0974082270020538,0.0779288514795917,0.951,2000,3136.47554993629
162,"dr_robust",1000,20,"outcome",0.15,3,2,2000,0.00423773852375131,0.00928367180174071,0.00927034854821914,0.0963518126541515,0.0769751806313334,0.9525,2000,3136.47554993629
162,"aipw_robust",1000,20,"outcome",0.15,3,2,2000,-0.000477126272255379,0.0107611027136402,0.0107662581932572,0.103735734988673,0.0825540383453111,0.9515,2000,3136.47554993629
162,"reg_adj",1000,20,"outcome",0.15,3,2,2000,0.00496645713558719,0.0245581199372343,0.0245457271043068,0.156710305778638,0.123468669351733,0.954,2000,3136.47554993629
162,"adaptive",1000,20,"outcome",0.15,3,2,2000,-0.0153597454333887,0.00948836268768364,0.00925706944262645,0.0974082270020538,0.0779288514795917,0.951,2000,3136.47554993629
163,"naive",200,5,"treatment",0.15,3,2,2000,-0.692282745333525,0.508911059290008,0.029670495051011,0.713380024454013,0.692282745333525,0.013,2000,180.362596035004
163,"ipw_robust",200,5,"treatment",0.15,3,2,2000,-0.643712729943346,0.446542089308534,0.0321921066707539,0.668238048384357,0.643712729943346,0.0465,2000,180.362596035004
163,"dr_robust",200,5,"treatment",0.15,3,2,2000,-0.639152459049206,0.437654430264156,0.0291531409259717,0.661554555773109,0.639152459049206,0.0315,2000,180.362596035004
163,"aipw_robust",200,5,"treatment",0.15,3,2,2000,-0.56101656325926,0.36133483795995,0.0466185629902139,0.601111335744012,0.561375523735963,0.2645,2000,180.362596035004
163,"reg_adj",200,5,"treatment",0.15,3,2,2000,-0.683964734745236,0.495666630579452,0.0278728086086362,0.704035958300038,0.683964734745236,0.0125,2000,180.362596035004
163,"adaptive",200,5,"treatment",0.15,3,2,2000,-0.683964734745236,0.495666630579452,0.0278728086086362,0.704035958300038,0.683964734745236,0.0125,2000,180.362596035004
164,"naive",500,5,"treatment",0.15,3,2,2000,-0.690165211864416,0.488134024300408,0.0118119105878475,0.698665888891399,0.690165211864416,0,2000,396.834959983826
164,"ipw_robust",500,5,"treatment",0.15,3,2,2000,-0.646179769151459,0.430276111640121,0.0127341846718243,0.655954351796008,0.646179769151459,0.001,2000,396.834959983826
164,"dr_robust",500,5,"treatment",0.15,3,2,2000,-0.636271862351318,0.416456560130091,0.0116204875538533,0.645334456022682,0.636271862351318,0,2000,396.834959983826
164,"aipw_robust",500,5,"treatment",0.15,3,2,2000,-0.551022254364072,0.322235122618328,0.0186189072674981,0.567657575143967,0.551022254364072,0.0225,2000,396.834959983826
164,"reg_adj",500,5,"treatment",0.15,3,2,2000,-0.682589551149289,0.477373258989403,0.0114504888956634,0.690922035391406,0.682589551149288,0,2000,396.834959983826
164,"adaptive",500,5,"treatment",0.15,3,2,2000,-0.682589551149289,0.477373258989403,0.0114504888956634,0.690922035391406,0.682589551149288,0,2000,396.834959983826
165,"naive",1000,5,"treatment",0.15,3,2,2000,-0.688708587392919,0.479739972168587,0.00542316540253899,0.69263263868272,0.688708587392919,0,2000,729.075174808502
165,"ipw_robust",1000,5,"treatment",0.15,3,2,2000,-0.643259314255704,0.419832768113005,0.00605324936096674,0.647945034793079,0.643259314255704,0,2000,729.075174808502
165,"dr_robust",1000,5,"treatment",0.15,3,2,2000,-0.63285327599352,0.405908416229798,0.00540785121967738,0.637109422493341,0.63285327599352,0,2000,729.075174808502
165,"aipw_robust",1000,5,"treatment",0.15,3,2,2000,-0.550204422365665,0.312221729064022,0.00950157346001678,0.55876804585089,0.550204422365665,0,2000,729.075174808502
165,"reg_adj",1000,5,"treatment",0.15,3,2,2000,-0.681737925773919,0.470075402794973,0.00531145908598981,0.685620450974862,0.681737925773919,0,2000,729.075174808502
165,"adaptive",1000,5,"treatment",0.15,3,2,2000,-0.681737925773919,0.470075402794973,0.00531145908598981,0.685620450974862,0.681737925773919,0,2000,729.075174808502
166,"naive",200,10,"treatment",0.15,3,2,2000,-0.709526100996952,0.535153965312492,0.0317425485908496,0.731542182866095,0.709526100996952,0.018,2000,310.400478839874
166,"ipw_robust",200,10,"treatment",0.15,3,2,2000,-0.657836029779949,0.465447873850644,0.0327159897688827,0.682237402852294,0.657836029779949,0.049,2000,310.400478839874
166,"dr_robust",200,10,"treatment",0.15,3,2,2000,-0.660306916162331,0.466076433470635,0.0300862530653605,0.682697907914353,0.660306916162331,0.0305,2000,310.400478839874
166,"aipw_robust",200,10,"treatment",0.15,3,2,2000,-0.592841338451396,0.39696251954411,0.0455244291818578,0.630049616731976,0.593411859796916,0.2175,2000,310.400478839874
166,"reg_adj",200,10,"treatment",0.15,3,2,2000,-0.700473650086739,0.519447693353647,0.0287987582669418,0.72072719759535,0.700473650086739,0.0115,2000,310.400478839874
166,"adaptive",200,10,"treatment",0.15,3,2,2000,-0.700473650086739,0.519447693353647,0.0287987582669418,0.72072719759535,0.700473650086739,0.0115,2000,310.400478839874
167,"naive",500,10,"treatment",0.15,3,2,2000,-0.7048235828349,0.508536339529746,0.0117659395793096,0.713117339243512,0.7048235828349,0,2000,712.586220026016
167,"ipw_robust",500,10,"treatment",0.15,3,2,2000,-0.651317615454208,0.436941701597054,0.0127334321121544,0.661015659116374,0.651317615454208,0,2000,712.586220026016
167,"dr_robust",500,10,"treatment",0.15,3,2,2000,-0.651150994735852,0.435483401956361,0.0114915297757601,0.659911662236971,0.651150994735852,0,2000,712.586220026016
167,"aipw_robust",500,10,"treatment",0.15,3,2,2000,-0.572517857696651,0.346891179254429,0.0191240438948133,0.58897468473138,0.572517857696651,0.0115,2000,712.586220026016
167,"reg_adj",500,10,"treatment",0.15,3,2,2000,-0.695161498543249,0.494183428636665,0.0109393892744075,0.702981812450838,0.695161498543248,0,2000,712.586220026016
167,"adaptive",500,10,"treatment",0.15,3,2,2000,-0.695161498543249,0.494183428636665,0.0109393892744075,0.702981812450838,0.695161498543248,0,2000,712.586220026016
168,"naive",1000,10,"treatment",0.15,3,2,2000,-0.700065662694337,0.495839062494133,0.00575000541317873,0.704158407245226,0.700065662694337,0,2000,1268.22240591049
168,"ipw_robust",1000,10,"treatment",0.15,3,2,2000,-0.644961125893046,0.422373371029591,0.00640171797535256,0.64990258580005,0.644961125893046,0,2000,1268.22240591049
168,"dr_robust",1000,10,"treatment",0.15,3,2,2000,-0.645295710330451,0.4221568815247,0.00575320435599768,0.649736009102697,0.645295710330451,0,2000,1268.22240591049
168,"aipw_robust",1000,10,"treatment",0.15,3,2,2000,-0.563906158916924,0.327637545371513,0.00965221541478109,0.572396318446855,0.563906158916924,0,2000,1268.22240591049
168,"reg_adj",1000,10,"treatment",0.15,3,2,2000,-0.690356208385047,0.482131107349711,0.00554218398592483,0.694356613959794,0.690356208385047,0,2000,1268.22240591049
168,"adaptive",1000,10,"treatment",0.15,3,2,2000,-0.690356208385047,0.482131107349711,0.00554218398592483,0.694356613959794,0.690356208385047,0,2000,1268.22240591049
169,"naive",200,20,"treatment",0.15,3,2,2000,-0.701303540914545,0.527527684264044,0.0357188872083698,0.726311010699992,0.701324768935259,0.0385,2000,723.50500702858
169,"ipw_robust",200,20,"treatment",0.15,3,2,2000,-0.649569205082207,0.457752972893667,0.0358307360705716,0.67657444002391,0.649569205082207,0.0675,2000,723.50500702858
169,"dr_robust",200,20,"treatment",0.15,3,2,2000,-0.652755486395175,0.459744143899582,0.0336712545078348,0.678044352457553,0.652810971892428,0.055,2000,723.50500702858
169,"aipw_robust",200,20,"treatment",0.15,3,2,2000,-0.593671346316654,0.402394639094195,0.0499739586360848,0.634345835561482,0.594628628893746,0.244,2000,723.50500702858
169,"reg_adj",200,20,"treatment",0.15,3,2,2000,-0.691653438243112,0.508368004973502,0.0299985256027854,0.712999302225116,0.691653438243112,0.0225,2000,723.50500702858
169,"adaptive",200,20,"treatment",0.15,3,2,2000,-0.691479808890034,0.508272998270904,0.0301437440403267,0.712932674430696,0.691479808890034,0.023,2000,723.50500702858
170,"naive",500,20,"treatment",0.15,3,2,2000,-0.704947760470771,0.510019560834137,0.0130747532179911,0.714156538046202,0.70494776047077,0,2000,1957.05063295364
170,"ipw_robust",500,20,"treatment",0.15,3,2,2000,-0.652510344083986,0.439559705874315,0.0137968551652952,0.662992990818391,0.652510344083986,0,2000,1957.05063295364
170,"dr_robust",500,20,"treatment",0.15,3,2,2000,-0.652313908472029,0.438112263253029,0.0126051306322906,0.661900493467884,0.652313908472029,0,2000,1957.05063295364
170,"aipw_robust",500,20,"treatment",0.15,3,2,2000,-0.58358649556986,0.359982863238471,0.0194193751145183,0.599985719195442,0.58358649556986,0.0165,2000,1957.05063295364
170,"reg_adj",500,20,"treatment",0.15,3,2,2000,-0.694895390481269,0.494838440738005,0.011964819435607,0.703447539435604,0.694895390481269,0,2000,1957.05063295364
170,"adaptive",500,20,"treatment",0.15,3,2,2000,-0.694895390481269,0.494838440738005,0.011964819435607,0.703447539435604,0.694895390481269,0,2000,1957.05063295364
171,"naive",1000,20,"treatment",0.15,3,2,2000,-0.704919720305081,0.502847526243685,0.00593868351044637,0.709117427682951,0.704919720305081,0,2000,3519.19464588165
171,"ipw_robust",1000,20,"treatment",0.15,3,2,2000,-0.653163355446235,0.433159531091801,0.0065404324102215,0.658148563085722,0.653163355446235,0,2000,3519.19464588165
171,"dr_robust",1000,20,"treatment",0.15,3,2,2000,-0.650417580663828,0.428875406364805,0.00583529477560547,0.654885796429274,0.650417580663828,0,2000,3519.19464588165
171,"aipw_robust",1000,20,"treatment",0.15,3,2,2000,-0.573139742442679,0.337981128903271,0.00949671289245648,0.581361444286832,0.573139742442679,0,2000,3519.19464588165
171,"reg_adj",1000,20,"treatment",0.15,3,2,2000,-0.694534019891237,0.48799826424939,0.00562357124873243,0.698568725501929,0.694534019891237,0,2000,3519.19464588165
171,"adaptive",1000,20,"treatment",0.15,3,2,2000,-0.694534019891237,0.48799826424939,0.00562357124873243,0.698568725501929,0.694534019891237,0,2000,3519.19464588165
172,"naive",200,5,"mixed",0.15,3,2,2000,-0.325683141224173,0.170790075846745,0.0647529438410209,0.413267559635092,0.349702863543925,0.7555,2000,171.537906885147
172,"ipw_robust",200,5,"mixed",0.15,3,2,2000,-0.307122155949262,0.136286098428434,0.0419830712891559,0.369169471149002,0.317791270404429,0.6795,2000,171.537906885147
172,"dr_robust",200,5,"mixed",0.15,3,2,2000,-0.320845805152305,0.149578556191136,0.0466598554350229,0.386753870298846,0.330096780503459,0.704,2000,171.537906885147
172,"aipw_robust",200,5,"mixed",0.15,3,2,2000,-0.267069471785644,0.12298195837185,0.0516816964602173,0.35068783607626,0.294762754757783,0.7805,2000,171.537906885147
172,"reg_adj",200,5,"mixed",0.15,3,2,2000,-0.342887002193297,0.17969911057688,0.0621586936505989,0.423909318813446,0.361672335143678,0.741,2000,171.537906885147
172,"adaptive",200,5,"mixed",0.15,3,2,2000,-0.329457439793129,0.153086993046551,0.0445670719474816,0.391263329544888,0.338576702509476,0.66,2000,171.537906885147
173,"naive",500,5,"mixed",0.15,3,2,2000,-0.330405486995993,0.138340900862932,0.0291877088803123,0.371942066541191,0.336924342770097,0.502,2000,397.958005189896
173,"ipw_robust",500,5,"mixed",0.15,3,2,2000,-0.312437784378539,0.115309761885065,0.0177012433993939,0.339572911000075,0.314135523709981,0.3425,2000,397.958005189896
173,"dr_robust",500,5,"mixed",0.15,3,2,2000,-0.337410331000522,0.133773246781212,0.0199374840573588,0.365750251922281,0.338266702212025,0.338,2000,397.958005189896
173,"aipw_robust",500,5,"mixed",0.15,3,2,2000,-0.271062004362536,0.0941870314098756,0.0207227825921359,0.306899057362312,0.273735655716597,0.5375,2000,397.958005189896
173,"reg_adj",500,5,"mixed",0.15,3,2,2000,-0.344824942519784,0.144753946334947,0.0258626366695094,0.380465433824082,0.349090022314266,0.409,2000,397.958005189896
173,"adaptive",500,5,"mixed",0.15,3,2,2000,-0.322659124390794,0.122128118337637,0.0180282218959518,0.349468336673922,0.323958325587493,0.3205,2000,397.958005189896
174,"naive",1000,5,"mixed",0.15,3,2,2000,-0.335689692993626,0.126728431510054,0.0140478854706348,0.355989369939686,0.33590394868944,0.182,2000,784.941940069199
174,"ipw_robust",1000,5,"mixed",0.15,3,2,2000,-0.315159555138881,0.10839528735992,0.00907427930423543,0.32923439577286,0.31515955513888,0.087,2000,784.941940069199
174,"dr_robust",1000,5,"mixed",0.15,3,2,2000,-0.358274621067068,0.139953112825171,0.011598207828334,0.37410307780767,0.358288539949751,0.065,2000,784.941940069199
174,"aipw_robust",1000,5,"mixed",0.15,3,2,2000,-0.277126078822122,0.0868208686870606,0.0100270186330521,0.294653811594319,0.277302091147838,0.2165,2000,784.941940069199
174,"reg_adj",1000,5,"mixed",0.15,3,2,2000,-0.352357250737723,0.136233507550539,0.0120839173617739,0.369098235637261,0.352389035678734,0.107,2000,784.941940069199
174,"adaptive",1000,5,"mixed",0.15,3,2,2000,-0.318831737896137,0.110871373653736,0.00922230771772333,0.33297353296281,0.318831737896138,0.084,2000,784.941940069199
175,"naive",200,10,"mixed",0.15,3,2,2000,-0.307345469308731,0.165875308927568,0.0714497963211247,0.407277925902655,0.339998578907209,0.799,2000,279.690447092056
175,"ipw_robust",200,10,"mixed",0.15,3,2,2000,-0.284063553059046,0.125037913890313,0.0443679957116393,0.353607004866013,0.300385687486934,0.7325,2000,279.690447092056
175,"dr_robust",200,10,"mixed",0.15,3,2,2000,-0.29606998475514,0.136512904633726,0.0488799087151745,0.369476527852211,0.310775005708435,0.757,2000,279.690447092056
175,"aipw_robust",200,10,"mixed",0.15,3,2,2000,-0.251245694399661,0.118209560688804,0.0551127180934824,0.343816172814491,0.283471968423576,0.82,2000,279.690447092056
175,"reg_adj",200,10,"mixed",0.15,3,2,2000,-0.319833444614311,0.167033512153818,0.0647724660930088,0.408697335633373,0.347357308686518,0.766,2000,279.690447092056
175,"adaptive",200,10,"mixed",0.15,3,2,2000,-0.305095913555907,0.139783048011617,0.0467228929895989,0.373875711984099,0.319456471855286,0.7105,2000,279.690447092056
176,"naive",500,10,"mixed",0.15,3,2,2000,-0.316084580122031,0.12930661190066,0.0294118560377587,0.359592285652321,0.321882710169434,0.5475,2000,661.278040885925
176,"ipw_robust",500,10,"mixed",0.15,3,2,2000,-0.292956251937613,0.104708093052921,0.0188941745908818,0.323586299235491,0.295256128884614,0.4235,2000,661.278040885925
176,"dr_robust",500,10,"mixed",0.15,3,2,2000,-0.326493614147173,0.129360123231599,0.0227734298676504,0.359666683516279,0.32768440798383,0.425,2000,661.278040885925
176,"aipw_robust",500,10,"mixed",0.15,3,2,2000,-0.257661554596302,0.0858510913713623,0.019471350329544,0.293003568871375,0.261080675507366,0.5525,2000,661.278040885925
176,"reg_adj",500,10,"mixed",0.15,3,2,2000,-0.330094647739708,0.133703366998145,0.0247532671653255,0.365654710072419,0.333446528730493,0.4275,2000,661.278040885925
176,"adaptive",500,10,"mixed",0.15,3,2,2000,-0.305518524562125,0.112674956966599,0.0193430596458045,0.335670905749365,0.307253296546987,0.403,2000,661.278040885925
177,"naive",1000,10,"mixed",0.15,3,2,2000,-0.322015832764083,0.118454923223143,0.0147681107277609,0.344172810115998,0.322636293571637,0.236,2000,1332.48847198486
177,"ipw_robust",1000,10,"mixed",0.15,3,2,2000,-0.297771965532613,0.0987386839915374,0.0100755783235435,0.314227121667652,0.297811716472748,0.15,2000,1332.48847198486
177,"dr_robust",1000,10,"mixed",0.15,3,2,2000,-0.346795909890422,0.132503433074041,0.0122421510328312,0.364010210123343,0.346843928197229,0.111,2000,1332.48847198486
177,"aipw_robust",1000,10,"mixed",0.15,3,2,2000,-0.267575990096992,0.0816214663743436,0.0100295706832995,0.285694708341516,0.267725751696492,0.2465,2000,1332.48847198486
177,"reg_adj",1000,10,"mixed",0.15,3,2,2000,-0.338061375449211,0.126443972581916,0.0121645612919495,0.355589612590014,0.338299547225249,0.1265,2000,1332.48847198486
177,"adaptive",1000,10,"mixed",0.15,3,2,2000,-0.302605955139987,0.101767573018812,0.0102023100876726,0.319010302370962,0.302665604600634,0.1445,2000,1332.48847198486
178,"naive",200,20,"mixed",0.15,3,2,2000,-0.295357498810489,0.159546553932484,0.0723466751664796,0.39943279025699,0.331503128245575,0.818,2000,662.010474205017
178,"ipw_robust",200,20,"mixed",0.15,3,2,2000,-0.278679517641365,0.121254718034805,0.0436142516077847,0.348216481566862,0.29509428236775,0.742,2000,662.010474205017
178,"dr_robust",200,20,"mixed",0.15,3,2,2000,-0.276375078665775,0.118925894624831,0.0425639925135743,0.344856339110695,0.292826317536863,0.744,2000,662.010474205017
178,"aipw_robust",200,20,"mixed",0.15,3,2,2000,-0.242577591781904,0.115979533037213,0.0571642271160631,0.340557679457112,0.278527987176634,0.8285,2000,662.010474205017
178,"reg_adj",200,20,"mixed",0.15,3,2,2000,-0.308108331420989,0.158332539531244,0.0634335123964161,0.397910215414538,0.334774690697665,0.7755,2000,662.010474205017
178,"adaptive",200,20,"mixed",0.15,3,2,2000,-0.29594310837064,0.132526228878765,0.0449663886810293,0.364041520817015,0.311098622878907,0.7195,2000,662.010474205017
179,"naive",500,20,"mixed",0.15,3,2,2000,-0.314854312246169,0.12957831956881,0.0304603117846946,0.359969887030582,0.320822820066985,0.575,2000,1553.60303902626
179,"ipw_robust",500,20,"mixed",0.15,3,2,2000,-0.290056160473346,0.104320080333882,0.0201976029067954,0.322986192172176,0.292810563412815,0.462,2000,1553.60303902626
179,"dr_robust",500,20,"mixed",0.15,3,2,2000,-0.310453188563066,0.118751620036811,0.0223816285621171,0.344603569390699,0.31283134183176,0.469,2000,1553.60303902626
179,"aipw_robust",500,20,"mixed",0.15,3,2,2000,-0.251343719569399,0.0850978930784251,0.0219351953090992,0.291715431676874,0.256554678725734,0.6045,2000,1553.60303902626
179,"reg_adj",500,20,"mixed",0.15,3,2,2000,-0.334952215062815,0.137528149683329,0.0253478372264554,0.370847879437551,0.337620879476199,0.454,2000,1553.60303902626
179,"adaptive",500,20,"mixed",0.15,3,2,2000,-0.301070127363811,0.111053566988483,0.0204205556754595,0.333247005970771,0.303551045333714,0.4395,2000,1553.60303902626
180,"naive",1000,20,"mixed",0.15,3,2,2000,-0.323183871657782,0.120485477384232,0.0160456853271816,0.347110180467574,0.323971568230424,0.275,2000,3231.26824998856
180,"ipw_robust",1000,20,"mixed",0.15,3,2,2000,-0.299869358826902,0.100528386929028,0.0106120605960684,0.317062118407462,0.299951588042084,0.171,2000,3231.26824998856
180,"dr_robust",1000,20,"mixed",0.15,3,2,2000,-0.338905676781437,0.127122440680363,0.0122715186850221,0.356542340655866,0.338905676781437,0.131,2000,3231.26824998856
180,"aipw_robust",1000,20,"mixed",0.15,3,2,2000,-0.266335623813964,0.081723929529519,0.01079466234832,0.285873974907684,0.26641803510434,0.2695,2000,3231.26824998856
180,"reg_adj",1000,20,"mixed",0.15,3,2,2000,-0.341636276581893,0.129363619505214,0.0126546013291388,0.35967154391919,0.341671949466153,0.1465,2000,3231.26824998856
180,"adaptive",1000,20,"mixed",0.15,3,2,2000,-0.303914962312542,0.103204707670698,0.010845826266397,0.321254895170015,0.303997191527724,0.1695,2000,3231.26824998856
181,"naive",200,5,"none",0.2,3,2,2000,0.00600391412712575,0.030709062043043,0.030688359237816,0.175240012677022,0.140133211417046,0.9485,2000,180.896025896072
181,"ipw_robust",200,5,"none",0.2,3,2,2000,-0.0254494084545529,0.0325279354257098,0.0318962111405934,0.180355026061681,0.144756111704122,0.95,2000,180.896025896072
181,"dr_robust",200,5,"none",0.2,3,2,2000,0.00141350807301821,0.0300949388349936,0.0301079948273348,0.17347892908072,0.138841561348652,0.951,2000,180.896025896072
181,"aipw_robust",200,5,"none",0.2,3,2,2000,-0.00315584486397102,0.0422293098862675,0.0422404707648445,0.205497712605925,0.166486190578362,0.952,2000,180.896025896072
181,"reg_adj",200,5,"none",0.2,3,2,2000,0.00533043297510005,0.0277151343023349,0.0277005710721689,0.166478630167162,0.133651949730106,0.9525,2000,180.896025896072
181,"adaptive",200,5,"none",0.2,3,2,2000,0.00522816930715519,0.0277567683923425,0.0277433062911838,0.166603626588206,0.133724231688029,0.952,2000,180.896025896072
182,"naive",500,5,"none",0.2,3,2,2000,0.0101108344002587,0.0118952730084768,0.0117989435079613,0.109065452864217,0.0867218690127103,0.9475,2000,400.4643201828
182,"ipw_robust",500,5,"none",0.2,3,2,2000,-0.0189971392174215,0.0127635094246342,0.0124088225374568,0.112975702806551,0.0898398016905597,0.949,2000,400.4643201828
182,"dr_robust",500,5,"none",0.2,3,2,2000,0.00582464198396648,0.0117454668410531,0.0117173990863549,0.108376505023244,0.0864895624554595,0.95,2000,400.4643201828
182,"aipw_robust",500,5,"none",0.2,3,2,2000,0.00195467915477066,0.0162368243096733,0.0162411241011258,0.12742379805073,0.10096174227256,0.948,2000,400.4643201828
182,"reg_adj",500,5,"none",0.2,3,2,2000,0.00985009099507472,0.0112950759038304,0.0112036534379381,0.10627829460351,0.0848215966226571,0.9475,2000,400.4643201828
182,"adaptive",500,5,"none",0.2,3,2,2000,0.00985009099507472,0.0112950759038304,0.0112036534379381,0.10627829460351,0.0848215966226571,0.9475,2000,400.4643201828
183,"naive",1000,5,"none",0.2,3,2,2000,0.0114291783745415,0.0057603695208253,0.00563255968234938,0.0758970982371875,0.0611752531387048,0.9495,2000,734.562507867813
183,"ipw_robust",1000,5,"none",0.2,3,2,2000,-0.0179762666333418,0.00613116205215168,0.00581092135075406,0.0783017372230762,0.0629619524453806,0.95,2000,734.562507867813
183,"dr_robust",1000,5,"none",0.2,3,2,2000,0.00715709142970011,0.00559798918052901,0.00554953999279232,0.0748197111764608,0.0601595446688571,0.949,2000,734.562507867813
183,"aipw_robust",1000,5,"none",0.2,3,2,2000,0.00358685393486446,0.00769826645791303,0.00768924555954275,0.0877397655451223,0.0707045061138216,0.947,2000,734.562507867813
183,"reg_adj",1000,5,"none",0.2,3,2,2000,0.0102524550749692,0.00545327398055731,0.00535083656377493,0.0738462861663151,0.0591412547086372,0.9455,2000,734.562507867813
183,"adaptive",1000,5,"none",0.2,3,2,2000,0.0102524550749692,0.00545327398055731,0.00535083656377493,0.0738462861663151,0.0591412547086372,0.9455,2000,734.562507867813
184,"naive",200,10,"none",0.2,3,2,2000,0.0118854447850474,0.0338764984608556,0.0337521107184765,0.184055693910446,0.14534466425053,0.9425,2000,307.034719944
184,"ipw_robust",200,10,"none",0.2,3,2,2000,-0.009752611022116,0.0336028520417862,0.0335245008704728,0.183310807214922,0.146129795658634,0.945,2000,307.034719944
184,"dr_robust",200,10,"none",0.2,3,2,2000,0.00743139200088683,0.0320762818386206,0.0320370747889442,0.179098525506551,0.141645695427595,0.948,2000,307.034719944
184,"aipw_robust",200,10,"none",0.2,3,2,2000,0.00635791909788264,0.0410106945329069,0.0409907667810422,0.202510973857979,0.161531343885665,0.9515,2000,307.034719944
184,"reg_adj",200,10,"none",0.2,3,2,2000,0.0113593337708022,0.0291943659853906,0.0290798714574028,0.170863588822752,0.13527609679521,0.946,2000,307.034719944
184,"adaptive",200,10,"none",0.2,3,2,2000,0.0101898789698027,0.0293366203891434,0.0292474104609546,0.171279363582258,0.135674900645147,0.945,2000,307.034719944
185,"naive",500,10,"none",0.2,3,2,2000,0.00812117451666516,0.0123251361662878,0.0122653153484319,0.111018629816296,0.0881701099861028,0.9505,2000,726.372075080872
185,"ipw_robust",500,10,"none",0.2,3,2,2000,-0.0153560625123144,0.0127129966761074,0.0124834297350929,0.112751925376498,0.088869838272976,0.9445,2000,726.372075080872
185,"dr_robust",500,10,"none",0.2,3,2,2000,0.00197750861269208,0.0119710623170395,0.0119731383458992,0.109412349929245,0.0867904393655079,0.9485,2000,726.372075080872
185,"aipw_robust",500,10,"none",0.2,3,2,2000,-0.00259567806641225,0.0168937424220976,0.0168954526037751,0.129975930164387,0.102932813772241,0.943,2000,726.372075080872
185,"reg_adj",500,10,"none",0.2,3,2,2000,0.00754386503436955,0.0114217890939826,0.0113705644765641,0.10687277059187,0.0848241743249491,0.9455,2000,726.372075080872
185,"adaptive",500,10,"none",0.2,3,2,2000,0.00754386503436955,0.0114217890939826,0.0113705644765641,0.10687277059187,0.0848241743249491,0.9455,2000,726.372075080872
186,"naive",1000,10,"none",0.2,3,2,2000,0.0116185962188622,0.00587461014464715,0.00574248961135587,0.0766460054056775,0.0615444246396648,0.9485,2000,1291.00540590286
186,"ipw_robust",1000,10,"none",0.2,3,2,2000,-0.0116772569759904,0.00605603202821445,0.00592263501523875,0.0778205116162471,0.0617518639769327,0.94,2000,1291.00540590286
186,"dr_robust",1000,10,"none",0.2,3,2,2000,0.00668916328350155,0.00562801178376161,0.00558605990828241,0.0750200758714733,0.0600395581524297,0.9455,2000,1291.00540590286
186,"aipw_robust",1000,10,"none",0.2,3,2,2000,0.000122787926686296,0.00812783104431581,0.00813188190839507,0.0901544843272691,0.0719832354273329,0.953,2000,1291.00540590286
186,"reg_adj",1000,10,"none",0.2,3,2,2000,0.010789115746189,0.00539503091709823,0.00528126653177946,0.0734508741751807,0.0585657876621881,0.948,2000,1291.00540590286
186,"adaptive",1000,10,"none",0.2,3,2,2000,0.010789115746189,0.00539503091709823,0.00528126653177946,0.0734508741751807,0.0585657876621881,0.948,2000,1291.00540590286
187,"naive",200,20,"none",0.2,3,2,2000,0.00861885555156849,0.0394011925394971,0.0393465811590579,0.198497336353658,0.156821016405729,0.944,2000,722.205759048462
187,"ipw_robust",200,20,"none",0.2,3,2,2000,-0.0143233385138213,0.0376934393258028,0.0375070348170298,0.194147983058807,0.154673504144479,0.945,2000,722.205759048462
187,"dr_robust",200,20,"none",0.2,3,2,2000,0.00565297274375753,0.0369048720097636,0.0368913615897168,0.192106408039304,0.15287281736979,0.945,2000,722.205759048462
187,"aipw_robust",200,20,"none",0.2,3,2,2000,-0.00226019599853777,0.045497587288619,0.0455152364208777,0.213301634519333,0.170697103324599,0.9505,2000,722.205759048462
187,"reg_adj",200,20,"none",0.2,3,2,2000,0.00898265125776065,0.0309604815114899,0.0308952411084255,0.175955907861856,0.139991238070896,0.941,2000,722.205759048462
187,"adaptive",200,20,"none",0.2,3,2,2000,0.00947385266644263,0.032401160699051,0.0323275706000056,0.180003224135156,0.143166556675542,0.942,2000,722.205759048462
188,"naive",500,20,"none",0.2,3,2,2000,0.00967938938019941,0.0130589164793167,0.0129717117564214,0.114275616293752,0.0906655740924369,0.949,2000,1955.92901706696
188,"ipw_robust",500,20,"none",0.2,3,2,2000,-0.0141739223568209,0.0133776316646704,0.0131833232513189,0.11566171218113,0.092242034877075,0.9505,2000,1955.92901706696
188,"dr_robust",500,20,"none",0.2,3,2,2000,0.00625252497776785,0.0125683280146675,0.0125355016969183,0.112108554600742,0.088967643284536,0.95,2000,1955.92901706696
188,"aipw_robust",500,20,"none",0.2,3,2,2000,0.00525076036470873,0.0165148872824051,0.0164955645802876,0.128510261389529,0.101080156882052,0.9435,2000,1955.92901706696
188,"reg_adj",500,20,"none",0.2,3,2,2000,0.0101528948562994,0.0113970910548863,0.0112996596107286,0.106757159267594,0.0851404412171341,0.9435,2000,1955.92901706696
188,"adaptive",500,20,"none",0.2,3,2,2000,0.010138172245894,0.0113921061888396,0.0112949711379212,0.106733809961228,0.0851257186067287,0.9435,2000,1955.92901706696
189,"naive",1000,20,"none",0.2,3,2,2000,0.0101386305198905,0.00617088742724259,0.00607113116400574,0.0785549961952936,0.0627449315708978,0.9445,2000,3628.96169686317
189,"ipw_robust",1000,20,"none",0.2,3,2,2000,-0.0129022801311636,0.00637783891732124,0.00621447732339993,0.0798613731244413,0.0638778057805684,0.9455,2000,3628.96169686317
189,"dr_robust",1000,20,"none",0.2,3,2,2000,0.00597189190568015,0.00598523200714175,0.00595254478660192,0.0773642812100116,0.0621171951737755,0.9495,2000,3628.96169686317
189,"aipw_robust",1000,20,"none",0.2,3,2,2000,0.00194526021535602,0.00791651627177689,0.00791669057976132,0.0889748069499276,0.0705883833927718,0.945,2000,3628.96169686317
189,"reg_adj",1000,20,"none",0.2,3,2,2000,0.00999194708587714,0.00578188128303962,0.00568488471883207,0.0760386828071056,0.0610295168943181,0.9435,2000,3628.96169686317
189,"adaptive",1000,20,"none",0.2,3,2,2000,0.00999194708587714,0.00578188128303962,0.00568488471883207,0.0760386828071056,0.0610295168943181,0.9435,2000,3628.96169686317
190,"naive",200,5,"covariate",0.2,3,2,2000,-0.183935919530296,0.0676588409111717,0.03384334008776,0.260113130985677,0.213100783092897,0.8285,2000,169.053545951843
190,"ipw_robust",200,5,"covariate",0.2,3,2,2000,-0.182562017538799,0.068089885515199,0.0347783844595921,0.260940386899382,0.212517178368366,0.8395,2000,169.053545951843
190,"dr_robust",200,5,"covariate",0.2,3,2,2000,-0.187185988347415,0.0690107099239624,0.0339891102454868,0.262698895932134,0.215209150615914,0.8315,2000,169.053545951843
190,"aipw_robust",200,5,"covariate",0.2,3,2,2000,-0.177410719016523,0.0782431771005622,0.0467920098835441,0.279719818927015,0.225195300883779,0.8675,2000,169.053545951843
190,"reg_adj",200,5,"covariate",0.2,3,2,2000,-0.187094326197071,0.0670143469929423,0.0320260731343734,0.258871294262114,0.21415657646396,0.818,2000,169.053545951843
190,"adaptive",200,5,"covariate",0.2,3,2,2000,-0.187012045742425,0.0671904084845368,0.0322330197416407,0.259211127239046,0.214451715723645,0.819,2000,169.053545951843
191,"naive",500,5,"covariate",0.2,3,2,2000,-0.18529135606193,0.0489322370834439,0.0146066537790645,0.221206322430992,0.191923355945109,0.6685,2000,395.514253139496
191,"ipw_robust",500,5,"covariate",0.2,3,2,2000,-0.181502488730568,0.0479170958847058,0.014981433185909,0.218899739343622,0.188940251942627,0.667,2000,395.514253139496
191,"dr_robust",500,5,"covariate",0.2,3,2,2000,-0.187790640690694,0.0499881333012852,0.0147301736570924,0.223580261430398,0.193760514493592,0.651,2000,395.514253139496
191,"aipw_robust",500,5,"covariate",0.2,3,2,2000,-0.175483783655936,0.0504620302235636,0.0196773105526365,0.224637553012767,0.190319792096289,0.7645,2000,395.514253139496
191,"reg_adj",500,5,"covariate",0.2,3,2,2000,-0.186930660683581,0.0492380794176415,0.0143021585933381,0.221896551162116,0.192933343613968,0.6505,2000,395.514253139496
191,"adaptive",500,5,"covariate",0.2,3,2,2000,-0.186930660683581,0.0492380794176415,0.0143021585933381,0.221896551162116,0.192933343613968,0.6505,2000,395.514253139496
192,"naive",1000,5,"covariate",0.2,3,2,2000,-0.182481623925991,0.0401332630392339,0.00683713853783614,0.200332880574393,0.183555393647262,0.3995,2000,787.856691837311
192,"ipw_robust",1000,5,"covariate",0.2,3,2,2000,-0.178413730110889,0.0388780894754025,0.00705015546105182,0.197175276024664,0.179690049179853,0.4375,2000,787.856691837311
192,"dr_robust",1000,5,"covariate",0.2,3,2,2000,-0.184334780806642,0.0409023468993696,0.00692649873370381,0.202243286413591,0.185291076601257,0.401,2000,787.856691837311
192,"aipw_robust",1000,5,"covariate",0.2,3,2,2000,-0.173750106240435,0.0394983595569727,0.00931391709695859,0.198741942118348,0.176123973791796,0.564,2000,787.856691837311
192,"reg_adj",1000,5,"covariate",0.2,3,2,2000,-0.184300049089557,0.0404468110151709,0.00648354469310417,0.201113925463084,0.18511410843993,0.361,2000,787.856691837311
192,"adaptive",1000,5,"covariate",0.2,3,2,2000,-0.184300049089557,0.0404468110151709,0.00648354469310417,0.201113925463084,0.18511410843993,0.361,2000,787.856691837311
193,"naive",200,10,"covariate",0.2,3,2,2000,-0.149777846657879,0.0652215557160039,0.0428095571451053,0.255385112557494,0.205312819345299,0.8935,2000,267.552532911301
193,"ipw_robust",200,10,"covariate",0.2,3,2,2000,-0.146245727348605,0.0629768211593228,0.0416098132982494,0.25095183035659,0.2023192408457,0.896,2000,267.552532911301
193,"dr_robust",200,10,"covariate",0.2,3,2,2000,-0.154865982466086,0.0661111347538693,0.0421487365969817,0.257120856318326,0.206778564426834,0.8875,2000,267.552532911301
193,"aipw_robust",200,10,"covariate",0.2,3,2,2000,-0.137233320519207,0.0724888712766258,0.0536827283800885,0.269237574043122,0.215444829227658,0.9135,2000,267.552532911301
193,"reg_adj",200,10,"covariate",0.2,3,2,2000,-0.153611346026228,0.0593434594160765,0.0357648962362052,0.243605130110342,0.197866120222657,0.8705,2000,267.552532911301
193,"adaptive",200,10,"covariate",0.2,3,2,2000,-0.152917110676509,0.0601973953794718,0.0368321687261831,0.24535157504991,0.199255738977518,0.8745,2000,267.552532911301
194,"naive",500,10,"covariate",0.2,3,2,2000,-0.154407502546519,0.0395835752263646,0.0157497732703466,0.198956214344676,0.167341519582733,0.772,2000,664.537630081177
194,"ipw_robust",500,10,"covariate",0.2,3,2,2000,-0.149962202498365,0.0387365865058153,0.0162560523538315,0.196816123592086,0.165074923411061,0.792,2000,664.537630081177
194,"dr_robust",500,10,"covariate",0.2,3,2,2000,-0.157602725495713,0.0404411122156858,0.0156102982811494,0.201099756876247,0.169499219013893,0.76,2000,664.537630081177
194,"aipw_robust",500,10,"covariate",0.2,3,2,2000,-0.150272769823653,0.0436359834818454,0.0210646104365911,0.208892277219253,0.172996634034771,0.815,2000,664.537630081177
194,"reg_adj",500,10,"covariate",0.2,3,2,2000,-0.156086856632788,0.0384656975525302,0.0141096455618067,0.196126738494603,0.166280827266499,0.7495,2000,664.537630081177
194,"adaptive",500,10,"covariate",0.2,3,2,2000,-0.156271961780328,0.0385786869597024,0.0141648433427013,0.196414579295179,0.166465932414039,0.751,2000,664.537630081177
195,"naive",1000,10,"covariate",0.2,3,2,2000,-0.158810078179232,0.0324520583970793,0.00723503498327732,0.180144548618823,0.160836482303328,0.534,2000,1367.7169649601
195,"ipw_robust",1000,10,"covariate",0.2,3,2,2000,-0.152416768359275,0.0306181639314732,0.00739098814846251,0.174980467285561,0.154898644298226,0.5785,2000,1367.7169649601
195,"dr_robust",1000,10,"covariate",0.2,3,2,2000,-0.159708245175326,0.032792881923454,0.00728980324809593,0.181088050195075,0.161601359201693,0.5325,2000,1367.7169649601
195,"aipw_robust",1000,10,"covariate",0.2,3,2,2000,-0.152555665638994,0.0329133743352175,0.00964496569951061,0.181420435274578,0.157003734493274,0.6625,2000,1367.7169649601
195,"reg_adj",1000,10,"covariate",0.2,3,2,2000,-0.159868521020632,0.0323233790076613,0.00676881940403906,0.17978703793005,0.161523643323008,0.51,2000,1367.7169649601
195,"adaptive",1000,10,"covariate",0.2,3,2,2000,-0.159868521020632,0.0323233790076613,0.00676881940403906,0.17978703793005,0.161523643323008,0.51,2000,1367.7169649601
196,"naive",200,20,"covariate",0.2,3,2,2000,-0.150200938645203,0.0704426518221353,0.0479062829937322,0.265410346109822,0.212022553746879,0.908,2000,563.600545883179
196,"ipw_robust",200,20,"covariate",0.2,3,2,2000,-0.147018004481791,0.0667012900247313,0.0451095511585027,0.258265928888677,0.205731353448523,0.894,2000,563.600545883179
196,"dr_robust",200,20,"covariate",0.2,3,2,2000,-0.155564909872072,0.071342998301118,0.047166140187706,0.267101101272754,0.214421984864688,0.893,2000,563.600545883179
196,"aipw_robust",200,20,"covariate",0.2,3,2,2000,-0.129007032213334,0.0749674404110994,0.0583538029520832,0.273801826895109,0.218923950388185,0.9165,2000,563.600545883179
196,"reg_adj",200,20,"covariate",0.2,3,2,2000,-0.166860201109858,0.0653669757501779,0.0375434207461286,0.255669661380027,0.209419249974839,0.868,2000,563.600545883179
196,"adaptive",200,20,"covariate",0.2,3,2,2000,-0.166448942169069,0.067822404578071,0.0401372228402891,0.260427349904097,0.211528833933359,0.8775,2000,563.600545883179
197,"naive",500,20,"covariate",0.2,3,2,2000,-0.159550249621837,0.0421325952319526,0.0166846554052648,0.205262259638621,0.173765001778497,0.772,2000,1548.55583310127
197,"ipw_robust",500,20,"covariate",0.2,3,2,2000,-0.153506435200331,0.0402359986768923,0.0166801130855214,0.200589129009755,0.168813010114998,0.779,2000,1548.55583310127
197,"dr_robust",500,20,"covariate",0.2,3,2,2000,-0.166156028904997,0.0447171091612777,0.0171178421408699,0.21146420302566,0.178930316447614,0.76,2000,1548.55583310127
197,"aipw_robust",500,20,"covariate",0.2,3,2,2000,-0.149251433399024,0.0432592498413727,0.0209937563478834,0.20798858103601,0.172073101179534,0.8315,2000,1548.55583310127
197,"reg_adj",500,20,"covariate",0.2,3,2,2000,-0.165137835107271,0.0417347178810831,0.0144714490216778,0.204290767978103,0.174543630426615,0.725,2000,1548.55583310127
197,"adaptive",500,20,"covariate",0.2,3,2,2000,-0.165404384831936,0.0419612937156319,0.0146099881880947,0.204844559887813,0.174810180151281,0.7285,2000,1548.55583310127
198,"naive",1000,20,"covariate",0.2,3,2,2000,-0.169592888721756,0.0364820792823453,0.00772419347409239,0.191002825325557,0.171035784406494,0.515,2000,3468.64519286156
198,"ipw_robust",1000,20,"covariate",0.2,3,2,2000,-0.16436690790272,0.0348820037459593,0.00786945806148878,0.186767244842235,0.166252629735609,0.547,2000,3468.64519286156
198,"dr_robust",1000,20,"covariate",0.2,3,2,2000,-0.17280310483536,0.0376517175022648,0.00779470181243054,0.194040504798005,0.174009024663783,0.5095,2000,3468.64519286156
198,"aipw_robust",1000,20,"covariate",0.2,3,2,2000,-0.162537835618492,0.0367231436389554,0.0103097505066649,0.191632835492656,0.168006323552008,0.6255,2000,3468.64519286156
198,"reg_adj",1000,20,"covariate",0.2,3,2,2000,-0.171172691270526,0.036310276170257,0.00701369277985223,0.190552554877275,0.172020983723852,0.473,2000,3468.64519286156
198,"adaptive",1000,20,"covariate",0.2,3,2,2000,-0.171172691270526,0.036310276170257,0.00701369277985223,0.190552554877275,0.172020983723852,0.473,2000,3468.64519286156
199,"naive",200,5,"outcome",0.2,3,2,2000,0.00675625071407371,0.155511048117551,0.15554317278023,0.394348891360875,0.308025087544732,0.95,2000,174.883041143417
199,"ipw_robust",200,5,"outcome",0.2,3,2,2000,-0.0273732935645588,0.0530715762008713,0.0523484532269132,0.230372689789548,0.184188686280766,0.949,2000,174.883041143417
199,"dr_robust",200,5,"outcome",0.2,3,2,2000,-0.00126007290040353,0.053615427399185,0.0536406599454434,0.231550053766318,0.186108818082878,0.9515,2000,174.883041143417
199,"aipw_robust",200,5,"outcome",0.2,3,2,2000,-0.00917002261692579,0.0589305539411606,0.0588759025776545,0.242756161489591,0.193009901498245,0.9445,2000,174.883041143417
199,"reg_adj",200,5,"outcome",0.2,3,2,2000,0.00578361180555165,0.146434832598668,0.146474619743022,0.382668044914477,0.302143723167154,0.943,2000,174.883041143417
199,"adaptive",200,5,"outcome",0.2,3,2,2000,-0.0288751520335098,0.0549075261290414,0.0541008021251457,0.234323550094824,0.187556211469757,0.947,2000,174.883041143417
200,"naive",500,5,"outcome",0.2,3,2,2000,0.0108281411831435,0.0625312522910617,0.062445226262711,0.250062496770431,0.194589137529349,0.946,2000,376.745650053024
200,"ipw_robust",500,5,"outcome",0.2,3,2,2000,-0.0199707854369167,0.01925929486352,0.0188698975413233,0.138777861575685,0.110882135048165,0.941,2000,376.745650053024
200,"dr_robust",500,5,"outcome",0.2,3,2,2000,0.00529074106845195,0.0194483656493975,0.0194300887527205,0.139457397255927,0.11090297076691,0.949,2000,376.745650053024
200,"aipw_robust",500,5,"outcome",0.2,3,2,2000,0.00187582415701515,0.0209826713089887,0.0209896474164288,0.14485396545828,0.116377577061437,0.947,2000,376.745650053024
200,"reg_adj",500,5,"outcome",0.2,3,2,2000,0.0127111861475413,0.0605309016792405,0.0603995271895579,0.246030286101611,0.192015887436881,0.952,2000,376.745650053024
200,"adaptive",500,5,"outcome",0.2,3,2,2000,-0.0203066532151643,0.0192751575991707,0.0188722335511453,0.138835001347537,0.110973980790188,0.941,2000,376.745650053024
201,"naive",1000,5,"outcome",0.2,3,2,2000,0.00893553838637429,0.0307766445553558,0.0307121567874952,0.175432735130465,0.138591684394943,0.95,2000,697.172827005386
201,"ipw_robust",1000,5,"outcome",0.2,3,2,2000,-0.019203160931107,0.0107991845811967,0.0104356410119567,0.103919125194531,0.0826669436599063,0.942,2000,697.172827005386
201,"dr_robust",1000,5,"outcome",0.2,3,2,2000,0.00665354459333223,0.0105062455925611,0.0104672095416765,0.102499978500296,0.0814201431471667,0.9495,2000,697.172827005386
201,"aipw_robust",1000,5,"outcome",0.2,3,2,2000,-0.000687823835262558,0.0114131687433028,0.0114184048440965,0.106832433012184,0.0849293828829562,0.948,2000,697.172827005386
201,"reg_adj",1000,5,"outcome",0.2,3,2,2000,0.00917323568844797,0.0292232152803201,0.0291536438492489,0.170947989986195,0.135572901174591,0.9475,2000,697.172827005386
201,"adaptive",1000,5,"outcome",0.2,3,2,2000,-0.019203160931107,0.0107991845811967,0.0104356410119567,0.103919125194531,0.0826669436599063,0.942,2000,697.172827005386
202,"naive",200,10,"outcome",0.2,3,2,2000,0.0206042546533753,0.183794302838766,0.183461498278084,0.428712377753157,0.322239144565612,0.955,2000,297.42138504982
202,"ipw_robust",200,10,"outcome",0.2,3,2,2000,-0.00988332021923632,0.0554782194148458,0.0554082435180488,0.235538148534045,0.186502507642034,0.947,2000,297.42138504982
202,"dr_robust",200,10,"outcome",0.2,3,2,2000,0.0122053820208889,0.0571487934571497,0.0570283362750113,0.239058138236601,0.188268929678251,0.9475,2000,297.42138504982
202,"aipw_robust",200,10,"outcome",0.2,3,2,2000,0.00126336099259117,0.0619316858201067,0.0619610702742462,0.248860775977466,0.196651788105603,0.946,2000,297.42138504982
202,"reg_adj",200,10,"outcome",0.2,3,2,2000,0.0215755014769168,0.169330569748956,0.168949542256103,0.411497958377627,0.31259279355053,0.948,2000,297.42138504982
202,"adaptive",200,10,"outcome",0.2,3,2,2000,-0.0112245866713245,0.0570070828207869,0.0569095462479688,0.238761560601339,0.188738956230783,0.946,2000,297.42138504982
203,"naive",500,10,"outcome",0.2,3,2,2000,0.00808193677028957,0.0647636100881102,0.0647306577150088,0.25448695465212,0.197610566862948,0.948,2000,647.893548965454
203,"ipw_robust",500,10,"outcome",0.2,3,2,2000,-0.0175077008598417,0.0203988957953822,0.0201024274196944,0.142824703029211,0.113594900626769,0.9515,2000,647.893548965454
203,"dr_robust",500,10,"outcome",0.2,3,2,2000,0.00205571156406981,0.0207699627571941,0.0207761248695943,0.144117877992961,0.114444765211716,0.95,2000,647.893548965454
203,"aipw_robust",500,10,"outcome",0.2,3,2,2000,-0.00739349117348698,0.0235075540608608,0.0234646226604586,0.153321733817684,0.123201601632357,0.9535,2000,647.893548965454
203,"reg_adj",500,10,"outcome",0.2,3,2,2000,0.00702242332471803,0.0611815935577593,0.0611628605586871,0.247349132922999,0.193408984331051,0.948,2000,647.893548965454
203,"adaptive",500,10,"outcome",0.2,3,2,2000,-0.0177042486717836,0.020490765419145,0.0201874187074664,0.143145958445026,0.113791448438711,0.9505,2000,647.893548965454
204,"naive",1000,10,"outcome",0.2,3,2,2000,0.00870758370508229,0.0317008808793558,0.0316408793050273,0.178047411886148,0.141398776372968,0.95,2000,1152.4760761261
204,"ipw_robust",1000,10,"outcome",0.2,3,2,2000,-0.0158447431017323,0.0107313162022318,0.0104855030698068,0.103592066309307,0.0826526872307569,0.9445,2000,1152.4760761261
204,"dr_robust",1000,10,"outcome",0.2,3,2,2000,0.00376969326049181,0.0104126620367953,0.0104036532761552,0.10204245213045,0.0813228476685064,0.9485,2000,1152.4760761261
204,"aipw_robust",1000,10,"outcome",0.2,3,2,2000,-0.000958651977346792,0.0112454494302422,0.0112501554943757,0.106044563416718,0.0846953676589734,0.9535,2000,1152.4760761261
204,"reg_adj",1000,10,"outcome",0.2,3,2,2000,0.00871635585598085,0.0297957113528327,0.0297346037953223,0.172614342836372,0.13659384691611,0.948,2000,1152.4760761261
204,"adaptive",1000,10,"outcome",0.2,3,2,2000,-0.0158447431017323,0.0107313162022318,0.0104855030698068,0.103592066309307,0.0826526872307569,0.9445,2000,1152.4760761261
205,"naive",200,20,"outcome",0.2,3,2,2000,0.0033953095965793,0.249316176783112,0.249429363337524,0.499315708528293,0.359698966896094,0.9545,2000,707.420969009399
205,"ipw_robust",200,20,"outcome",0.2,3,2,2000,-0.0132046593824031,0.0635629488869312,0.0634202960055287,0.252116934946725,0.200809412412727,0.9495,2000,707.420969009399
205,"dr_robust",200,20,"outcome",0.2,3,2,2000,0.0101863589696509,0.0668185930044631,0.0667482051980035,0.258492926410885,0.205455713618327,0.9525,2000,707.420969009399
205,"aipw_robust",200,20,"outcome",0.2,3,2,2000,0.00926445211136429,0.0769043984190531,0.0768569968445516,0.27731642291623,0.221795096738386,0.9505,2000,707.420969009399
205,"reg_adj",200,20,"outcome",0.2,3,2,2000,0.00762386568272211,0.192009850033671,0.192047750581013,0.438189285621717,0.337297653968265,0.955,2000,707.420969009399
205,"adaptive",200,20,"outcome",0.2,3,2,2000,-0.0148048152617619,0.0645187173562134,0.0643317006516043,0.25400534907008,0.20217158369509,0.949,2000,707.420969009399
206,"naive",500,20,"outcome",0.2,3,2,2000,0.0131826550945009,0.0751544299372814,0.075018156620251,0.274143082964501,0.207761882806566,0.955,2000,1754.56205487251
206,"ipw_robust",500,20,"outcome",0.2,3,2,2000,-0.0156506004095107,0.0233524103268243,0.0231190285479201,0.152814954526134,0.122601861543823,0.955,2000,1754.56205487251
206,"dr_robust",500,20,"outcome",0.2,3,2,2000,0.00383698910015173,0.0237854477883593,0.0237826166113102,0.154225315004896,0.123699466130426,0.9545,2000,1754.56205487251
206,"aipw_robust",500,20,"outcome",0.2,3,2,2000,-0.000138232335927357,0.0253431499285582,0.0253558087247418,0.159195320058594,0.127849283039958,0.9545,2000,1754.56205487251
206,"reg_adj",500,20,"outcome",0.2,3,2,2000,0.0100115000339045,0.0671644154201348,0.0670977341542831,0.259160983599258,0.199212969820147,0.9545,2000,1754.56205487251
206,"adaptive",500,20,"outcome",0.2,3,2,2000,-0.0156453522196391,0.0233937642177666,0.0231605674554177,0.152950201757849,0.122696127894592,0.955,2000,1754.56205487251
207,"naive",1000,20,"outcome",0.2,3,2,2000,0.0102201734455072,0.0344969642528659,0.0344097171661928,0.18573358407371,0.140597984146021,0.955,2000,2999.45232892036
207,"ipw_robust",1000,20,"outcome",0.2,3,2,2000,-0.0131869332377248,0.0104955428442804,0.0103268110415849,0.102447756658115,0.081322456273765,0.9455,2000,2999.45232892036
207,"dr_robust",1000,20,"outcome",0.2,3,2,2000,0.00759487618798182,0.0106639698215494,0.0106115934739757,0.10326649902824,0.0818573059523667,0.95,2000,2999.45232892036
207,"aipw_robust",1000,20,"outcome",0.2,3,2,2000,0.00232206140401647,0.0117477377033858,0.0117482198441439,0.108386981244916,0.0857488567672634,0.948,2000,2999.45232892036
207,"reg_adj",1000,20,"outcome",0.2,3,2,2000,0.00962645479864044,0.0323861766373188,0.0323096628367469,0.179961597673834,0.138167810476705,0.953,2000,2999.45232892036
207,"adaptive",1000,20,"outcome",0.2,3,2,2000,-0.0131869332377248,0.0104955428442804,0.0103268110415849,0.102447756658115,0.081322456273765,0.9455,2000,2999.45232892036
208,"naive",200,5,"treatment",0.2,3,2,2000,-0.896095852570654,0.832236818760287,0.0292636736027608,0.912270145713586,0.896095852570654,5e-04,2000,180.653680086136
208,"ipw_robust",200,5,"treatment",0.2,3,2,2000,-0.846769214564169,0.748604308448868,0.031602006718607,0.865219225658369,0.846769214564169,0.002,2000,180.653680086136
208,"dr_robust",200,5,"treatment",0.2,3,2,2000,-0.84364415348635,0.740860186475506,0.0291392984130121,0.860732354727941,0.84364415348635,0.001,2000,180.653680086136
208,"aipw_robust",200,5,"treatment",0.2,3,2,2000,-0.759553249573813,0.623374946974136,0.046477046559277,0.789540972321346,0.759553249573813,0.0555,2000,180.653680086136
208,"reg_adj",200,5,"treatment",0.2,3,2,2000,-0.890214390580956,0.820577139243414,0.028109532812397,0.905857129597937,0.890214390580956,5e-04,2000,180.653680086136
208,"adaptive",200,5,"treatment",0.2,3,2,2000,-0.890214390580956,0.820577139243414,0.028109532812397,0.905857129597937,0.890214390580956,5e-04,2000,180.653680086136
209,"naive",500,5,"treatment",0.2,3,2,2000,-0.896901135607334,0.816023676923609,0.0115978287842759,0.903340288553327,0.896901135607334,0,2000,401.129680156708
209,"ipw_robust",500,5,"treatment",0.2,3,2,2000,-0.848105535747256,0.731920052048703,0.0126433739705488,0.855523262131839,0.848105535747256,0,2000,401.129680156708
209,"dr_robust",500,5,"treatment",0.2,3,2,2000,-0.841985036647014,0.720443643275992,0.0115105966368363,0.848789516473897,0.841985036647014,0,2000,401.129680156708
209,"aipw_robust",500,5,"treatment",0.2,3,2,2000,-0.749547385436308,0.581251195779102,0.019439632580988,0.762398318321271,0.749547385436308,5e-04,2000,401.129680156708
209,"reg_adj",500,5,"treatment",0.2,3,2,2000,-0.890906656352218,0.80501285396607,0.011303835551156,0.897225085452959,0.890906656352218,0,2000,401.129680156708
209,"adaptive",500,5,"treatment",0.2,3,2,2000,-0.890906656352218,0.80501285396607,0.011303835551156,0.897225085452959,0.890906656352218,0,2000,401.129680156708
210,"naive",1000,5,"treatment",0.2,3,2,2000,-0.894266950313384,0.805317636240743,0.0056070613486162,0.897394916544964,0.894266950313384,0,2000,733.593167066574
210,"ipw_robust",1000,5,"treatment",0.2,3,2,2000,-0.845688395218073,0.721383203471164,0.00619744038483638,0.849342806804863,0.845688395218073,0,2000,733.593167066574
210,"dr_robust",1000,5,"treatment",0.2,3,2,2000,-0.838321442420074,0.708374964100602,0.00559492073969911,0.84165014352794,0.838321442420073,0,2000,733.593167066574
210,"aipw_robust",1000,5,"treatment",0.2,3,2,2000,-0.742768678811309,0.561146404608306,0.0094458172938558,0.749097059537885,0.742768678811309,0,2000,733.593167066574
210,"reg_adj",1000,5,"treatment",0.2,3,2,2000,-0.888809276320139,0.795423382096176,0.00544417451070243,0.891865114294856,0.888809276320139,0,2000,733.593167066574
210,"adaptive",1000,5,"treatment",0.2,3,2,2000,-0.888809276320139,0.795423382096176,0.00544417451070243,0.891865114294856,0.888809276320139,0,2000,733.593167066574
211,"naive",200,10,"treatment",0.2,3,2,2000,-0.903256274929796,0.846978955840429,0.031122618949853,0.920314596124841,0.903256274929796,0,2000,311.220577955246
211,"ipw_robust",200,10,"treatment",0.2,3,2,2000,-0.84553857320347,0.74810953277556,0.0331906493252629,0.86493325336442,0.84553857320347,0.002,2000,311.220577955246
211,"dr_robust",200,10,"treatment",0.2,3,2,2000,-0.852764762460007,0.758004614679878,0.0308122807267701,0.870634604572939,0.852764762460007,0.001,2000,311.220577955246
211,"aipw_robust",200,10,"treatment",0.2,3,2,2000,-0.776518999650242,0.651047848202753,0.048090136453166,0.806875361008596,0.776518999650242,0.0505,2000,311.220577955246
211,"reg_adj",200,10,"treatment",0.2,3,2,2000,-0.894329552116524,0.828849868813353,0.0290390405446825,0.910411922600618,0.894329552116524,0,2000,311.220577955246
211,"adaptive",200,10,"treatment",0.2,3,2,2000,-0.894329552116524,0.828849868813353,0.0290390405446825,0.910411922600618,0.894329552116524,0,2000,311.220577955246
212,"naive",500,10,"treatment",0.2,3,2,2000,-0.906505454319964,0.833966889697398,0.0122208614162611,0.913217876356676,0.906505454319964,0,2000,721.027786016464
212,"ipw_robust",500,10,"treatment",0.2,3,2,2000,-0.852253643279239,0.739748246829339,0.0134186836884465,0.860086185698468,0.852253643279239,0,2000,721.027786016464
212,"dr_robust",500,10,"treatment",0.2,3,2,2000,-0.853504839799734,0.740681092415064,0.0122166891980929,0.860628312580445,0.853504839799734,0,2000,721.027786016464
212,"aipw_robust",500,10,"treatment",0.2,3,2,2000,-0.767832692185661,0.609795028672054,0.020238104535242,0.780893737119241,0.767832692185661,0,2000,721.027786016464
212,"reg_adj",500,10,"treatment",0.2,3,2,2000,-0.899229297012233,0.820245038946507,0.0116375291059443,0.905673803831438,0.899229297012233,0,2000,721.027786016464
212,"adaptive",500,10,"treatment",0.2,3,2,2000,-0.899229297012233,0.820245038946507,0.0116375291059443,0.905673803831438,0.899229297012233,0,2000,721.027786016464
213,"naive",1000,10,"treatment",0.2,3,2,2000,-0.905278397066176,0.825182680673551,0.00565653274521838,0.908395663064037,0.905278397066176,0,2000,1274.94302511215
213,"ipw_robust",1000,10,"treatment",0.2,3,2,2000,-0.848522336775287,0.726336892791681,0.00634991174095891,0.852254007201891,0.848522336775286,0,2000,1274.94302511215
213,"dr_robust",1000,10,"treatment",0.2,3,2,2000,-0.850735841086384,0.729385777434335,0.00563712468772133,0.854040852321676,0.850735841086384,0,2000,1274.94302511215
213,"aipw_robust",1000,10,"treatment",0.2,3,2,2000,-0.763083928044084,0.591886057333884,0.00959377298118498,0.769341313939323,0.763083928044084,0,2000,1274.94302511215
213,"reg_adj",1000,10,"treatment",0.2,3,2,2000,-0.897550216411019,0.811033974800064,0.00544030397258335,0.900574247244537,0.897550216411019,0,2000,1274.94302511215
213,"adaptive",1000,10,"treatment",0.2,3,2,2000,-0.897550216411019,0.811033974800064,0.00544030397258335,0.900574247244537,0.897550216411019,0,2000,1274.94302511215
214,"naive",200,20,"treatment",0.2,3,2,2000,-0.905645112345795,0.856170465734055,0.0359953939151854,0.925294799366156,0.905645112345795,0.001,2000,723.638305902481
214,"ipw_robust",200,20,"treatment",0.2,3,2,2000,-0.846973413034568,0.755969930370873,0.0386252806237601,0.869465312919885,0.846973413034568,0.0065,2000,723.638305902481
214,"dr_robust",200,20,"treatment",0.2,3,2,2000,-0.857401204271617,0.770613849050353,0.0354947713496093,0.877846142014848,0.857401204271617,0.0025,2000,723.638305902481
214,"aipw_robust",200,20,"treatment",0.2,3,2,2000,-0.78584598898581,0.672709129202272,0.0551828021982853,0.820188471756506,0.78584598898581,0.08,2000,723.638305902481
214,"reg_adj",200,20,"treatment",0.2,3,2,2000,-0.896264402406459,0.8347747513197,0.0315006226099969,0.913660085217528,0.896264402406459,0,2000,723.638305902481
214,"adaptive",200,20,"treatment",0.2,3,2,2000,-0.896264402406459,0.8347747513197,0.0315006226099969,0.913660085217528,0.896264402406459,0,2000,723.638305902481
215,"naive",500,20,"treatment",0.2,3,2,2000,-0.910276657074447,0.840713037406003,0.0121155027427433,0.916904050272439,0.910276657074447,0,2000,1981.94494795799
215,"ipw_robust",500,20,"treatment",0.2,3,2,2000,-0.854859910073281,0.743923093489499,0.0131441997388701,0.862509764286468,0.854859910073281,0,2000,1981.94494795799
215,"dr_robust",500,20,"treatment",0.2,3,2,2000,-0.858141050013159,0.748644275936936,0.012244336387442,0.865242322090717,0.858141050013159,0,2000,1981.94494795799
215,"aipw_robust",500,20,"treatment",0.2,3,2,2000,-0.777385796191373,0.624302135148755,0.019983450754037,0.790127923281259,0.777385796191373,0,2000,1981.94494795799
215,"reg_adj",500,20,"treatment",0.2,3,2,2000,-0.902373023501457,0.825854100349619,0.0115828182155651,0.908765151372795,0.902373023501457,0,2000,1981.94494795799
215,"adaptive",500,20,"treatment",0.2,3,2,2000,-0.902373023501457,0.825854100349619,0.0115828182155651,0.908765151372795,0.902373023501457,0,2000,1981.94494795799
216,"naive",1000,20,"treatment",0.2,3,2,2000,-0.906435429977271,0.827471746860676,0.00584948288403866,0.909654740470623,0.906435429977271,0,2000,3532.44317913055
216,"ipw_robust",1000,20,"treatment",0.2,3,2,2000,-0.852449951734075,0.733147303488385,0.00647962308850234,0.85624021365992,0.852449951734075,0,2000,3532.44317913055
216,"dr_robust",1000,20,"treatment",0.2,3,2,2000,-0.853287814935382,0.733916445455116,0.00581925996790171,0.856689235052662,0.853287814935382,0,2000,3532.44317913055
216,"aipw_robust",1000,20,"treatment",0.2,3,2,2000,-0.767434051701525,0.598530646320767,0.00958041281615658,0.773647624129207,0.767434051701524,0,2000,3532.44317913055
216,"reg_adj",1000,20,"treatment",0.2,3,2,2000,-0.899138373687993,0.814069333978696,0.00562233010546051,0.902257908792545,0.899138373687993,0,2000,3532.44317913055
216,"adaptive",1000,20,"treatment",0.2,3,2,2000,-0.899138373687993,0.814069333978696,0.00562233010546051,0.902257908792545,0.899138373687993,0,2000,3532.44317913055
217,"naive",200,5,"mixed",0.2,3,2,2000,-0.419554010114093,0.250539327084081,0.0745510351988643,0.500539036523707,0.434877944044838,0.6745,2000,170.021985054016
217,"ipw_robust",200,5,"mixed",0.2,3,2,2000,-0.390245417829759,0.194455396276773,0.04218500264097,0.440970969879847,0.395226055316979,0.511,2000,170.021985054016
217,"dr_robust",200,5,"mixed",0.2,3,2,2000,-0.413923302336341,0.216348499048544,0.0450385180905672,0.465132775719519,0.418193310104678,0.508,2000,170.021985054016
217,"aipw_robust",200,5,"mixed",0.2,3,2,2000,-0.35458269733606,0.178369010775494,0.0526664547527538,0.422337555487898,0.367551584851737,0.658,2000,170.021985054016
217,"reg_adj",200,5,"mixed",0.2,3,2,2000,-0.435286019420225,0.262403514986411,0.0729660793233679,0.512253369912205,0.448794531453619,0.6465,2000,170.021985054016
217,"adaptive",200,5,"mixed",0.2,3,2,2000,-0.412490905836409,0.214604910251482,0.0444784020547677,0.463254692638382,0.417069965980614,0.4965,2000,170.021985054016
218,"naive",500,5,"mixed",0.2,3,2,2000,-0.412150625361915,0.199881351654097,0.0300282277817711,0.447080922936886,0.414242119957876,0.322,2000,395.772909164429
218,"ipw_robust",500,5,"mixed",0.2,3,2,2000,-0.392248423928376,0.171442389458866,0.017592359564353,0.414056022126071,0.392280549274809,0.1525,2000,395.772909164429
218,"dr_robust",500,5,"mixed",0.2,3,2,2000,-0.419997302102269,0.195139611022021,0.0187512528752735,0.441746093386258,0.420017156565456,0.127,2000,395.772909164429
218,"aipw_robust",500,5,"mixed",0.2,3,2,2000,-0.361288744825912,0.152306961167356,0.0217882981785625,0.390265244631592,0.361842353869052,0.313,2000,395.772909164429
218,"reg_adj",500,5,"mixed",0.2,3,2,2000,-0.425568571203363,0.209625125269008,0.0285307818638672,0.457848364929927,0.427267883083821,0.268,2000,395.772909164429
218,"adaptive",500,5,"mixed",0.2,3,2,2000,-0.400038080467099,0.177830997570531,0.0178094364649629,0.421700127543888,0.400070205813532,0.143,2000,395.772909164429
219,"naive",1000,5,"mixed",0.2,3,2,2000,-0.418606817470101,0.191074723154164,0.015850981012224,0.437120947969969,0.418608599123833,0.0805,2000,789.402892112732
219,"ipw_robust",1000,5,"mixed",0.2,3,2,2000,-0.394919193155373,0.165203599945369,0.00924705435005351,0.406452457177182,0.394919193155373,0.012,2000,789.402892112732
219,"dr_robust",1000,5,"mixed",0.2,3,2,2000,-0.425207396182351,0.190599395180426,0.00980296689569895,0.436576906375527,0.425207396182351,0.0045,2000,789.402892112732
219,"aipw_robust",1000,5,"mixed",0.2,3,2,2000,-0.366248132495256,0.145482618469995,0.0113505992133383,0.381421837956343,0.366248132495256,0.0665,2000,789.402892112732
219,"reg_adj",1000,5,"mixed",0.2,3,2,2000,-0.431873933655215,0.201422003684499,0.0149143662968181,0.448800627990313,0.431873933655215,0.0505,2000,789.402892112732
219,"adaptive",1000,5,"mixed",0.2,3,2,2000,-0.396955658295616,0.166785958721445,0.00921677245476647,0.408394366662232,0.396955658295616,0.012,2000,789.402892112732
220,"naive",200,10,"mixed",0.2,3,2,2000,-0.407208955011719,0.236172897206802,0.0703889586443882,0.485976231113006,0.421311232995319,0.663,2000,274.290824174881
220,"ipw_robust",200,10,"mixed",0.2,3,2,2000,-0.372548539209847,0.181440683644248,0.0426696043790466,0.425958546861368,0.378628585958351,0.554,2000,274.290824174881
220,"dr_robust",200,10,"mixed",0.2,3,2,2000,-0.394006131536489,0.201000434167737,0.0457824937262513,0.448330719634219,0.399618714460293,0.5455,2000,274.290824174881
220,"aipw_robust",200,10,"mixed",0.2,3,2,2000,-0.341730501560024,0.175374064428437,0.0586236405522473,0.418776867112352,0.358233001087713,0.718,2000,274.290824174881
220,"reg_adj",200,10,"mixed",0.2,3,2,2000,-0.421942300716256,0.246419150525327,0.0684180544188091,0.496406235381192,0.433693428898543,0.6335,2000,274.290824174881
220,"adaptive",200,10,"mixed",0.2,3,2,2000,-0.393933089543333,0.199972338875534,0.0448114655711638,0.447182668353251,0.399006164105399,0.531,2000,274.290824174881
221,"naive",500,10,"mixed",0.2,3,2,2000,-0.405801386931547,0.194578982668383,0.0299191766211268,0.441111077471858,0.407658994461051,0.352,2000,654.620522975922
221,"ipw_robust",500,10,"mixed",0.2,3,2,2000,-0.373565166742494,0.158982644712729,0.0194414316251946,0.398726277931026,0.37387925207099,0.2275,2000,654.620522975922
221,"dr_robust",500,10,"mixed",0.2,3,2,2000,-0.406354343037439,0.185334514426433,0.0202207727073979,0.430504952847738,0.406523370685832,0.178,2000,654.620522975922
221,"aipw_robust",500,10,"mixed",0.2,3,2,2000,-0.346488000593919,0.143475989183393,0.0234337715135783,0.378782245074124,0.347582063835796,0.377,2000,654.620522975922
221,"reg_adj",500,10,"mixed",0.2,3,2,2000,-0.419737968221211,0.202752139145527,0.0265854699140146,0.450280067453055,0.42043816596269,0.2615,2000,654.620522975922
221,"adaptive",500,10,"mixed",0.2,3,2,2000,-0.384095593142691,0.167307171936775,0.0197876410856822,0.409031993781385,0.384393252079969,0.2115,2000,654.620522975922
222,"naive",1000,10,"mixed",0.2,3,2,2000,-0.40889361751006,0.182375960468131,0.015189564810073,0.4270549852983,0.408975085448709,0.0935,2000,1371.7994120121
222,"ipw_robust",1000,10,"mixed",0.2,3,2,2000,-0.378072224305873,0.152218022526312,0.00928405776360326,0.390151281589991,0.378072224305873,0.025,2000,1371.7994120121
222,"dr_robust",1000,10,"mixed",0.2,3,2,2000,-0.413451986082302,0.180873022014162,0.00993544494123191,0.425291690506835,0.413451986082302,0.0135,2000,1371.7994120121
222,"aipw_robust",1000,10,"mixed",0.2,3,2,2000,-0.355890528323004,0.136885144607991,0.0102321925542411,0.36997992460131,0.35592915404216,0.0595,2000,1371.7994120121
222,"reg_adj",1000,10,"mixed",0.2,3,2,2000,-0.423175379127478,0.192710485722077,0.0136399041744791,0.438988024577068,0.423175379127478,0.05,2000,1371.7994120121
222,"adaptive",1000,10,"mixed",0.2,3,2,2000,-0.380356909215875,0.154106810610845,0.00944015229874087,0.392564403137682,0.380356909215875,0.0265,2000,1371.7994120121
223,"naive",200,20,"mixed",0.2,3,2,2000,-0.397787050988964,0.242707800715813,0.0845155205415872,0.492653834569278,0.421826870378357,0.7425,2000,644.124401807785
223,"ipw_robust",200,20,"mixed",0.2,3,2,2000,-0.372890699906233,0.184083274725534,0.0450583298138802,0.42904926841277,0.379729094496707,0.5765,2000,644.124401807785
223,"dr_robust",200,20,"mixed",0.2,3,2,2000,-0.378626580081056,0.188005737694782,0.0446699855436779,0.433596284226216,0.384822016366076,0.5675,2000,644.124401807785
223,"aipw_robust",200,20,"mixed",0.2,3,2,2000,-0.335146472407987,0.171335455551447,0.0590418184931759,0.413926872226782,0.353022463083374,0.72,2000,644.124401807785
223,"reg_adj",200,20,"mixed",0.2,3,2,2000,-0.413041664545147,0.246805995251221,0.0762406989504709,0.496795727891476,0.430232167472093,0.693,2000,644.124401807785
223,"adaptive",200,20,"mixed",0.2,3,2,2000,-0.393200226121256,0.201360173209409,0.0467771439595817,0.448731738580423,0.398902177327833,0.5525,2000,644.124401807785
224,"naive",500,20,"mixed",0.2,3,2,2000,-0.403861086621733,0.198356351970672,0.0352702097882794,0.445372149971989,0.409053272976432,0.4185,2000,1532.02305603027
224,"ipw_robust",500,20,"mixed",0.2,3,2,2000,-0.375486343864849,0.160238450848207,0.019258085461946,0.400297952590576,0.376184027971663,0.2255,2000,1532.02305603027
224,"dr_robust",500,20,"mixed",0.2,3,2,2000,-0.403024286191264,0.183190075584693,0.020771886267849,0.428007097586819,0.403660038483157,0.202,2000,1532.02305603027
224,"aipw_robust",500,20,"mixed",0.2,3,2,2000,-0.347069004096888,0.142241057484889,0.0217950614107895,0.377148588072247,0.348101901493943,0.3585,2000,1532.02305603027
224,"reg_adj",500,20,"mixed",0.2,3,2,2000,-0.422117277542279,0.208464753885494,0.030296906338958,0.456579405892879,0.42579897848466,0.3075,2000,1532.02305603027
224,"adaptive",500,20,"mixed",0.2,3,2,2000,-0.383566077904627,0.167100319283165,0.0199873768524535,0.408779059252263,0.384232708049993,0.222,2000,1532.02305603027
225,"naive",1000,20,"mixed",0.2,3,2,2000,-0.41400465627007,0.187320554688718,0.0159286636072222,0.432805446694837,0.414136728328487,0.087,2000,3268.93358707428
225,"ipw_robust",1000,20,"mixed",0.2,3,2,2000,-0.385033086310394,0.157770271881862,0.00952455660645747,0.397203061269499,0.385033086310394,0.0225,2000,3268.93358707428
225,"dr_robust",1000,20,"mixed",0.2,3,2,2000,-0.423718642489468,0.190664622188073,0.0111327005452282,0.4366516027545,0.423759221254018,0.0145,2000,3268.93358707428
225,"aipw_robust",1000,20,"mixed",0.2,3,2,2000,-0.357052980397821,0.138445371282034,0.0109640224823086,0.372082479138744,0.357152588936229,0.072,2000,3268.93358707428
225,"reg_adj",1000,20,"mixed",0.2,3,2,2000,-0.429556103904427,0.19895084219876,0.0144396156050114,0.446039059050617,0.42960320970373,0.054,2000,3268.93358707428
225,"adaptive",1000,20,"mixed",0.2,3,2,2000,-0.387246526628617,0.159630477830332,0.00967544316598672,0.399537830286861,0.387246526628617,0.0235,2000,3268.93358707428
226,"naive",200,5,"none",0,5,2,2000,0.00600600635811954,0.0311646554575234,0.0311441554228611,0.176535139441198,0.139211199504981,0.9435,2000,181.177634000778
226,"ipw_robust",200,5,"none",0,5,2,2000,-0.0236690192209368,0.0322131908231418,0.0316688027536375,0.179480335477572,0.142030342705206,0.945,2000,181.177634000778
226,"dr_robust",200,5,"none",0,5,2,2000,0.00108050176790808,0.0302121636890653,0.0302261092596247,0.173816465529205,0.137359845192547,0.9465,2000,181.177634000778
226,"aipw_robust",200,5,"none",0,5,2,2000,-0.000969532039039267,0.0409635128820114,0.0409830644218476,0.20239444874307,0.163956003344612,0.9495,2000,181.177634000778
226,"reg_adj",200,5,"none",0,5,2,2000,0.0058760873406225,0.028501203751391,0.0284809158068598,0.168822995327624,0.134315971682974,0.945,2000,181.177634000778
226,"adaptive",200,5,"none",0,5,2,2000,0.00571898209427335,0.0286525446837005,0.0286341550050084,0.169270625578393,0.134625398722056,0.9455,2000,181.177634000778
227,"naive",500,5,"none",0,5,2,2000,0.0080236374648659,0.0113048881839046,0.011246132491983,0.106324447724428,0.0855413072870906,0.949,2000,401.822273015976
227,"ipw_robust",500,5,"none",0,5,2,2000,-0.0203644107042564,0.0123065999156882,0.0118978396121627,0.110935115791566,0.0893427009845965,0.9495,2000,401.822273015976
227,"dr_robust",500,5,"none",0,5,2,2000,0.00386804964193566,0.0111012610020844,0.0110918451166103,0.105362521809629,0.0846105912710463,0.952,2000,401.822273015976
227,"aipw_robust",500,5,"none",0,5,2,2000,-0.00069777626785128,0.0153094207824199,0.0153165921867933,0.123731244164196,0.100127215026023,0.9555,2000,401.822273015976
227,"reg_adj",500,5,"none",0,5,2,2000,0.00683153668158099,0.0106364417802501,0.0105950694215291,0.10313312649314,0.0829685277355776,0.9535,2000,401.822273015976
227,"adaptive",500,5,"none",0,5,2,2000,0.00683153668158099,0.0106364417802501,0.0105950694215291,0.10313312649314,0.0829685277355776,0.9535,2000,401.822273015976
228,"naive",1000,5,"none",0,5,2,2000,0.00834878499323466,0.00559382077718805,0.00552688200732846,0.0747918496708569,0.0599619100392572,0.951,2000,733.606303930283
228,"ipw_robust",1000,5,"none",0,5,2,2000,-0.0208679665098157,0.00627847522722944,0.00584592616405668,0.079236829992305,0.0631302544291424,0.938,2000,733.606303930283
228,"dr_robust",1000,5,"none",0,5,2,2000,0.00377404807351844,0.00542867567284841,0.00541714080438937,0.0736795471813475,0.0588794211995654,0.951,2000,733.606303930283
228,"aipw_robust",1000,5,"none",0,5,2,2000,-0.000362111757352013,0.00799610721416444,0.00799997607727826,0.0894209551177152,0.0710148414054049,0.9465,2000,733.606303930283
228,"reg_adj",1000,5,"none",0,5,2,2000,0.00688851970716753,0.00523384272711652,0.00518898551611854,0.0723453020390165,0.0579781130231062,0.9475,2000,733.606303930283
228,"adaptive",1000,5,"none",0,5,2,2000,0.00688851970716753,0.00523384272711652,0.00518898551611854,0.0723453020390165,0.0579781130231062,0.9475,2000,733.606303930283
229,"naive",200,10,"none",0,5,2,2000,0.0120955576488702,0.0336689544322806,0.0335394216282576,0.183491020031719,0.143818159653173,0.9535,2000,306.974190235138
229,"ipw_robust",200,10,"none",0,5,2,2000,-0.0106270789155407,0.0330646497797397,0.0329681990729991,0.181836876842239,0.144321140323283,0.955,2000,306.974190235138
229,"dr_robust",200,10,"none",0,5,2,2000,0.00633822535764095,0.0322572561357648,0.032233199634898,0.179603051576984,0.141139407475156,0.95,2000,306.974190235138
229,"aipw_robust",200,10,"none",0,5,2,2000,0.00478996070722415,0.040138663892995,0.0401357880634499,0.200346359819676,0.160980957122669,0.9585,2000,306.974190235138
229,"reg_adj",200,10,"none",0,5,2,2000,0.0107987542336647,0.0283465331228034,0.0282440420508297,0.168364286957785,0.133784617807623,0.9465,2000,306.974190235138
229,"adaptive",200,10,"none",0,5,2,2000,0.00983994035607783,0.0287228551962819,0.0286403509455435,0.169478185015895,0.134277353141392,0.948,2000,306.974190235138
230,"naive",500,10,"none",0,5,2,2000,0.0130572388590005,0.0123465970248814,0.0121821966365787,0.111115242090729,0.0889026823065139,0.9505,2000,720.837799072266
230,"ipw_robust",500,10,"none",0,5,2,2000,-0.0109176603949561,0.012486606727075,0.0123735982176843,0.111743486284772,0.0894017810629889,0.9485,2000,720.837799072266
230,"dr_robust",500,10,"none",0,5,2,2000,0.00837686109020064,0.0117773318766693,0.0117130165832364,0.108523416259669,0.086552130762482,0.946,2000,720.837799072266
230,"aipw_robust",500,10,"none",0,5,2,2000,0.00454675334321841,0.0160900386739343,0.0160774044101754,0.126846516207322,0.102014139184299,0.9495,2000,720.837799072266
230,"reg_adj",500,10,"none",0,5,2,2000,0.0120290360651709,0.0109901823866042,0.0108509101330136,0.104834070733728,0.0842669271754513,0.9465,2000,720.837799072266
230,"adaptive",500,10,"none",0,5,2,2000,0.0120290360651709,0.0109901823866042,0.0108509101330136,0.104834070733728,0.0842669271754513,0.9465,2000,720.837799072266
231,"naive",1000,10,"none",0,5,2,2000,0.00740983687524288,0.00592326766647192,0.0058712976327706,0.076962768053598,0.0607829786714245,0.941,2000,1285.06174898148
231,"ipw_robust",1000,10,"none",0,5,2,2000,-0.014508203874928,0.00631453753426081,0.0061071031061374,0.079464064420723,0.0634787768155108,0.941,2000,1285.06174898148
231,"dr_robust",1000,10,"none",0,5,2,2000,0.00328475259257344,0.00578975556529666,0.00578185689414931,0.0760904433243535,0.0601512275857216,0.9495,2000,1285.06174898148
231,"aipw_robust",1000,10,"none",0,5,2,2000,-9.12926012666126e-05,0.00804108300623477,0.00804509722050597,0.0896720859924356,0.071333329601606,0.9515,2000,1285.06174898148
231,"reg_adj",1000,10,"none",0,5,2,2000,0.00759487456107788,0.00555375267893405,0.0054988199693202,0.0745235042046068,0.0591559465699149,0.9495,2000,1285.06174898148
231,"adaptive",1000,10,"none",0,5,2,2000,0.00759487456107788,0.00555375267893405,0.0054988199693202,0.0745235042046068,0.0591559465699149,0.9495,2000,1285.06174898148
232,"naive",200,20,"none",0,5,2,2000,0.00870224938587638,0.0381641660290734,0.0381074906300145,0.195356510075998,0.15378712453008,0.9525,2000,722.855781078339
232,"ipw_robust",200,20,"none",0,5,2,2000,-0.0142306255568243,0.0359860309457123,0.0358014209524499,0.18969984434815,0.151264744344771,0.9525,2000,722.855781078339
232,"dr_robust",200,20,"none",0,5,2,2000,0.00622189224057834,0.0353099857656183,0.0352889182817057,0.187909514835248,0.14818177027149,0.9515,2000,722.855781078339
232,"aipw_robust",200,20,"none",0,5,2,2000,0.00312308050566656,0.0444517098156971,0.0444641882779912,0.210835741314648,0.169658018125745,0.944,2000,722.855781078339
232,"reg_adj",200,20,"none",0,5,2,2000,0.00858528312045248,0.029691556871264,0.0296326661180647,0.172312381653972,0.137616848307622,0.9495,2000,722.855781078339
232,"adaptive",200,20,"none",0,5,2,2000,0.00825896031867845,0.0308347339664298,0.0307819144981333,0.175598217435228,0.139289135636926,0.949,2000,722.855781078339
233,"naive",500,20,"none",0,5,2,2000,0.0116613701586026,0.0126811477288127,0.0125514358927831,0.112610602204289,0.0896931631759575,0.9425,2000,1983.63814282417
233,"ipw_robust",500,20,"none",0,5,2,2000,-0.0127767651243327,0.0129313588863275,0.0127745004094898,0.113716132920213,0.0908343071852296,0.9465,2000,1983.63814282417
233,"dr_robust",500,20,"none",0,5,2,2000,0.00616742199951581,0.0123204761443161,0.0122885833418669,0.110997640264629,0.0882457766211487,0.942,2000,1983.63814282417
233,"aipw_robust",500,20,"none",0,5,2,2000,0.0011181737153052,0.0165285303350023,0.0165355477964429,0.128563332000234,0.101539086263854,0.9445,2000,1983.63814282417
233,"reg_adj",500,20,"none",0,5,2,2000,0.00872096544215539,0.0113789909828167,0.0113085900395932,0.106672353413697,0.0853710158048724,0.9485,2000,1983.63814282417
233,"adaptive",500,20,"none",0,5,2,2000,0.00872096544215539,0.0113789909828167,0.0113085900395932,0.106672353413697,0.0853710158048724,0.9485,2000,1983.63814282417
234,"naive",1000,20,"none",0,5,2,2000,0.0140421213208373,0.00613625856196701,0.00594204841498539,0.0783342745033552,0.0622117777901655,0.946,2000,3590.19438481331
234,"ipw_robust",1000,20,"none",0,5,2,2000,-0.00888615297323381,0.00603033023817921,0.00595434369536318,0.0776552009731429,0.062060780587613,0.9435,2000,3590.19438481331
234,"dr_robust",1000,20,"none",0,5,2,2000,0.00990472672192499,0.00592257574076342,0.00582738582223853,0.0769582727246618,0.0610323932397714,0.947,2000,3590.19438481331
234,"aipw_robust",1000,20,"none",0,5,2,2000,0.00633735952197734,0.00784419750095233,0.00780793934491398,0.0885674742834655,0.0708738209623708,0.951,2000,3590.19438481331
234,"reg_adj",1000,20,"none",0,5,2,2000,0.0138036348390531,0.00564950544721976,0.00546169596043005,0.0751631921037137,0.0595944946731611,0.947,2000,3590.19438481331
234,"adaptive",1000,20,"none",0,5,2,2000,0.0138036348390531,0.00564950544721976,0.00546169596043005,0.0751631921037137,0.0595944946731611,0.947,2000,3590.19438481331
235,"naive",200,5,"covariate",0,5,2,2000,0.0112402743168296,0.031448626730855,0.0313379519401074,0.177337606645784,0.141395716815828,0.951,2000,179.401039123535
235,"ipw_robust",200,5,"covariate",0,5,2,2000,-0.0161797355923856,0.0321685358013583,0.0319227133141758,0.179355891459852,0.14326057512647,0.9485,2000,179.401039123535
235,"dr_robust",200,5,"covariate",0,5,2,2000,0.00474152781390824,0.0301135893698604,0.0301061603640323,0.17353267522245,0.139126711809635,0.9465,2000,179.401039123535
235,"aipw_robust",200,5,"covariate",0,5,2,2000,0.00228040892662973,0.039904222924121,0.0399189821503235,0.199760413806442,0.15865195685357,0.9485,2000,179.401039123535
235,"reg_adj",200,5,"covariate",0,5,2,2000,0.00972377321510232,0.0284835903472304,0.0284032402017926,0.168770821966448,0.134983167488828,0.95,2000,179.401039123535
235,"adaptive",200,5,"covariate",0,5,2,2000,0.00967137237931004,0.0286974108504781,0.0286181844990283,0.169403101655424,0.13537161596171,0.9505,2000,179.401039123535
236,"naive",500,5,"covariate",0,5,2,2000,0.00509236129951196,0.0112998822269671,0.0112795898783015,0.106300904168154,0.0851720463739774,0.952,2000,409.888164997101
236,"ipw_robust",500,5,"covariate",0,5,2,2000,-0.0228692899364953,0.012404642549207,0.0118875819179665,0.111376130967129,0.0903536331352257,0.951,2000,409.888164997101
236,"dr_robust",500,5,"covariate",0,5,2,2000,0.000725948628133022,0.0110629217050474,0.0110679286679707,0.1051804245335,0.0846038990082398,0.954,2000,409.888164997101
236,"aipw_robust",500,5,"covariate",0,5,2,2000,-0.00315217457013706,0.0162315136607408,0.0162296923023714,0.127402957817865,0.102399383050022,0.957,2000,409.888164997101
236,"reg_adj",500,5,"covariate",0,5,2,2000,0.00541896873033432,0.0106907298273518,0.0106666979542285,0.103395985547563,0.0833954208356463,0.9455,2000,409.888164997101
236,"adaptive",500,5,"covariate",0,5,2,2000,0.00541896873033432,0.0106907298273518,0.0106666979542285,0.103395985547563,0.0833954208356463,0.9455,2000,409.888164997101
237,"naive",1000,5,"covariate",0,5,2,2000,0.00800329250058196,0.0058745309350433,0.00581338493666176,0.0766454886803085,0.0612476762391797,0.9535,2000,784.053021907806
237,"ipw_robust",1000,5,"covariate",0,5,2,2000,-0.0212030345808123,0.00651951508115862,0.00607298289717208,0.0807435141739485,0.0643666397620987,0.9405,2000,784.053021907806
237,"dr_robust",1000,5,"covariate",0,5,2,2000,0.00366292648036426,0.00571922269627245,0.00570865999586983,0.0756255426180364,0.0605935358983591,0.955,2000,784.053021907806
237,"aipw_robust",1000,5,"covariate",0,5,2,2000,-0.000517761737122591,0.00825088156957053,0.0082547408627855,0.0908343633740587,0.0729197845280488,0.9585,2000,784.053021907806
237,"reg_adj",1000,5,"covariate",0,5,2,2000,0.00697696738166798,0.00548806051434097,0.00544210349224223,0.0740814451420932,0.0594857985050568,0.9515,2000,784.053021907806
237,"adaptive",1000,5,"covariate",0,5,2,2000,0.00697696738166798,0.00548806051434097,0.00544210349224223,0.0740814451420932,0.0594857985050568,0.9515,2000,784.053021907806
238,"naive",200,10,"covariate",0,5,2,2000,0.00741054663493257,0.0335718867305772,0.0335337373978476,0.183226326521538,0.144918945316403,0.952,2000,307.04466509819
238,"ipw_robust",200,10,"covariate",0,5,2,2000,-0.01511032893813,0.0334079318116493,0.0331962078749683,0.182778368007949,0.144638091107658,0.9505,2000,307.04466509819
238,"dr_robust",200,10,"covariate",0,5,2,2000,0.00304502938328799,0.0324761484412106,0.0324831177961636,0.18021139930984,0.143279808704907,0.948,2000,307.04466509819
238,"aipw_robust",200,10,"covariate",0,5,2,2000,-0.000569277000992185,0.0415906281573907,0.0416111096359048,0.203937804630212,0.161511639569976,0.946,2000,307.04466509819
238,"reg_adj",200,10,"covariate",0,5,2,2000,0.0095540973509145,0.0290215035757133,0.0289446951470961,0.170356988631853,0.135600304833565,0.947,2000,307.04466509819
238,"adaptive",200,10,"covariate",0,5,2,2000,0.00895505440327549,0.029509470811012,0.0294439998115522,0.171783208757469,0.136431674032515,0.948,2000,307.04466509819
239,"naive",500,10,"covariate",0,5,2,2000,0.0132466894481569,0.0114748305875357,0.011305008310355,0.107120635675558,0.0854958672141302,0.9475,2000,721.371061086655
239,"ipw_robust",500,10,"covariate",0,5,2,2000,-0.00866326824874419,0.0119047920966287,0.0118356577087334,0.109109083474424,0.0869150343844587,0.95,2000,721.371061086655
239,"dr_robust",500,10,"covariate",0,5,2,2000,0.00877460799494578,0.011315106374159,0.011243734495942,0.106372488803069,0.0846133717539494,0.95,2000,721.371061086655
239,"aipw_robust",500,10,"covariate",0,5,2,2000,0.00605385528331448,0.0158623225225357,0.0158335901538213,0.125945712600849,0.100164748688406,0.946,2000,721.371061086655
239,"reg_adj",500,10,"covariate",0,5,2,2000,0.0132726158686354,0.0108276569765157,0.0106568230560473,0.104056028064287,0.0826270436181013,0.949,2000,721.371061086655
239,"adaptive",500,10,"covariate",0,5,2,2000,0.0132726158686354,0.0108276569765157,0.0106568230560473,0.104056028064287,0.0826270436181013,0.949,2000,721.371061086655
240,"naive",1000,10,"covariate",0,5,2,2000,0.00831209519137444,0.00577767971508566,0.00571144451087063,0.0760110499538433,0.0608180879597009,0.9495,2000,1301.68321490288
240,"ipw_robust",1000,10,"covariate",0,5,2,2000,-0.0144140986706021,0.00627147099652652,0.00606673812510322,0.0791926195836867,0.0633931953859876,0.948,2000,1301.68321490288
240,"dr_robust",1000,10,"covariate",0,5,2,2000,0.00434384189375736,0.00566688420634402,0.0056508406642782,0.0752787101798644,0.060350565039563,0.953,2000,1301.68321490288
240,"aipw_robust",1000,10,"covariate",0,5,2,2000,3.08535020181466e-05,0.00788262599417281,0.00788656832639742,0.08878415395876,0.0708213143102595,0.9535,2000,1301.68321490288
240,"reg_adj",1000,10,"covariate",0,5,2,2000,0.00891111322103644,0.00546789207208402,0.00539117972310744,0.0739451964098008,0.0591263987039458,0.948,2000,1301.68321490288
240,"adaptive",1000,10,"covariate",0,5,2,2000,0.00891111322103644,0.00546789207208402,0.00539117972310744,0.0739451964098008,0.0591263987039458,0.948,2000,1301.68321490288
241,"naive",200,20,"covariate",0,5,2,2000,0.0124118305487602,0.0392263093206476,0.0390918016839184,0.198056328655884,0.156563244672275,0.954,2000,732.32973408699
241,"ipw_robust",200,20,"covariate",0,5,2,2000,-0.0107830484930858,0.037197002707616,0.0370992782119178,0.192865244944796,0.152879966920209,0.949,2000,732.32973408699
241,"dr_robust",200,20,"covariate",0,5,2,2000,0.00626469079943126,0.0367980903746981,0.0367772326402057,0.191828283562925,0.152499154450704,0.9485,2000,732.32973408699
241,"aipw_robust",200,20,"covariate",0,5,2,2000,0.00512461370177952,0.0463802973888694,0.0463772243354447,0.215360853891485,0.171013641621805,0.947,2000,732.32973408699
241,"reg_adj",200,20,"covariate",0,5,2,2000,0.0128604986526626,0.0322979031268194,0.0321485849937211,0.179716173804194,0.143437847437251,0.9465,2000,732.32973408699
241,"adaptive",200,20,"covariate",0,5,2,2000,0.0122726303650147,0.0332138735655301,0.0330797960074576,0.182246738147848,0.144752254923242,0.947,2000,732.32973408699
242,"naive",500,20,"covariate",0,5,2,2000,0.0114538948041685,0.0128135475007801,0.0126887001446674,0.113196941216537,0.0895979111026114,0.9465,2000,1985.32103514671
242,"ipw_robust",500,20,"covariate",0,5,2,2000,-0.0114474445786439,0.0132057594216096,0.0130812560622596,0.114916314862641,0.0912517948351469,0.9485,2000,1985.32103514671
242,"dr_robust",500,20,"covariate",0,5,2,2000,0.00708869354165831,0.012380659230546,0.0123365779433901,0.11126841074872,0.088512066671816,0.948,2000,1985.32103514671
242,"aipw_robust",500,20,"covariate",0,5,2,2000,0.0013319272207819,0.0167361456023533,0.0167427429437037,0.129368255775338,0.103614597726968,0.9505,2000,1985.32103514671
242,"reg_adj",500,20,"covariate",0,5,2,2000,0.00969221135405718,0.0115293519617393,0.0114411335675914,0.107374819961383,0.0855473392674659,0.9475,2000,1985.32103514671
242,"adaptive",500,20,"covariate",0,5,2,2000,0.00966260549619014,0.0115399212938922,0.0114522814896621,0.107424025682769,0.085576945125333,0.948,2000,1985.32103514671
243,"naive",1000,20,"covariate",0,5,2,2000,0.00797941112680656,0.006090045762687,0.00602938945548414,0.0780387452659703,0.0614848869712158,0.947,2000,3646.24275493622
243,"ipw_robust",1000,20,"covariate",0,5,2,2000,-0.0154168175869749,0.00625066918552613,0.00601599892047631,0.0790611736918073,0.0629837516022671,0.946,2000,3646.24275493622
243,"dr_robust",1000,20,"covariate",0,5,2,2000,0.00386961729706181,0.00581321108722317,0.00580113771805648,0.0762444167609876,0.0602028144331413,0.952,2000,3646.24275493622
243,"aipw_robust",1000,20,"covariate",0,5,2,2000,0.00126189373795693,0.00756377474503489,0.00756596535190495,0.0869699646144282,0.0697121756513096,0.9495,2000,3646.24275493622
243,"reg_adj",1000,20,"covariate",0,5,2,2000,0.00762325573964295,0.00563716221349896,0.00558183910497946,0.0750810376426629,0.0594627379448914,0.944,2000,3646.24275493622
243,"adaptive",1000,20,"covariate",0,5,2,2000,0.00762325573964295,0.00563716221349896,0.00558183910497946,0.0750810376426629,0.0594627379448914,0.944,2000,3646.24275493622
244,"naive",200,5,"outcome",0,5,2,2000,0.00581451066951688,0.0306201282073769,0.0306016204832926,0.17498608003889,0.138355064151288,0.956,2000,180.419646024704
244,"ipw_robust",200,5,"outcome",0,5,2,2000,-0.0243331928037864,0.0310389481911973,0.0304620749566494,0.176178739327983,0.140740065265561,0.9425,2000,180.419646024704
244,"dr_robust",200,5,"outcome",0,5,2,2000,0.000312074842673926,0.0294398300245663,0.0294544598637908,0.171580389393912,0.135784808281037,0.9495,2000,180.419646024704
244,"aipw_robust",200,5,"outcome",0,5,2,2000,-0.00911132713462481,0.0415825270492627,0.0415202709025598,0.203917941950341,0.161976380878946,0.951,2000,180.419646024704
244,"reg_adj",200,5,"outcome",0,5,2,2000,0.00518982116343247,0.0273239901587996,0.0273107112707265,0.165299697999723,0.131924544494418,0.948,2000,180.419646024704
244,"adaptive",200,5,"outcome",0,5,2,2000,0.00519440823016559,0.0273489852585368,0.0273356712172839,0.165375286117778,0.131974448649934,0.948,2000,180.419646024704
245,"naive",500,5,"outcome",0,5,2,2000,0.00830313880926603,0.0113014468490055,0.0112381237968179,0.106308263314784,0.0845620561053473,0.9525,2000,401.979119062424
245,"ipw_robust",500,5,"outcome",0,5,2,2000,-0.0206831547460642,0.012199912800917,0.0117780089151249,0.110453215439466,0.0882605466352607,0.9475,2000,401.979119062424
245,"dr_robust",500,5,"outcome",0,5,2,2000,0.00315585153405129,0.0111507952790819,0.0111464090847193,0.105597326098164,0.0841594127500828,0.9485,2000,401.979119062424
245,"aipw_robust",500,5,"outcome",0,5,2,2000,0.000872260789753554,0.0156888927310375,0.0156959798820932,0.125255310190975,0.100132942137426,0.948,2000,401.979119062424
245,"reg_adj",500,5,"outcome",0,5,2,2000,0.00636121100527509,0.0105176900709249,0.0104824662986206,0.102555790040957,0.0815037634926522,0.948,2000,401.979119062424
245,"adaptive",500,5,"outcome",0,5,2,2000,0.00636121100527509,0.0105176900709249,0.0104824662986206,0.102555790040957,0.0815037634926522,0.948,2000,401.979119062424
246,"naive",1000,5,"outcome",0,5,2,2000,0.00656827635989155,0.00564933250047106,0.0056089947435029,0.0751620416198965,0.0596028697072937,0.9445,2000,732.064571142197
246,"ipw_robust",1000,5,"outcome",0,5,2,2000,-0.0227173441745159,0.00644656448909009,0.00593345348949143,0.0802905006155155,0.0644202673202004,0.942,2000,732.064571142197
246,"dr_robust",1000,5,"outcome",0,5,2,2000,0.00156994051274228,0.00555609507984426,0.00555640857091617,0.0745392184010824,0.0592697506635594,0.944,2000,732.064571142197
246,"aipw_robust",1000,5,"outcome",0,5,2,2000,-0.00330828283542206,0.00763910538315932,0.00763197663615825,0.0874019758538634,0.0694080922544411,0.944,2000,732.064571142197
246,"reg_adj",1000,5,"outcome",0,5,2,2000,0.00533844829220564,0.00535236475952702,0.00532652899385539,0.0731598575690728,0.0578761328968813,0.944,2000,732.064571142197
246,"adaptive",1000,5,"outcome",0,5,2,2000,0.00533844829220564,0.00535236475952702,0.00532652899385539,0.0731598575690728,0.0578761328968813,0.944,2000,732.064571142197
247,"naive",200,10,"outcome",0,5,2,2000,0.00355138440379577,0.0335555204066129,0.033559687919389,0.183181659580354,0.144448321419382,0.95,2000,321.017203092575
247,"ipw_robust",200,10,"outcome",0,5,2,2000,-0.0224057265265849,0.0337864869766407,0.0333011209559346,0.183811008855946,0.145694776891777,0.945,2000,321.017203092575
247,"dr_robust",200,10,"outcome",0,5,2,2000,-0.00150460760303694,0.0322987559494607,0.0323126484296364,0.179718546481605,0.141380001032844,0.952,2000,321.017203092575
247,"aipw_robust",200,10,"outcome",0,5,2,2000,-0.00758675143426224,0.0420859194149609,0.0420493853102907,0.205148530131124,0.160590352289495,0.945,2000,321.017203092575
247,"reg_adj",200,10,"outcome",0,5,2,2000,0.00293315490821655,0.0296884634930624,0.0296947074490713,0.172303405343778,0.136296055348794,0.9495,2000,321.017203092575
247,"adaptive",200,10,"outcome",0,5,2,2000,0.00261166962067216,0.0298824272830103,0.029890551740673,0.172865344366678,0.136668755125679,0.949,2000,321.017203092575
248,"naive",500,10,"outcome",0,5,2,2000,0.0122706345434613,0.0124477858569639,0.0123033690693994,0.111569645768748,0.0885244732452742,0.947,2000,721.472860097885
248,"ipw_robust",500,10,"outcome",0,5,2,2000,-0.00999920463555659,0.0127543220179398,0.0126606682587254,0.112935034501875,0.0893324228471674,0.947,2000,721.472860097885
248,"dr_robust",500,10,"outcome",0,5,2,2000,0.00728272607456093,0.0119495567974199,0.0119024699333094,0.109314028365164,0.0865724492414943,0.9465,2000,721.472860097885
248,"aipw_robust",500,10,"outcome",0,5,2,2000,0.00315183298372146,0.0164458634027902,0.0164441514273466,0.128241426235013,0.101944686583848,0.9535,2000,721.472860097885
248,"reg_adj",500,10,"outcome",0,5,2,2000,0.0119483178154556,0.0114067330859364,0.0112696055901124,0.106802308429811,0.0851058444317085,0.9485,2000,721.472860097885
248,"adaptive",500,10,"outcome",0,5,2,2000,0.0119483178154556,0.0114067330859364,0.0112696055901124,0.106802308429811,0.0851058444317085,0.9485,2000,721.472860097885
249,"naive",1000,10,"outcome",0,5,2,2000,0.00947035817427144,0.00600856526990462,0.00592183850520824,0.0775149357859801,0.0615588645535018,0.9455,2000,1287.21843504906
249,"ipw_robust",1000,10,"outcome",0,5,2,2000,-0.0140023829407518,0.00649216053463611,0.00629924342833082,0.0805739445145645,0.0639379841885331,0.946,2000,1287.21843504906
249,"dr_robust",1000,10,"outcome",0,5,2,2000,0.0048471645088255,0.00580955066067471,0.00578895013196507,0.0762204084263179,0.0605053847885736,0.952,2000,1287.21843504906
249,"aipw_robust",1000,10,"outcome",0,5,2,2000,-0.0019997982705926,0.00845452107596995,0.00845474925747562,0.091948469677151,0.072870407727191,0.9505,2000,1287.21843504906
249,"reg_adj",1000,10,"outcome",0,5,2,2000,0.0088862003229826,0.00560072816338602,0.00552452587014092,0.0748380128236047,0.0596936670887784,0.946,2000,1287.21843504906
249,"adaptive",1000,10,"outcome",0,5,2,2000,0.0088862003229826,0.00560072816338602,0.00552452587014092,0.0748380128236047,0.0596936670887784,0.946,2000,1287.21843504906
250,"naive",200,20,"outcome",0,5,2,2000,0.00991774255766087,0.0390691775790291,0.0389903111171477,0.197659246125824,0.156553177070844,0.95,2000,722.802932977676
250,"ipw_robust",200,20,"outcome",0,5,2,2000,-0.0122814496149801,0.0375420069673821,0.0374098779016877,0.193757598476504,0.154973499767915,0.9525,2000,722.802932977676
250,"dr_robust",200,20,"outcome",0,5,2,2000,0.00340044644863147,0.0365690514915497,0.0365757763436716,0.1912303623684,0.152674917438718,0.951,2000,722.802932977676
250,"aipw_robust",200,20,"outcome",0,5,2,2000,0.00387351747071252,0.0471304352161406,0.0471390005788341,0.217095451855032,0.171858908208803,0.9535,2000,722.802932977676
250,"reg_adj",200,20,"outcome",0,5,2,2000,0.00730555439385583,0.0309529488640241,0.0309150352566509,0.175934501630647,0.14066325626176,0.9465,2000,722.802932977676
250,"adaptive",200,20,"outcome",0,5,2,2000,0.0079456190223568,0.0322892414554671,0.032242229708673,0.179692073991779,0.14326771246445,0.9465,2000,722.802932977676
251,"naive",500,20,"outcome",0,5,2,2000,0.00879549644416278,0.012995673157071,0.0129247747867651,0.113998566469368,0.0908243894044004,0.948,2000,1984.88748598099
251,"ipw_robust",500,20,"outcome",0,5,2,2000,-0.0150472588985016,0.0134082633776585,0.013188437596098,0.115794055882236,0.0922723335500843,0.943,2000,1984.88748598099
251,"dr_robust",500,20,"outcome",0,5,2,2000,0.00415614475861226,0.0122677524985552,0.0122566072629321,0.110759886685366,0.0888697256911162,0.9485,2000,1984.88748598099
251,"aipw_robust",500,20,"outcome",0,5,2,2000,0.00100055576962443,0.0164707223516344,0.0164779602198962,0.128338312095938,0.101428945894429,0.9495,2000,1984.88748598099
251,"reg_adj",500,20,"outcome",0,5,2,2000,0.00816502110847761,0.0114042644223157,0.0113432684868572,0.106790750640286,0.0850738887239279,0.946,2000,1984.88748598099
251,"adaptive",500,20,"outcome",0,5,2,2000,0.00816502110847761,0.0114042644223157,0.0113432684868572,0.106790750640286,0.0850738887239279,0.946,2000,1984.88748598099
252,"naive",1000,20,"outcome",0,5,2,2000,0.00786040527268117,0.00616152877421,0.00610279420025934,0.0784954060707377,0.0624135023581118,0.9445,2000,3604.55289006233
252,"ipw_robust",1000,20,"outcome",0,5,2,2000,-0.0160814453339453,0.00637320373950926,0.00611764968032075,0.0798323477013501,0.0636891966495149,0.9475,2000,3604.55289006233
252,"dr_robust",1000,20,"outcome",0,5,2,2000,0.0029965413809161,0.00589880686085503,0.00589277398760129,0.076803690411692,0.0610043614775836,0.9455,2000,3604.55289006233
252,"aipw_robust",1000,20,"outcome",0,5,2,2000,-0.00225067747529151,0.00791842405275658,0.00791731716223991,0.088985527209522,0.0712594371227714,0.9495,2000,3604.55289006233
252,"reg_adj",1000,20,"outcome",0,5,2,2000,0.00686081236920622,0.00571442532559484,0.00567018967406642,0.0755938180382155,0.0599406384679161,0.9435,2000,3604.55289006233
252,"adaptive",1000,20,"outcome",0,5,2,2000,0.00686081236920622,0.00571442532559484,0.00567018967406642,0.0755938180382155,0.0599406384679161,0.9435,2000,3604.55289006233
253,"naive",200,5,"treatment",0,5,2,2000,0.0173983850777026,0.0303493889671091,0.030061716021808,0.174210760193247,0.138272245739775,0.9525,2000,179.927586078644
253,"ipw_robust",200,5,"treatment",0,5,2,2000,-0.0113991616534954,0.0313619267296702,0.0312476096480917,0.177092988934261,0.140554215474191,0.949,2000,179.927586078644
253,"dr_robust",200,5,"treatment",0,5,2,2000,0.0126620709558964,0.0299372895728904,0.0297918574607286,0.173023956644421,0.137339845421326,0.946,2000,179.927586078644
253,"aipw_robust",200,5,"treatment",0,5,2,2000,0.00944267992345482,0.0426426801282622,0.0425748033257883,0.206501041470164,0.164271932793467,0.951,2000,179.927586078644
253,"reg_adj",200,5,"treatment",0,5,2,2000,0.0169496169627692,0.02803640851262,0.0277630004976843,0.167440761204135,0.132726126796654,0.951,2000,179.927586078644
253,"adaptive",200,5,"treatment",0,5,2,2000,0.0169710823269242,0.0280836970059558,0.0278095841626899,0.167581911332804,0.132862880988392,0.951,2000,179.927586078644
254,"naive",500,5,"treatment",0,5,2,2000,0.013914048356003,0.0111968428390709,0.011008746470653,0.105815135207922,0.0845810407241468,0.948,2000,398.774306058884
254,"ipw_robust",500,5,"treatment",0,5,2,2000,-0.016114217065756,0.0119647600704216,0.0117109475525556,0.109383545702366,0.0874809652448079,0.946,2000,398.774306058884
254,"dr_robust",500,5,"treatment",0,5,2,2000,0.00868486378006805,0.0109651322640706,0.0108951529816831,0.104714527473845,0.0833844614598535,0.9485,2000,398.774306058884
254,"aipw_robust",500,5,"treatment",0,5,2,2000,0.00706884653908402,0.0155783730724999,0.0155361725673905,0.124813352941502,0.0999866082856779,0.955,2000,398.774306058884
254,"reg_adj",500,5,"treatment",0,5,2,2000,0.0121994335018427,0.0105868969068517,0.0104432923752735,0.102892647486843,0.0823023819910614,0.9465,2000,398.774306058884
254,"adaptive",500,5,"treatment",0,5,2,2000,0.0121994335018427,0.0105868969068517,0.0104432923752735,0.102892647486843,0.0823023819910614,0.9465,2000,398.774306058884
255,"naive",1000,5,"treatment",0,5,2,2000,0.0102911031009221,0.0057076970310341,0.00560459252426242,0.0755493019890594,0.0599104520905718,0.9465,2000,731.007091999054
255,"ipw_robust",1000,5,"treatment",0,5,2,2000,-0.0193441635709537,0.0062254723517582,0.00585420278889284,0.0789016625411544,0.0626837727940517,0.9395,2000,731.007091999054
255,"dr_robust",1000,5,"treatment",0,5,2,2000,0.00599780755473489,0.00562687576118787,0.00559369891518183,0.075012504032247,0.0597389870647769,0.947,2000,731.007091999054
255,"aipw_robust",1000,5,"treatment",0,5,2,2000,0.00162118037772085,0.00806337760625636,0.00806478177132492,0.0897963117631028,0.0716553762506941,0.9465,2000,731.007091999054
255,"reg_adj",1000,5,"treatment",0,5,2,2000,0.00944346453537293,0.00541428527597181,0.00532777013861027,0.0735818270768796,0.0585398235846735,0.952,2000,731.007091999054
255,"adaptive",1000,5,"treatment",0,5,2,2000,0.00944346453537293,0.00541428527597181,0.00532777013861027,0.0735818270768796,0.0585398235846735,0.952,2000,731.007091999054
256,"naive",200,10,"treatment",0,5,2,2000,0.0087675753221701,0.0331669700924707,0.0331066530419618,0.182118011444422,0.145279613071117,0.943,2000,306.136882066727
256,"ipw_robust",200,10,"treatment",0,5,2,2000,-0.0143219013673126,0.0338129528280524,0.0336246482934241,0.183882986782498,0.146155100516446,0.9485,2000,306.136882066727
256,"dr_robust",200,10,"treatment",0,5,2,2000,0.00316978934677348,0.0323093439656149,0.0323154541281761,0.179748001284061,0.144529733621405,0.9495,2000,306.136882066727
256,"aipw_robust",200,10,"treatment",0,5,2,2000,4.57890860285914e-05,0.043427034685134,0.043448756966977,0.208391541779253,0.166982337963201,0.955,2000,306.136882066727
256,"reg_adj",200,10,"treatment",0,5,2,2000,0.00711490722410124,0.0297052193511468,0.0296694321624205,0.172352021604468,0.138175201253811,0.9515,2000,306.136882066727
256,"adaptive",200,10,"treatment",0,5,2,2000,0.00677260285566073,0.0301136055994722,0.0300827788394514,0.173532721984853,0.139001585184345,0.9505,2000,306.136882066727
257,"naive",500,10,"treatment",0,5,2,2000,0.0134242143056267,0.0113134489977516,0.0111388088724644,0.10636469808048,0.0843634524140288,0.945,2000,719.68629693985
257,"ipw_robust",500,10,"treatment",0,5,2,2000,-0.0103319636000088,0.011609909755488,0.0115089147410266,0.10774929120643,0.0859497244886663,0.945,2000,719.68629693985
257,"dr_robust",500,10,"treatment",0,5,2,2000,0.00829045999663691,0.0110183077469471,0.0109550535467646,0.104968127290845,0.0830396116175665,0.948,2000,719.68629693985
257,"aipw_robust",500,10,"treatment",0,5,2,2000,0.000532201612922112,0.0145604489325049,0.0145674494186574,0.120666685263601,0.095675332558971,0.954,2000,719.68629693985
257,"reg_adj",500,10,"treatment",0,5,2,2000,0.0112737747522913,0.0103368222933259,0.0102148317120165,0.101670164223955,0.0806266598947833,0.9445,2000,719.68629693985
257,"adaptive",500,10,"treatment",0,5,2,2000,0.0112737747522913,0.0103368222933259,0.0102148317120165,0.101670164223955,0.0806266598947833,0.9445,2000,719.68629693985
258,"naive",1000,10,"treatment",0,5,2,2000,0.00843724188103501,0.00586613878713101,0.00579785066190287,0.0765907225917801,0.061148066314027,0.9485,2000,1288.7399058342
258,"ipw_robust",1000,10,"treatment",0,5,2,2000,-0.0144317730733901,0.00622489114018737,0.00601962487858484,0.0788979793162498,0.0624035218376832,0.945,2000,1288.7399058342
258,"dr_robust",1000,10,"treatment",0,5,2,2000,0.0041705281712483,0.00572605077145708,0.00571151322284133,0.0756706731267608,0.0603102219254898,0.9505,2000,1288.7399058342
258,"aipw_robust",1000,10,"treatment",0,5,2,2000,-0.00104618705685855,0.0079619401022381,0.0079648280088846,0.0892297041474312,0.0706636208821256,0.9475,2000,1288.7399058342
258,"reg_adj",1000,10,"treatment",0,5,2,2000,0.0081005975428643,0.00557372923275576,0.00551086498469665,0.0746574124434792,0.0596132847705491,0.945,2000,1288.7399058342
258,"adaptive",1000,10,"treatment",0,5,2,2000,0.0081005975428643,0.00557372923275576,0.00551086498469665,0.0746574124434792,0.0596132847705491,0.945,2000,1288.7399058342
259,"naive",200,20,"treatment",0,5,2,2000,0.00243324527415911,0.0408165874013427,0.0408310822599085,0.202031154531529,0.158866200473292,0.9445,2000,728.379953861237
259,"ipw_robust",200,20,"treatment",0,5,2,2000,-0.0191743762211578,0.039646708947384,0.0392987015947108,0.199114813480524,0.157512652871817,0.942,2000,728.379953861237
259,"dr_robust",200,20,"treatment",0,5,2,2000,-0.000828995311585867,0.0383276097162829,0.0383460955308216,0.195774384729675,0.15515473399384,0.9445,2000,728.379953861237
259,"aipw_robust",200,20,"treatment",0,5,2,2000,-0.00327662719047139,0.046861786669831,0.0468744876278996,0.21647583391647,0.174132810503966,0.954,2000,728.379953861237
259,"reg_adj",200,20,"treatment",0,5,2,2000,0.00592076062645974,0.0320651783796324,0.0320461460462596,0.179067524637027,0.142585627423556,0.9465,2000,728.379953861237
259,"adaptive",200,20,"treatment",0,5,2,2000,0.00410047843976047,0.0341214158692481,0.0341216627772018,0.184719830741716,0.146288595958559,0.9475,2000,728.379953861237
260,"naive",500,20,"treatment",0,5,2,2000,0.00806349911740289,0.0134114981798581,0.0133531547392113,0.115808022951167,0.0921761537719932,0.951,2000,1971.7866499424
260,"ipw_robust",500,20,"treatment",0,5,2,2000,-0.0143494899279046,0.0136719310077979,0.0134727595263701,0.116927032835858,0.0929226628515182,0.949,2000,1971.7866499424
260,"dr_robust",500,20,"treatment",0,5,2,2000,0.00329274546737057,0.0128215101374916,0.0128170765030302,0.113232107361347,0.0905691678849789,0.9515,2000,1971.7866499424
260,"aipw_robust",500,20,"treatment",0,5,2,2000,-0.00231480349730306,0.0171994004047794,0.0172026434112539,0.13114648453077,0.104143182093743,0.9505,2000,1971.7866499424
260,"reg_adj",500,20,"treatment",0,5,2,2000,0.00714795258678258,0.0117591191538606,0.0117138828691122,0.10843947230534,0.086753419093319,0.957,2000,1971.7866499424
260,"adaptive",500,20,"treatment",0,5,2,2000,0.00725892723509425,0.0118472742934798,0.0118004825101305,0.108845184980686,0.0868871577392898,0.957,2000,1971.7866499424
261,"naive",1000,20,"treatment",0,5,2,2000,0.0112042704098765,0.00632126756270257,0.0061988313029364,0.0795063995078545,0.0636060530240552,0.9515,2000,3595.74170780182
261,"ipw_robust",1000,20,"treatment",0,5,2,2000,-0.0126040712051856,0.00655613625474707,0.00640047388074205,0.08096997131497,0.0649165695474164,0.953,2000,3595.74170780182
261,"dr_robust",1000,20,"treatment",0,5,2,2000,0.00691313334396604,0.00612903711231161,0.00608428784360195,0.078288167128319,0.062731064991376,0.9525,2000,3595.74170780182
261,"aipw_robust",1000,20,"treatment",0,5,2,2000,0.000812286015468011,0.00799440590990213,0.00799774497381811,0.0894114417169421,0.0713373557612414,0.948,2000,3595.74170780182
261,"reg_adj",1000,20,"treatment",0,5,2,2000,0.0104111618438423,0.00581578100143918,0.00571024383241672,0.076261268029316,0.0611742627664435,0.9475,2000,3595.74170780182
261,"adaptive",1000,20,"treatment",0,5,2,2000,0.0104111618438423,0.00581578100143918,0.00571024383241672,0.076261268029316,0.0611742627664435,0.9475,2000,3595.74170780182
262,"naive",200,5,"mixed",0,5,2,2000,0.00661575027601025,0.0301040063187298,0.0300752758049178,0.173505061363436,0.137810660558606,0.949,2000,180.451095104218
262,"ipw_robust",200,5,"mixed",0,5,2,2000,-0.0231982396815751,0.0311896626966556,0.0306668377912274,0.176605953174449,0.140753925340609,0.9485,2000,180.451095104218
262,"dr_robust",200,5,"mixed",0,5,2,2000,0.00212051644653544,0.0297284660415136,0.0297388388709491,0.172419447979379,0.136810938820721,0.95,2000,180.451095104218
262,"aipw_robust",200,5,"mixed",0,5,2,2000,-0.00075837580690874,0.041026201562129,0.041046149503016,0.202549257125591,0.161683746778179,0.9495,2000,180.451095104218
262,"reg_adj",200,5,"mixed",0,5,2,2000,0.00588137042524917,0.0277608248547091,0.0277401043888245,0.166615800135248,0.132395535347029,0.948,2000,180.451095104218
262,"adaptive",200,5,"mixed",0,5,2,2000,0.00591478679203883,0.027759999698855,0.0277388844382789,0.166613323893544,0.132369837866097,0.948,2000,180.451095104218
263,"naive",500,5,"mixed",0,5,2,2000,0.0110526840991829,0.0115820041872619,0.0114655751490401,0.107619720252665,0.0858691914035247,0.9515,2000,399.968101024628
263,"ipw_robust",500,5,"mixed",0,5,2,2000,-0.0193073342155796,0.0120207421377859,0.0116537958812144,0.109639145097843,0.0878789193493192,0.951,2000,399.968101024628
263,"dr_robust",500,5,"mixed",0,5,2,2000,0.00667794943632405,0.0114268829504391,0.0113879819327314,0.106896599339919,0.0853040641201732,0.95,2000,399.968101024628
263,"aipw_robust",500,5,"mixed",0,5,2,2000,0.000391134807578464,0.0154379894821241,0.0154455592753241,0.124249706165142,0.0987717957293005,0.9465,2000,399.968101024628
263,"reg_adj",500,5,"mixed",0,5,2,2000,0.00963759221072369,0.0110741191281603,0.0109867293091947,0.105233640667613,0.0841991181913519,0.9465,2000,399.968101024628
263,"adaptive",500,5,"mixed",0,5,2,2000,0.00963759221072369,0.0110741191281603,0.0109867293091947,0.105233640667613,0.0841991181913519,0.9465,2000,399.968101024628
264,"naive",1000,5,"mixed",0,5,2,2000,0.00968686131366292,0.00543834314816221,0.00534718145678046,0.0737451228771246,0.0590912635031231,0.947,2000,734.65754199028
264,"ipw_robust",1000,5,"mixed",0,5,2,2000,-0.0192252528316426,0.00601116153330966,0.00564437337355586,0.0775316808363501,0.0617754862601591,0.943,2000,734.65754199028
264,"dr_robust",1000,5,"mixed",0,5,2,2000,0.00529938610985825,0.0053526571019698,0.00532723722744216,0.0731618555120754,0.0587010535364861,0.948,2000,734.65754199028
264,"aipw_robust",1000,5,"mixed",0,5,2,2000,4.15992456570535e-05,0.00760860305995441,0.00761240753322378,0.0872273068479957,0.0701052477514812,0.953,2000,734.65754199028
264,"reg_adj",1000,5,"mixed",0,5,2,2000,0.00838951022243517,0.00517049639545003,0.00510266384560048,0.0719061638209829,0.0576246275698121,0.9505,2000,734.65754199028
264,"adaptive",1000,5,"mixed",0,5,2,2000,0.00838951022243517,0.00517049639545003,0.00510266384560048,0.0719061638209829,0.0576246275698121,0.9505,2000,734.65754199028
265,"naive",200,10,"mixed",0,5,2,2000,0.00640478116071286,0.0328594268453802,0.0328348230351811,0.181271693447654,0.143114267878971,0.9475,2000,308.552321910858
265,"ipw_robust",200,10,"mixed",0,5,2,2000,-0.0163651765897543,0.033034516659958,0.032783089199744,0.181754000396024,0.143148551122075,0.9495,2000,308.552321910858
265,"dr_robust",200,10,"mixed",0,5,2,2000,0.000842202026860139,0.0314268410261011,0.0314418526481712,0.177276171625239,0.140115813967088,0.9495,2000,308.552321910858
265,"aipw_robust",200,10,"mixed",0,5,2,2000,-0.0012152871659481,0.0414004662376381,0.0414196991643245,0.203471045207022,0.160955229352686,0.947,2000,308.552321910858
265,"reg_adj",200,10,"mixed",0,5,2,2000,0.00571092038793752,0.0284775103119485,0.0284591252629026,0.168752808308331,0.133107916190198,0.954,2000,308.552321910858
265,"adaptive",200,10,"mixed",0,5,2,2000,0.00571653640281911,0.0288279447268131,0.0288096707737552,0.16978794046343,0.133729785701326,0.953,2000,308.552321910858
266,"naive",500,10,"mixed",0,5,2,2000,0.00954021974647734,0.0124172653389762,0.0123324157540421,0.111432783950578,0.0890897697844815,0.9495,2000,727.21340918541
266,"ipw_robust",500,10,"mixed",0,5,2,2000,-0.0129910343777717,0.012608166206588,0.0124456220434052,0.112286090886574,0.0896387484250533,0.946,2000,727.21340918541
266,"dr_robust",500,10,"mixed",0,5,2,2000,0.00482510230868272,0.0121374464145236,0.0121202249146917,0.110170079488596,0.0878406226829826,0.95,2000,727.21340918541
266,"aipw_robust",500,10,"mixed",0,5,2,2000,0.00195739297438324,0.0156704337245187,0.015674439557041,0.125181602979506,0.100361528576559,0.954,2000,727.21340918541
266,"reg_adj",500,10,"mixed",0,5,2,2000,0.00887726137464462,0.0116242169491382,0.0115511867730109,0.107815661891667,0.0859147984764801,0.9515,2000,727.21340918541
266,"adaptive",500,10,"mixed",0,5,2,2000,0.00887726137464462,0.0116242169491382,0.0115511867730109,0.107815661891667,0.0859147984764801,0.9515,2000,727.21340918541
267,"naive",1000,10,"mixed",0,5,2,2000,0.00880863408284771,0.00581944894477154,0.00574472927500353,0.0762853127723256,0.0606882811694853,0.948,2000,1286.59349298477
267,"ipw_robust",1000,10,"mixed",0,5,2,2000,-0.0141538970737816,0.00630608853579378,0.00610881013848782,0.0794108842400951,0.0634762744744626,0.9475,2000,1286.59349298477
267,"dr_robust",1000,10,"mixed",0,5,2,2000,0.00445694120049422,0.00583177248788902,0.00581481557080976,0.0763660427669852,0.06087541541614,0.947,2000,1286.59349298477
267,"aipw_robust",1000,10,"mixed",0,5,2,2000,-0.000770043671543208,0.00833613251425107,0.00833970940169583,0.0913024233755658,0.0728410187068789,0.9505,2000,1286.59349298477
267,"reg_adj",1000,10,"mixed",0,5,2,2000,0.00847987739882194,0.00549040330615636,0.00542120558825143,0.0740972557262167,0.0587062782194495,0.947,2000,1286.59349298477
267,"adaptive",1000,10,"mixed",0,5,2,2000,0.00847987739882194,0.00549040330615636,0.00542120558825143,0.0740972557262167,0.0587062782194495,0.947,2000,1286.59349298477
268,"naive",200,20,"mixed",0,5,2,2000,0.00879046612306977,0.040510769586202,0.0404537241536179,0.201272873448465,0.158057211586263,0.957,2000,730.044416904449
268,"ipw_robust",200,20,"mixed",0,5,2,2000,-0.0147704638325457,0.0389438611434385,0.0387450670751476,0.197341990319948,0.156988664924041,0.954,2000,730.044416904449
268,"dr_robust",200,20,"mixed",0,5,2,2000,0.0057224392481654,0.0367818104000028,0.0367674478129604,0.191785845150269,0.151944701677822,0.9525,2000,730.044416904449
268,"aipw_robust",200,20,"mixed",0,5,2,2000,0.00116799063557105,0.0476061018931082,0.0476285519669669,0.218188225835191,0.174926909671958,0.952,2000,730.044416904449
268,"reg_adj",200,20,"mixed",0,5,2,2000,0.00721747268306494,0.0315123629420903,0.0314760090346768,0.177517218720017,0.142105832859149,0.953,2000,730.044416904449
268,"adaptive",200,20,"mixed",0,5,2,2000,0.00820878763968214,0.0335856931447056,0.0335350764884364,0.183263998495901,0.145956432853049,0.953,2000,730.044416904449
269,"naive",500,20,"mixed",0,5,2,2000,0.00963919666816482,0.0136185395358866,0.0135323916192887,0.1166984984303,0.0932369739457132,0.955,2000,2001.39083790779
269,"ipw_robust",500,20,"mixed",0,5,2,2000,-0.0142207410937547,0.0136951477026842,0.0134996680594583,0.117026269284653,0.0940968325537016,0.9545,2000,2001.39083790779
269,"dr_robust",500,20,"mixed",0,5,2,2000,0.00512674108226685,0.0129182571656863,0.0128984229030132,0.113658511188939,0.0912481615625219,0.9545,2000,2001.39083790779
269,"aipw_robust",500,20,"mixed",0,5,2,2000,0.00163948361134159,0.0168319824191616,0.0168377133693344,0.129738130166738,0.104019927430398,0.9485,2000,2001.39083790779
269,"reg_adj",500,20,"mixed",0,5,2,2000,0.00872789390686979,0.0121688770375257,0.0120987502806164,0.110312633172841,0.0878119939610582,0.951,2000,2001.39083790779
269,"adaptive",500,20,"mixed",0,5,2,2000,0.00870400388888992,0.0121620155763052,0.0120923020436292,0.110281528717665,0.0877881039430782,0.9505,2000,2001.39083790779
270,"naive",1000,20,"mixed",0,5,2,2000,0.011498812353842,0.00585830685671414,0.00572894864548802,0.0765395770612442,0.0610340722609505,0.949,2000,3601.02419495583
270,"ipw_robust",1000,20,"mixed",0,5,2,2000,-0.0122165676495849,0.00614482747771293,0.0059985822436979,0.0783889499720014,0.0621761657845091,0.948,2000,3601.02419495583
270,"dr_robust",1000,20,"mixed",0,5,2,2000,0.00737208502980291,0.00561400366834669,0.00556243724928469,0.0749266552593047,0.0597554893637341,0.9465,2000,3601.02419495583
270,"aipw_robust",1000,20,"mixed",0,5,2,2000,0.00325481454609866,0.00769630196358497,0.00768955292231663,0.0877285698252568,0.0693876021646961,0.947,2000,3601.02419495583
270,"reg_adj",1000,20,"mixed",0,5,2,2000,0.0107909187559003,0.00532823629771183,0.00521439956990034,0.0729947689749877,0.0580736912658714,0.9445,2000,3601.02419495583
270,"adaptive",1000,20,"mixed",0,5,2,2000,0.0107909187559003,0.00532823629771183,0.00521439956990034,0.0729947689749877,0.0580736912658714,0.9445,2000,3601.02419495583
271,"naive",200,5,"none",0.05,5,2,2000,0.0038289559103708,0.0309670182423115,0.0309678412595777,0.17597448179299,0.139961258677583,0.954,2000,179.682987928391
271,"ipw_robust",200,5,"none",0.05,5,2,2000,-0.0254657722974656,0.0319451342915584,0.0313122848752897,0.178732018092893,0.142399185884568,0.946,2000,179.682987928391
271,"dr_robust",200,5,"none",0.05,5,2,2000,0.000594316174415965,0.0303186523699739,0.0303334658912043,0.174122521145238,0.139689463588926,0.9535,2000,179.682987928391
271,"aipw_robust",200,5,"none",0.05,5,2,2000,-0.000397131460590838,0.0396803620706674,0.0397000543844626,0.199199302384992,0.158063767472619,0.9475,2000,179.682987928391
271,"reg_adj",200,5,"none",0.05,5,2,2000,0.0046064595260531,0.028311472317101,0.0283044050502609,0.168260132880908,0.135441888667345,0.9485,2000,179.682987928391
271,"adaptive",200,5,"none",0.05,5,2,2000,0.00467939996491262,0.0283439719868353,0.0283362433244659,0.168356680850019,0.135514829106205,0.9485,2000,179.682987928391
272,"naive",500,5,"none",0.05,5,2,2000,0.00847516306465623,0.0117558607724696,0.0116898773221582,0.108424447300734,0.0868907667811547,0.9565,2000,400.37389421463
272,"ipw_robust",500,5,"none",0.05,5,2,2000,-0.0204746687404493,0.0125546963757757,0.0121415550932912,0.112047741502342,0.0895923149104284,0.9495,2000,400.37389421463
272,"dr_robust",500,5,"none",0.05,5,2,2000,0.00382611684403455,0.0116806739682594,0.011671870733522,0.108077166729423,0.0866710565283276,0.957,2000,400.37389421463
272,"aipw_robust",500,5,"none",0.05,5,2,2000,-0.00110512134612928,0.0160366976532324,0.0160434981090972,0.126636083535588,0.101498156566815,0.949,2000,400.37389421463
272,"reg_adj",500,5,"none",0.05,5,2,2000,0.00762882814496724,0.0110714229455746,0.0110187332933558,0.105220829428277,0.0847986793229603,0.955,2000,400.37389421463
272,"adaptive",500,5,"none",0.05,5,2,2000,0.00762882814496724,0.0110714229455746,0.0110187332933558,0.105220829428277,0.0847986793229603,0.955,2000,400.37389421463
273,"naive",1000,5,"none",0.05,5,2,2000,0.00902342148419155,0.00591150731448474,0.0058330016800434,0.0768863272271783,0.0615969833804802,0.954,2000,734.297746181488
273,"ipw_robust",1000,5,"none",0.05,5,2,2000,-0.0208734876310421,0.00639049492592647,0.00595777132570606,0.0799405712134112,0.0636609405609839,0.936,2000,734.297746181488
273,"dr_robust",1000,5,"none",0.05,5,2,2000,0.00482565352649278,0.0058102434565064,0.00578985145027378,0.076224952978053,0.0611810983691293,0.95,2000,734.297746181488
273,"aipw_robust",1000,5,"none",0.05,5,2,2000,-0.00197137144481929,0.00797474300339145,0.00797484412007804,0.0893014165811016,0.0714267880987121,0.9535,2000,734.297746181488
273,"reg_adj",1000,5,"none",0.05,5,2,2000,0.00781450620336122,0.00561730591013616,0.00555901891238999,0.0749486885151179,0.0601754248584224,0.9495,2000,734.297746181488
273,"adaptive",1000,5,"none",0.05,5,2,2000,0.00781450620336122,0.00561730591013616,0.00555901891238999,0.0749486885151179,0.0601754248584224,0.9495,2000,734.297746181488
274,"naive",200,10,"none",0.05,5,2,2000,0.00123727723702327,0.0329163586047048,0.0329312933964418,0.181428659821718,0.142882785880386,0.9535,2000,308.869390010834
274,"ipw_robust",200,10,"none",0.05,5,2,2000,-0.0207918466204327,0.0337489682110572,0.0333333339921657,0.183708922513462,0.145448610577752,0.95,2000,308.869390010834
274,"dr_robust",200,10,"none",0.05,5,2,2000,-0.00294478307716894,0.0328036730138121,0.0328114069699255,0.181117842891892,0.143546055102016,0.9495,2000,308.869390010834
274,"aipw_robust",200,10,"none",0.05,5,2,2000,-0.0035311298012457,0.0420123108001522,0.0420208523486533,0.204969048395489,0.16379345763596,0.9445,2000,308.869390010834
274,"reg_adj",200,10,"none",0.05,5,2,2000,0.00220905645136105,0.029483374001001,0.0294932406909412,0.171707233397434,0.137066455310859,0.952,2000,308.869390010834
274,"adaptive",200,10,"none",0.05,5,2,2000,0.00258410375536355,0.0297201541582222,0.0297283407363719,0.17239534262335,0.137858223418077,0.951,2000,308.869390010834
275,"naive",500,10,"none",0.05,5,2,2000,0.00927697118222559,0.0119117753874881,0.0118316290076761,0.109141080201215,0.0870934798825815,0.9445,2000,725.074225187302
275,"ipw_robust",500,10,"none",0.05,5,2,2000,-0.014095316214136,0.0124926513388239,0.0123001234613781,0.111770529831543,0.0883971746585377,0.9465,2000,725.074225187302
275,"dr_robust",500,10,"none",0.05,5,2,2000,0.00462849044515856,0.0114483598422208,0.0114326532450424,0.106997008566692,0.0854610496664102,0.9445,2000,725.074225187302
275,"aipw_robust",500,10,"none",0.05,5,2,2000,-0.000368688323816313,0.0157503193168836,0.015758062417012,0.125500276162579,0.10047596762266,0.951,2000,725.074225187302
275,"reg_adj",500,10,"none",0.05,5,2,2000,0.00918779884839793,0.0107181572327733,0.0106390611156525,0.103528533423271,0.0824046799948665,0.944,2000,725.074225187302
275,"adaptive",500,10,"none",0.05,5,2,2000,0.00918779884839793,0.0107181572327733,0.0106390611156525,0.103528533423271,0.0824046799948665,0.944,2000,725.074225187302
276,"naive",1000,10,"none",0.05,5,2,2000,0.0102111063033101,0.00633608715603251,0.00623493793306153,0.079599542436075,0.0635405772554194,0.9475,2000,1285.74185180664
276,"ipw_robust",1000,10,"none",0.05,5,2,2000,-0.0129267041294758,0.00653093238190588,0.00636701621036005,0.0808141842865835,0.0643943213585315,0.9495,2000,1285.74185180664
276,"dr_robust",1000,10,"none",0.05,5,2,2000,0.00568931995465372,0.0061135981943979,0.0060842719688359,0.0781895018170464,0.0621892635529219,0.95,2000,1285.74185180664
276,"aipw_robust",1000,10,"none",0.05,5,2,2000,0.00182166633203318,0.00818701735897278,0.00818779278714109,0.0904821383421766,0.0728443471116624,0.9455,2000,1285.74185180664
276,"reg_adj",1000,10,"none",0.05,5,2,2000,0.009851361855445,0.00578872132312168,0.00569451925234093,0.0760836468836877,0.0603525019038723,0.9485,2000,1285.74185180664
276,"adaptive",1000,10,"none",0.05,5,2,2000,0.009851361855445,0.00578872132312168,0.00569451925234093,0.0760836468836877,0.0603525019038723,0.9485,2000,1285.74185180664
277,"naive",200,20,"none",0.05,5,2,2000,0.0124996861450031,0.0384512018731771,0.0383141167778425,0.19608978013445,0.154934938039039,0.9475,2000,724.632230997086
277,"ipw_robust",200,20,"none",0.05,5,2,2000,-0.0152591560455617,0.0378587308765518,0.0376447113890235,0.194573201845865,0.153994043889695,0.949,2000,724.632230997086
277,"dr_robust",200,20,"none",0.05,5,2,2000,0.00772038495086802,0.0366053418276297,0.036564019493587,0.191325225277875,0.150505519659519,0.949,2000,724.632230997086
277,"aipw_robust",200,20,"none",0.05,5,2,2000,0.00168539129336498,0.0451471278682313,0.0451668707597995,0.212478535076443,0.168691734992728,0.95,2000,724.632230997086
277,"reg_adj",200,20,"none",0.05,5,2,2000,0.0139815530786187,0.0306844139504826,0.0305041822150999,0.175169671891234,0.139620510844007,0.9455,2000,724.632230997086
277,"adaptive",200,20,"none",0.05,5,2,2000,0.012835780753583,0.0319967926225648,0.0318479593346781,0.178876473082865,0.142290656045996,0.9455,2000,724.632230997086
278,"naive",500,20,"none",0.05,5,2,2000,0.00932084580163073,0.0131635818979086,0.0130832453541279,0.11473265401754,0.0915675285909087,0.9495,2000,1962.49595594406
278,"ipw_robust",500,20,"none",0.05,5,2,2000,-0.0146496258754749,0.0135883256695873,0.0133804043334626,0.11656897387207,0.0926339454762119,0.9465,2000,1962.49595594406
278,"dr_robust",500,20,"none",0.05,5,2,2000,0.0048089038092356,0.0127057629816663,0.0126889819167783,0.112719842892307,0.0900970740152539,0.9535,2000,1962.49595594406
278,"aipw_robust",500,20,"none",0.05,5,2,2000,-0.00181564158305747,0.0171354684157219,0.01714074223248,0.130902514932762,0.104850054543595,0.9495,2000,1962.49595594406
278,"reg_adj",500,20,"none",0.05,5,2,2000,0.00847597771922226,0.0117629346327717,0.0116969409049275,0.10845706354485,0.0870006695330333,0.9535,2000,1962.49595594406
278,"adaptive",500,20,"none",0.05,5,2,2000,0.00847597771922226,0.0117629346327717,0.0116969409049275,0.10845706354485,0.0870006695330333,0.9535,2000,1962.49595594406
279,"naive",1000,20,"none",0.05,5,2,2000,0.0101628037592807,0.00601994233586422,0.00591961956539726,0.0775882873626182,0.0619952205294021,0.946,2000,3618.9540719986
279,"ipw_robust",1000,20,"none",0.05,5,2,2000,-0.0131471886558365,0.0062569034343354,0.00608709841399023,0.079100590606742,0.0632405726837579,0.946,2000,3618.9540719986
279,"dr_robust",1000,20,"none",0.05,5,2,2000,0.00561225502741314,0.00583238385401341,0.00580378834169153,0.076370045528423,0.0607403139463534,0.947,2000,3618.9540719986
279,"aipw_robust",1000,20,"none",0.05,5,2,2000,0.00294497266855487,0.00801559134410776,0.00801092394206025,0.0895298349384592,0.0714914831472376,0.9505,2000,3618.9540719986
279,"reg_adj",1000,20,"none",0.05,5,2,2000,0.00850748575204685,0.00547301693895086,0.00540334129577747,0.0739798414363728,0.0589543747521216,0.948,2000,3618.9540719986
279,"adaptive",1000,20,"none",0.05,5,2,2000,0.00850748575204685,0.00547301693895086,0.00540334129577747,0.0739798414363728,0.0589543747521216,0.948,2000,3618.9540719986
280,"naive",200,5,"covariate",0.05,5,2,2000,-0.129665874478788,0.059481334321559,0.0426894400372288,0.243887954441295,0.194731368048645,0.904,2000,174.50279211998
280,"ipw_robust",200,5,"covariate",0.05,5,2,2000,-0.137345586505105,0.0617650519134911,0.0429227031326262,0.248525757042386,0.198694235718728,0.8945,2000,174.50279211998
280,"dr_robust",200,5,"covariate",0.05,5,2,2000,-0.13577724270024,0.0711166741869739,0.0527075683358618,0.266677097229916,0.20347011236763,0.929,2000,174.50279211998
280,"aipw_robust",200,5,"covariate",0.05,5,2,2000,-0.0835286537292008,0.0577395911059881,0.0507879490867187,0.240290638823047,0.191666621291989,0.934,2000,174.50279211998
280,"reg_adj",200,5,"covariate",0.05,5,2,2000,-0.156419509738897,0.0578757527120498,0.0334254023862861,0.240573798889343,0.197903066920228,0.863,2000,174.50279211998
280,"adaptive",200,5,"covariate",0.05,5,2,2000,-0.155158398695941,0.0600670041614011,0.0360108809159704,0.24508570778689,0.199607531230068,0.8765,2000,174.50279211998
281,"naive",500,5,"covariate",0.05,5,2,2000,-0.152978762056898,0.0433903588914887,0.0199978561791172,0.208303525873876,0.171848818167294,0.815,2000,387.607424020767
281,"ipw_robust",500,5,"covariate",0.05,5,2,2000,-0.155124388802864,0.0426154955186593,0.0185612001172558,0.206435209009169,0.171986858392101,0.7995,2000,387.607424020767
281,"dr_robust",500,5,"covariate",0.05,5,2,2000,-0.184123079615472,0.0587136428584625,0.0248247467847696,0.242308982207558,0.19643588137462,0.8275,2000,387.607424020767
281,"aipw_robust",500,5,"covariate",0.05,5,2,2000,-0.102453446863769,0.0301634947404659,0.0196766242783379,0.17367640812864,0.140452250318264,0.8765,2000,387.607424020767
281,"reg_adj",500,5,"covariate",0.05,5,2,2000,-0.167746695862988,0.0413470479164735,0.0132147012941707,0.203339735212952,0.174821529089231,0.691,2000,387.607424020767
281,"adaptive",500,5,"covariate",0.05,5,2,2000,-0.167363547639573,0.0413594031445357,0.013355523827946,0.203370113695537,0.174911893601403,0.694,2000,387.607424020767
282,"naive",1000,5,"covariate",0.05,5,2,2000,-0.162657077304077,0.0358106392665105,0.00935799346613904,0.189236992331073,0.166964516961773,0.617,2000,764.877549886703
282,"ipw_robust",1000,5,"covariate",0.05,5,2,2000,-0.163020898766295,0.0353601824648131,0.00878876341194844,0.188043033545019,0.166245761477954,0.588,2000,764.877549886703
282,"dr_robust",1000,5,"covariate",0.05,5,2,2000,-0.196921909645561,0.0506073534834376,0.0118350325012336,0.224960782100876,0.198779642054473,0.5875,2000,764.877549886703
282,"aipw_robust",1000,5,"covariate",0.05,5,2,2000,-0.118099005381925,0.0245846905162122,0.0106426367623934,0.156795058966194,0.131575191388003,0.7925,2000,764.877549886703
282,"reg_adj",1000,5,"covariate",0.05,5,2,2000,-0.174160982789059,0.0368108025148018,0.00648199558654401,0.19186141486709,0.174947992949678,0.4195,2000,764.877549886703
282,"adaptive",1000,5,"covariate",0.05,5,2,2000,-0.174160982789059,0.0368108025148018,0.00648199558654401,0.19186141486709,0.174947992949678,0.4195,2000,764.877549886703
283,"naive",200,10,"covariate",0.05,5,2,2000,-0.0841272195917555,0.0492439257296541,0.042187630468649,0.221909724279163,0.176431986483643,0.933,2000,277.090846061707
283,"ipw_robust",200,10,"covariate",0.05,5,2,2000,-0.0925285180491477,0.0498337638621567,0.0412928836516111,0.223234772968184,0.177881073243503,0.932,2000,277.090846061707
283,"dr_robust",200,10,"covariate",0.05,5,2,2000,-0.0721368171911656,0.0524492688440467,0.0472691830410956,0.229018053533006,0.17527483966261,0.955,2000,277.090846061707
283,"aipw_robust",200,10,"covariate",0.05,5,2,2000,-0.0537031747390266,0.0499044772415874,0.0470439682486614,0.223393100255105,0.179329287282481,0.9425,2000,277.090846061707
283,"reg_adj",200,10,"covariate",0.05,5,2,2000,-0.11701341852618,0.0482854286886549,0.034610593870407,0.219739456376534,0.177245558465529,0.9035,2000,277.090846061707
283,"adaptive",200,10,"covariate",0.05,5,2,2000,-0.115129212860192,0.0492010291412922,0.0359642756252974,0.221813049979689,0.178696724642926,0.9095,2000,277.090846061707
284,"naive",500,10,"covariate",0.05,5,2,2000,-0.112801201832349,0.0372198693917688,0.0245080122630779,0.192924517342324,0.15555732918295,0.9,2000,633.040992021561
284,"ipw_robust",500,10,"covariate",0.05,5,2,2000,-0.113420009823286,0.0344281257226893,0.0215748145016258,0.185548176285,0.151342898271634,0.8835,2000,633.040992021561
284,"dr_robust",500,10,"covariate",0.05,5,2,2000,-0.139496720466172,0.0480497671722778,0.0286047345187199,0.21920257108957,0.172261304113222,0.8825,2000,633.040992021561
284,"aipw_robust",500,10,"covariate",0.05,5,2,2000,-0.0722465167193644,0.0251466367043847,0.0199370460493279,0.158576911006567,0.127501196488466,0.9165,2000,633.040992021561
284,"reg_adj",500,10,"covariate",0.05,5,2,2000,-0.138493991216266,0.0330551327951887,0.0138814879361455,0.181810705942166,0.152826983244772,0.777,2000,633.040992021561
284,"adaptive",500,10,"covariate",0.05,5,2,2000,-0.138026817396428,0.0335252443332298,0.01448108255392,0.183099001453394,0.153538495072056,0.7875,2000,633.040992021561
285,"naive",1000,10,"covariate",0.05,5,2,2000,-0.138129843206028,0.0320316493313076,0.0129582748846279,0.17897387890781,0.151628082409454,0.794,2000,1269.69293785095
285,"ipw_robust",1000,10,"covariate",0.05,5,2,2000,-0.136219298049618,0.0300799481678774,0.0115300160147541,0.17343571768202,0.147529413406358,0.766,2000,1269.69293785095
285,"dr_robust",1000,10,"covariate",0.05,5,2,2000,-0.177316336045567,0.0453403056299433,0.0139061756891636,0.212932631670074,0.182461116221325,0.706,2000,1269.69293785095
285,"aipw_robust",1000,10,"covariate",0.05,5,2,2000,-0.0927122617300442,0.019136205584608,0.0105459150670413,0.138333674803383,0.113151486276017,0.852,2000,1269.69293785095
285,"reg_adj",1000,10,"covariate",0.05,5,2,2000,-0.147733917092419,0.0286995883076485,0.00687771690663212,0.16940952838506,0.150465689674016,0.571,2000,1269.69293785095
285,"adaptive",1000,10,"covariate",0.05,5,2,2000,-0.147625894365712,0.0286775133722599,0.00688755246121413,0.16934436327277,0.150357666947309,0.572,2000,1269.69293785095
286,"naive",200,20,"covariate",0.05,5,2,2000,-0.0532968774993334,0.0428310403798739,0.0400104884729314,0.206956614728483,0.163265099790029,0.942,2000,670.434565067291
286,"ipw_robust",200,20,"covariate",0.05,5,2,2000,-0.0635889394228168,0.0431919914554459,0.0391680222496521,0.20782683045133,0.164187449235424,0.94,2000,670.434565067291
286,"dr_robust",200,20,"covariate",0.05,5,2,2000,-0.0308831488868326,0.0395678466004186,0.0386333944124586,0.198916682559354,0.158376394277507,0.9505,2000,670.434565067291
286,"aipw_robust",200,20,"covariate",0.05,5,2,2000,-0.022193991511078,0.0485217283370636,0.0480531816687042,0.220276481579545,0.176553881437186,0.9495,2000,670.434565067291
286,"reg_adj",200,20,"covariate",0.05,5,2,2000,-0.0865426422736728,0.0434328913873647,0.0359612430771944,0.208405593464678,0.166111420208553,0.9335,2000,670.434565067291
286,"adaptive",200,20,"covariate",0.05,5,2,2000,-0.0845479605316639,0.0433846997009483,0.0362544693055373,0.208289941430085,0.165468852363044,0.934,2000,670.434565067291
287,"naive",500,20,"covariate",0.05,5,2,2000,-0.101846571056122,0.0306021507820659,0.0202395465194359,0.174934704338693,0.139775676122675,0.8915,2000,1515.52140903473
287,"ipw_robust",500,20,"covariate",0.05,5,2,2000,-0.107016543316335,0.0305003764212654,0.0190573645601684,0.174643569653353,0.141729118297087,0.8845,2000,1515.52140903473
287,"dr_robust",500,20,"covariate",0.05,5,2,2000,-0.101141281295607,0.0338337927692225,0.0236160420081095,0.183939644365271,0.142457707291627,0.9005,2000,1515.52140903473
287,"aipw_robust",500,20,"covariate",0.05,5,2,2000,-0.0526601792487456,0.0224555226131841,0.01969227427181,0.149851668703368,0.120218773511795,0.934,2000,1515.52140903473
287,"reg_adj",500,20,"covariate",0.05,5,2,2000,-0.133998315125395,0.0317085010065512,0.0137598324663398,0.178068809752161,0.149391972414892,0.801,2000,1515.52140903473
287,"adaptive",500,20,"covariate",0.05,5,2,2000,-0.134165089237347,0.032134514703856,0.0141413141908861,0.17926102393955,0.149956871271633,0.8085,2000,1515.52140903473
288,"naive",1000,20,"covariate",0.05,5,2,2000,-0.133285992167333,0.0309696962041615,0.0132111460691658,0.175982090577881,0.147409471234666,0.801,2000,2967.80652499199
288,"ipw_robust",1000,20,"covariate",0.05,5,2,2000,-0.132942767331617,0.0297122934060327,0.0120445362883883,0.172372542494542,0.145092797653983,0.78,2000,2967.80652499199
288,"dr_robust",1000,20,"covariate",0.05,5,2,2000,-0.168750959687342,0.0441241236932081,0.0156550648302241,0.210057429512046,0.175766343831049,0.7465,2000,2967.80652499199
288,"aipw_robust",1000,20,"covariate",0.05,5,2,2000,-0.0755256687189632,0.015553398732909,0.00985419919706096,0.124713266066241,0.100846719386051,0.8825,2000,2967.80652499199
288,"reg_adj",1000,20,"covariate",0.05,5,2,2000,-0.154213744527019,0.0308925901720188,0.00711426830512665,0.175762880529476,0.15629735342041,0.544,2000,2967.80652499199
288,"adaptive",1000,20,"covariate",0.05,5,2,2000,-0.154204707232564,0.0308893939851263,0.00711385918203663,0.175753787968073,0.156288316125955,0.544,2000,2967.80652499199
289,"naive",200,5,"outcome",0.05,5,2,2000,0.015150559674074,0.116902880157628,0.116731706552466,0.341910631828885,0.256224867621281,0.9555,2000,184.546040058136
289,"ipw_robust",200,5,"outcome",0.05,5,2,2000,-0.023468838147535,0.0370708758321123,0.0365383586474408,0.192537985426545,0.153130596109671,0.9485,2000,184.546040058136
289,"dr_robust",200,5,"outcome",0.05,5,2,2000,0.00281404831083121,0.0365785620248934,0.0365889376258106,0.19125522744462,0.152634375201317,0.9545,2000,184.546040058136
289,"aipw_robust",200,5,"outcome",0.05,5,2,2000,-0.00191654581444345,0.0458126377498183,0.0458318805422305,0.214038869717204,0.170500174289333,0.949,2000,184.546040058136
289,"reg_adj",200,5,"outcome",0.05,5,2,2000,0.0161792038497657,0.113103690377162,0.112898372926413,0.336308921049029,0.253794394346526,0.952,2000,184.546040058136
289,"adaptive",200,5,"outcome",0.05,5,2,2000,-0.0238974981049496,0.0378278669101759,0.0372754142016006,0.194493873708598,0.15464253288587,0.9485,2000,184.546040058136
290,"naive",500,5,"outcome",0.05,5,2,2000,0.0109934112434407,0.0487969554839633,0.0487004506185052,0.220900329297997,0.167500234819937,0.953,2000,392.725321054459
290,"ipw_robust",500,5,"outcome",0.05,5,2,2000,-0.0188212137020933,0.0147884736203812,0.014441456263293,0.121607868250296,0.0968673508269473,0.947,2000,392.725321054459
290,"dr_robust",500,5,"outcome",0.05,5,2,2000,0.00644433764423136,0.0141750423921755,0.0141405831961007,0.119058987028177,0.0944036456379533,0.9485,2000,392.725321054459
290,"aipw_robust",500,5,"outcome",0.05,5,2,2000,0.00413112820371175,0.0179650351818406,0.0179569474353228,0.134033709125132,0.106218460717539,0.944,2000,392.725321054459
290,"reg_adj",500,5,"outcome",0.05,5,2,2000,0.00924396297262664,0.0449939698993077,0.0449309845401385,0.21211782079615,0.163858535864833,0.955,2000,392.725321054459
290,"adaptive",500,5,"outcome",0.05,5,2,2000,-0.0187545613942552,0.0148448223017482,0.0145003388981064,0.121839329864163,0.0969826383606923,0.947,2000,392.725321054459
291,"naive",1000,5,"outcome",0.05,5,2,2000,0.0113121282802955,0.0229076598198337,0.0227910911191635,0.1513527661453,0.11743248370377,0.947,2000,721.390462875366
291,"ipw_robust",1000,5,"outcome",0.05,5,2,2000,-0.0164049669017063,0.00705344303718108,0.00678771395511256,0.0839847786041083,0.0663380983066551,0.9435,2000,721.390462875366
291,"dr_robust",1000,5,"outcome",0.05,5,2,2000,0.00705919765300633,0.0065176099640906,0.00647101319918598,0.0807317159739008,0.0640720724886851,0.9475,2000,721.390462875366
291,"aipw_robust",1000,5,"outcome",0.05,5,2,2000,0.00265771477704435,0.00860080358631289,0.00859803915805579,0.0927405175007822,0.0741205599453642,0.949,2000,721.390462875366
291,"reg_adj",1000,5,"outcome",0.05,5,2,2000,0.00958145326623372,0.0219510954831608,0.0218702263496426,0.148159020930758,0.115269244283572,0.9465,2000,721.390462875366
291,"adaptive",1000,5,"outcome",0.05,5,2,2000,-0.0164049669017063,0.00705344303718108,0.00678771395511256,0.0839847786041083,0.0663380983066551,0.9435,2000,721.390462875366
292,"naive",200,10,"outcome",0.05,5,2,2000,0.0177533250228734,0.131281550728051,0.131031886121744,0.362327960179795,0.274537712036575,0.951,2000,304.613170146942
292,"ipw_robust",200,10,"outcome",0.05,5,2,2000,-0.0105129839793634,0.0421348647637515,0.0420453646139081,0.205267787935057,0.164293389528292,0.954,2000,304.613170146942
292,"dr_robust",200,10,"outcome",0.05,5,2,2000,0.0083976016566405,0.040712024991128,0.0406618361956422,0.201772210651338,0.160905862085183,0.9495,2000,304.613170146942
292,"aipw_robust",200,10,"outcome",0.05,5,2,2000,0.00597379147520671,0.0485749747730778,0.0485635703736754,0.220397311174791,0.17603190498032,0.946,2000,304.613170146942
292,"reg_adj",200,10,"outcome",0.05,5,2,2000,0.0174256692248971,0.121700721205908,0.121457796156051,0.348856304523666,0.263487359571077,0.9515,2000,304.613170146942
292,"adaptive",200,10,"outcome",0.05,5,2,2000,-0.0129190507714902,0.0428224412924314,0.0426768778585243,0.206935838588755,0.1655725254304,0.9545,2000,304.613170146942
293,"naive",500,10,"outcome",0.05,5,2,2000,0.00930997387740806,0.051210178029843,0.0511490769547223,0.226296659343091,0.171087387701229,0.959,2000,694.758122205734
293,"ipw_robust",500,10,"outcome",0.05,5,2,2000,-0.00991726230909529,0.0144396843405617,0.0143485065021054,0.120165237654497,0.0951756388491455,0.947,2000,694.758122205734
293,"dr_robust",500,10,"outcome",0.05,5,2,2000,0.00794379885000662,0.0140631359658454,0.0140070355434477,0.118588093693445,0.0945989373485196,0.949,2000,694.758122205734
293,"aipw_robust",500,10,"outcome",0.05,5,2,2000,0.00452307502453175,0.0176909015940831,0.0176792830279196,0.133007148657819,0.106088865161833,0.9515,2000,694.758122205734
293,"reg_adj",500,10,"outcome",0.05,5,2,2000,0.0098817779956315,0.0480238122106765,0.0479501377431931,0.219143359951144,0.167796011478224,0.9515,2000,694.758122205734
293,"adaptive",500,10,"outcome",0.05,5,2,2000,-0.0102215935648862,0.0144582469346161,0.0143609464328268,0.120242450634608,0.0952019037883661,0.9475,2000,694.758122205734
294,"naive",1000,10,"outcome",0.05,5,2,2000,0.0134711252747768,0.0232361219858198,0.0230661838615819,0.152433992225552,0.119297404038418,0.948,2000,1238.2035009861
294,"ipw_robust",1000,10,"outcome",0.05,5,2,2000,-0.0120073933267411,0.00736173717208277,0.00722117026271106,0.08580056626901,0.0678633491208923,0.9485,2000,1238.2035009861
294,"dr_robust",1000,10,"outcome",0.05,5,2,2000,0.00693263456014215,0.0070669848617047,0.00702243465708877,0.0840653606529152,0.0665578157658955,0.949,2000,1238.2035009861
294,"aipw_robust",1000,10,"outcome",0.05,5,2,2000,0.000364502883889894,0.0090199238852398,0.00902430317447467,0.0949732798488069,0.076159879881616,0.9515,2000,1238.2035009861
294,"reg_adj",1000,10,"outcome",0.05,5,2,2000,0.0122568068649977,0.0225934395669229,0.0224544374711326,0.150311142524175,0.11757823759563,0.947,2000,1238.2035009861
294,"adaptive",1000,10,"outcome",0.05,5,2,2000,-0.0120099832988099,0.0073612563885811,0.00722062700324503,0.0857977644730974,0.0678607591488235,0.9485,2000,1238.2035009861
295,"naive",200,20,"outcome",0.05,5,2,2000,0.014440406515229,0.136229396389163,0.136088915506591,0.369092666398512,0.279404464497447,0.952,2000,724.592456102371
295,"ipw_robust",200,20,"outcome",0.05,5,2,2000,-0.0182948919936541,0.0437398833016988,0.0434268936754771,0.209140821700831,0.166474212175075,0.9545,2000,724.592456102371
295,"dr_robust",200,20,"outcome",0.05,5,2,2000,0.000809945113124932,0.0435968479349735,0.0436180009243494,0.208798582214951,0.166987232226643,0.9545,2000,724.592456102371
295,"aipw_robust",200,20,"outcome",0.05,5,2,2000,-0.000690748987790091,0.0488657399746306,0.0488897076943137,0.221055965706946,0.177292699031686,0.9505,2000,724.592456102371
295,"reg_adj",200,20,"outcome",0.05,5,2,2000,0.0223793945081989,0.120325873564205,0.119884978755029,0.346880200594103,0.268431873156363,0.953,2000,724.592456102371
295,"adaptive",200,20,"outcome",0.05,5,2,2000,-0.0199290233897826,0.0446757970569858,0.0443007814744525,0.211366499372502,0.168209968732496,0.953,2000,724.592456102371
296,"naive",500,20,"outcome",0.05,5,2,2000,0.00498246653909939,0.0633035456177131,0.0633103758328163,0.251601958692124,0.17833509950856,0.961,2000,1902.49336600304
296,"ipw_robust",500,20,"outcome",0.05,5,2,2000,-0.0153203037489622,0.0152657771601187,0.015038584745531,0.123554753692922,0.0990589767660589,0.949,2000,1902.49336600304
296,"dr_robust",500,20,"outcome",0.05,5,2,2000,0.00189363529590381,0.0147836399728194,0.0147874478421066,0.121587992716466,0.096490376638881,0.946,2000,1902.49336600304
296,"aipw_robust",500,20,"outcome",0.05,5,2,2000,-0.0033927629231858,0.0178022615380966,0.0177996505231052,0.133425115844419,0.106027761028005,0.9505,2000,1902.49336600304
296,"reg_adj",500,20,"outcome",0.05,5,2,2000,0.00640662361884292,0.060408479512201,0.0603976335027589,0.24578136526637,0.174307655205356,0.964,2000,1902.49336600304
296,"adaptive",500,20,"outcome",0.05,5,2,2000,-0.0152973027172867,0.0152579481475169,0.0150314564052953,0.123523067268899,0.0990206206327569,0.949,2000,1902.49336600304
297,"naive",1000,20,"outcome",0.05,5,2,2000,0.0104297580205945,0.0230592161925169,0.0229619172987981,0.151852613387182,0.117325695484659,0.9535,2000,3389.48767590523
297,"ipw_robust",1000,20,"outcome",0.05,5,2,2000,-0.0164864035901935,0.00770690079648281,0.00743881870249531,0.0877889560051992,0.0700000702569174,0.9495,2000,3389.48767590523
297,"dr_robust",1000,20,"outcome",0.05,5,2,2000,0.00294991072488404,0.00716175287464541,0.00715662921596861,0.0846271402958023,0.0679849719596635,0.951,2000,3389.48767590523
297,"aipw_robust",1000,20,"outcome",0.05,5,2,2000,-0.00323668138794275,0.0086586252901715,0.00865247542147518,0.0930517344823378,0.0747296586615951,0.9475,2000,3389.48767590523
297,"reg_adj",1000,20,"outcome",0.05,5,2,2000,0.00747912152587338,0.0213398328300066,0.0212945428426291,0.146081596479524,0.11423699515272,0.947,2000,3389.48767590523
297,"adaptive",1000,20,"outcome",0.05,5,2,2000,-0.0164864035901935,0.00770690079648281,0.00743881870249531,0.0877889560051992,0.0700000702569174,0.9495,2000,3389.48767590523
298,"naive",200,5,"treatment",0.05,5,2,2000,-0.245446341044818,0.092099808831704,0.0318718384186242,0.303479503149231,0.260492846096195,0.7255,2000,179.92316699028
298,"ipw_robust",200,5,"treatment",0.05,5,2,2000,-0.233085298406044,0.0868257582356794,0.0325132585319107,0.294662108584866,0.250854822949917,0.7445,2000,179.92316699028
298,"dr_robust",200,5,"treatment",0.05,5,2,2000,-0.218237024419483,0.0781457059737949,0.0305335739332915,0.27954553470552,0.236210659385892,0.7625,2000,179.92316699028
298,"aipw_robust",200,5,"treatment",0.05,5,2,2000,-0.181683123301666,0.0781633053091436,0.0451771365847878,0.279577011410351,0.229443501250436,0.865,2000,179.92316699028
298,"reg_adj",200,5,"treatment",0.05,5,2,2000,-0.23905543535988,0.0862839913761773,0.0291510657339423,0.293741368173053,0.252079268426618,0.7195,2000,179.92316699028
298,"adaptive",200,5,"treatment",0.05,5,2,2000,-0.239114823576822,0.0863195802099986,0.0291582604860671,0.293801940446279,0.252138656643559,0.719,2000,179.92316699028
299,"naive",500,5,"treatment",0.05,5,2,2000,-0.241800611131216,0.0704000056374904,0.0119384393137178,0.265329993851977,0.24240776529119,0.3965,2000,397.343372106552
299,"ipw_robust",500,5,"treatment",0.05,5,2,2000,-0.231694583243615,0.066571612669239,0.012895680605109,0.258014752813166,0.233248430255333,0.465,2000,397.343372106552
299,"dr_robust",500,5,"treatment",0.05,5,2,2000,-0.213925705751577,0.0573068547326283,0.0115484213619989,0.239388501671714,0.215414291003386,0.49,2000,397.343372106552
299,"aipw_robust",500,5,"treatment",0.05,5,2,2000,-0.175803810778489,0.0484362361673469,0.0175380252957562,0.220082339517161,0.187175845950998,0.741,2000,397.343372106552
299,"reg_adj",500,5,"treatment",0.05,5,2,2000,-0.236091769851294,0.0669791414173069,0.0112454403459636,0.258803287106843,0.236712796522833,0.392,2000,397.343372106552
299,"adaptive",500,5,"treatment",0.05,5,2,2000,-0.236091769851294,0.0669791414173069,0.0112454403459636,0.258803287106843,0.236712796522833,0.392,2000,397.343372106552
300,"naive",1000,5,"treatment",0.05,5,2,2000,-0.244004916741596,0.0651000008745239,0.00556438367228703,0.255147018157226,0.244004916741596,0.0985,2000,729.940778017044
300,"ipw_robust",1000,5,"treatment",0.05,5,2,2000,-0.23233976280017,0.0599371387788692,0.00595835257711877,0.244820625721913,0.232362749552107,0.1505,2000,729.940778017044
300,"dr_robust",1000,5,"treatment",0.05,5,2,2000,-0.21461777867163,0.0515127122812521,0.00545464868364922,0.226964121132068,0.21461777867163,0.171,2000,729.940778017044
300,"aipw_robust",1000,5,"treatment",0.05,5,2,2000,-0.17412019720699,0.0385130407197776,0.00819929729302291,0.19624739672102,0.175951680280677,0.5235,2000,729.940778017044
300,"reg_adj",1000,5,"treatment",0.05,5,2,2000,-0.237423954716727,0.0616976232808981,0.00533015408460985,0.248390062766001,0.237423954716727,0.095,2000,729.940778017044
300,"adaptive",1000,5,"treatment",0.05,5,2,2000,-0.237423954716727,0.0616976232808981,0.00533015408460985,0.248390062766001,0.237423954716727,0.095,2000,729.940778017044
301,"naive",200,10,"treatment",0.05,5,2,2000,-0.2498569909062,0.0962601062976177,0.0338485146502418,0.310258128495641,0.265105682044377,0.7355,2000,308.199323177338
301,"ipw_robust",200,10,"treatment",0.05,5,2,2000,-0.229258614423076,0.0864350632645362,0.0338924972259604,0.29399840690816,0.24750589411653,0.7605,2000,308.199323177338
301,"dr_robust",200,10,"treatment",0.05,5,2,2000,-0.223143170613219,0.0821108720094091,0.0323341645003393,0.28654994679708,0.241449740024394,0.7675,2000,308.199323177338
301,"aipw_robust",200,10,"treatment",0.05,5,2,2000,-0.187215897182901,0.0807188044415606,0.0456918582126684,0.284110549683676,0.231311821883043,0.8605,2000,308.199323177338
301,"reg_adj",200,10,"treatment",0.05,5,2,2000,-0.239526015398125,0.0870974494461073,0.0297396071972032,0.295122770124752,0.252527016354619,0.715,2000,308.199323177338
301,"adaptive",200,10,"treatment",0.05,5,2,2000,-0.239901656967183,0.0874497463226596,0.0299118972556873,0.295719032736582,0.252876660686186,0.7165,2000,308.199323177338
302,"naive",500,10,"treatment",0.05,5,2,2000,-0.254047619450214,0.0768378688713678,0.0123038278369655,0.277196444550373,0.254829624956785,0.3785,2000,722.197145938873
302,"ipw_robust",500,10,"treatment",0.05,5,2,2000,-0.233807213955117,0.0674446174544977,0.0127851967554218,0.259701015505326,0.235008425150466,0.467,2000,722.197145938873
302,"dr_robust",500,10,"treatment",0.05,5,2,2000,-0.224253021393259,0.0618956564073059,0.0116120448257132,0.248788376752826,0.225436197961888,0.4585,2000,722.197145938873
302,"aipw_robust",500,10,"treatment",0.05,5,2,2000,-0.185166717808179,0.0521587581752248,0.0178809852840131,0.228382920060202,0.194721903055939,0.716,2000,722.197145938873
302,"reg_adj",500,10,"treatment",0.05,5,2,2000,-0.244520370982061,0.0710585421186599,0.0112739672770938,0.26656808158266,0.245200914443876,0.371,2000,722.197145938873
302,"adaptive",500,10,"treatment",0.05,5,2,2000,-0.244504460540335,0.0710475613285288,0.0112707654871521,0.266547484190958,0.24518500400215,0.371,2000,722.197145938873
303,"naive",1000,10,"treatment",0.05,5,2,2000,-0.247310374643953,0.0673570690973582,0.00619774656410794,0.2595324047154,0.24731999280031,0.117,2000,1271.35287499428
303,"ipw_robust",1000,10,"treatment",0.05,5,2,2000,-0.228221583824983,0.0586054329823089,0.00652360346045554,0.242085590199642,0.228473211004569,0.19,2000,1271.35287499428
303,"dr_robust",1000,10,"treatment",0.05,5,2,2000,-0.21781634222189,0.0534057187533332,0.0059647421855027,0.231096773567554,0.217931103903165,0.187,2000,1271.35287499428
303,"aipw_robust",1000,10,"treatment",0.05,5,2,2000,-0.183055739964119,0.0422684220618669,0.00876339982796987,0.205592855084672,0.185323652379495,0.5035,2000,1271.35287499428
303,"reg_adj",1000,10,"treatment",0.05,5,2,2000,-0.238948801377184,0.0629246272823037,0.00583101310926532,0.250847816977353,0.238951074848069,0.12,2000,1271.35287499428
303,"adaptive",1000,10,"treatment",0.05,5,2,2000,-0.238948801377184,0.0629246272823037,0.00583101310926532,0.250847816977353,0.238951074848069,0.12,2000,1271.35287499428
304,"naive",200,20,"treatment",0.05,5,2,2000,-0.254594150196206,0.105916263466084,0.0411186414726918,0.325447789155317,0.275412468806759,0.763,2000,723.835829973221
304,"ipw_robust",200,20,"treatment",0.05,5,2,2000,-0.234898550600755,0.0952107588245184,0.0400534564784219,0.308562406693554,0.259261381794261,0.7845,2000,723.835829973221
304,"dr_robust",200,20,"treatment",0.05,5,2,2000,-0.228098681691376,0.0893383537005132,0.0373280091157274,0.298895221943264,0.250981503459769,0.7805,2000,723.835829973221
304,"aipw_robust",200,20,"treatment",0.05,5,2,2000,-0.197008467887751,0.0873782445787501,0.0485902032609017,0.295598113286858,0.243287062561635,0.8615,2000,723.835829973221
304,"reg_adj",200,20,"treatment",0.05,5,2,2000,-0.244805245728869,0.0922542109448167,0.0323407729949424,0.303733783015352,0.259760043351584,0.7175,2000,723.835829973221
304,"adaptive",200,20,"treatment",0.05,5,2,2000,-0.243940422461931,0.0932378199137546,0.0337477640848918,0.305348685790122,0.260748917335861,0.728,2000,723.835829973221
305,"naive",500,20,"treatment",0.05,5,2,2000,-0.253009795513637,0.0772720680611076,0.0132647438071587,0.277978538849868,0.254193305102175,0.4135,2000,1956.74793505669
305,"ipw_robust",500,20,"treatment",0.05,5,2,2000,-0.234345270281222,0.0684607343158786,0.0135498035144569,0.261650022579549,0.235978188250924,0.474,2000,1956.74793505669
305,"dr_robust",500,20,"treatment",0.05,5,2,2000,-0.222817384514934,0.0619127151999599,0.0122712639898791,0.248822658132172,0.224446531846932,0.4795,2000,1956.74793505669
305,"aipw_robust",500,20,"treatment",0.05,5,2,2000,-0.18924596833954,0.0532313309769272,0.017426007447881,0.230719160402701,0.198789275655777,0.7,2000,1956.74793505669
305,"reg_adj",500,20,"treatment",0.05,5,2,2000,-0.242442251852567,0.0702862193844019,0.0115137307664414,0.265115483109534,0.243208483999541,0.3795,2000,1956.74793505669
305,"adaptive",500,20,"treatment",0.05,5,2,2000,-0.242442251852567,0.0702862193844019,0.0115137307664414,0.265115483109534,0.243208483999541,0.3795,2000,1956.74793505669
306,"naive",1000,20,"treatment",0.05,5,2,2000,-0.252554476565415,0.0697817702193471,0.00600100708966118,0.264162393650851,0.252554476565415,0.0955,2000,3511.71372389793
306,"ipw_robust",1000,20,"treatment",0.05,5,2,2000,-0.233927146240555,0.0609495700473125,0.00623077568690586,0.246879667140314,0.233927146240555,0.16,2000,3511.71372389793
306,"dr_robust",1000,20,"treatment",0.05,5,2,2000,-0.223319456811701,0.0555898173653673,0.00572109812375585,0.235774929467421,0.22332675145859,0.1565,2000,3511.71372389793
306,"aipw_robust",1000,20,"treatment",0.05,5,2,2000,-0.183925982887323,0.0424214553400909,0.00859698665234907,0.205964694401955,0.185130577806134,0.4965,2000,3511.71372389793
306,"reg_adj",1000,20,"treatment",0.05,5,2,2000,-0.243580663680748,0.0649347245950841,0.0056059878698654,0.254822927922673,0.243580663680748,0.096,2000,3511.71372389793
306,"adaptive",1000,20,"treatment",0.05,5,2,2000,-0.243580663680748,0.0649347245950841,0.0056059878698654,0.254822927922673,0.243580663680748,0.096,2000,3511.71372389793
307,"naive",200,5,"mixed",0.05,5,2,2000,-0.14369837792419,0.0780673585803742,0.0574468581914265,0.279405366055082,0.222790696487981,0.9115,2000,174.980755090714
307,"ipw_robust",200,5,"mixed",0.05,5,2,2000,-0.151332694633477,0.0585199353074321,0.0356361689268664,0.24190894011473,0.196632463182182,0.8725,2000,174.980755090714
307,"dr_robust",200,5,"mixed",0.05,5,2,2000,-0.137916843234739,0.0639190535991417,0.0449204581803963,0.252822177822955,0.191106337081342,0.92,2000,174.980755090714
307,"aipw_robust",200,5,"mixed",0.05,5,2,2000,-0.0996947720557821,0.0548562407859466,0.0449396630422133,0.234214091774911,0.187608330366205,0.9255,2000,174.980755090714
307,"reg_adj",200,5,"mixed",0.05,5,2,2000,-0.164140184771697,0.0818097566944827,0.0548952040396159,0.286024049154058,0.229709495954978,0.8965,2000,174.980755090714
307,"adaptive",200,5,"mixed",0.05,5,2,2000,-0.163049604218692,0.0622415602892986,0.0356742239654091,0.249482585142327,0.204383071390195,0.864,2000,174.980755090714
308,"naive",500,5,"mixed",0.05,5,2,2000,-0.152642195674626,0.0564733223212189,0.033190277559628,0.237641162935252,0.193713063511491,0.8805,2000,394.539887905121
308,"ipw_robust",500,5,"mixed",0.05,5,2,2000,-0.154818701868296,0.0467651274477093,0.0228077008499499,0.216252462292824,0.177513636148008,0.828,2000,394.539887905121
308,"dr_robust",500,5,"mixed",0.05,5,2,2000,-0.191779340534747,0.0712062314133911,0.0344441380264617,0.266844957631564,0.209339748030497,0.8405,2000,394.539887905121
308,"aipw_robust",500,5,"mixed",0.05,5,2,2000,-0.0964331307203172,0.0280888600979077,0.0187989108528123,0.167597315306384,0.135039478280206,0.8925,2000,394.539887905121
308,"reg_adj",500,5,"mixed",0.05,5,2,2000,-0.182809772214068,0.0572771869577401,0.0238697089952783,0.239326527902237,0.202033147427905,0.7815,2000,394.539887905121
308,"adaptive",500,5,"mixed",0.05,5,2,2000,-0.162614677151257,0.0488992492362356,0.022466949485971,0.221131746332895,0.182894923053518,0.8095,2000,394.539887905121
309,"naive",1000,5,"mixed",0.05,5,2,2000,-0.159349280448611,0.0451798273489655,0.0197975329359435,0.212555468875692,0.178643258323721,0.805,2000,747.10147190094
309,"ipw_robust",1000,5,"mixed",0.05,5,2,2000,-0.160586644886376,0.0387270875970643,0.0129454898261143,0.196791990683219,0.168587019606958,0.72,2000,747.10147190094
309,"dr_robust",1000,5,"mixed",0.05,5,2,2000,-0.242219519029417,0.0791046823248219,0.0204446092305952,0.281255546300552,0.24499235104193,0.6105,2000,747.10147190094
309,"aipw_robust",1000,5,"mixed",0.05,5,2,2000,-0.0915713499693867,0.0170959660393478,0.00871501140983688,0.130751543162396,0.108105265327742,0.8405,2000,747.10147190094
309,"reg_adj",1000,5,"mixed",0.05,5,2,2000,-0.192341495331585,0.0492485295620229,0.0122594084398526,0.221920097246786,0.197070068216265,0.5785,2000,747.10147190094
309,"adaptive",1000,5,"mixed",0.05,5,2,2000,-0.162290516565439,0.0391471784815621,0.0128153744016859,0.197856459286934,0.170113616672733,0.711,2000,747.10147190094
310,"naive",200,10,"mixed",0.05,5,2,2000,-0.140417741566506,0.0872672373661008,0.0675838871630443,0.29541028649338,0.226692514484356,0.9345,2000,297.597809076309
310,"ipw_robust",200,10,"mixed",0.05,5,2,2000,-0.132596081142457,0.0533854978392666,0.035821687948904,0.231053019541547,0.186762020038442,0.893,2000,297.597809076309
310,"dr_robust",200,10,"mixed",0.05,5,2,2000,-0.11567341735057,0.0500673158752012,0.0367053290581711,0.223757269994075,0.178434162628225,0.911,2000,297.597809076309
310,"aipw_robust",200,10,"mixed",0.05,5,2,2000,-0.0924571226571989,0.0533568188312709,0.0448309147586018,0.230990949673945,0.184461538855808,0.9315,2000,297.597809076309
310,"reg_adj",200,10,"mixed",0.05,5,2,2000,-0.153176609966103,0.0869099295129254,0.0634785949697027,0.294804900761377,0.228485114481418,0.923,2000,297.597809076309
310,"adaptive",200,10,"mixed",0.05,5,2,2000,-0.143734136054012,0.0574016204741804,0.0367604988564154,0.239586352854624,0.195529009796344,0.8765,2000,297.597809076309
311,"naive",500,10,"mixed",0.05,5,2,2000,-0.139707699364331,0.0502373992106011,0.0307345252115327,0.224137009908228,0.178124638005787,0.893,2000,670.232832193375
311,"ipw_robust",500,10,"mixed",0.05,5,2,2000,-0.134064678916203,0.0375447592355561,0.0195812117085058,0.193764700695344,0.158326639005904,0.8475,2000,670.232832193375
311,"dr_robust",500,10,"mixed",0.05,5,2,2000,-0.150965707079086,0.0498070173221251,0.0270298875520126,0.223174858176554,0.172664969343113,0.867,2000,670.232832193375
311,"aipw_robust",500,10,"mixed",0.05,5,2,2000,-0.0866026212845794,0.0253956850960794,0.0179046233944163,0.159360236872563,0.12894645164493,0.9055,2000,670.232832193375
311,"reg_adj",500,10,"mixed",0.05,5,2,2000,-0.164670602285423,0.0524690230331428,0.0253652984253115,0.229061177490082,0.186773221155651,0.84,2000,670.232832193375
311,"adaptive",500,10,"mixed",0.05,5,2,2000,-0.141206129652122,0.0392478826442276,0.019318370778285,0.198110783765618,0.162635382768087,0.8305,2000,670.232832193375
312,"naive",1000,10,"mixed",0.05,5,2,2000,-0.147731452848238,0.0415274817390954,0.0197127559564226,0.203782927987345,0.168953414519287,0.8305,2000,1249.12523293495
312,"ipw_robust",1000,10,"mixed",0.05,5,2,2000,-0.143584759438844,0.0335343330173189,0.0129242119801983,0.183123818814809,0.154945239073882,0.7655,2000,1249.12523293495
312,"dr_robust",1000,10,"mixed",0.05,5,2,2000,-0.20849855136815,0.0641866743976748,0.0207253911706429,0.253350891843062,0.215570306850659,0.6985,2000,1249.12523293495
312,"aipw_robust",1000,10,"mixed",0.05,5,2,2000,-0.0897630104949765,0.0169902859336025,0.00893735655876068,0.130346791036843,0.106360378212314,0.839,2000,1249.12523293495
312,"reg_adj",1000,10,"mixed",0.05,5,2,2000,-0.17737843070229,0.0436037651360583,0.0121467308230629,0.208815145849285,0.182054621195375,0.6415,2000,1249.12523293495
312,"adaptive",1000,10,"mixed",0.05,5,2,2000,-0.145601376907095,0.033940250433318,0.0127468629075298,0.18422879914204,0.156366610471755,0.756,2000,1249.12523293495
313,"naive",200,20,"mixed",0.05,5,2,2000,-0.121973902026333,0.0894001197648849,0.0745597668727918,0.298998528031301,0.225269129132305,0.9455,2000,708.822808027267
313,"ipw_robust",200,20,"mixed",0.05,5,2,2000,-0.122227852947989,0.0552471265608688,0.0403276423457664,0.235047073074456,0.18818042720653,0.9135,2000,708.822808027267
313,"dr_robust",200,20,"mixed",0.05,5,2,2000,-0.107599430150901,0.0499854835451416,0.038427059706196,0.223574335613777,0.177906902025673,0.9175,2000,708.822808027267
313,"aipw_robust",200,20,"mixed",0.05,5,2,2000,-0.0919659553362902,0.0580893082807933,0.0496563995396466,0.241017236480699,0.191448799362642,0.9345,2000,708.822808027267
313,"reg_adj",200,20,"mixed",0.05,5,2,2000,-0.12595548903513,0.0753472651581478,0.0595122360580981,0.274494563075752,0.214999611613147,0.9205,2000,708.822808027267
313,"adaptive",200,20,"mixed",0.05,5,2,2000,-0.132542097653615,0.0565398261863276,0.0389919144931537,0.237781046734864,0.190914586702601,0.9015,2000,708.822808027267
314,"naive",500,20,"mixed",0.05,5,2,2000,-0.127424483182127,0.0432024421693092,0.0269789327214378,0.207851971771521,0.164650632197984,0.893,2000,1764.94916701317
314,"ipw_robust",500,20,"mixed",0.05,5,2,2000,-0.128442639126391,0.0319858559466778,0.015496092447149,0.17884589999963,0.146703204824709,0.8185,2000,1764.94916701317
314,"dr_robust",500,20,"mixed",0.05,5,2,2000,-0.106642744708914,0.0271952210400016,0.0158304612715868,0.164909736037632,0.131158663096394,0.8705,2000,1764.94916701317
314,"aipw_robust",500,20,"mixed",0.05,5,2,2000,-0.0867344060801687,0.0250283473491251,0.0175142472746828,0.158203499800494,0.12770452229221,0.9025,2000,1764.94916701317
314,"reg_adj",500,20,"mixed",0.05,5,2,2000,-0.145069642724142,0.0451296574810114,0.0240965044931479,0.21243742015241,0.171818068555056,0.853,2000,1764.94916701317
314,"adaptive",500,20,"mixed",0.05,5,2,2000,-0.134595505820105,0.0336621858246333,0.0155540126439853,0.183472575129454,0.151439366729402,0.805,2000,1764.94916701317
315,"naive",1000,20,"mixed",0.05,5,2,2000,-0.148087859155458,0.0390687616935832,0.017147321324999,0.197658194096737,0.164291930134306,0.803,2000,3129.20780992508
315,"ipw_robust",1000,20,"mixed",0.05,5,2,2000,-0.143570140639521,0.0313693122967576,0.0107623081675895,0.177113839935668,0.15187975336489,0.724,2000,3129.20780992508
315,"dr_robust",1000,20,"mixed",0.05,5,2,2000,-0.159091587265523,0.0395971226045236,0.0142941365341272,0.19899025756183,0.166196865015426,0.753,2000,3129.20780992508
315,"aipw_robust",1000,20,"mixed",0.05,5,2,2000,-0.0894211756784582,0.0173972121302997,0.0094057683547594,0.131898491766584,0.108132352920357,0.846,2000,3129.20780992508
315,"reg_adj",1000,20,"mixed",0.05,5,2,2000,-0.172180067232794,0.0424065713030629,0.0127669792403938,0.205928558735943,0.179125414052659,0.668,2000,3129.20780992508
315,"adaptive",1000,20,"mixed",0.05,5,2,2000,-0.146901988880327,0.0323362856157857,0.0107614720147974,0.179822928504086,0.154829128684928,0.7165,2000,3129.20780992508
316,"naive",200,5,"none",0.1,5,2,2000,0.0112445539173573,0.0299874287137956,0.0298759266843374,0.173168786776935,0.137093585776952,0.951,2000,179.582173109055
316,"ipw_robust",200,5,"none",0.1,5,2,2000,-0.0193690629476266,0.0315122759778445,0.0311526917242375,0.177516973773903,0.141017521242974,0.948,2000,179.582173109055
316,"dr_robust",200,5,"none",0.1,5,2,2000,0.00698356987277737,0.0293355195489653,0.0293014000007978,0.171276149971224,0.137136596520782,0.952,2000,179.582173109055
316,"aipw_robust",200,5,"none",0.1,5,2,2000,0.00301418435038459,0.0410586117236395,0.0410700614470649,0.202629246960155,0.161015485098708,0.952,2000,179.582173109055
316,"reg_adj",200,5,"none",0.1,5,2,2000,0.011192773297096,0.027512148009106,0.0274005701200859,0.165867863099233,0.132476871887838,0.9475,2000,179.582173109055
316,"adaptive",200,5,"none",0.1,5,2,2000,0.010970210181549,0.0275493914536266,0.0274427673258622,0.165980093546264,0.132541243417133,0.947,2000,179.582173109055
317,"naive",500,5,"none",0.1,5,2,2000,0.0112599133780531,0.0122466599899273,0.0121259373093007,0.110664628449777,0.0877849597567581,0.948,2000,399.678625106812
317,"ipw_robust",500,5,"none",0.1,5,2,2000,-0.0181646990635973,0.0132800570743785,0.0129565790718433,0.115239129961912,0.09219661458813,0.948,2000,399.678625106812
317,"dr_robust",500,5,"none",0.1,5,2,2000,0.00672870569550277,0.0121124130022205,0.0120731741089383,0.110056408274214,0.0875927154193218,0.9445,2000,399.678625106812
317,"aipw_robust",500,5,"none",0.1,5,2,2000,0.00118354674632748,0.0170099655345364,0.0170170732882798,0.130422258585475,0.104027765529486,0.9455,2000,399.678625106812
317,"reg_adj",500,5,"none",0.1,5,2,2000,0.0100185400887463,0.0115487700338439,0.0114541259513097,0.107465203828234,0.0854727380750783,0.947,2000,399.678625106812
317,"adaptive",500,5,"none",0.1,5,2,2000,0.0100185400887463,0.0115487700338439,0.0114541259513097,0.107465203828234,0.0854727380750783,0.947,2000,399.678625106812
318,"naive",1000,5,"none",0.1,5,2,2000,0.00921493416906571,0.00586908425433821,0.00578706277398498,0.076609948794776,0.0605940873736046,0.9465,2000,732.888571023941
318,"ipw_robust",1000,5,"none",0.1,5,2,2000,-0.0200375869703064,0.00660153922775217,0.00620313590411163,0.0812498567860409,0.0649529814577136,0.9405,2000,732.888571023941
318,"dr_robust",1000,5,"none",0.1,5,2,2000,0.00515845208295662,0.00576052427198275,0.0057367830356084,0.0758981177104067,0.0599740212527104,0.9435,2000,732.888571023941
318,"aipw_robust",1000,5,"none",0.1,5,2,2000,-0.00126744449259397,0.00859622519232658,0.00859891823590272,0.0927158303221547,0.074382631414663,0.9495,2000,732.888571023941
318,"reg_adj",1000,5,"none",0.1,5,2,2000,0.00824703205723942,0.0055766962601301,0.00551143844159776,0.0746772807494361,0.0590819166612003,0.9485,2000,732.888571023941
318,"adaptive",1000,5,"none",0.1,5,2,2000,0.00824703205723942,0.0055766962601301,0.00551143844159776,0.0746772807494361,0.0590819166612003,0.9485,2000,732.888571023941
319,"naive",200,10,"none",0.1,5,2,2000,0.00702979808834359,0.032450658120191,0.0324174487834199,0.180140662039949,0.142231768492336,0.949,2000,307.112267971039
319,"ipw_robust",200,10,"none",0.1,5,2,2000,-0.0152097260474044,0.0335208572065785,0.0333061745274051,0.183087020857784,0.146165905611789,0.9535,2000,307.112267971039
319,"dr_robust",200,10,"none",0.1,5,2,2000,0.00233270298938892,0.0312372187392858,0.0312474009365173,0.176740540734959,0.140909772741462,0.9535,2000,307.112267971039
319,"aipw_robust",200,10,"none",0.1,5,2,2000,0.00115502132922041,0.0418519785700683,0.0418715802859403,0.204577561257505,0.16411737444792,0.948,2000,307.112267971039
319,"reg_adj",200,10,"none",0.1,5,2,2000,0.0068051310415882,0.0282531623887884,0.0282209630618261,0.168086770415724,0.134098664764534,0.948,2000,307.112267971039
319,"adaptive",200,10,"none",0.1,5,2,2000,0.00583333664689389,0.0285186674420828,0.0284988890701819,0.168874709302734,0.134802995527107,0.9475,2000,307.112267971039
320,"naive",500,10,"none",0.1,5,2,2000,0.00574465315472006,0.0117302252517411,0.011703075749748,0.108306164421704,0.0858885232311546,0.9445,2000,724.069570064545
320,"ipw_robust",500,10,"none",0.1,5,2,2000,-0.016700962512098,0.0124678002023581,0.0121949755412982,0.111659304145951,0.0895135989136852,0.9445,2000,724.069570064545
320,"dr_robust",500,10,"none",0.1,5,2,2000,0.000946126070275888,0.011402486683695,0.0114072951767425,0.106782426848686,0.0847925096674569,0.949,2000,724.069570064545
320,"aipw_robust",500,10,"none",0.1,5,2,2000,-0.00562514483170773,0.0162720598877761,0.0162485419043506,0.127561984492936,0.102150179143048,0.9515,2000,724.069570064545
320,"reg_adj",500,10,"none",0.1,5,2,2000,0.00614944472919365,0.0109463230271338,0.0109139643388258,0.104624676951156,0.0837690593850707,0.9495,2000,724.069570064545
320,"adaptive",500,10,"none",0.1,5,2,2000,0.00614944472919365,0.0109463230271338,0.0109139643388258,0.104624676951156,0.0837690593850707,0.9495,2000,724.069570064545
321,"naive",1000,10,"none",0.1,5,2,2000,0.00991634413271836,0.0062748660396155,0.00617962196964182,0.0792140520338122,0.062783137978217,0.945,2000,1283.48466992378
321,"ipw_robust",1000,10,"none",0.1,5,2,2000,-0.0129220418596352,0.00647133011110395,0.0063075046976306,0.0804445778850505,0.0641074610073326,0.944,2000,1283.48466992378
321,"dr_robust",1000,10,"none",0.1,5,2,2000,0.00564302228400315,0.00605075380762524,0.00602192106766132,0.0777865914385329,0.0617200423220804,0.945,2000,1283.48466992378
321,"aipw_robust",1000,10,"none",0.1,5,2,2000,0.000771664380325277,0.00834582448349136,0.00834940371943521,0.0913554841456787,0.0731142360980312,0.9495,2000,1283.48466992378
321,"reg_adj",1000,10,"none",0.1,5,2,2000,0.00970888424579464,0.00588721486828742,0.00579585036016926,0.0767281882249765,0.060660232575439,0.9475,2000,1283.48466992378
321,"adaptive",1000,10,"none",0.1,5,2,2000,0.00970888424579464,0.00588721486828742,0.00579585036016926,0.0767281882249765,0.060660232575439,0.9475,2000,1283.48466992378
322,"naive",200,20,"none",0.1,5,2,2000,0.00991698743782798,0.0374820933155352,0.037402447899643,0.193602926929154,0.152212950741716,0.9475,2000,724.351901054382
322,"ipw_robust",200,20,"none",0.1,5,2,2000,-0.0138184026910424,0.0376750210742007,0.0375028242333856,0.19410054372464,0.154807128944848,0.954,2000,724.351901054382
322,"dr_robust",200,20,"none",0.1,5,2,2000,0.00292931537212393,0.0354484842389547,0.0354576321664886,0.188277678546754,0.148721056788885,0.9525,2000,724.351901054382
322,"aipw_robust",200,20,"none",0.1,5,2,2000,0.00617649994653569,0.043304436077887,0.0432879308917433,0.208097179408773,0.165064350174886,0.946,2000,724.351901054382
322,"reg_adj",200,20,"none",0.1,5,2,2000,0.00850304872127072,0.0288215167556081,0.02876359671641,0.169769009997726,0.136071263435357,0.9545,2000,724.351901054382
322,"adaptive",200,20,"none",0.1,5,2,2000,0.00623414020784674,0.0313576028121162,0.0313344055107405,0.177080780470711,0.140622374261057,0.951,2000,724.351901054382
323,"naive",500,20,"none",0.1,5,2,2000,0.0090451119205035,0.0122301175919016,0.0121543807326135,0.110589862066564,0.0877107313502896,0.952,2000,1975.05846881866
323,"ipw_robust",500,20,"none",0.1,5,2,2000,-0.013710392786551,0.012425870892741,0.0122440180313952,0.111471390467424,0.0880331341092139,0.9495,2000,1975.05846881866
323,"dr_robust",500,20,"none",0.1,5,2,2000,0.00501912799730553,0.011862761264164,0.0118434913639926,0.10891630394098,0.0865934514731943,0.954,2000,1975.05846881866
323,"aipw_robust",500,20,"none",0.1,5,2,2000,0.000526558995663784,0.0157017020828858,0.015709279458239,0.125306432727477,0.099575182602785,0.946,2000,1975.05846881866
323,"reg_adj",500,20,"none",0.1,5,2,2000,0.00878132002581866,0.0110318468105927,0.0109602153368653,0.105032598799576,0.0834686167860468,0.956,2000,1975.05846881866
323,"adaptive",500,20,"none",0.1,5,2,2000,0.00878132002581866,0.0110318468105927,0.0109602153368653,0.105032598799576,0.0834686167860468,0.956,2000,1975.05846881866
324,"naive",1000,20,"none",0.1,5,2,2000,0.00851861340632043,0.00623609216920811,0.00616660869919136,0.0789689316706773,0.0630308690147925,0.952,2000,3613.326597929
324,"ipw_robust",1000,20,"none",0.1,5,2,2000,-0.0155220244754075,0.00650810630344319,0.00627030821373491,0.0806728349783444,0.0643347115938892,0.948,2000,3613.326597929
324,"dr_robust",1000,20,"none",0.1,5,2,2000,0.00419012631498061,0.00603495524876721,0.0060204082943789,0.0776849744079716,0.0618803920579457,0.953,2000,3613.326597929
324,"aipw_robust",1000,20,"none",0.1,5,2,2000,-0.0011814059347941,0.0082728104741609,0.00827555253044336,0.0909549914746898,0.0732765387324087,0.954,2000,3613.326597929
324,"reg_adj",1000,20,"none",0.1,5,2,2000,0.00780450755931739,0.00571609900621264,0.0056580176768076,0.0756048874492426,0.0601907723396154,0.9485,2000,3613.326597929
324,"adaptive",1000,20,"none",0.1,5,2,2000,0.00780450755931739,0.00571609900621264,0.0056580176768076,0.0756048874492426,0.0601907723396154,0.9485,2000,3613.326597929
325,"naive",200,5,"covariate",0.1,5,2,2000,-0.169855282775434,0.0686174142216923,0.0397864903801599,0.261949258868378,0.211854014501759,0.8725,2000,166.366901159286
325,"ipw_robust",200,5,"covariate",0.1,5,2,2000,-0.168452130484285,0.0682760160434284,0.0399198557065872,0.261296796848772,0.210844852698379,0.875,2000,166.366901159286
325,"dr_robust",200,5,"covariate",0.1,5,2,2000,-0.176377939878854,0.0725040353580587,0.0414155654648825,0.26926573372425,0.216229973959219,0.877,2000,166.366901159286
325,"aipw_robust",200,5,"covariate",0.1,5,2,2000,-0.139311366421145,0.0681020723075249,0.0487187748808389,0.260963737533637,0.209364134200921,0.9035,2000,166.366901159286
325,"reg_adj",200,5,"covariate",0.1,5,2,2000,-0.181071133905848,0.0659955757999436,0.0332254329824855,0.256896040841317,0.21219230552107,0.84,2000,166.366901159286
325,"adaptive",200,5,"covariate",0.1,5,2,2000,-0.18085264251642,0.0674203411257305,0.0347300278344758,0.259654272304021,0.213249742756518,0.846,2000,166.366901159286
326,"naive",500,5,"covariate",0.1,5,2,2000,-0.184953215093222,0.0485395562659077,0.0143390340095928,0.220316945026722,0.19187770038469,0.6505,2000,385.937862157822
326,"ipw_robust",500,5,"covariate",0.1,5,2,2000,-0.182860449045893,0.0481417146134143,0.0147111263513243,0.219412202517121,0.190397608513881,0.6695,2000,385.937862157822
326,"dr_robust",500,5,"covariate",0.1,5,2,2000,-0.190678703458021,0.0507931680905164,0.0144420211486588,0.225373397033715,0.196639868827649,0.641,2000,385.937862157822
326,"aipw_robust",500,5,"covariate",0.1,5,2,2000,-0.175445582738657,0.0509497352801812,0.020178672113731,0.225720480418107,0.191331324762081,0.7645,2000,385.937862157822
326,"reg_adj",500,5,"covariate",0.1,5,2,2000,-0.189238566626219,0.0489157232956281,0.0131110437187416,0.221168992617926,0.194395676811141,0.6065,2000,385.937862157822
326,"adaptive",500,5,"covariate",0.1,5,2,2000,-0.189265100608384,0.0489391930167107,0.0131244769468825,0.221222044599336,0.194422210793306,0.608,2000,385.937862157822
327,"naive",1000,5,"covariate",0.1,5,2,2000,-0.190017635196097,0.0430810755746801,0.00697786282057353,0.207559812041445,0.190787003579271,0.3655,2000,784.792669057846
327,"ipw_robust",1000,5,"covariate",0.1,5,2,2000,-0.185323807107965,0.0414378038515355,0.00709643858984017,0.203562776193329,0.186038223365598,0.4065,2000,784.792669057846
327,"dr_robust",1000,5,"covariate",0.1,5,2,2000,-0.193166969621847,0.044256151380027,0.00694614630028975,0.210371460469397,0.193783098722153,0.36,2000,784.792669057846
327,"aipw_robust",1000,5,"covariate",0.1,5,2,2000,-0.179003742867455,0.0415550957431059,0.00951751453981787,0.203850670205192,0.181452783987344,0.55,2000,784.792669057846
327,"reg_adj",1000,5,"covariate",0.1,5,2,2000,-0.192166930080012,0.0434478452797273,0.00652297775222708,0.208441467274934,0.1925769706093,0.328,2000,784.792669057846
327,"adaptive",1000,5,"covariate",0.1,5,2,2000,-0.192166930080012,0.0434478452797273,0.00652297775222708,0.208441467274934,0.1925769706093,0.328,2000,784.792669057846
328,"naive",200,10,"covariate",0.1,5,2,2000,-0.129373450260358,0.0620886285821326,0.0453738258627947,0.24917589887895,0.199878689518898,0.9095,2000,261.562274932861
328,"ipw_robust",200,10,"covariate",0.1,5,2,2000,-0.126467698360363,0.0595187501815663,0.0435464446753362,0.243964649450625,0.195939372537393,0.9125,2000,261.562274932861
328,"dr_robust",200,10,"covariate",0.1,5,2,2000,-0.129895953889922,0.0650449694384464,0.0481961086558016,0.255039152755898,0.199391883078285,0.9265,2000,261.562274932861
328,"aipw_robust",200,10,"covariate",0.1,5,2,2000,-0.0836496766648591,0.0573425303345969,0.0503704471520374,0.239463004104177,0.192285975757283,0.941,2000,261.562274932861
328,"reg_adj",200,10,"covariate",0.1,5,2,2000,-0.144846622177681,0.0551648182708827,0.0342013750021,0.234871918864054,0.191487810068981,0.8805,2000,261.562274932861
328,"adaptive",200,10,"covariate",0.1,5,2,2000,-0.14442702649257,0.0586950086413612,0.037854770044898,0.242270527801797,0.196131441214112,0.89,2000,261.562274932861
329,"naive",500,10,"covariate",0.1,5,2,2000,-0.159793833006708,0.0435904326978657,0.0180653963290547,0.208783219387636,0.17619277884375,0.794,2000,621.928836107254
329,"ipw_robust",500,10,"covariate",0.1,5,2,2000,-0.155102097165909,0.0412436510545416,0.0171955883034303,0.203085329491181,0.171494066224516,0.7795,2000,621.928836107254
329,"dr_robust",500,10,"covariate",0.1,5,2,2000,-0.165984261317971,0.0453158749778912,0.0177739869661018,0.212875256847505,0.180138776482515,0.773,2000,621.928836107254
329,"aipw_robust",500,10,"covariate",0.1,5,2,2000,-0.138015786602261,0.0396934623782032,0.0206554327431339,0.19923218208463,0.164990855060914,0.842,2000,621.928836107254
329,"reg_adj",500,10,"covariate",0.1,5,2,2000,-0.162508564139465,0.0403373420094155,0.0139352762288594,0.200841584362939,0.171912114869661,0.711,2000,621.928836107254
329,"adaptive",500,10,"covariate",0.1,5,2,2000,-0.162325690878086,0.0405192949546165,0.0141767534122748,0.20129405096678,0.172157704922401,0.719,2000,621.928836107254
330,"naive",1000,10,"covariate",0.1,5,2,2000,-0.164469935127735,0.0347404648072696,0.00769395222245954,0.186387941689557,0.166616927393712,0.543,2000,1304.60643386841
330,"ipw_robust",1000,10,"covariate",0.1,5,2,2000,-0.159169556616084,0.0328898350871872,0.00755866666715985,0.181355548818301,0.16122915565321,0.5565,2000,1304.60643386841
330,"dr_robust",1000,10,"covariate",0.1,5,2,2000,-0.168915239047908,0.0360348389966225,0.00750623413107624,0.189828446226119,0.170221877665118,0.514,2000,1304.60643386841
330,"aipw_robust",1000,10,"covariate",0.1,5,2,2000,-0.156495717839615,0.0343357438734383,0.00984975905082722,0.185299066034987,0.161081660644862,0.6505,2000,1304.60643386841
330,"reg_adj",1000,10,"covariate",0.1,5,2,2000,-0.165302098971935,0.0339336858838427,0.00661220806334692,0.184210981984904,0.166325575986012,0.484,2000,1304.60643386841
330,"adaptive",1000,10,"covariate",0.1,5,2,2000,-0.165302098971935,0.0339336858838427,0.00661220806334692,0.184210981984904,0.166325575986012,0.484,2000,1304.60643386841
331,"naive",200,20,"covariate",0.1,5,2,2000,-0.105770526455799,0.0537212425599844,0.0425551158511732,0.231778434199527,0.182101236808101,0.9165,2000,605.337655067444
331,"ipw_robust",200,20,"covariate",0.1,5,2,2000,-0.110013732994549,0.0528686741519113,0.0407860457273789,0.229931890245593,0.181982310380914,0.914,2000,605.337655067444
331,"dr_robust",200,20,"covariate",0.1,5,2,2000,-0.0835421015553997,0.052217484917764,0.0452608326017722,0.228511454675174,0.178132298645112,0.937,2000,605.337655067444
331,"aipw_robust",200,20,"covariate",0.1,5,2,2000,-0.0486002393441844,0.0575329741555683,0.0551985901863495,0.239860322178488,0.191586687422326,0.947,2000,605.337655067444
331,"reg_adj",200,20,"covariate",0.1,5,2,2000,-0.145906604689724,0.0584054897466556,0.0371353201146294,0.241672277571623,0.194934709880057,0.8795,2000,605.337655067444
331,"adaptive",200,20,"covariate",0.1,5,2,2000,-0.143881410652863,0.0590320449951209,0.0383493593433349,0.242965110654022,0.194932373576701,0.888,2000,605.337655067444
332,"naive",500,20,"covariate",0.1,5,2,2000,-0.152213396794661,0.0442719833085852,0.0211136219557941,0.210409085613205,0.174025953030702,0.8315,2000,1383.74808096886
332,"ipw_robust",500,20,"covariate",0.1,5,2,2000,-0.147711623048926,0.0419179670819609,0.0201092981472865,0.204738777670379,0.169529140747096,0.824,2000,1383.74808096886
332,"dr_robust",500,20,"covariate",0.1,5,2,2000,-0.161810001687412,0.0476007020944646,0.0214289399183433,0.218175851309132,0.179798549317651,0.815,2000,1383.74808096886
332,"aipw_robust",500,20,"covariate",0.1,5,2,2000,-0.106890363746359,0.0335978396374088,0.0221833814663131,0.183297134831423,0.148430590452292,0.8845,2000,1383.74808096886
332,"reg_adj",500,20,"covariate",0.1,5,2,2000,-0.165803452605656,0.042038150064373,0.0145546424896617,0.205032070819111,0.175625953082474,0.712,2000,1383.74808096886
332,"adaptive",500,20,"covariate",0.1,5,2,2000,-0.165523433921783,0.0425898781015491,0.0151994706596201,0.206373152569682,0.176620329978246,0.721,2000,1383.74808096886
333,"naive",1000,20,"covariate",0.1,5,2,2000,-0.165718550748629,0.0363390958162175,0.00888089820309308,0.190628161131081,0.169199976239915,0.5825,2000,3000.21944689751
333,"ipw_robust",1000,20,"covariate",0.1,5,2,2000,-0.160906455472388,0.034592864777584,0.00870633053016135,0.185991571791799,0.164411732707982,0.592,2000,3000.21944689751
333,"dr_robust",1000,20,"covariate",0.1,5,2,2000,-0.173878187184097,0.0392482121692135,0.00901909773965535,0.198111615432345,0.176591818055441,0.5585,2000,3000.21944689751
333,"aipw_robust",1000,20,"covariate",0.1,5,2,2000,-0.150039028669426,0.0334484750774773,0.0109422360714482,0.182889242651057,0.157223975101866,0.695,2000,3000.21944689751
333,"reg_adj",1000,20,"covariate",0.1,5,2,2000,-0.170213578974071,0.0359661719059137,0.00699700794272285,0.189647493803408,0.171848820023152,0.465,2000,3000.21944689751
333,"adaptive",1000,20,"covariate",0.1,5,2,2000,-0.170213578974071,0.0359661719059137,0.00699700794272285,0.189647493803408,0.171848820023152,0.465,2000,3000.21944689751
334,"naive",200,5,"outcome",0.1,5,2,2000,0.014692988205256,0.190402569636981,0.190281826647905,0.436351429053442,0.333981679230196,0.9495,2000,176.667101860046
334,"ipw_robust",200,5,"outcome",0.1,5,2,2000,-0.0212448643135734,0.0431822312047082,0.0427522630765444,0.207803347433838,0.165162781803612,0.945,2000,176.667101860046
334,"dr_robust",200,5,"outcome",0.1,5,2,2000,0.0033218115420568,0.0416534460622616,0.0416632432519666,0.204091758927845,0.161440338049485,0.9435,2000,176.667101860046
334,"aipw_robust",200,5,"outcome",0.1,5,2,2000,0.000151294123696299,0.0468058470435285,0.0468292387730031,0.216346590089903,0.172224013091319,0.95,2000,176.667101860046
334,"reg_adj",200,5,"outcome",0.1,5,2,2000,0.0121869859153914,0.181765914238948,0.181708245736114,0.42634013913652,0.329987980552016,0.9475,2000,176.667101860046
334,"adaptive",200,5,"outcome",0.1,5,2,2000,-0.0217056517275318,0.0432787219739273,0.0428290011575892,0.208035386350321,0.165229017237154,0.9455,2000,176.667101860046
335,"naive",500,5,"outcome",0.1,5,2,2000,0.00932567353281755,0.081237029038546,0.0811906561797952,0.285021102795119,0.221871174412637,0.9535,2000,383.769432067871
335,"ipw_robust",500,5,"outcome",0.1,5,2,2000,-0.0186181970677715,0.0173406203624745,0.0170024843425915,0.131683789292663,0.105669710390471,0.9505,2000,383.769432067871
335,"dr_robust",500,5,"outcome",0.1,5,2,2000,0.00531231729402837,0.0166392183503986,0.0166193072890107,0.128993094196545,0.103579695317485,0.9575,2000,383.769432067871
335,"aipw_robust",500,5,"outcome",0.1,5,2,2000,0.00334220753128811,0.0192426313018426,0.0192410814914061,0.138717811768506,0.111187381183925,0.943,2000,383.769432067871
335,"reg_adj",500,5,"outcome",0.1,5,2,2000,0.0070763149933688,0.0796050116740541,0.0795947348075725,0.282143601157379,0.219035596554886,0.9545,2000,383.769432067871
335,"adaptive",500,5,"outcome",0.1,5,2,2000,-0.0186181970677715,0.0173406203624745,0.0170024843425915,0.131683789292663,0.105669710390471,0.9505,2000,383.769432067871
336,"naive",1000,5,"outcome",0.1,5,2,2000,0.00874814013100167,0.0394754513194734,0.0394186306790613,0.198684300636647,0.156600526026406,0.9485,2000,707.339496135712
336,"ipw_robust",1000,5,"outcome",0.1,5,2,2000,-0.0198971265562973,0.0084699654370199,0.00807810884624571,0.0920324151428175,0.0732814875886549,0.9435,2000,707.339496135712
336,"dr_robust",1000,5,"outcome",0.1,5,2,2000,0.00474990667996655,0.00809903896959857,0.00808051761493765,0.0899946607838408,0.0712188284584336,0.9465,2000,707.339496135712
336,"aipw_robust",1000,5,"outcome",0.1,5,2,2000,-0.000402677398988027,0.00944118874465868,0.00944574947030618,0.0971657796997414,0.0772491931934658,0.95,2000,707.339496135712
336,"reg_adj",1000,5,"outcome",0.1,5,2,2000,0.00789382733048738,0.0378140546187422,0.0377706274225299,0.194458362172323,0.153675845340089,0.952,2000,707.339496135712
336,"adaptive",1000,5,"outcome",0.1,5,2,2000,-0.0198971265562973,0.0084699654370199,0.00807810884624571,0.0920324151428175,0.0732814875886549,0.9435,2000,707.339496135712
337,"naive",200,10,"outcome",0.1,5,2,2000,0.00162636743490197,0.219646339235196,0.219753570949638,0.468664420705473,0.353289631858874,0.9545,2000,302.152600049973
337,"ipw_robust",200,10,"outcome",0.1,5,2,2000,-0.0153517543744395,0.0452585836190984,0.0450454299717111,0.212740648723036,0.171304615545548,0.947,2000,302.152600049973
337,"dr_robust",200,10,"outcome",0.1,5,2,2000,0.00153111303407716,0.0444583474685516,0.0444782422825698,0.210851482016493,0.168614474619804,0.9515,2000,302.152600049973
337,"aipw_robust",200,10,"outcome",0.1,5,2,2000,0.00424773572828308,0.0506218260985916,0.0506290973884685,0.224992946775208,0.181917231245809,0.9535,2000,302.152600049973
337,"reg_adj",200,10,"outcome",0.1,5,2,2000,0.00498172305865952,0.201755231088025,0.201831329187985,0.449171716705343,0.349113004017099,0.95,2000,302.152600049973
337,"adaptive",200,10,"outcome",0.1,5,2,2000,-0.0159979879657743,0.0453043217584693,0.0450709216003164,0.212848118992086,0.171638369162165,0.947,2000,302.152600049973
338,"naive",500,10,"outcome",0.1,5,2,2000,0.0116929827156182,0.0884723607031987,0.0883798247707963,0.297443037745379,0.230214286570474,0.9415,2000,671.353488922119
338,"ipw_robust",500,10,"outcome",0.1,5,2,2000,-0.016692294105106,0.0176385566576924,0.0173686082793407,0.132810227985997,0.105714767729143,0.949,2000,671.353488922119
338,"dr_robust",500,10,"outcome",0.1,5,2,2000,0.00388140185998154,0.017155529717814,0.0171490389568938,0.130979119396238,0.10346675761994,0.946,2000,671.353488922119
338,"aipw_robust",500,10,"outcome",0.1,5,2,2000,-0.00162645951049312,0.0193431620882157,0.0193501918135833,0.139079696894319,0.110681147049347,0.947,2000,671.353488922119
338,"reg_adj",500,10,"outcome",0.1,5,2,2000,0.0117510329449595,0.0832546343250857,0.0831581266131187,0.288538791716271,0.224929277160748,0.9455,2000,671.353488922119
338,"adaptive",500,10,"outcome",0.1,5,2,2000,-0.016692294105106,0.0176385566576924,0.0173686082793407,0.132810227985997,0.105714767729143,0.949,2000,671.353488922119
339,"naive",1000,10,"outcome",0.1,5,2,2000,0.00415937539225242,0.0431614859306852,0.0431657684112371,0.207753425797711,0.160923179444861,0.948,2000,1187.53437495232
339,"ipw_robust",1000,10,"outcome",0.1,5,2,2000,-0.0163114592515454,0.00855908898898928,0.00829717387301095,0.0925153446136871,0.07375149923829,0.9495,2000,1187.53437495232
339,"dr_robust",1000,10,"outcome",0.1,5,2,2000,0.00331123468867167,0.00818517099838441,0.00817829587115653,0.0904719348659263,0.0719616694250584,0.954,2000,1187.53437495232
339,"aipw_robust",1000,10,"outcome",0.1,5,2,2000,-0.00268829304983842,0.0095707186623677,0.00956827588078629,0.0978300498945375,0.0784381754348985,0.9535,2000,1187.53437495232
339,"reg_adj",1000,10,"outcome",0.1,5,2,2000,0.00391722027521402,0.0409139752473691,0.0409190901777735,0.202272032785971,0.157919163825008,0.945,2000,1187.53437495232
339,"adaptive",1000,10,"outcome",0.1,5,2,2000,-0.0163114592515454,0.00855908898898928,0.00829717387301095,0.0925153446136871,0.07375149923829,0.9495,2000,1187.53437495232
340,"naive",200,20,"outcome",0.1,5,2,2000,-0.00330262274190485,0.331575087887425,0.331730045593246,0.57582557071341,0.373785750483004,0.9675,2000,721.478012084961
340,"ipw_robust",200,20,"outcome",0.1,5,2,2000,-0.0209778767879236,0.0542806792063024,0.0538675416626044,0.232982143535298,0.182530537918254,0.952,2000,721.478012084961
340,"dr_robust",200,20,"outcome",0.1,5,2,2000,-0.0010130193491078,0.055763571575319,0.055790440587411,0.236143116722294,0.182481833133541,0.947,2000,721.478012084961
340,"aipw_robust",200,20,"outcome",0.1,5,2,2000,0.00184720049612253,0.0588821587016345,0.0589082006522878,0.24265646231171,0.192111542004493,0.9485,2000,721.478012084961
340,"reg_adj",200,20,"outcome",0.1,5,2,2000,-0.00334634114008181,0.219422685301054,0.219521247925991,0.468425752175362,0.3528385207543,0.952,2000,721.478012084961
340,"adaptive",200,20,"outcome",0.1,5,2,2000,-0.0210989573224658,0.0545560965164942,0.0541379995161571,0.233572465236154,0.183089674978153,0.952,2000,721.478012084961
341,"naive",500,20,"outcome",0.1,5,2,2000,0.0115834033933928,0.0864640754357589,0.0863730867449574,0.29404774346313,0.223280523889111,0.947,2000,1818.16921496391
341,"ipw_robust",500,20,"outcome",0.1,5,2,2000,-0.0167873199479134,0.0167731401548982,0.0164995758317805,0.129511158418486,0.10321442026341,0.9475,2000,1818.16921496391
341,"dr_robust",500,20,"outcome",0.1,5,2,2000,0.00435839411053651,0.0161637609187575,0.0161528417404049,0.127136780353907,0.101188254379763,0.9495,2000,1818.16921496391
341,"aipw_robust",500,20,"outcome",0.1,5,2,2000,-0.000524396565406926,0.0187352849150411,0.0187443821143405,0.136876896936777,0.109278423908012,0.953,2000,1818.16921496391
341,"reg_adj",500,20,"outcome",0.1,5,2,2000,0.0116086342950052,0.0816119738880459,0.0815179724840928,0.285678094869113,0.21781265733935,0.948,2000,1818.16921496391
341,"adaptive",500,20,"outcome",0.1,5,2,2000,-0.0167873199479134,0.0167731401548982,0.0164995758317805,0.129511158418486,0.10321442026341,0.9475,2000,1818.16921496391
342,"naive",1000,20,"outcome",0.1,5,2,2000,0.00959975725545803,0.037225088745744,0.0371515091609608,0.192938043800967,0.150631476454542,0.951,2000,3157.99938893318
342,"ipw_robust",1000,20,"outcome",0.1,5,2,2000,-0.0104037222458986,0.00827891778526884,0.00817476773256532,0.0909885585404497,0.0728187277616391,0.9515,2000,3157.99938893318
342,"dr_robust",1000,20,"outcome",0.1,5,2,2000,0.00723425008776779,0.00808761597166392,0.00803930124795553,0.0899311735254462,0.0720805720644435,0.947,2000,3157.99938893318
342,"aipw_robust",1000,20,"outcome",0.1,5,2,2000,0.00302430546305876,0.00984156711349389,0.00983733935963982,0.0992046728410204,0.079543862058479,0.951,2000,3157.99938893318
342,"reg_adj",1000,20,"outcome",0.1,5,2,2000,0.00832986379348544,0.0354925158284067,0.0354408496223999,0.188394574838042,0.148983034845397,0.9525,2000,3157.99938893318
342,"adaptive",1000,20,"outcome",0.1,5,2,2000,-0.0104037222458986,0.00827891778526884,0.00817476773256532,0.0909885585404497,0.0728187277616391,0.9515,2000,3157.99938893318
343,"naive",200,5,"treatment",0.1,5,2,2000,-0.47440928650611,0.254391679173777,0.0293421791401099,0.504372559893752,0.474732632672151,0.2095,2000,179.598940849304
343,"ipw_robust",200,5,"treatment",0.1,5,2,2000,-0.441024120400301,0.225319946510224,0.0308330882795043,0.474678782452117,0.441717520279841,0.2935,2000,179.598940849304
343,"dr_robust",200,5,"treatment",0.1,5,2,2000,-0.430208538746706,0.213073162290131,0.0280077793692392,0.46159848601369,0.430690767509552,0.268,2000,179.598940849304
343,"aipw_robust",200,5,"treatment",0.1,5,2,2000,-0.366842380540913,0.177742362024026,0.0431906251756899,0.421595021346346,0.372687477707783,0.5625,2000,179.598940849304
343,"reg_adj",200,5,"treatment",0.1,5,2,2000,-0.467042865411343,0.245409144145761,0.0272937528905688,0.495387872424993,0.467303563365462,0.197,2000,179.598940849304
343,"adaptive",200,5,"treatment",0.1,5,2,2000,-0.467042865411343,0.245409144145761,0.0272937528905688,0.495387872424993,0.467303563365462,0.197,2000,179.598940849304
344,"naive",500,5,"treatment",0.1,5,2,2000,-0.476034771905865,0.238334738286191,0.0117314999727078,0.488195389456097,0.476034771905865,0.0075,2000,395.224485874176
344,"ipw_robust",500,5,"treatment",0.1,5,2,2000,-0.441732357667838,0.207758880686694,0.0126377237377752,0.455805748852177,0.441732357667839,0.024,2000,395.224485874176
344,"dr_robust",500,5,"treatment",0.1,5,2,2000,-0.42901786788911,0.195548171013565,0.0114975888398671,0.442208289173287,0.42901786788911,0.0205,2000,395.224485874176
344,"aipw_robust",500,5,"treatment",0.1,5,2,2000,-0.361840518102933,0.148963393899302,0.0180438552859462,0.385957761807302,0.362080137614563,0.227,2000,395.224485874176
344,"reg_adj",500,5,"treatment",0.1,5,2,2000,-0.468076179651021,0.230504234130816,0.011414631489866,0.480108564942155,0.468076179651021,0.0075,2000,395.224485874176
344,"adaptive",500,5,"treatment",0.1,5,2,2000,-0.468076179651021,0.230504234130816,0.011414631489866,0.480108564942155,0.468076179651021,0.0075,2000,395.224485874176
345,"naive",1000,5,"treatment",0.1,5,2,2000,-0.474415491235562,0.231026562082439,0.00595948349990942,0.480652225712561,0.474415491235561,0,2000,730.639764070511
345,"ipw_robust",1000,5,"treatment",0.1,5,2,2000,-0.439978701495532,0.199899190780897,0.00632109355798128,0.447100873160517,0.439978701495532,0,2000,730.639764070511
345,"dr_robust",1000,5,"treatment",0.1,5,2,2000,-0.426338096227699,0.187465041629885,0.00570372119542403,0.432972333561724,0.426338096227699,0,2000,730.639764070511
345,"aipw_robust",1000,5,"treatment",0.1,5,2,2000,-0.360358521016258,0.138972370664278,0.0091186663284173,0.372789981979503,0.360358521016258,0.033,2000,730.639764070511
345,"reg_adj",1000,5,"treatment",0.1,5,2,2000,-0.466518280419188,0.223355196984439,0.00571875039435997,0.472604694204828,0.466518280419188,0,2000,730.639764070511
345,"adaptive",1000,5,"treatment",0.1,5,2,2000,-0.466518280419188,0.223355196984439,0.00571875039435997,0.472604694204828,0.466518280419188,0,2000,730.639764070511
346,"naive",200,10,"treatment",0.1,5,2,2000,-0.486865710798396,0.26985754473218,0.0328357422520782,0.519478146539563,0.487311619470211,0.2345,2000,307.36982011795
346,"ipw_robust",200,10,"treatment",0.1,5,2,2000,-0.442861083110602,0.230093587606293,0.0339846409928936,0.479680714232178,0.444317703449238,0.328,2000,307.36982011795
346,"dr_robust",200,10,"treatment",0.1,5,2,2000,-0.442385721231764,0.226874456712446,0.0311849228241102,0.476313401777072,0.443117366148145,0.287,2000,307.36982011795
346,"aipw_robust",200,10,"treatment",0.1,5,2,2000,-0.386552203318897,0.196912789485733,0.0475139405653218,0.443748565615409,0.393466871940678,0.5755,2000,307.36982011795
346,"reg_adj",200,10,"treatment",0.1,5,2,2000,-0.474988547029354,0.254357429035045,0.0287576880700237,0.504338605537039,0.475346588403633,0.1935,2000,307.36982011795
346,"adaptive",200,10,"treatment",0.1,5,2,2000,-0.475107096904145,0.254577021027849,0.0288646998490886,0.504556261508911,0.475465138278424,0.1945,2000,307.36982011795
347,"naive",500,10,"treatment",0.1,5,2,2000,-0.4815519469082,0.244655689814425,0.0127697971419186,0.494626818737546,0.4815519469082,0.0115,2000,708.805603027344
347,"ipw_robust",500,10,"treatment",0.1,5,2,2000,-0.437584699026834,0.205261195801276,0.0137877208392906,0.453057607596733,0.437631805646655,0.0435,2000,708.805603027344
347,"dr_robust",500,10,"treatment",0.1,5,2,2000,-0.434277487932351,0.200805291358218,0.0122144620644169,0.448113034131142,0.434277487932351,0.027,2000,708.805603027344
347,"aipw_robust",500,10,"treatment",0.1,5,2,2000,-0.368777312871708,0.154165396506868,0.0181777789074445,0.392639015517903,0.369047163010314,0.232,2000,708.805603027344
347,"reg_adj",500,10,"treatment",0.1,5,2,2000,-0.470772262379646,0.233601591863631,0.0119810593672648,0.483323485735621,0.470772262379646,0.0085,2000,708.805603027344
347,"adaptive",500,10,"treatment",0.1,5,2,2000,-0.470772262379646,0.233601591863631,0.0119810593672648,0.483323485735621,0.470772262379646,0.0085,2000,708.805603027344
348,"naive",1000,10,"treatment",0.1,5,2,2000,-0.484055697197034,0.240259560600182,0.00595261892073537,0.490162789897583,0.484055697197034,0,2000,1262.12001013756
348,"ipw_robust",1000,10,"treatment",0.1,5,2,2000,-0.439886893257777,0.199819122533715,0.00632180457602394,0.447011322601246,0.439886893257777,5e-04,2000,1262.12001013756
348,"dr_robust",1000,10,"treatment",0.1,5,2,2000,-0.436297529189999,0.19615861111262,0.00580598012538471,0.442897969189993,0.436297529189999,0,2000,1262.12001013756
348,"aipw_robust",1000,10,"treatment",0.1,5,2,2000,-0.371373392747592,0.147358936618355,0.00944546250875205,0.383873594583367,0.371373392747592,0.03,2000,1262.12001013756
348,"reg_adj",1000,10,"treatment",0.1,5,2,2000,-0.472690820422221,0.228986438050253,0.00555260264014121,0.478525274202161,0.472690820422221,0,2000,1262.12001013756
348,"adaptive",1000,10,"treatment",0.1,5,2,2000,-0.472690820422221,0.228986438050253,0.00555260264014121,0.478525274202161,0.472690820422221,0,2000,1262.12001013756
349,"naive",200,20,"treatment",0.1,5,2,2000,-0.487337931961971,0.277106284516839,0.0396278385071211,0.526408856799388,0.488462165093258,0.314,2000,729.409548997879
349,"ipw_robust",200,20,"treatment",0.1,5,2,2000,-0.44513082069716,0.237320122537558,0.0391982741401007,0.487155131901079,0.446663015869036,0.3935,2000,729.409548997879
349,"dr_robust",200,20,"treatment",0.1,5,2,2000,-0.446071193202926,0.236093945422349,0.0371330025181256,0.48589499423471,0.447362290154891,0.3675,2000,729.409548997879
349,"aipw_robust",200,20,"treatment",0.1,5,2,2000,-0.398426434084955,0.211770612040822,0.0530535154208791,0.460185410504094,0.407620624219303,0.5945,2000,729.409548997879
349,"reg_adj",200,20,"treatment",0.1,5,2,2000,-0.474515336811933,0.257814673094794,0.0326662013257146,0.507754540201064,0.47504372889102,0.254,2000,729.409548997879
349,"adaptive",200,20,"treatment",0.1,5,2,2000,-0.474463165702437,0.258189071774725,0.0330903213270097,0.508123087228601,0.475210929458006,0.2575,2000,729.409548997879
350,"naive",500,20,"treatment",0.1,5,2,2000,-0.481113247560795,0.243586128841448,0.0121222329794429,0.493544454777326,0.481113247560795,0.0075,2000,1936.45943403244
350,"ipw_robust",500,20,"treatment",0.1,5,2,2000,-0.438831265891399,0.205074176686127,0.0125075505375486,0.452851163944764,0.438831265891399,0.027,2000,1936.45943403244
350,"dr_robust",500,20,"treatment",0.1,5,2,2000,-0.434574073162716,0.200357248960594,0.0115083780844029,0.447612833775568,0.434574073162716,0.0185,2000,1936.45943403244
350,"aipw_robust",500,20,"treatment",0.1,5,2,2000,-0.370950711375326,0.155154993309916,0.0175593427114119,0.393897186217313,0.371507540303952,0.2015,2000,1936.45943403244
350,"reg_adj",500,20,"treatment",0.1,5,2,2000,-0.470747493935648,0.232594830138094,0.0109971256542288,0.482280862297162,0.470747493935648,0.005,2000,1936.45943403244
350,"adaptive",500,20,"treatment",0.1,5,2,2000,-0.470747493935648,0.232594830138094,0.0109971256542288,0.482280862297162,0.470747493935648,0.005,2000,1936.45943403244
351,"naive",1000,20,"treatment",0.1,5,2,2000,-0.485370462029804,0.241652614820994,0.00607116499246413,0.491581747851762,0.485370462029804,0,2000,3510.11006903648
351,"ipw_robust",1000,20,"treatment",0.1,5,2,2000,-0.443325368525843,0.20317616399091,0.00664210266366763,0.450750667210721,0.443325368525843,0,2000,3510.11006903648
351,"dr_robust",1000,20,"treatment",0.1,5,2,2000,-0.438196697120413,0.197914759647425,0.00590136496266725,0.444876117191545,0.438196697120413,0,2000,3510.11006903648
351,"aipw_robust",1000,20,"treatment",0.1,5,2,2000,-0.376773305872108,0.15074124204216,0.00878751178025335,0.388254094688209,0.376773305872108,0.018,2000,3510.11006903648
351,"reg_adj",1000,20,"treatment",0.1,5,2,2000,-0.474255593504457,0.230666998743735,0.00575150652673271,0.480278043162223,0.474255593504458,0,2000,3510.11006903648
351,"adaptive",1000,20,"treatment",0.1,5,2,2000,-0.474255593504457,0.230666998743735,0.00575150652673271,0.480278043162223,0.474255593504458,0,2000,3510.11006903648
352,"naive",200,5,"mixed",0.1,5,2,2000,-0.269469127718047,0.159275223530072,0.0867049652195563,0.399093001103843,0.324342658078636,0.868,2000,170.911443948746
352,"ipw_robust",200,5,"mixed",0.1,5,2,2000,-0.254514166610324,0.110260241331098,0.0455055330922965,0.332054575832194,0.277628629764934,0.784,2000,170.911443948746
352,"dr_robust",200,5,"mixed",0.1,5,2,2000,-0.25393425561636,0.115584917616629,0.0511278753788839,0.33997781930095,0.275413760929762,0.825,2000,170.911443948746
352,"aipw_robust",200,5,"mixed",0.1,5,2,2000,-0.191520731208038,0.088116436076561,0.0514619765823907,0.296844127576344,0.240305923338611,0.8665,2000,170.911443948746
352,"reg_adj",200,5,"mixed",0.1,5,2,2000,-0.294854811458474,0.166975641379445,0.0800763196990828,0.408626530440016,0.338236144403395,0.8325,2000,170.911443948746
352,"adaptive",200,5,"mixed",0.1,5,2,2000,-0.267188047307521,0.118045487361604,0.0466793744248105,0.343577483781467,0.289015774758218,0.769,2000,170.911443948746
353,"naive",500,5,"mixed",0.1,5,2,2000,-0.275875846920277,0.114524491592969,0.0384362267923848,0.338414674021339,0.292970298765605,0.711,2000,387.869908094406
353,"ipw_robust",500,5,"mixed",0.1,5,2,2000,-0.261404026490858,0.0887127970867941,0.0203909274849035,0.29784693566796,0.265900379284831,0.548,2000,387.869908094406
353,"dr_robust",500,5,"mixed",0.1,5,2,2000,-0.299457979405573,0.117804431380186,0.0281434216613484,0.343226501570299,0.302210064250786,0.6085,2000,387.869908094406
353,"aipw_robust",500,5,"mixed",0.1,5,2,2000,-0.205571946856761,0.0635403936952986,0.0212912139678037,0.252072199370138,0.216036701723929,0.7095,2000,387.869908094406
353,"reg_adj",500,5,"mixed",0.1,5,2,2000,-0.302826335076331,0.124624428062617,0.0329371074005551,0.353021852103545,0.311342816908547,0.6145,2000,387.869908094406
353,"adaptive",500,5,"mixed",0.1,5,2,2000,-0.263970957714721,0.0902391481770545,0.020568766043249,0.300398315869205,0.268353839176492,0.543,2000,387.869908094406
354,"naive",1000,5,"mixed",0.1,5,2,2000,-0.281276673763591,0.099083644749304,0.0199770660788337,0.314775546619022,0.284379011402622,0.49,2000,757.83823800087
354,"ipw_robust",1000,5,"mixed",0.1,5,2,2000,-0.264439341478816,0.0801321464296668,0.0102090856507425,0.283076220176946,0.264858155130979,0.245,2000,757.83823800087
354,"dr_robust",1000,5,"mixed",0.1,5,2,2000,-0.317130116800599,0.115112372357979,0.014548135443739,0.339282142704238,0.317310794356393,0.2535,2000,757.83823800087
354,"aipw_robust",1000,5,"mixed",0.1,5,2,2000,-0.206228903538679,0.052343843482779,0.00981839202402536,0.228787769521841,0.207612869873967,0.456,2000,757.83823800087
354,"reg_adj",1000,5,"mixed",0.1,5,2,2000,-0.302023815576502,0.108116197828313,0.0169062657858169,0.328810276342321,0.303423539306493,0.3515,2000,757.83823800087
354,"adaptive",1000,5,"mixed",0.1,5,2,2000,-0.264581751743722,0.0802304432946712,0.0102320559668781,0.283249789575687,0.265000565395885,0.2455,2000,757.83823800087
355,"naive",200,10,"mixed",0.1,5,2,2000,-0.251915924564553,0.141944496317235,0.0785221243301868,0.376755220690085,0.30524211799642,0.8595,2000,285.6916410923
355,"ipw_robust",200,10,"mixed",0.1,5,2,2000,-0.233484801817784,0.0909681177809019,0.0364712007013629,0.301609213687019,0.252729821542144,0.772,2000,285.6916410923
355,"dr_robust",200,10,"mixed",0.1,5,2,2000,-0.229366111719232,0.0928414228556207,0.0402527360184307,0.304698905241914,0.249874441545405,0.81,2000,285.6916410923
355,"aipw_robust",200,10,"mixed",0.1,5,2,2000,-0.185757225025494,0.0822489986594758,0.0477671355780928,0.28679086223148,0.230786615758144,0.8605,2000,285.6916410923
355,"reg_adj",200,10,"mixed",0.1,5,2,2000,-0.268791102948977,0.147652332345456,0.0754413960189378,0.384255556037198,0.314027003007635,0.8305,2000,285.6916410923
355,"adaptive",200,10,"mixed",0.1,5,2,2000,-0.247823633689689,0.0996572848415586,0.0382598613570761,0.315685420698452,0.265658037817183,0.763,2000,285.6916410923
356,"naive",500,10,"mixed",0.1,5,2,2000,-0.25664263314692,0.105097041084889,0.0392512255490791,0.324186737984281,0.275163179189052,0.7475,2000,633.589440107346
356,"ipw_robust",500,10,"mixed",0.1,5,2,2000,-0.23612475490068,0.0779869570904762,0.0222431788029717,0.279261449345369,0.244336367958777,0.643,2000,633.589440107346
356,"dr_robust",500,10,"mixed",0.1,5,2,2000,-0.26602561591843,0.100125806405025,0.0293708635120013,0.316426620885515,0.272211208257621,0.697,2000,633.589440107346
356,"aipw_robust",500,10,"mixed",0.1,5,2,2000,-0.184627135354868,0.0554888080633572,0.0214123351215731,0.235560625027523,0.199757856631398,0.747,2000,633.589440107346
356,"reg_adj",500,10,"mixed",0.1,5,2,2000,-0.281023907321368,0.111256321460766,0.0322980339915934,0.333551077738877,0.290442808607619,0.648,2000,633.589440107346
356,"adaptive",500,10,"mixed",0.1,5,2,2000,-0.238911638923029,0.0794620012782925,0.0223944272790441,0.281890051754744,0.246954470707582,0.6375,2000,633.589440107346
357,"naive",1000,10,"mixed",0.1,5,2,2000,-0.262274490444244,0.090763520303388,0.0219866052682342,0.301269846322841,0.268175364334601,0.568,2000,1264.63465499878
357,"ipw_robust",1000,10,"mixed",0.1,5,2,2000,-0.242964042631898,0.0718921297951701,0.0128670373017863,0.268127077698561,0.244649655709199,0.4145,2000,1264.63465499878
357,"dr_robust",1000,10,"mixed",0.1,5,2,2000,-0.303320494764208,0.109809479978425,0.0178150649669042,0.33137513482219,0.304141586980301,0.4,2000,1264.63465499878
357,"aipw_robust",1000,10,"mixed",0.1,5,2,2000,-0.191563299945487,0.0470413112522777,0.0103499883604535,0.216890090258356,0.194018817361434,0.531,2000,1264.63465499878
357,"reg_adj",1000,10,"mixed",0.1,5,2,2000,-0.285213088642976,0.097812963518929,0.0164746949331297,0.312750641116735,0.286870896365208,0.391,2000,1264.63465499878
357,"adaptive",1000,10,"mixed",0.1,5,2,2000,-0.24307945755296,0.0719484760000202,0.0128672869592586,0.268232130812139,0.244765070630262,0.4135,2000,1264.63465499878
358,"naive",200,20,"mixed",0.1,5,2,2000,-0.232174942737609,0.145887300060017,0.0920281100798447,0.381951960408658,0.304936349588884,0.889,2000,691.126003980637
358,"ipw_robust",200,20,"mixed",0.1,5,2,2000,-0.218500901097034,0.0928097552676571,0.0450896563155988,0.304646935431258,0.249584081949103,0.819,2000,691.126003980637
358,"dr_robust",200,20,"mixed",0.1,5,2,2000,-0.202382528815181,0.083275178391053,0.0423376592510511,0.288574389700564,0.236417813635212,0.838,2000,691.126003980637
358,"aipw_robust",200,20,"mixed",0.1,5,2,2000,-0.179056806804577,0.0889143648305267,0.0568814655002251,0.298185118392127,0.240773571611444,0.8875,2000,691.126003980637
358,"reg_adj",200,20,"mixed",0.1,5,2,2000,-0.246256869336997,0.143610764705445,0.0830098239217474,0.378960109649347,0.307056228461161,0.8765,2000,691.126003980637
358,"adaptive",200,20,"mixed",0.1,5,2,2000,-0.229219248746553,0.0981473137921591,0.0456286641282889,0.313284716818678,0.258272862986568,0.805,2000,691.126003980637
359,"naive",500,20,"mixed",0.1,5,2,2000,-0.241766458956262,0.0951550184372768,0.0367223589404972,0.308472070757268,0.26215740890112,0.764,2000,1587.73181080818
359,"ipw_robust",500,20,"mixed",0.1,5,2,2000,-0.227779118542872,0.0700441044655543,0.0181698625526629,0.264658467587104,0.233748777675366,0.602,2000,1587.73181080818
359,"dr_robust",500,20,"mixed",0.1,5,2,2000,-0.217851195945219,0.0660099536649902,0.0185600901352958,0.256924023137172,0.222834689568561,0.657,2000,1587.73181080818
359,"aipw_robust",500,20,"mixed",0.1,5,2,2000,-0.171986035097949,0.0490009167615421,0.0194314362109345,0.221361506955347,0.186565912057589,0.757,2000,1587.73181080818
359,"reg_adj",500,20,"mixed",0.1,5,2,2000,-0.266332835385891,0.10393554606262,0.0330188762960798,0.322390362856305,0.278748245652691,0.684,2000,1587.73181080818
359,"adaptive",500,20,"mixed",0.1,5,2,2000,-0.231758292905908,0.0721846682143042,0.0184820028850862,0.268672045837121,0.23767651255809,0.598,2000,1587.73181080818
360,"naive",1000,20,"mixed",0.1,5,2,2000,-0.255316018912813,0.0884192224412463,0.0232445752153664,0.297353699222401,0.262721983258096,0.6095,2000,2905.50258898735
360,"ipw_robust",1000,20,"mixed",0.1,5,2,2000,-0.238726305432276,0.0687165645803377,0.0117321817658763,0.262138445445031,0.240223656425755,0.399,2000,2905.50258898735
360,"dr_robust",1000,20,"mixed",0.1,5,2,2000,-0.274828756427451,0.0910977656400976,0.015574707634456,0.301824064050727,0.275726171265945,0.425,2000,2905.50258898735
360,"aipw_robust",1000,20,"mixed",0.1,5,2,2000,-0.180844259267276,0.0427608072791926,0.0100611917651455,0.206786864377776,0.183708785582384,0.5595,2000,2905.50258898735
360,"reg_adj",1000,20,"mixed",0.1,5,2,2000,-0.280610468648842,0.0968630047168467,0.0181298345187832,0.311228219666609,0.283391140687912,0.444,2000,2905.50258898735
360,"adaptive",1000,20,"mixed",0.1,5,2,2000,-0.238878468069602,0.0687690214931914,0.0117119549633932,0.262238482098245,0.240375819063081,0.3985,2000,2905.50258898735
361,"naive",200,5,"none",0.15,5,2,2000,0.00919098251874795,0.0302475559388511,0.0301781708646235,0.173918244985542,0.137577997883323,0.946,2000,180.047196865082
361,"ipw_robust",200,5,"none",0.15,5,2,2000,-0.0186748545488471,0.0318007251481927,0.0314677088101772,0.178327578204249,0.142392632914433,0.946,2000,180.047196865082
361,"dr_robust",200,5,"none",0.15,5,2,2000,0.00563388466685044,0.0297159020322053,0.0296990108812065,0.172383009697027,0.137015743318693,0.9485,2000,180.047196865082
361,"aipw_robust",200,5,"none",0.15,5,2,2000,0.00489455606653477,0.0406046176031298,0.0406009614047438,0.201505874860089,0.159053375531097,0.95,2000,180.047196865082
361,"reg_adj",200,5,"none",0.15,5,2,2000,0.00858652780466196,0.0283716598160894,0.0283120874000492,0.168438890450185,0.133686197536632,0.9455,2000,180.047196865082
361,"adaptive",200,5,"none",0.15,5,2,2000,0.00824222332595381,0.0284425152537133,0.0283887753960564,0.16864908909838,0.133844627903355,0.945,2000,180.047196865082
362,"naive",500,5,"none",0.15,5,2,2000,0.010350882512248,0.0117318364571731,0.0116305109438627,0.108313602364491,0.0867640255361659,0.9515,2000,400.784740924835
362,"ipw_robust",500,5,"none",0.15,5,2,2000,-0.019845199832059,0.0126647878359338,0.0122770944267728,0.112537939540111,0.0895148558606463,0.946,2000,400.784740924835
362,"dr_robust",500,5,"none",0.15,5,2,2000,0.0056757302978192,0.01157400719429,0.0115475670634081,0.107582559898387,0.0858960102546719,0.9495,2000,400.784740924835
362,"aipw_robust",500,5,"none",0.15,5,2,2000,0.00433640299163285,0.0161416710721318,0.0161309321472996,0.127049876316869,0.100853292033182,0.9475,2000,400.784740924835
362,"reg_adj",500,5,"none",0.15,5,2,2000,0.00961594064313198,0.0114020730417114,0.0113152643594389,0.106780489986286,0.085192551583117,0.9495,2000,400.784740924835
362,"adaptive",500,5,"none",0.15,5,2,2000,0.00961594064313198,0.0114020730417114,0.0113152643594389,0.106780489986286,0.085192551583117,0.9495,2000,400.784740924835
363,"naive",1000,5,"none",0.15,5,2,2000,0.0111654957311837,0.00580689787971951,0.00568507212085686,0.0762030044008733,0.0614659570336141,0.9525,2000,735.552336931229
363,"ipw_robust",1000,5,"none",0.15,5,2,2000,-0.0176486146881962,0.00623529473445044,0.00592678452630117,0.078963882468192,0.0631346437985539,0.942,2000,735.552336931229
363,"dr_robust",1000,5,"none",0.15,5,2,2000,0.00645980820660785,0.00570831050984772,0.00566941609582948,0.075553362002281,0.0609474675226548,0.955,2000,735.552336931229
363,"aipw_robust",1000,5,"none",0.15,5,2,2000,0.000606747131412622,0.00764374863855927,0.00764720409852705,0.0874285344642084,0.0703196952549884,0.9515,2000,735.552336931229
363,"reg_adj",1000,5,"none",0.15,5,2,2000,0.00984231369418032,0.00554851197628191,0.00545436802143799,0.074488334497973,0.0598921586583246,0.95,2000,735.552336931229
363,"adaptive",1000,5,"none",0.15,5,2,2000,0.00984231369418032,0.00554851197628191,0.00545436802143799,0.074488334497973,0.0598921586583246,0.95,2000,735.552336931229
364,"naive",200,10,"none",0.15,5,2,2000,0.00959602933674741,0.0344770588217606,0.0344021761307943,0.185679990364499,0.147487126436489,0.949,2000,308.417520999908
364,"ipw_robust",200,10,"none",0.15,5,2,2000,-0.0122395041075012,0.0346990784433868,0.0345665562607196,0.186276886497995,0.149262826808649,0.952,2000,308.417520999908
364,"dr_robust",200,10,"none",0.15,5,2,2000,0.0050476117062348,0.0333142962771012,0.0333054706284785,0.18252204326355,0.144284687696555,0.9495,2000,308.417520999908
364,"aipw_robust",200,10,"none",0.15,5,2,2000,-0.000384286168387371,0.0416429812598333,0.0416636654166824,0.204066119823535,0.160990079658276,0.946,2000,308.417520999908
364,"reg_adj",200,10,"none",0.15,5,2,2000,0.0111233436140781,0.0302129868767278,0.0301043102587003,0.173818833492599,0.138106546510111,0.951,2000,308.417520999908
364,"adaptive",200,10,"none",0.15,5,2,2000,0.0106187200631482,0.0303962838574986,0.030298675979709,0.174345300646443,0.13862407513712,0.9515,2000,308.417520999908
365,"naive",500,10,"none",0.15,5,2,2000,0.00838999856832023,0.0120641687155175,0.011999776527805,0.109837009771377,0.0876687772927477,0.952,2000,716.498874902725
365,"ipw_robust",500,10,"none",0.15,5,2,2000,-0.0141855002980373,0.0126345875864354,0.0124395789572084,0.112403681374034,0.0894420023250969,0.951,2000,716.498874902725
365,"dr_robust",500,10,"none",0.15,5,2,2000,0.00313666471693441,0.0117838124002998,0.0117798636665866,0.108553269873826,0.0870788429268651,0.9515,2000,716.498874902725
365,"aipw_robust",500,10,"none",0.15,5,2,2000,-0.00323109159075985,0.0164955250626032,0.0164933317756231,0.128434905935276,0.102440047666329,0.9475,2000,716.498874902725
365,"reg_adj",500,10,"none",0.15,5,2,2000,0.00752964733651007,0.0111298183922719,0.0110786621343269,0.105497954445913,0.0845155511754358,0.9485,2000,716.498874902725
365,"adaptive",500,10,"none",0.15,5,2,2000,0.00752964733651007,0.0111298183922719,0.0110786621343269,0.105497954445913,0.0845155511754358,0.9485,2000,716.498874902725
366,"naive",1000,10,"none",0.15,5,2,2000,0.0114383054910507,0.00618087499363483,0.00605306669447547,0.0786185410296759,0.0626822061577648,0.951,2000,1287.96235585213
366,"ipw_robust",1000,10,"none",0.15,5,2,2000,-0.0117541611772978,0.00621292808163431,0.00607780667999241,0.0788221293903832,0.0625999577877326,0.9425,2000,1287.96235585213
366,"dr_robust",1000,10,"none",0.15,5,2,2000,0.00667726896046883,0.00595027225100588,0.00590864065056072,0.0771380078236785,0.0614591785340656,0.949,2000,1287.96235585213
366,"aipw_robust",1000,10,"none",0.15,5,2,2000,0.00361238748197446,0.00810737714846986,0.00809837699364676,0.0900409748307395,0.0720196499499201,0.9515,2000,1287.96235585213
366,"reg_adj",1000,10,"none",0.15,5,2,2000,0.0103784605439494,0.00576866097867566,0.00566378042562617,0.0759517016180392,0.0609160991041422,0.95,2000,1287.96235585213
366,"adaptive",1000,10,"none",0.15,5,2,2000,0.0103473986590403,0.00576497140644742,0.00566073311399531,0.075927408795819,0.0608850372192332,0.9495,2000,1287.96235585213
367,"naive",200,20,"none",0.15,5,2,2000,0.00845050294803906,0.0389695332001512,0.0389175809905716,0.19740702419152,0.155104338729196,0.9495,2000,728.041788101196
367,"ipw_robust",200,20,"none",0.15,5,2,2000,-0.0166277611340548,0.0374713062320187,0.037213430506941,0.193575066142359,0.153123134722559,0.9475,2000,728.041788101196
367,"dr_robust",200,20,"none",0.15,5,2,2000,0.00492709840716987,0.0359374461381683,0.035931135407158,0.189571744039475,0.150253004878728,0.9495,2000,728.041788101196
367,"aipw_robust",200,20,"none",0.15,5,2,2000,0.00184402225765279,0.0433881270726287,0.0434064298694767,0.208298168673248,0.166283580486907,0.9505,2000,728.041788101196
367,"reg_adj",200,20,"none",0.15,5,2,2000,0.00657178388904534,0.0298904023267775,0.0298621450558211,0.172888410041788,0.138044966410969,0.951,2000,728.041788101196
367,"adaptive",200,20,"none",0.15,5,2,2000,0.0045504839261028,0.0323418016153685,0.0323372633430783,0.179838265158916,0.142156231396964,0.949,2000,728.041788101196
368,"naive",500,20,"none",0.15,5,2,2000,0.00740334956646471,0.0124915766708576,0.0124429885803445,0.11176572225355,0.0881300510813686,0.9435,2000,1983.18186783791
368,"ipw_robust",500,20,"none",0.15,5,2,2000,-0.0163018043264871,0.0128155573411195,0.0125560865601005,0.113205818494985,0.0893572859367266,0.9455,2000,1983.18186783791
368,"dr_robust",500,20,"none",0.15,5,2,2000,0.00391079743510714,0.0120754688510624,0.0120662076182931,0.109888438204674,0.0861731752895357,0.943,2000,1983.18186783791
368,"aipw_robust",500,20,"none",0.15,5,2,2000,0.00182483799696653,0.0161185828719551,0.0161233144954877,0.126958981060637,0.10042716678936,0.952,2000,1983.18186783791
368,"reg_adj",500,20,"none",0.15,5,2,2000,0.00850390099215037,0.0114568677935148,0.0113902465847229,0.107036759076099,0.0838876740456068,0.9465,2000,1983.18186783791
368,"adaptive",500,20,"none",0.15,5,2,2000,0.00850390099215037,0.0114568677935148,0.0113902465847229,0.107036759076099,0.0838876740456068,0.9465,2000,1983.18186783791
369,"naive",1000,20,"none",0.15,5,2,2000,0.0100804673096899,0.00628557480370594,0.00618705250877859,0.0792816170603623,0.0633715618344996,0.947,2000,3586.09759187698
369,"ipw_robust",1000,20,"none",0.15,5,2,2000,-0.0140707201306729,0.00668919363952676,0.00649445570238223,0.0817874907276581,0.0649472406744237,0.9485,2000,3586.09759187698
369,"dr_robust",1000,20,"none",0.15,5,2,2000,0.00510158577065756,0.00614009227433873,0.006117124659293,0.0783587408930154,0.0627451557606602,0.949,2000,3586.09759187698
369,"aipw_robust",1000,20,"none",0.15,5,2,2000,0.000222433400002497,0.00843490627762307,0.00843907633917522,0.091841745832835,0.0730610763990049,0.947,2000,3586.09759187698
369,"reg_adj",1000,20,"none",0.15,5,2,2000,0.00879906277308873,0.00584425811440675,0.00576971946845623,0.0764477476084597,0.0612352992975361,0.947,2000,3586.09759187698
369,"adaptive",1000,20,"none",0.15,5,2,2000,0.00879906277308873,0.00584425811440675,0.00576971946845623,0.0764477476084597,0.0612352992975361,0.947,2000,3586.09759187698
370,"naive",200,5,"covariate",0.15,5,2,2000,-0.189747136064168,0.0732702265949412,0.0372848933970857,0.270684736538544,0.222285899842017,0.8335,2000,170.179224014282
370,"ipw_robust",200,5,"covariate",0.15,5,2,2000,-0.187359850417726,0.0734078248159202,0.0383232729038195,0.270938784259323,0.222073550805162,0.838,2000,170.179224014282
370,"dr_robust",200,5,"covariate",0.15,5,2,2000,-0.192777724178403,0.074555627723082,0.0374110823248399,0.273048764368349,0.224815307806508,0.834,2000,170.179224014282
370,"aipw_robust",200,5,"covariate",0.15,5,2,2000,-0.174915322685802,0.0831276536097097,0.052558562780822,0.288318666772912,0.235133565680456,0.8895,2000,170.179224014282
370,"reg_adj",200,5,"covariate",0.15,5,2,2000,-0.194047096764941,0.0729456449842881,0.0353090237332523,0.270084514521451,0.223371006301435,0.821,2000,170.179224014282
370,"adaptive",200,5,"covariate",0.15,5,2,2000,-0.194187893806051,0.0730096721578026,0.0353183932535993,0.270203020260327,0.223511803342545,0.821,2000,170.179224014282
371,"naive",500,5,"covariate",0.15,5,2,2000,-0.194984356239482,0.0529117888652535,0.0149003398570568,0.230025626540291,0.201694773186749,0.6505,2000,387.511658906937
371,"ipw_robust",500,5,"covariate",0.15,5,2,2000,-0.19005523816523,0.0511905227932361,0.0150770677730802,0.226253227144357,0.19749575426902,0.6655,2000,387.511658906937
371,"dr_robust",500,5,"covariate",0.15,5,2,2000,-0.196345847455517,0.0532430267912843,0.0146986843204193,0.230744505441157,0.202349865878895,0.6405,2000,387.511658906937
371,"aipw_robust",500,5,"covariate",0.15,5,2,2000,-0.186713150029984,0.0546326650760189,0.0197807550594292,0.233736315270047,0.19906908760943,0.737,2000,387.511658906937
371,"reg_adj",500,5,"covariate",0.15,5,2,2000,-0.196528238669431,0.0528903403649479,0.0142741288348564,0.229978999834654,0.202245556114359,0.631,2000,387.511658906937
371,"adaptive",500,5,"covariate",0.15,5,2,2000,-0.196423620933678,0.0528775991987468,0.0143025115938464,0.229951297449584,0.202184662203258,0.6315,2000,387.511658906937
372,"naive",1000,5,"covariate",0.15,5,2,2000,-0.195823040438096,0.0451499362069049,0.00680667637867393,0.212485143496916,0.196450733282142,0.3395,2000,771.379765987396
372,"ipw_robust",1000,5,"covariate",0.15,5,2,2000,-0.191068446654387,0.0435193296070962,0.00701568614324749,0.208612870185653,0.191826258671382,0.3725,2000,771.379765987396
372,"dr_robust",1000,5,"covariate",0.15,5,2,2000,-0.19544071109276,0.0449838584179643,0.0067901819564988,0.212093984869831,0.196007168877529,0.344,2000,771.379765987396
372,"aipw_robust",1000,5,"covariate",0.15,5,2,2000,-0.188894684162419,0.0448712898039748,0.00919468544187574,0.211828444275019,0.191082441399922,0.49,2000,771.379765987396
372,"reg_adj",1000,5,"covariate",0.15,5,2,2000,-0.196666036692904,0.0451978513460264,0.00652358314910632,0.212597862985559,0.19723452700244,0.3175,2000,771.379765987396
372,"adaptive",1000,5,"covariate",0.15,5,2,2000,-0.196666036692904,0.0451978513460264,0.00652358314910632,0.212597862985559,0.19723452700244,0.3175,2000,771.379765987396
373,"naive",200,10,"covariate",0.15,5,2,2000,-0.159367025364032,0.0701647332457276,0.0447892791119035,0.264886264735882,0.210511053547586,0.8885,2000,257.465461015701
373,"ipw_robust",200,10,"covariate",0.15,5,2,2000,-0.155056531710859,0.0666624112161862,0.0426412037918814,0.258190648971233,0.206100089319137,0.892,2000,257.465461015701
373,"dr_robust",200,10,"covariate",0.15,5,2,2000,-0.165191694260368,0.072963433708517,0.0456979868493308,0.270117444287697,0.213955622143939,0.889,2000,257.465461015701
373,"aipw_robust",200,10,"covariate",0.15,5,2,2000,-0.130022375313464,0.0715057087310502,0.0546272042510205,0.267405513651178,0.211434674333437,0.9155,2000,257.465461015701
373,"reg_adj",200,10,"covariate",0.15,5,2,2000,-0.164898041885401,0.0630570798514294,0.0358836574625212,0.251111688002429,0.203703912596628,0.8645,2000,257.465461015701
373,"adaptive",200,10,"covariate",0.15,5,2,2000,-0.16551248049656,0.0655619435805189,0.0381866557082491,0.256050666041936,0.20625101754188,0.877,2000,257.465461015701
374,"naive",500,10,"covariate",0.15,5,2,2000,-0.159375751256516,0.0399866919175708,0.0145933585082462,0.1999667270262,0.169659087528676,0.7405,2000,634.824422121048
374,"ipw_robust",500,10,"covariate",0.15,5,2,2000,-0.15427662797036,0.0388500854907544,0.0150563357207098,0.197104250311236,0.166425241160488,0.7545,2000,634.824422121048
374,"dr_robust",500,10,"covariate",0.15,5,2,2000,-0.160608970042802,0.0404143656810318,0.0146264376416429,0.201033245213402,0.170435291795095,0.7325,2000,634.824422121048
374,"aipw_robust",500,10,"covariate",0.15,5,2,2000,-0.152100921003298,0.0428843792970612,0.0197595689114656,0.207085439606606,0.172078410037514,0.805,2000,634.824422121048
374,"reg_adj",500,10,"covariate",0.15,5,2,2000,-0.159967014764452,0.0392862825530947,0.0137036885847368,0.19820767531328,0.169020142035117,0.723,2000,634.824422121048
374,"adaptive",500,10,"covariate",0.15,5,2,2000,-0.159967014764452,0.0392862825530947,0.0137036885847368,0.19820767531328,0.169020142035117,0.723,2000,634.824422121048
375,"naive",1000,10,"covariate",0.15,5,2,2000,-0.167277731674794,0.0350839475043854,0.00710566082053123,0.187307094111209,0.169056138007686,0.479,2000,1327.21430683136
375,"ipw_robust",1000,10,"covariate",0.15,5,2,2000,-0.161964511526502,0.0334891910514702,0.00726031821656005,0.183000521997808,0.164230675751164,0.515,2000,1327.21430683136
375,"dr_robust",1000,10,"covariate",0.15,5,2,2000,-0.167173463730077,0.0349727528499992,0.00702930052475023,0.187010034089081,0.168995713276311,0.469,2000,1327.21430683136
375,"aipw_robust",1000,10,"covariate",0.15,5,2,2000,-0.164994544903237,0.0371549646039456,0.00993673312268074,0.192756231037924,0.169709715699549,0.6185,2000,1327.21430683136
375,"reg_adj",1000,10,"covariate",0.15,5,2,2000,-0.167387264161346,0.0348574966804681,0.00684242168789164,0.186701624739765,0.169008213220869,0.458,2000,1327.21430683136
375,"adaptive",1000,10,"covariate",0.15,5,2,2000,-0.167387264161346,0.0348574966804681,0.00684242168789164,0.186701624739765,0.169008213220869,0.458,2000,1327.21430683136
376,"naive",200,20,"covariate",0.15,5,2,2000,-0.146566577712146,0.0662519845391018,0.0447926191464244,0.257394608605351,0.206719395249216,0.891,2000,552.542507886887
376,"ipw_robust",200,20,"covariate",0.15,5,2,2000,-0.147051724212611,0.0643647191345742,0.0427618904859155,0.253702028242926,0.204834472048748,0.8925,2000,552.542507886887
376,"dr_robust",200,20,"covariate",0.15,5,2,2000,-0.14288690282752,0.0660240190400486,0.0456301671239694,0.256951394314272,0.206998146781478,0.9005,2000,552.542507886887
376,"aipw_robust",200,20,"covariate",0.15,5,2,2000,-0.0884593368471447,0.0681220276284015,0.0603271369214256,0.26100196862936,0.208511576339458,0.937,2000,552.542507886887
376,"reg_adj",200,20,"covariate",0.15,5,2,2000,-0.169324188896758,0.0652630554483466,0.0366106798427231,0.2554663489549,0.209408675893306,0.8615,2000,552.542507886887
376,"adaptive",200,20,"covariate",0.15,5,2,2000,-0.168665123195792,0.0665780066081156,0.0381491574041659,0.258027143161559,0.21065482601553,0.865,2000,552.542507886887
377,"naive",500,20,"covariate",0.15,5,2,2000,-0.173645558716218,0.0482506256131996,0.0181068990008325,0.219660250416864,0.18629896404263,0.749,2000,1403.71097397804
377,"ipw_robust",500,20,"covariate",0.15,5,2,2000,-0.16809734379407,0.0457524194002108,0.0175044546369073,0.213898151932668,0.180879387151696,0.758,2000,1403.71097397804
377,"dr_robust",500,20,"covariate",0.15,5,2,2000,-0.176775092286883,0.0493765763516437,0.0181362112042098,0.222208407472903,0.188506307594863,0.7565,2000,1403.71097397804
377,"aipw_robust",500,20,"covariate",0.15,5,2,2000,-0.156183541177176,0.0460840995580714,0.0217016518493533,0.214672074471906,0.177546604610603,0.8195,2000,1403.71097397804
377,"reg_adj",500,20,"covariate",0.15,5,2,2000,-0.175915888459029,0.0455311844766783,0.014592080704701,0.213380375097332,0.183480093496461,0.698,2000,1403.71097397804
377,"adaptive",500,20,"covariate",0.15,5,2,2000,-0.175422572865636,0.0455146062713259,0.0147489016513522,0.213341524957815,0.183247497821616,0.6995,2000,1403.71097397804
378,"naive",1000,20,"covariate",0.15,5,2,2000,-0.173277616550941,0.0381234824704434,0.00810240127350528,0.195252355864003,0.175109811488218,0.5145,2000,3205.16349196434
378,"ipw_robust",1000,20,"covariate",0.15,5,2,2000,-0.166484170900988,0.0359755450244851,0.0082626972125019,0.189672204143056,0.168584338395801,0.556,2000,3205.16349196434
378,"dr_robust",1000,20,"covariate",0.15,5,2,2000,-0.172849726316955,0.0380394607592393,0.00816651612945759,0.195037075345277,0.174616853982115,0.519,2000,3205.16349196434
378,"aipw_robust",1000,20,"covariate",0.15,5,2,2000,-0.167115915334753,0.0385514358380622,0.0106290211904852,0.196345195607283,0.171408228078186,0.625,2000,3205.16349196434
378,"reg_adj",1000,20,"covariate",0.15,5,2,2000,-0.17263084601764,0.0372808397344091,0.00748317232380492,0.193082468739161,0.174152044332331,0.49,2000,3205.16349196434
378,"adaptive",1000,20,"covariate",0.15,5,2,2000,-0.17263084601764,0.0372808397344091,0.00748317232380492,0.193082468739161,0.174152044332331,0.49,2000,3205.16349196434
379,"naive",200,5,"outcome",0.15,5,2,2000,0.0161850972060602,0.306939776285743,0.306831234531439,0.554021458326068,0.412428540402312,0.9535,2000,174.630475997925
379,"ipw_robust",200,5,"outcome",0.15,5,2,2000,-0.0212605555114074,0.0508688009209676,0.0504420107056668,0.225541129111671,0.179411501620408,0.9505,2000,174.630475997925
379,"dr_robust",200,5,"outcome",0.15,5,2,2000,0.00221854380099051,0.0507164195226477,0.0507368660190603,0.225203062862492,0.17950098132188,0.952,2000,174.630475997925
379,"aipw_robust",200,5,"outcome",0.15,5,2,2000,-0.000140620309391659,0.0546479313928044,0.0546752492433546,0.233768970123933,0.185404229369872,0.9505,2000,174.630475997925
379,"reg_adj",200,5,"outcome",0.15,5,2,2000,0.0109375161692236,0.28692228735708,0.286946131162709,0.535651274017975,0.40821501327294,0.959,2000,174.630475997925
379,"adaptive",200,5,"outcome",0.15,5,2,2000,-0.0213130427949477,0.0508673591100773,0.0504383324831396,0.22553793275207,0.179397766761286,0.9505,2000,174.630475997925
380,"naive",500,5,"outcome",0.15,5,2,2000,0.0103143112913728,0.119058471650334,0.119011592429134,0.345048506228232,0.265517712458217,0.9525,2000,375.130768060684
380,"ipw_robust",500,5,"outcome",0.15,5,2,2000,-0.0165142916730989,0.0192882162808694,0.0190250069548827,0.138882022885863,0.110214061597924,0.948,2000,375.130768060684
380,"dr_robust",500,5,"outcome",0.15,5,2,2000,0.00789028465427144,0.0192810111107224,0.0192283687031485,0.138856080568056,0.109966043005345,0.9515,2000,375.130768060684
380,"aipw_robust",500,5,"outcome",0.15,5,2,2000,0.00411552008565552,0.0203854125071629,0.0203786643337543,0.142777492999292,0.113521892162272,0.9485,2000,375.130768060684
380,"reg_adj",500,5,"outcome",0.15,5,2,2000,0.0078305172610591,0.114593514267311,0.114589492012741,0.33851663809525,0.261312931233801,0.9525,2000,375.130768060684
380,"adaptive",500,5,"outcome",0.15,5,2,2000,-0.0165142916730989,0.0192882162808694,0.0190250069548827,0.138882022885863,0.110214061597924,0.948,2000,375.130768060684
381,"naive",1000,5,"outcome",0.15,5,2,2000,0.014042976488907,0.0573298867541824,0.0571612621966127,0.239436602787006,0.189068035337592,0.9475,2000,695.897083044052
381,"ipw_robust",1000,5,"outcome",0.15,5,2,2000,-0.0187793656472974,0.00978920446360702,0.009441260519752,0.0989404086488783,0.0786446532097825,0.944,2000,695.897083044052
381,"dr_robust",1000,5,"outcome",0.15,5,2,2000,0.00506358247945471,0.00949640964945697,0.00947550753569858,0.0974495235978964,0.0774442260630337,0.9525,2000,695.897083044052
381,"aipw_robust",1000,5,"outcome",0.15,5,2,2000,0.000833038906841388,0.0101525588947455,0.0101569434126315,0.100759907179123,0.080475426307822,0.953,2000,695.897083044052
381,"reg_adj",1000,5,"outcome",0.15,5,2,2000,0.0117641216582332,0.0562330489811056,0.0561227157806062,0.23713508593438,0.186736817422868,0.948,2000,695.897083044052
381,"adaptive",1000,5,"outcome",0.15,5,2,2000,-0.0187793656472974,0.00978920446360702,0.009441260519752,0.0989404086488783,0.0786446532097825,0.944,2000,695.897083044052
382,"naive",200,10,"outcome",0.15,5,2,2000,-0.00215032884100874,0.324043141719049,0.324200618113981,0.569247873706217,0.429830741091068,0.9505,2000,294.601846933365
382,"ipw_robust",200,10,"outcome",0.15,5,2,2000,-0.0131200979167536,0.0566274425819937,0.0564835473863416,0.237965212966084,0.188387196570415,0.95,2000,294.601846933365
382,"dr_robust",200,10,"outcome",0.15,5,2,2000,0.00556804884039552,0.0565800678397032,0.0565773533484884,0.237865650819329,0.187930099083752,0.9515,2000,294.601846933365
382,"aipw_robust",200,10,"outcome",0.15,5,2,2000,0.00351335446578904,0.0574035801674568,0.0574199464810951,0.239590442562838,0.189731538714922,0.9525,2000,294.601846933365
382,"reg_adj",200,10,"outcome",0.15,5,2,2000,-0.000361161622616235,0.3031625466233,0.303314073222193,0.550601985669594,0.420030596930708,0.9515,2000,294.601846933365
382,"adaptive",200,10,"outcome",0.15,5,2,2000,-0.0130989540895174,0.0566344353804911,0.0564910983314175,0.237979905413233,0.188408340397651,0.95,2000,294.601846933365
383,"naive",500,10,"outcome",0.15,5,2,2000,0.0187484294383817,0.128130777460911,0.127843195452231,0.357953596798399,0.275938515113113,0.955,2000,643.267050981522
383,"ipw_robust",500,10,"outcome",0.15,5,2,2000,-0.0154326142925783,0.0200694428714066,0.0198411978864463,0.141666661114768,0.112550405071733,0.944,2000,643.267050981522
383,"dr_robust",500,10,"outcome",0.15,5,2,2000,0.00266252737578698,0.0198719390140339,0.0198747873556849,0.140967865182225,0.111336242657463,0.944,2000,643.267050981522
383,"aipw_robust",500,10,"outcome",0.15,5,2,2000,-0.00407965018681034,0.0205775801566489,0.0205712222221132,0.143448876456558,0.114214903009903,0.95,2000,643.267050981522
383,"reg_adj",500,10,"outcome",0.15,5,2,2000,0.0188206132296629,0.117022431856017,0.116726579663508,0.342085416023567,0.26887032863343,0.9495,2000,643.267050981522
383,"adaptive",500,10,"outcome",0.15,5,2,2000,-0.0154326142925783,0.0200694428714066,0.0198411978864463,0.141666661114768,0.112550405071733,0.944,2000,643.267050981522
384,"naive",1000,10,"outcome",0.15,5,2,2000,0.0167862376725201,0.0593741839929462,0.0591219672013486,0.243668184203326,0.190977001734514,0.9495,2000,1148.14665603638
384,"ipw_robust",1000,10,"outcome",0.15,5,2,2000,-0.0119850596056861,0.00965183680382439,0.00951295162588548,0.0982437621624111,0.0788037716776216,0.9515,2000,1148.14665603638
384,"dr_robust",1000,10,"outcome",0.15,5,2,2000,0.00565854309785863,0.00970413644995591,0.00967695581787453,0.0985095754226761,0.07915410769475,0.9475,2000,1148.14665603638
384,"aipw_robust",1000,10,"outcome",0.15,5,2,2000,-0.000177287834533413,0.0100031149488642,0.0100080875616687,0.100015573531646,0.080260298213109,0.9515,2000,1148.14665603638
384,"reg_adj",1000,10,"outcome",0.15,5,2,2000,0.0157409566376052,0.0570891164685126,0.0568697736394654,0.238933288740838,0.187612764362694,0.9455,2000,1148.14665603638
384,"adaptive",1000,10,"outcome",0.15,5,2,2000,-0.0119850596056861,0.00965183680382439,0.00951295162588548,0.0982437621624111,0.0788037716776216,0.9515,2000,1148.14665603638
385,"naive",200,20,"outcome",0.15,5,2,2000,0.0171284930156919,0.367336940786729,0.36722716909829,0.606083278755262,0.451051869309644,0.955,2000,698.373902082443
385,"ipw_robust",200,20,"outcome",0.15,5,2,2000,-0.0179285841157102,0.0621198971105517,0.0618293776709931,0.249238634867373,0.19924284466862,0.954,2000,698.373902082443
385,"dr_robust",200,20,"outcome",0.15,5,2,2000,0.000304947282466106,0.0648986841583242,0.064931056693826,0.254752201478857,0.204304262526756,0.955,2000,698.373902082443
385,"aipw_robust",200,20,"outcome",0.15,5,2,2000,-0.00352909869309559,0.0674468976990103,0.0674681772500497,0.259705405602214,0.207528260021196,0.946,2000,698.373902082443
385,"reg_adj",200,20,"outcome",0.15,5,2,2000,0.0169262122677951,0.319634673456092,0.319507930759737,0.565362426639843,0.432429443554432,0.957,2000,698.373902082443
385,"adaptive",200,20,"outcome",0.15,5,2,2000,-0.017908483860595,0.0621184112037882,0.0618286117154608,0.249235653957832,0.199222744413505,0.954,2000,698.373902082443
386,"naive",500,20,"outcome",0.15,5,2,2000,0.00980636099498389,0.128794847562594,0.128763064378819,0.358879990473966,0.277480875615756,0.956,2000,1716.58167505264
386,"ipw_robust",500,20,"outcome",0.15,5,2,2000,-0.0140254487166571,0.02046078387742,0.0202742077696012,0.143041196434524,0.113020925011072,0.946,2000,1716.58167505264
386,"dr_robust",500,20,"outcome",0.15,5,2,2000,0.00736934132586864,0.0208339113196205,0.0207899991276072,0.144339569486751,0.113960242366876,0.95,2000,1716.58167505264
386,"aipw_robust",500,20,"outcome",0.15,5,2,2000,0.00141393696958803,0.0219963835749962,0.0220053870507676,0.148311778274675,0.117784189243966,0.948,2000,1716.58167505264
386,"reg_adj",500,20,"outcome",0.15,5,2,2000,0.0078364490899081,0.122448402848704,0.122448217022876,0.349926282020519,0.268097299746955,0.956,2000,1716.58167505264
386,"adaptive",500,20,"outcome",0.15,5,2,2000,-0.0140254487166571,0.02046078387742,0.0202742077696012,0.143041196434524,0.113020925011072,0.946,2000,1716.58167505264
387,"naive",1000,20,"outcome",0.15,5,2,2000,0.00411408447717365,0.0622892036228783,0.0623034296466163,0.249578051164116,0.194028497204068,0.95,2000,2939.07785606384
387,"ipw_robust",1000,20,"outcome",0.15,5,2,2000,-0.0156209176880868,0.0100375434922594,0.00979842963766029,0.100187541602035,0.0798058079772775,0.9485,2000,2939.07785606384
387,"dr_robust",1000,20,"outcome",0.15,5,2,2000,0.00323997154807643,0.00994378670058062,0.00993825841415535,0.0997185373969184,0.0795388671745111,0.9565,2000,2939.07785606384
387,"aipw_robust",1000,20,"outcome",0.15,5,2,2000,-0.00281832687141415,0.0105195106208381,0.0105168260675177,0.102564665557092,0.0820564465938951,0.954,2000,2939.07785606384
387,"reg_adj",1000,20,"outcome",0.15,5,2,2000,0.00317169573794507,0.0579362544278297,0.0579551723601557,0.240699510651413,0.187305670154364,0.953,2000,2939.07785606384
387,"adaptive",1000,20,"outcome",0.15,5,2,2000,-0.0156209176880868,0.0100375434922594,0.00979842963766029,0.100187541602035,0.0798058079772775,0.9485,2000,2939.07785606384
388,"naive",200,5,"treatment",0.15,5,2,2000,-0.698794477523384,0.517757963046386,0.0294589707145641,0.719554002870102,0.698794477523384,0.018,2000,179.871663093567
388,"ipw_robust",200,5,"treatment",0.15,5,2,2000,-0.653074603041661,0.458858286618426,0.0323680334971512,0.677390793130838,0.653074603041661,0.051,2000,179.871663093567
388,"dr_robust",200,5,"treatment",0.15,5,2,2000,-0.645150442806676,0.445134868847575,0.0289302401139816,0.667184284023219,0.645150442806676,0.034,2000,179.871663093567
388,"aipw_robust",200,5,"treatment",0.15,5,2,2000,-0.566585351820564,0.370427711825749,0.0494334676619471,0.608627728439765,0.567126243513443,0.2775,2000,179.871663093567
388,"reg_adj",200,5,"treatment",0.15,5,2,2000,-0.691534734957193,0.506228169520259,0.0280218908133493,0.711497132475078,0.691534734957194,0.0185,2000,179.871663093567
388,"adaptive",200,5,"treatment",0.15,5,2,2000,-0.691534734957193,0.506228169520259,0.0280218908133493,0.711497132475078,0.691534734957194,0.0185,2000,179.871663093567
389,"naive",500,5,"treatment",0.15,5,2,2000,-0.692519223314272,0.491541545496505,0.0119646531632836,0.701100239264333,0.692519223314272,0,2000,398.348556995392
389,"ipw_robust",500,5,"treatment",0.15,5,2,2000,-0.647317809686042,0.432178553249162,0.0131647889068807,0.657402885032582,0.647317809686042,0,2000,398.348556995392
389,"dr_robust",500,5,"treatment",0.15,5,2,2000,-0.637418407182465,0.417989319996729,0.0116929406520242,0.646520935466694,0.637418407182465,0,2000,398.348556995392
389,"aipw_robust",500,5,"treatment",0.15,5,2,2000,-0.55697788869956,0.329854265956812,0.0196397173152505,0.574329405443263,0.55697788869956,0.0205,2000,398.348556995392
389,"reg_adj",500,5,"treatment",0.15,5,2,2000,-0.684875631158514,0.480606862632344,0.0115580114833127,0.693258150065575,0.684875631158514,0,2000,398.348556995392
389,"adaptive",500,5,"treatment",0.15,5,2,2000,-0.684875631158514,0.480606862632344,0.0115580114833127,0.693258150065575,0.684875631158514,0,2000,398.348556995392
390,"naive",1000,5,"treatment",0.15,5,2,2000,-0.693941566223844,0.487221324745727,0.00566926204354678,0.698012410165985,0.693941566223844,0,2000,730.402200937271
390,"ipw_robust",1000,5,"treatment",0.15,5,2,2000,-0.648809341600529,0.427243734334597,0.00629331924610794,0.653638840901148,0.648809341600529,0,2000,730.402200937271
390,"dr_robust",1000,5,"treatment",0.15,5,2,2000,-0.63852747586227,0.413266274809531,0.00555171323510649,0.642857896279987,0.63852747586227,0,2000,730.402200937271
390,"aipw_robust",1000,5,"treatment",0.15,5,2,2000,-0.554240503070059,0.316254966139028,0.00907696938036603,0.562365509378934,0.554240503070059,5e-04,2000,730.402200937271
390,"reg_adj",1000,5,"treatment",0.15,5,2,2000,-0.686787142591937,0.477126475453677,0.00545262253534699,0.690743422302143,0.686787142591937,0,2000,730.402200937271
390,"adaptive",1000,5,"treatment",0.15,5,2,2000,-0.686787142591937,0.477126475453677,0.00545262253534699,0.690743422302143,0.686787142591937,0,2000,730.402200937271
391,"naive",200,10,"treatment",0.15,5,2,2000,-0.691963032288325,0.510427789333643,0.0316307666633218,0.714442292514688,0.691963032288325,0.024,2000,308.472130060196
391,"ipw_robust",200,10,"treatment",0.15,5,2,2000,-0.636039317328311,0.437889621965649,0.033360288922646,0.661732288743453,0.636039317328311,0.059,2000,308.472130060196
391,"dr_robust",200,10,"treatment",0.15,5,2,2000,-0.641007583389579,0.441701826272957,0.0308265175687938,0.664606519884478,0.641007583389579,0.045,2000,308.472130060196
391,"aipw_robust",200,10,"treatment",0.15,5,2,2000,-0.573046629257581,0.374098665299888,0.0457390955441843,0.611636056245778,0.57338201824397,0.239,2000,308.472130060196
391,"reg_adj",200,10,"treatment",0.15,5,2,2000,-0.68115441907538,0.492512138265271,0.0285550731759403,0.70179209048355,0.68115441907538,0.019,2000,308.472130060196
391,"adaptive",200,10,"treatment",0.15,5,2,2000,-0.681188275417942,0.492574265284664,0.0285710842599236,0.701836352210873,0.681188275417942,0.019,2000,308.472130060196
392,"naive",500,10,"treatment",0.15,5,2,2000,-0.695530612629289,0.495661128469217,0.0119042474884871,0.704032050740033,0.695530612629289,0,2000,715.544057130814
392,"ipw_robust",500,10,"treatment",0.15,5,2,2000,-0.640675086418731,0.423667904552231,0.0132099431661662,0.650897768126632,0.640675086418731,0,2000,715.544057130814
392,"dr_robust",500,10,"treatment",0.15,5,2,2000,-0.641801426455859,0.423557848082136,0.0116546043835519,0.650813220580326,0.641801426455859,0,2000,715.544057130814
392,"aipw_robust",500,10,"treatment",0.15,5,2,2000,-0.562420227263603,0.334959730625939,0.0186525448631269,0.578757056653255,0.562420227263603,0.0165,2000,715.544057130814
392,"reg_adj",500,10,"treatment",0.15,5,2,2000,-0.686357226418576,0.482474906916731,0.0113943618406509,0.694604136841072,0.686357226418576,0,2000,715.544057130814
392,"adaptive",500,10,"treatment",0.15,5,2,2000,-0.686357226418576,0.482474906916731,0.0113943618406509,0.694604136841072,0.686357226418576,0,2000,715.544057130814
393,"naive",1000,10,"treatment",0.15,5,2,2000,-0.702414989157653,0.499743699117057,0.00636006215478896,0.706925525863268,0.702414989157653,0,2000,1291.01328706741
393,"ipw_robust",1000,10,"treatment",0.15,5,2,2000,-0.648475155268289,0.427262789997212,0.00674613606501285,0.653653417337668,0.648475155268289,0,2000,1291.01328706741
393,"dr_robust",1000,10,"treatment",0.15,5,2,2000,-0.647502019601204,0.425445185713667,0.00618941503354564,0.652261593008255,0.647502019601204,0,2000,1291.01328706741
393,"aipw_robust",1000,10,"treatment",0.15,5,2,2000,-0.567666261204168,0.331890489865927,0.00965033092186977,0.576099374991787,0.567666261204168,0,2000,1291.01328706741
393,"reg_adj",1000,10,"treatment",0.15,5,2,2000,-0.692264325397614,0.485240767061922,0.00601387778259879,0.696592253087788,0.692264325397614,0,2000,1291.01328706741
393,"adaptive",1000,10,"treatment",0.15,5,2,2000,-0.692264325397614,0.485240767061922,0.00601387778259879,0.696592253087788,0.692264325397614,0,2000,1291.01328706741
394,"naive",200,20,"treatment",0.15,5,2,2000,-0.70055098350036,0.527185418994694,0.0364319544886165,0.726075353523788,0.700768719703823,0.044,2000,729.62007021904
394,"ipw_robust",200,20,"treatment",0.15,5,2,2000,-0.646528797728371,0.455093804456658,0.0371128746018665,0.674606407067601,0.646579873955947,0.0865,2000,729.62007021904
394,"dr_robust",200,20,"treatment",0.15,5,2,2000,-0.652510740955903,0.459538097426872,0.0337847227254134,0.677892393693035,0.652549507699394,0.0575,2000,729.62007021904
394,"aipw_robust",200,20,"treatment",0.15,5,2,2000,-0.593578481861566,0.400361184377775,0.0480497951462668,0.632741008926856,0.594224422697338,0.2235,2000,729.62007021904
394,"reg_adj",200,20,"treatment",0.15,5,2,2000,-0.689895894722689,0.505818481682255,0.0298770746643682,0.711209168727636,0.689895894722689,0.025,2000,729.62007021904
394,"adaptive",200,20,"treatment",0.15,5,2,2000,-0.689229197919646,0.505346591090908,0.030324866259078,0.710877338990988,0.689252478933489,0.0275,2000,729.62007021904
395,"naive",500,20,"treatment",0.15,5,2,2000,-0.703913814015756,0.507769624168254,0.0122811071596252,0.712579556378271,0.703913814015756,0,2000,1968.53908395767
395,"ipw_robust",500,20,"treatment",0.15,5,2,2000,-0.652477154872173,0.439302871764145,0.0135832257469334,0.66279926958631,0.652477154872173,0,2000,1968.53908395767
395,"dr_robust",500,20,"treatment",0.15,5,2,2000,-0.65063969344462,0.435620389944368,0.0122945265219202,0.660015446746793,0.65063969344462,0,2000,1968.53908395767
395,"aipw_robust",500,20,"treatment",0.15,5,2,2000,-0.577477545166277,0.354010186032243,0.0205401409314396,0.594987551157369,0.577477545166277,0.0185,2000,1968.53908395767
395,"reg_adj",500,20,"treatment",0.15,5,2,2000,-0.693373970810049,0.49208091011092,0.0113191062671588,0.701484789650439,0.693373970810049,0,2000,1968.53908395767
395,"adaptive",500,20,"treatment",0.15,5,2,2000,-0.693373970810049,0.49208091011092,0.0113191062671588,0.701484789650439,0.693373970810049,0,2000,1968.53908395767
396,"naive",1000,20,"treatment",0.15,5,2,2000,-0.704564922414232,0.502420022648788,0.0060112984014158,0.708815930019062,0.704564922414232,0,2000,3480.07432794571
396,"ipw_robust",1000,20,"treatment",0.15,5,2,2000,-0.651730703806547,0.43146507557307,0.00671552305041763,0.656860012158656,0.651730703806547,0,2000,3480.07432794571
396,"dr_robust",1000,20,"treatment",0.15,5,2,2000,-0.650006691669812,0.428427465805065,0.00592172745325662,0.654543708093711,0.650006691669812,0,2000,3480.07432794571
396,"aipw_robust",1000,20,"treatment",0.15,5,2,2000,-0.573667562349551,0.338621277775829,0.00953157146948788,0.58191174397483,0.573667562349551,0,2000,3480.07432794571
396,"reg_adj",1000,20,"treatment",0.15,5,2,2000,-0.694152525757213,0.487564853602969,0.00571998458014094,0.69825844327367,0.694152525757213,0,2000,3480.07432794571
396,"adaptive",1000,20,"treatment",0.15,5,2,2000,-0.694152525757213,0.487564853602969,0.00571998458014094,0.69825844327367,0.694152525757213,0,2000,3480.07432794571
397,"naive",200,5,"mixed",0.15,5,2,2000,-0.345009448214205,0.23405043781748,0.115076456688755,0.483787595766448,0.397365303999696,0.8415,2000,167.65949511528
397,"ipw_robust",200,5,"mixed",0.15,5,2,2000,-0.32137896652364,0.146681810416667,0.0434190798327801,0.382990614005966,0.332349105143031,0.651,2000,167.65949511528
397,"dr_robust",200,5,"mixed",0.15,5,2,2000,-0.334561634906698,0.158097335556964,0.0461889424767596,0.397614556520462,0.343544914395849,0.662,2000,167.65949511528
397,"aipw_robust",200,5,"mixed",0.15,5,2,2000,-0.269778890772023,0.125464983495945,0.0527106889342293,0.35421036616105,0.297465096829522,0.791,2000,167.65949511528
397,"reg_adj",200,5,"mixed",0.15,5,2,2000,-0.368171151731786,0.250107190253221,0.114614500535979,0.500107178765933,0.413083024376052,0.824,2000,167.65949511528
397,"adaptive",200,5,"mixed",0.15,5,2,2000,-0.328060806279975,0.151797195058485,0.0441954001414889,0.389611595128386,0.338822457214171,0.647,2000,167.65949511528
398,"naive",500,5,"mixed",0.15,5,2,2000,-0.350091395457449,0.169958173782937,0.0474178975583721,0.41225983770304,0.363054996126055,0.6405,2000,384.557597875595
398,"ipw_robust",500,5,"mixed",0.15,5,2,2000,-0.337852283169532,0.132696415130529,0.0185615306529902,0.364275191483759,0.339157624347084,0.313,2000,384.557597875595
398,"dr_robust",500,5,"mixed",0.15,5,2,2000,-0.367576796932481,0.155150579612261,0.0200479019200792,0.39389158357632,0.368014129568752,0.2645,2000,384.557597875595
398,"aipw_robust",500,5,"mixed",0.15,5,2,2000,-0.297342943648828,0.109686147093604,0.0212839629373231,0.331188989994541,0.299316486500172,0.4785,2000,384.557597875595
398,"reg_adj",500,5,"mixed",0.15,5,2,2000,-0.365538888974601,0.17779197807567,0.0441953964210951,0.421653860501324,0.375487547081082,0.584,2000,384.557597875595
398,"adaptive",500,5,"mixed",0.15,5,2,2000,-0.338560423081964,0.133262869203536,0.0186490336429192,0.365051871935396,0.339865764259516,0.311,2000,384.557597875595
399,"naive",1000,5,"mixed",0.15,5,2,2000,-0.368338811517613,0.157252345555536,0.0215896603154858,0.396550558637276,0.36906864728944,0.2935,2000,764.372316122055
399,"ipw_robust",1000,5,"mixed",0.15,5,2,2000,-0.347525627132416,0.129929718489168,0.00916023709393586,0.360457651450441,0.347559630002485,0.046,2000,764.372316122055
399,"dr_robust",1000,5,"mixed",0.15,5,2,2000,-0.377867970674912,0.152542035963441,0.00976271405849487,0.390566301622966,0.377867970674912,0.0255,2000,764.372316122055
399,"aipw_robust",1000,5,"mixed",0.15,5,2,2000,-0.315950178325665,0.11090552315586,0.0110865512474645,0.333024808619208,0.315990488606823,0.1545,2000,764.372316122055
399,"reg_adj",1000,5,"mixed",0.15,5,2,2000,-0.379477639433297,0.164719599399141,0.0207266839112297,0.405856624190294,0.380123016788351,0.2465,2000,764.372316122055
399,"adaptive",1000,5,"mixed",0.15,5,2,2000,-0.347525627132416,0.129929718489168,0.00916023709393586,0.360457651450441,0.347559630002485,0.046,2000,764.372316122055
400,"naive",200,10,"mixed",0.15,5,2,2000,-0.318881020669572,0.283146200391337,0.181551870983561,0.532114837597428,0.38615777775394,0.9355,2000,273.255644083023
400,"ipw_robust",200,10,"mixed",0.15,5,2,2000,-0.292111632919653,0.130292786712736,0.0449860736625809,0.360960921309684,0.308245148183934,0.7245,2000,273.255644083023
400,"dr_robust",200,10,"mixed",0.15,5,2,2000,-0.294849357802213,0.134705772736828,0.047793525703302,0.367022850428727,0.312054575667269,0.7395,2000,273.255644083023
400,"aipw_robust",200,10,"mixed",0.15,5,2,2000,-0.246025126363761,0.117025390600469,0.0565252904433863,0.342089740565936,0.279451454923223,0.8255,2000,273.255644083023
400,"reg_adj",200,10,"mixed",0.15,5,2,2000,-0.338776876079017,0.272367967497593,0.157677034248859,0.521888845921804,0.39759623225591,0.9075,2000,273.255644083023
400,"adaptive",200,10,"mixed",0.15,5,2,2000,-0.298330600953812,0.135037138865193,0.0460590209101852,0.367473997536142,0.314100106117412,0.7205,2000,273.255644083023
401,"naive",500,10,"mixed",0.15,5,2,2000,-0.340584481484429,0.164296595815872,0.0483229682719903,0.405335164790661,0.352520955107848,0.6625,2000,619.010097026825
401,"ipw_robust",500,10,"mixed",0.15,5,2,2000,-0.313868659777494,0.119195459289871,0.0206922698342674,0.345246954063132,0.316091798280853,0.4095,2000,619.010097026825
401,"dr_robust",500,10,"mixed",0.15,5,2,2000,-0.347097929879775,0.14535861961369,0.0248940937337322,0.381259255118732,0.348607779741114,0.408,2000,619.010097026825
401,"aipw_robust",500,10,"mixed",0.15,5,2,2000,-0.276135673534607,0.0981211506036169,0.0218811809957036,0.313242957787748,0.27884388408506,0.5365,2000,619.010097026825
401,"reg_adj",500,10,"mixed",0.15,5,2,2000,-0.358519497473425,0.173578886184344,0.0450651887101019,0.416627994959945,0.365879015229373,0.603,2000,619.010097026825
401,"adaptive",500,10,"mixed",0.15,5,2,2000,-0.314353141999029,0.119532686229916,0.0207251509207143,0.345734994222332,0.316576280502388,0.408,2000,619.010097026825
402,"naive",1000,10,"mixed",0.15,5,2,2000,-0.351386159745598,0.147141327454879,0.0236809346614509,0.3835900512981,0.353535141729643,0.356,2000,1257.33514094353
402,"ipw_robust",1000,10,"mixed",0.15,5,2,2000,-0.322907621098209,0.115225137421422,0.0109612863012675,0.339448283868724,0.323031050528943,0.121,2000,1257.33514094353
402,"dr_robust",1000,10,"mixed",0.15,5,2,2000,-0.362537574173046,0.143807911222344,0.0123806088394867,0.37922013557081,0.362537574173046,0.092,2000,1257.33514094353
402,"aipw_robust",1000,10,"mixed",0.15,5,2,2000,-0.295845840150522,0.0984333386613071,0.0109140345442107,0.313740878212112,0.295942341763172,0.192,2000,1257.33514094353
402,"reg_adj",1000,10,"mixed",0.15,5,2,2000,-0.364890780935981,0.15421317547489,0.0210784326791594,0.392699854182415,0.365921605336929,0.2825,2000,1257.33514094353
402,"adaptive",1000,10,"mixed",0.15,5,2,2000,-0.322907621098209,0.115225137421422,0.0109612863012675,0.339448283868724,0.323031050528943,0.121,2000,1257.33514094353
403,"naive",200,20,"mixed",0.15,5,2,2000,-0.295903734867901,0.23373992414997,0.146254030856626,0.483466569837016,0.37293436836547,0.906,2000,664.424515962601
403,"ipw_robust",200,20,"mixed",0.15,5,2,2000,-0.279576237474043,0.122720977565469,0.0445803952029281,0.350315539999968,0.296889616671893,0.738,2000,664.424515962601
403,"dr_robust",200,20,"mixed",0.15,5,2,2000,-0.271971374747633,0.118835498241952,0.044889514316993,0.344725250368974,0.291951157728057,0.7475,2000,664.424515962601
403,"aipw_robust",200,20,"mixed",0.15,5,2,2000,-0.236701636149325,0.115956076295147,0.0599583909348469,0.340523238994267,0.279472306244987,0.8405,2000,664.424515962601
403,"reg_adj",200,20,"mixed",0.15,5,2,2000,-0.318579052594469,0.228410594337227,0.126981472321398,0.477923209665766,0.383560368362239,0.8605,2000,664.424515962601
403,"adaptive",200,20,"mixed",0.15,5,2,2000,-0.283688505645521,0.126360383306727,0.0459041671549151,0.355472056998474,0.300700144292159,0.741,2000,664.424515962601
404,"naive",500,20,"mixed",0.15,5,2,2000,-0.325060402183863,0.167102663705763,0.0614691332044307,0.408781926833566,0.345505937719546,0.782,2000,1465.39402794838
404,"ipw_robust",500,20,"mixed",0.15,5,2,2000,-0.3071187878996,0.11434239534963,0.0200304606990604,0.338145523923695,0.308925890725569,0.425,2000,1465.39402794838
404,"dr_robust",500,20,"mixed",0.15,5,2,2000,-0.320936223316998,0.124890567257641,0.0219014585499385,0.353398595438128,0.321984295159452,0.4335,2000,1465.39402794838
404,"aipw_robust",500,20,"mixed",0.15,5,2,2000,-0.257376417320683,0.0889797851941453,0.0227485392709506,0.298294795787901,0.263392516658677,0.6045,2000,1465.39402794838
404,"reg_adj",500,20,"mixed",0.15,5,2,2000,-0.35013751369733,0.17884270619928,0.0562745649836241,0.422897985570137,0.363788139776016,0.718,2000,1465.39402794838
404,"adaptive",500,20,"mixed",0.15,5,2,2000,-0.307446941342101,0.114565476614048,0.0200518808138423,0.338475223043059,0.30925404416807,0.4245,2000,1465.39402794838
405,"naive",1000,20,"mixed",0.15,5,2,2000,-0.348274024600464,0.147485919132609,0.026204225033722,0.384038955227994,0.350341109530739,0.4135,2000,2858.27972888947
405,"ipw_robust",1000,20,"mixed",0.15,5,2,2000,-0.323581137551199,0.116681144553007,0.0119823831656614,0.341586218330024,0.323792252498421,0.155,2000,2858.27972888947
405,"dr_robust",1000,20,"mixed",0.15,5,2,2000,-0.364822149088479,0.146838835534756,0.0137505103243813,0.383195557822315,0.36484387645033,0.1175,2000,2858.27972888947
405,"aipw_robust",1000,20,"mixed",0.15,5,2,2000,-0.283003248269112,0.0920555913370775,0.0119707381752966,0.303406643528248,0.283504653643228,0.267,2000,2858.27972888947
405,"reg_adj",1000,20,"mixed",0.15,5,2,2000,-0.366791947676873,0.157305451548818,0.0227805089226852,0.3966175129124,0.367386336651827,0.3075,2000,2858.27972888947
405,"adaptive",1000,20,"mixed",0.15,5,2,2000,-0.323650615187779,0.116703678502023,0.0119599377594749,0.341619201014848,0.323861730135001,0.154,2000,2858.27972888947
406,"naive",200,5,"none",0.2,5,2,2000,0.00276028460110789,0.0303092592869159,0.0303167985150944,0.174095546430447,0.138017259309425,0.9455,2000,180.540685892105
406,"ipw_robust",200,5,"none",0.2,5,2,2000,-0.0267001347231939,0.0312920659285464,0.0305944659672934,0.176895635696719,0.141336606905521,0.944,2000,180.540685892105
406,"dr_robust",200,5,"none",0.2,5,2,2000,-0.0010213667711898,0.0300893504499094,0.0301033589392978,0.173462821520663,0.137952347539366,0.942,2000,180.540685892105
406,"aipw_robust",200,5,"none",0.2,5,2,2000,-0.00297250773397084,0.0410356255620398,0.0410473134165196,0.202572519266656,0.160731749954362,0.9485,2000,180.540685892105
406,"reg_adj",200,5,"none",0.2,5,2,2000,0.00345393734249511,0.0281612611903694,0.0281634132138105,0.167813173470885,0.132624645619734,0.9455,2000,180.540685892105
406,"adaptive",200,5,"none",0.2,5,2,2000,0.00339308342843436,0.0281134916892384,0.0281160366924323,0.16767078364831,0.132424581114918,0.9455,2000,180.540685892105
407,"naive",500,5,"none",0.2,5,2,2000,0.0104484690840456,0.0113318096054988,0.0112282532259115,0.106450972778546,0.0846620380330394,0.944,2000,399.805442094803
407,"ipw_robust",500,5,"none",0.2,5,2,2000,-0.0186609999917142,0.0120646088598911,0.0117222370577292,0.109839013378176,0.0871601385596062,0.94,2000,399.805442094803
407,"dr_robust",500,5,"none",0.2,5,2,2000,0.00579987099567392,0.0111730245203663,0.0111449584960479,0.105702528448313,0.0841843668719119,0.947,2000,399.805442094803
407,"aipw_robust",500,5,"none",0.2,5,2,2000,0.0037575940594099,0.0154815775879211,0.0154751956726421,0.124424987795543,0.100345866546145,0.947,2000,399.805442094803
407,"reg_adj",500,5,"none",0.2,5,2,2000,0.00932316157685831,0.010748243816189,0.010666655802302,0.103673737350348,0.0822803611000073,0.9415,2000,399.805442094803
407,"adaptive",500,5,"none",0.2,5,2,2000,0.00932316157685831,0.010748243816189,0.010666655802302,0.103673737350348,0.0822803611000073,0.9415,2000,399.805442094803
408,"naive",1000,5,"none",0.2,5,2,2000,0.00708619860027149,0.00578034360542755,0.00573299589277145,0.076028570981096,0.0609462167990748,0.9515,2000,733.321473121643
408,"ipw_robust",1000,5,"none",0.2,5,2,2000,-0.0217511879722516,0.00645424041471043,0.00598411829565403,0.0803382873523604,0.0639798569221027,0.947,2000,733.321473121643
408,"dr_robust",1000,5,"none",0.2,5,2,2000,0.00296237621952145,0.00577121806524566,0.00576532505490713,0.0759685333888029,0.0609318717346453,0.9525,2000,733.321473121643
408,"aipw_robust",1000,5,"none",0.2,5,2,2000,-0.00171233799987602,0.00783278249422505,0.00783376727643745,0.0885030083908171,0.0700249080705095,0.9525,2000,733.321473121643
408,"reg_adj",1000,5,"none",0.2,5,2,2000,0.00663286236805272,0.00551510258340366,0.0054738446425314,0.0742637366646983,0.0595166521736341,0.95,2000,733.321473121643
408,"adaptive",1000,5,"none",0.2,5,2,2000,0.00663286236805272,0.00551510258340366,0.0054738446425314,0.0742637366646983,0.0595166521736341,0.95,2000,733.321473121643
409,"naive",200,10,"none",0.2,5,2,2000,0.00692595509426441,0.0318731876605481,0.0318411393762684,0.178530635075743,0.14245346389465,0.954,2000,309.083467960358
409,"ipw_robust",200,10,"none",0.2,5,2,2000,-0.0153128111434686,0.0330544586303848,0.0328363946425906,0.181808851903269,0.146530395460196,0.9515,2000,309.083467960358
409,"dr_robust",200,10,"none",0.2,5,2,2000,0.00167191851366333,0.0311841951861432,0.0311969983738137,0.176590473089981,0.141692705262845,0.9515,2000,309.083467960358
409,"aipw_robust",200,10,"none",0.2,5,2,2000,0.00104079774548937,0.0416154198974818,0.0416351542146421,0.203998578175147,0.164136427522407,0.9525,2000,309.083467960358
409,"reg_adj",200,10,"none",0.2,5,2,2000,0.00903064404673248,0.0282952550562234,0.0282278164325409,0.168211934939895,0.134750507811589,0.952,2000,309.083467960358
409,"adaptive",200,10,"none",0.2,5,2,2000,0.00887371887868893,0.0283256299235351,0.0282610175455699,0.168302198213616,0.134848502765327,0.952,2000,309.083467960358
410,"naive",500,10,"none",0.2,5,2,2000,0.00829529233145143,0.012481670125603,0.0124190677846311,0.111721395111246,0.0902380466035021,0.9515,2000,719.447215080261
410,"ipw_robust",500,10,"none",0.2,5,2,2000,-0.0133715801544789,0.012928219777832,0.012755798521265,0.113702329693951,0.0911329635179099,0.9475,2000,719.447215080261
410,"dr_robust",500,10,"none",0.2,5,2,2000,0.004127529303394,0.0121572309865799,0.0121462676222407,0.110259833967678,0.0888016383828254,0.95,2000,719.447215080261
410,"aipw_robust",500,10,"none",0.2,5,2,2000,0.000560382347450705,0.0160876885325897,0.0160954222153221,0.12683725214853,0.101408253158529,0.947,2000,719.447215080261
410,"reg_adj",500,10,"none",0.2,5,2,2000,0.00913475296464084,0.0114493144517206,0.0113715565182548,0.107001469390474,0.086249304414092,0.9565,2000,719.447215080261
410,"adaptive",500,10,"none",0.2,5,2,2000,0.00913475296464084,0.0114493144517206,0.0113715565182548,0.107001469390474,0.086249304414092,0.9565,2000,719.447215080261
411,"naive",1000,10,"none",0.2,5,2,2000,0.0104771632900027,0.00604860152531735,0.00594180147544969,0.0777727556752193,0.0620850452949345,0.9485,2000,1281.56015610695
411,"ipw_robust",1000,10,"none",0.2,5,2,2000,-0.0121047135985668,0.00637585404966833,0.00623244618145573,0.0798489452007247,0.0635868639050951,0.948,2000,1281.56015610695
411,"dr_robust",1000,10,"none",0.2,5,2,2000,0.00568427030950369,0.00585712053361654,0.00582772346639823,0.0765318269324373,0.0609682048571722,0.9475,2000,1281.56015610695
411,"aipw_robust",1000,10,"none",0.2,5,2,2000,0.000760593647044949,0.00806215342637521,0.00806560772754306,0.0897894950780725,0.0720574201638161,0.9535,2000,1281.56015610695
411,"reg_adj",1000,10,"none",0.2,5,2,2000,0.0101820108574615,0.00563090509905745,0.00552999675233215,0.0750393570005597,0.0599160210910578,0.9465,2000,1281.56015610695
411,"adaptive",1000,10,"none",0.2,5,2,2000,0.0101820108574615,0.00563090509905745,0.00552999675233215,0.0750393570005597,0.0599160210910578,0.9465,2000,1281.56015610695
412,"naive",200,20,"none",0.2,5,2,2000,0.00180993498622906,0.0386891616770885,0.0387052384316499,0.196695606654263,0.155867381088547,0.9485,2000,728.10430598259
412,"ipw_robust",200,20,"none",0.2,5,2,2000,-0.0212411924277411,0.0378640029917949,0.0374315305012932,0.194586749270845,0.154437067453439,0.952,2000,728.10430598259
412,"dr_robust",200,20,"none",0.2,5,2,2000,-0.00311628814635623,0.0356989828869704,0.0357071251977581,0.188941744691242,0.148739815942061,0.9455,2000,728.10430598259
412,"aipw_robust",200,20,"none",0.2,5,2,2000,-0.00542247766196424,0.0442125547859451,0.0442052541490251,0.210267816809765,0.167804779688801,0.9525,2000,728.10430598259
412,"reg_adj",200,20,"none",0.2,5,2,2000,0.00365706552630307,0.030212981570988,0.0302147148001243,0.173818818230328,0.138230037649028,0.9445,2000,728.10430598259
412,"adaptive",200,20,"none",0.2,5,2,2000,0.00161017884105208,0.0319419904357319,0.0319553754475555,0.178723222989437,0.140914365318462,0.945,2000,728.10430598259
413,"naive",500,20,"none",0.2,5,2,2000,0.0104689222290464,0.0139823644389716,0.0138797059593134,0.118247048330906,0.0939336383598687,0.951,2000,1982.59652996063
413,"ipw_robust",500,20,"none",0.2,5,2,2000,-0.0139996134520537,0.0143231774120327,0.0141342553629072,0.119679477823195,0.0954112949110927,0.952,2000,1982.59652996063
413,"dr_robust",500,20,"none",0.2,5,2,2000,0.00543051739907785,0.0135540392869363,0.0135313144249271,0.11642181619841,0.0925633661098447,0.9495,2000,1982.59652996063
413,"aipw_robust",500,20,"none",0.2,5,2,2000,-0.0011202715572467,0.0173192238271412,0.0173266321348467,0.131602522115426,0.104718044709806,0.9495,2000,1982.59652996063
413,"reg_adj",500,20,"none",0.2,5,2,2000,0.0100017604801557,0.012360128025354,0.0122662259256144,0.111176112656245,0.0892895449577612,0.9505,2000,1982.59652996063
413,"adaptive",500,20,"none",0.2,5,2,2000,0.0100017604801557,0.012360128025354,0.0122662259256144,0.111176112656245,0.0892895449577612,0.9505,2000,1982.59652996063
414,"naive",1000,20,"none",0.2,5,2,2000,0.00879855011666697,0.00647050713884038,0.00639629080008492,0.0804394625718022,0.063759443467083,0.9475,2000,3617.44172596931
414,"ipw_robust",1000,20,"none",0.2,5,2,2000,-0.0152091357299673,0.00681472753263319,0.00658670307451788,0.0825513629968227,0.065380643781569,0.9455,2000,3617.44172596931
414,"dr_robust",1000,20,"none",0.2,5,2,2000,0.0039999407927489,0.00637067142388089,0.00635785082294687,0.0798164859153853,0.0630406024088468,0.9445,2000,3617.44172596931
414,"aipw_robust",1000,20,"none",0.2,5,2,2000,-0.000431771498330624,0.00860551022394999,0.00860962861162903,0.0927658893341189,0.0733133544395086,0.9465,2000,3617.44172596931
414,"reg_adj",1000,20,"none",0.2,5,2,2000,0.00800849329151454,0.00595977332754841,0.00589858665607621,0.077199568182396,0.0612723282932595,0.951,2000,3617.44172596931
414,"adaptive",1000,20,"none",0.2,5,2,2000,0.00800849329151454,0.00595977332754841,0.00589858665607621,0.077199568182396,0.0612723282932595,0.951,2000,3617.44172596931
415,"naive",200,5,"covariate",0.2,5,2,2000,-0.196311407949914,0.07738290532224,0.0388641685152198,0.27817783039315,0.22849773884546,0.837,2000,166.668269872665
415,"ipw_robust",200,5,"covariate",0.2,5,2,2000,-0.191552025058741,0.0762771851016727,0.0396048092021692,0.276183245512237,0.226250964571101,0.8385,2000,166.668269872665
415,"dr_robust",200,5,"covariate",0.2,5,2,2000,-0.197597716998039,0.0775682676535524,0.038542681231331,0.278510803477266,0.229449169918649,0.832,2000,166.668269872665
415,"aipw_robust",200,5,"covariate",0.2,5,2,2000,-0.187950513177684,0.0860474997411008,0.0507474780763842,0.293338541179131,0.236852352278396,0.8665,2000,166.668269872665
415,"reg_adj",200,5,"covariate",0.2,5,2,2000,-0.198656169320387,0.0767884089593392,0.0373428067536659,0.277107215639253,0.228179299593422,0.826,2000,166.668269872665
415,"adaptive",200,5,"covariate",0.2,5,2,2000,-0.198556096534279,0.0768609825053066,0.0374551866276903,0.277238133209172,0.228341597506119,0.8265,2000,166.668269872665
416,"naive",500,5,"covariate",0.2,5,2,2000,-0.197683248534593,0.0536180926783003,0.0145466992767489,0.231555808992779,0.203638238693965,0.6365,2000,387.10062289238
416,"ipw_robust",500,5,"covariate",0.2,5,2,2000,-0.192559561533749,0.0518908294888344,0.0148190542779035,0.227795587070589,0.198861586331927,0.6555,2000,387.10062289238
416,"dr_robust",500,5,"covariate",0.2,5,2,2000,-0.197184440155487,0.0532120253728927,0.0143374906787993,0.230677318722263,0.20280175877254,0.6285,2000,387.10062289238
416,"aipw_robust",500,5,"covariate",0.2,5,2,2000,-0.191729282094015,0.0563458532297826,0.0195955333841882,0.237372814849937,0.202312889019316,0.722,2000,387.10062289238
416,"reg_adj",500,5,"covariate",0.2,5,2,2000,-0.198284485378314,0.0532312227687231,0.0139214463501553,0.230718925900592,0.203372785648274,0.6185,2000,387.10062289238
416,"adaptive",500,5,"covariate",0.2,5,2,2000,-0.198284485378314,0.0532312227687231,0.0139214463501553,0.230718925900592,0.203372785648274,0.6185,2000,387.10062289238
417,"naive",1000,5,"covariate",0.2,5,2,2000,-0.197058732707562,0.045630829211413,0.00680208611816186,0.213613738348948,0.197369560809937,0.343,2000,762.809076786041
417,"ipw_robust",1000,5,"covariate",0.2,5,2,2000,-0.19123307914056,0.0438102230435213,0.00724375436312328,0.209308917735297,0.191859981332601,0.4,2000,762.809076786041
417,"dr_robust",1000,5,"covariate",0.2,5,2,2000,-0.195569558826954,0.0451165372559808,0.00687252117679965,0.212406537695949,0.195936715141937,0.359,2000,762.809076786041
417,"aipw_robust",1000,5,"covariate",0.2,5,2,2000,-0.189081657446111,0.0459863896204843,0.0102396362560438,0.21444437418707,0.191135763160438,0.5405,2000,762.809076786041
417,"reg_adj",1000,5,"covariate",0.2,5,2,2000,-0.197073568152901,0.0455400005925743,0.00670536200906259,0.21340103231375,0.19738484976491,0.3365,2000,762.809076786041
417,"adaptive",1000,5,"covariate",0.2,5,2,2000,-0.197073568152901,0.0455400005925743,0.00670536200906259,0.21340103231375,0.19738484976491,0.3365,2000,762.809076786041
418,"naive",200,10,"covariate",0.2,5,2,2000,-0.17467797871649,0.0765882184408829,0.0460988716282183,0.276745764991775,0.225661293735018,0.8775,2000,258.887295007706
418,"ipw_robust",200,10,"covariate",0.2,5,2,2000,-0.171907123692111,0.0738153177081972,0.0442854012327187,0.271689745312916,0.221179997400965,0.879,2000,258.887295007706
418,"dr_robust",200,10,"covariate",0.2,5,2,2000,-0.177573727712182,0.0763485973854605,0.0448385879058131,0.276312499509994,0.22562356755792,0.8645,2000,258.887295007706
418,"aipw_robust",200,10,"covariate",0.2,5,2,2000,-0.164822835675051,0.0828421703152127,0.055703454882689,0.287823158059272,0.229874640000991,0.889,2000,258.887295007706
418,"reg_adj",200,10,"covariate",0.2,5,2,2000,-0.17643448479128,0.0703617855607134,0.0392522842792888,0.265257960409699,0.218405446587904,0.8585,2000,258.887295007706
418,"adaptive",200,10,"covariate",0.2,5,2,2000,-0.176040177804992,0.0721758179674974,0.0412062769043366,0.268655574979373,0.220339851906993,0.8625,2000,258.887295007706
419,"naive",500,10,"covariate",0.2,5,2,2000,-0.167469792701615,0.0429326346478925,0.0148939501554483,0.20720191757774,0.177106564245369,0.728,2000,649.67452788353
419,"ipw_robust",500,10,"covariate",0.2,5,2,2000,-0.160640961795398,0.0412456923580436,0.0154478977003433,0.203090355157609,0.172099509583846,0.756,2000,649.67452788353
419,"dr_robust",500,10,"covariate",0.2,5,2,2000,-0.166161706823595,0.0424770698110689,0.0148747943937353,0.20609965990042,0.176124878512095,0.725,2000,649.67452788353
419,"aipw_robust",500,10,"covariate",0.2,5,2,2000,-0.161297465325148,0.0468867759575755,0.0208803438091626,0.216533544647418,0.180617265010901,0.799,2000,649.67452788353
419,"reg_adj",500,10,"covariate",0.2,5,2,2000,-0.166535552211824,0.0418583000485194,0.0141312755357902,0.204593010751881,0.17551684813976,0.718,2000,649.67452788353
419,"adaptive",500,10,"covariate",0.2,5,2,2000,-0.166535552211824,0.0418583000485194,0.0141312755357902,0.204593010751881,0.17551684813976,0.718,2000,649.67452788353
420,"naive",1000,10,"covariate",0.2,5,2,2000,-0.166933357525425,0.0351850837314052,0.00732199887613188,0.18757687419137,0.168327263190178,0.507,2000,1329.57173919678
420,"ipw_robust",1000,10,"covariate",0.2,5,2,2000,-0.159885366208732,0.0332769116040939,0.0077174399963918,0.182419603124483,0.162000847766302,0.5575,2000,1329.57173919678
420,"dr_robust",1000,10,"covariate",0.2,5,2,2000,-0.165335856862339,0.0347900958556353,0.00745787923084694,0.186521033279454,0.166953259400453,0.5235,2000,1329.57173919678
420,"aipw_robust",1000,10,"covariate",0.2,5,2,2000,-0.161748760882577,0.0364886109262695,0.0103311148366386,0.1910199228517,0.16661216230658,0.653,2000,1329.57173919678
420,"reg_adj",1000,10,"covariate",0.2,5,2,2000,-0.16673524422518,0.0349859755742219,0.00718892837157725,0.187045383728714,0.167998756541518,0.4985,2000,1329.57173919678
420,"adaptive",1000,10,"covariate",0.2,5,2,2000,-0.16673524422518,0.0349859755742219,0.00718892837157725,0.187045383728714,0.167998756541518,0.4985,2000,1329.57173919678
421,"naive",200,20,"covariate",0.2,5,2,2000,-0.164445501856993,0.0719573480084072,0.0449374936742459,0.268248668232309,0.215629545492622,0.8825,2000,537.139611959457
421,"ipw_robust",200,20,"covariate",0.2,5,2,2000,-0.15834843157894,0.0685123459244237,0.0434598500659464,0.261748631179656,0.210523280076446,0.8835,2000,537.139611959457
421,"dr_robust",200,20,"covariate",0.2,5,2,2000,-0.16288566911749,0.07225389821436,0.0457450295252702,0.268800852331908,0.216087379556159,0.885,2000,537.139611959457
421,"aipw_robust",200,20,"covariate",0.2,5,2,2000,-0.111072299165386,0.073965234649367,0.061659008511738,0.271965502682541,0.217607334305345,0.922,2000,537.139611959457
421,"reg_adj",200,20,"covariate",0.2,5,2,2000,-0.172805475587337,0.0666391841563504,0.0367958496882287,0.258145664608861,0.210579438164522,0.853,2000,537.139611959457
421,"adaptive",200,20,"covariate",0.2,5,2,2000,-0.17496132963678,0.0710465295898945,0.0404552903668078,0.266545548809007,0.215688840070617,0.865,2000,537.139611959457
422,"naive",500,20,"covariate",0.2,5,2,2000,-0.177300556988575,0.047570592425988,0.016143176505782,0.218106837183037,0.187078928377387,0.7135,2000,1464.84634494781
422,"ipw_robust",500,20,"covariate",0.2,5,2,2000,-0.170810247806698,0.0452074533427613,0.0160393322531023,0.212620444319829,0.181115962080607,0.729,2000,1464.84634494781
422,"dr_robust",500,20,"covariate",0.2,5,2,2000,-0.17613216495542,0.0470767908615767,0.0160622824709288,0.216971866520931,0.185468301058926,0.7085,2000,1464.84634494781
422,"aipw_robust",500,20,"covariate",0.2,5,2,2000,-0.170987430681793,0.0506901411230959,0.021464171757814,0.22514471151483,0.18878631419402,0.791,2000,1464.84634494781
422,"reg_adj",500,20,"covariate",0.2,5,2,2000,-0.177579175008127,0.0455840380740276,0.0140567030289751,0.213504187485931,0.18486540766384,0.671,2000,1464.84634494781
422,"adaptive",500,20,"covariate",0.2,5,2,2000,-0.177544908703813,0.045574267981022,0.0140591029258397,0.213481305928697,0.184831141359526,0.671,2000,1464.84634494781
423,"naive",1000,20,"covariate",0.2,5,2,2000,-0.177360851218308,0.0386954214567848,0.00724217099740083,0.196711518363274,0.178768344541112,0.4465,2000,3287.09670090675
423,"ipw_robust",1000,20,"covariate",0.2,5,2,2000,-0.170735079191702,0.0369091734640778,0.00776258749122669,0.192117603212402,0.172755277044922,0.501,2000,3287.09670090675
423,"dr_robust",1000,20,"covariate",0.2,5,2,2000,-0.175981089756475,0.0383291846399833,0.00736352244933164,0.195778406980911,0.177377917315928,0.4675,2000,3287.09670090675
423,"aipw_robust",1000,20,"covariate",0.2,5,2,2000,-0.172405933161577,0.0404598396347216,0.0107414045476814,0.201146313997353,0.17664584839696,0.619,2000,3287.09670090675
423,"reg_adj",1000,20,"covariate",0.2,5,2,2000,-0.176872246730402,0.0381782210862234,0.00689787836194412,0.195392479605085,0.177880474518348,0.4325,2000,3287.09670090675
423,"adaptive",1000,20,"covariate",0.2,5,2,2000,-0.176872246730402,0.0381782210862234,0.00689787836194412,0.195392479605085,0.177880474518348,0.4325,2000,3287.09670090675
424,"naive",200,5,"outcome",0.2,5,2,2000,0.0223228897538537,0.385387866511454,0.385082096152567,0.620796155361366,0.473808856531381,0.9565,2000,170.83398103714
424,"ipw_robust",200,5,"outcome",0.2,5,2,2000,-0.0179767001819069,0.0576557250661866,0.0573612439387258,0.240116065822732,0.191749573322909,0.9485,2000,170.83398103714
424,"dr_robust",200,5,"outcome",0.2,5,2,2000,0.00738298760754263,0.0581306682505122,0.0581052123506744,0.241103024142196,0.192625683079914,0.955,2000,170.83398103714
424,"aipw_robust",200,5,"outcome",0.2,5,2,2000,0.00281660114217219,0.0597568875349009,0.0597788437147642,0.244452219329056,0.194487313628716,0.9545,2000,170.83398103714
424,"reg_adj",200,5,"outcome",0.2,5,2,2000,0.0182273669549398,0.364366451473316,0.36421632272857,0.603627742464936,0.463747806265448,0.9525,2000,170.83398103714
424,"adaptive",200,5,"outcome",0.2,5,2,2000,-0.01803132684734,0.0576462122785561,0.0573497584098855,0.240096256277677,0.191694946657476,0.9485,2000,170.83398103714
425,"naive",500,5,"outcome",0.2,5,2,2000,0.00499235924633634,0.146435895950902,0.146484214407261,0.382669434304468,0.304911976402133,0.9505,2000,368.27311706543
425,"ipw_robust",500,5,"outcome",0.2,5,2,2000,-0.0209699528520186,0.0232750156922332,0.0228467001196771,0.152561514453132,0.120884667339073,0.944,2000,368.27311706543
425,"dr_robust",500,5,"outcome",0.2,5,2,2000,0.00423740012873575,0.0232937540792056,0.0232874422404748,0.152622914659646,0.120815078678793,0.951,2000,368.27311706543
425,"aipw_robust",500,5,"outcome",0.2,5,2,2000,-0.0027852532480066,0.0228584075172724,0.0228620809220779,0.151189971616084,0.121412717666885,0.9575,2000,368.27311706543
425,"reg_adj",500,5,"outcome",0.2,5,2,2000,0.00438119198542575,0.142901811904436,0.142954094108277,0.37802355998593,0.300122117788955,0.9435,2000,368.27311706543
425,"adaptive",500,5,"outcome",0.2,5,2,2000,-0.0209699528520186,0.0232750156922332,0.0228467001196771,0.152561514453132,0.120884667339073,0.944,2000,368.27311706543
426,"naive",1000,5,"outcome",0.2,5,2,2000,0.0101609759754608,0.0742960152165977,0.0742298847261869,0.272572953934534,0.21500136537479,0.955,2000,686.482275009155
426,"ipw_robust",1000,5,"outcome",0.2,5,2,2000,-0.0168621329335488,0.0114726993523918,0.011193964807727,0.107110687386422,0.085877576946378,0.951,2000,686.482275009155
426,"dr_robust",1000,5,"outcome",0.2,5,2,2000,0.00666044288606127,0.0115266960896422,0.0114880786295185,0.107362451954313,0.0854290004956999,0.9465,2000,686.482275009155
426,"aipw_robust",1000,5,"outcome",0.2,5,2,2000,0.0035025468218941,0.0113943653127691,0.0113877913742166,0.10674439241838,0.0845748917962469,0.948,2000,686.482275009155
426,"reg_adj",1000,5,"outcome",0.2,5,2,2000,0.00819110438996296,0.0722986919152909,0.0722677315899586,0.268884160774284,0.212465323180061,0.952,2000,686.482275009155
426,"adaptive",1000,5,"outcome",0.2,5,2,2000,-0.0168621329335488,0.0114726993523918,0.011193964807727,0.107110687386422,0.085877576946378,0.951,2000,686.482275009155
427,"naive",200,10,"outcome",0.2,5,2,2000,0.0144130115094145,0.432156921673109,0.432165269407042,0.657386432528927,0.498239120152656,0.948,2000,291.684768199921
427,"ipw_robust",200,10,"outcome",0.2,5,2,2000,-0.0152027353970208,0.0656725628604665,0.0654741767853073,0.256266585532462,0.204439809524704,0.947,2000,291.684768199921
427,"dr_robust",200,10,"outcome",0.2,5,2,2000,0.00542379174237473,0.066917185221325,0.0669212283186197,0.258683561946493,0.208704989855339,0.9545,2000,291.684768199921
427,"aipw_robust",200,10,"outcome",0.2,5,2,2000,-0.000597130966139003,0.0700997462379396,0.0701344569009993,0.264763566674004,0.212210196989973,0.954,2000,291.684768199921
427,"reg_adj",200,10,"outcome",0.2,5,2,2000,0.0157749765375015,0.385150897892415,0.385094595305309,0.620605267374049,0.482684328401649,0.949,2000,291.684768199921
427,"adaptive",200,10,"outcome",0.2,5,2,2000,-0.0152027353970208,0.0656725628604665,0.0654741767853073,0.256266585532462,0.204439809524704,0.947,2000,291.684768199921
428,"naive",500,10,"outcome",0.2,5,2,2000,-0.000679931639748776,0.159775734670793,0.15985519996374,0.399719570037287,0.315186800455277,0.948,2000,618.614192962646
428,"ipw_robust",500,10,"outcome",0.2,5,2,2000,-0.0168158428384757,0.0227718958044456,0.0225003734207877,0.150903597718695,0.120103834462451,0.951,2000,618.614192962646
428,"dr_robust",500,10,"outcome",0.2,5,2,2000,0.00407388576578382,0.0225988128615385,0.0225935130728423,0.150329015368087,0.120161794603273,0.949,2000,618.614192962646
428,"aipw_robust",500,10,"outcome",0.2,5,2,2000,-0.00495251457046586,0.0228052206521633,0.0227920892962408,0.151013975022722,0.120119574778861,0.9525,2000,618.614192962646
428,"reg_adj",500,10,"outcome",0.2,5,2,2000,-0.0023454668130114,0.150778217991898,0.150848140847751,0.388301710003829,0.307579422159008,0.9495,2000,618.614192962646
428,"adaptive",500,10,"outcome",0.2,5,2,2000,-0.0168158428384757,0.0227718958044456,0.0225003734207877,0.150903597718695,0.120103834462451,0.951,2000,618.614192962646
429,"naive",1000,10,"outcome",0.2,5,2,2000,0.000348353677337876,0.0762803602898677,0.0763183981386525,0.276188993788434,0.217247085898805,0.95,2000,1109.5209300518
429,"ipw_robust",1000,10,"outcome",0.2,5,2,2000,-0.0161603579411573,0.0114779289843493,0.0112223830070665,0.107135096884024,0.0857536214622076,0.9465,2000,1109.5209300518
429,"dr_robust",1000,10,"outcome",0.2,5,2,2000,0.00298162195610674,0.0115658995899628,0.0115627909159316,0.107544872448494,0.0863017603859009,0.947,2000,1109.5209300518
429,"aipw_robust",1000,10,"outcome",0.2,5,2,2000,-0.00216871030369536,0.0113198071590193,0.0113207642367563,0.106394582376262,0.0859459280589287,0.9505,2000,1109.5209300518
429,"reg_adj",1000,10,"outcome",0.2,5,2,2000,-0.00045329963766827,0.0726356484363716,0.0726717788452327,0.269510015465792,0.212251201708995,0.9505,2000,1109.5209300518
429,"adaptive",1000,10,"outcome",0.2,5,2,2000,-0.0161603579411573,0.0114779289843493,0.0112223830070665,0.107135096884024,0.0857536214622076,0.9465,2000,1109.5209300518
430,"naive",200,20,"outcome",0.2,5,2,2000,0.0294883401683306,0.479334503615937,0.478704293556832,0.692339875795073,0.515869853421164,0.953,2000,693.611575841904
430,"ipw_robust",200,20,"outcome",0.2,5,2,2000,-0.00639530516340359,0.0700177499480075,0.0700118559478484,0.264608673228992,0.211077928707182,0.9485,2000,693.611575841904
430,"dr_robust",200,20,"outcome",0.2,5,2,2000,0.0144361754023281,0.0752544972972489,0.0750836359549796,0.274325531617545,0.217954115529208,0.9485,2000,693.611575841904
430,"aipw_robust",200,20,"outcome",0.2,5,2,2000,0.00437048001545559,0.0857278110087544,0.0857515857060419,0.292793119811164,0.232777295710738,0.95,2000,693.611575841904
430,"reg_adj",200,20,"outcome",0.2,5,2,2000,0.0215595045284869,0.40103584070248,0.400771414174053,0.633273906538458,0.491963948087191,0.9465,2000,693.611575841904
430,"adaptive",200,20,"outcome",0.2,5,2,2000,-0.00639530516340359,0.0700177499480075,0.0700118559478484,0.264608673228992,0.211077928707182,0.9485,2000,693.611575841904
431,"naive",500,20,"outcome",0.2,5,2,2000,0.0172372633799025,0.162885140095763,0.162669351522696,0.403590312192653,0.312700933305953,0.9515,2000,1618.68213796616
431,"ipw_robust",500,20,"outcome",0.2,5,2,2000,-0.0183942391787302,0.0253317023461471,0.0250058572398026,0.159159361478196,0.126455979537178,0.9455,2000,1618.68213796616
431,"dr_robust",500,20,"outcome",0.2,5,2,2000,0.00190134601296421,0.0256166364039032,0.0256258342043444,0.160051980318593,0.127248062354041,0.9455,2000,1618.68213796616
431,"aipw_robust",500,20,"outcome",0.2,5,2,2000,-0.00280029404078475,0.0250378027258124,0.0250424823202577,0.158233380567478,0.125007534144832,0.9495,2000,1618.68213796616
431,"reg_adj",500,20,"outcome",0.2,5,2,2000,0.0167683623768471,0.148744298895125,0.148537389613131,0.385673824487902,0.304046768711361,0.952,2000,1618.68213796616
431,"adaptive",500,20,"outcome",0.2,5,2,2000,-0.0183942391787302,0.0253317023461471,0.0250058572398026,0.159159361478196,0.126455979537178,0.9455,2000,1618.68213796616
432,"naive",1000,20,"outcome",0.2,5,2,2000,0.0124227394956899,0.0764539196305824,0.0763377640560326,0.276503019206992,0.217884362699343,0.9465,2000,2770.09373807907
432,"ipw_robust",1000,20,"outcome",0.2,5,2,2000,-0.0160681638617588,0.0117528883651954,0.0115004527016579,0.108410739159898,0.086828765802216,0.945,2000,2770.09373807907
432,"dr_robust",1000,20,"outcome",0.2,5,2,2000,0.00523877112898896,0.0118509650749792,0.011829435069572,0.108862137931327,0.0870247057823872,0.9475,2000,2770.09373807907
432,"aipw_robust",1000,20,"outcome",0.2,5,2,2000,-0.00132132138450491,0.0114581461715581,0.0114621313470304,0.107042730587173,0.086969268203089,0.9555,2000,2770.09373807907
432,"reg_adj",1000,20,"outcome",0.2,5,2,2000,0.0129245420008144,0.0720582603053467,0.0719271801094706,0.268436697016907,0.211093359771915,0.953,2000,2770.09373807907
432,"adaptive",1000,20,"outcome",0.2,5,2,2000,-0.0160681638617588,0.0117528883651954,0.0115004527016579,0.108410739159898,0.086828765802216,0.945,2000,2770.09373807907
433,"naive",200,5,"treatment",0.2,5,2,2000,-0.899718474076767,0.839217852832849,0.0297393899327887,0.916088343356059,0.899718474076768,0,2000,180.307332992554
433,"ipw_robust",200,5,"treatment",0.2,5,2,2000,-0.85187216678915,0.758547522936477,0.0328777732730723,0.870946337575672,0.85187216678915,0.0025,2000,180.307332992554
433,"dr_robust",200,5,"treatment",0.2,5,2,2000,-0.847224734348385,0.7473694495763,0.0295944963327756,0.864505320733366,0.847224734348385,0.001,2000,180.307332992554
433,"aipw_robust",200,5,"treatment",0.2,5,2,2000,-0.760421500040707,0.626099283755163,0.0478823672146111,0.791264357692903,0.760421500040707,0.0605,2000,180.307332992554
433,"reg_adj",200,5,"treatment",0.2,5,2,2000,-0.892777051769372,0.825490507483303,0.0284538702524177,0.908565081589262,0.892777051769372,0,2000,180.307332992554
433,"adaptive",200,5,"treatment",0.2,5,2,2000,-0.892777051769372,0.825490507483303,0.0284538702524177,0.908565081589262,0.892777051769372,0,2000,180.307332992554
434,"naive",500,5,"treatment",0.2,5,2,2000,-0.891466957053899,0.80604510728692,0.0113374404882254,0.897800148856593,0.891466957053899,0,2000,400.307014942169
434,"ipw_robust",500,5,"treatment",0.2,5,2,2000,-0.843512305633709,0.724579667426011,0.0130731942676496,0.8512224547238,0.843512305633709,0,2000,400.307014942169
434,"dr_robust",500,5,"treatment",0.2,5,2,2000,-0.836473035541165,0.711203549278341,0.0115221711764779,0.843328850021355,0.836473035541165,0,2000,400.307014942169
434,"aipw_robust",500,5,"treatment",0.2,5,2,2000,-0.744097841579692,0.572653708123013,0.0189816010799955,0.756738863890981,0.744097841579692,0,2000,400.307014942169
434,"reg_adj",500,5,"treatment",0.2,5,2,2000,-0.885901424231337,0.795823943376079,0.0110081139779563,0.89208964985369,0.885901424231337,0,2000,400.307014942169
434,"adaptive",500,5,"treatment",0.2,5,2,2000,-0.885901424231337,0.795823943376079,0.0110081139779563,0.89208964985369,0.885901424231337,0,2000,400.307014942169
435,"naive",1000,5,"treatment",0.2,5,2,2000,-0.897122661847439,0.810587952752955,0.00576176323433738,0.900326581165388,0.897122661847439,0,2000,734.39053606987
435,"ipw_robust",1000,5,"treatment",0.2,5,2,2000,-0.848867892760901,0.726777329389235,0.00620373189484903,0.852512363188496,0.848867892760901,0,2000,734.39053606987
435,"dr_robust",1000,5,"treatment",0.2,5,2,2000,-0.84168842383946,0.714106055722935,0.0056694876414003,0.845047960605157,0.841688423839461,0,2000,734.39053606987
435,"aipw_robust",1000,5,"treatment",0.2,5,2,2000,-0.746772958554968,0.567182622744379,0.00951752988037901,0.753115278522737,0.746772958554968,0,2000,734.39053606987
435,"reg_adj",1000,5,"treatment",0.2,5,2,2000,-0.891806573817756,0.800919310793794,0.00560314726286141,0.894940953802984,0.891806573817756,0,2000,734.39053606987
435,"adaptive",1000,5,"treatment",0.2,5,2,2000,-0.891806573817756,0.800919310793794,0.00560314726286141,0.894940953802984,0.891806573817756,0,2000,734.39053606987
436,"naive",200,10,"treatment",0.2,5,2,2000,-0.917625606324174,0.873211230941471,0.031190072595961,0.934457720253555,0.917625606324174,5e-04,2000,306.350870847702
436,"ipw_robust",200,10,"treatment",0.2,5,2,2000,-0.863015498218229,0.778681155472399,0.033902356485784,0.882429122067262,0.863015498218229,0.0015,2000,306.350870847702
436,"dr_robust",200,10,"treatment",0.2,5,2,2000,-0.869355139251105,0.786575974704376,0.0308130230736045,0.886891185379794,0.869355139251105,0.0015,2000,306.350870847702
436,"aipw_robust",200,10,"treatment",0.2,5,2,2000,-0.787954103722809,0.670215051158207,0.0493680656174011,0.818666630050478,0.787954103722809,0.056,2000,306.350870847702
436,"reg_adj",200,10,"treatment",0.2,5,2,2000,-0.910267128336143,0.858229719555814,0.0296583037783759,0.926406886608586,0.910267128336143,5e-04,2000,306.350870847702
436,"adaptive",200,10,"treatment",0.2,5,2,2000,-0.910267128336143,0.858229719555814,0.0296583037783759,0.926406886608586,0.910267128336143,5e-04,2000,306.350870847702
437,"naive",500,10,"treatment",0.2,5,2,2000,-0.906266208412597,0.833161532103326,0.0118490161008314,0.912776824915777,0.906266208412597,0,2000,716.701164007187
437,"ipw_robust",500,10,"treatment",0.2,5,2,2000,-0.849182863077979,0.734340337052125,0.0132354198167192,0.856936600369085,0.849182863077979,0,2000,716.701164007187
437,"dr_robust",500,10,"treatment",0.2,5,2,2000,-0.852090653995028,0.737972594620926,0.0119200720312665,0.859053313025988,0.852090653995028,0,2000,716.701164007187
437,"aipw_robust",500,10,"treatment",0.2,5,2,2000,-0.764843451109209,0.605098621969516,0.0201231788542983,0.777880853324927,0.764843451109209,5e-04,2000,716.701164007187
437,"reg_adj",500,10,"treatment",0.2,5,2,2000,-0.898340094765011,0.818407484452798,0.0113982577192482,0.904658766857868,0.898340094765011,0,2000,716.701164007187
437,"adaptive",500,10,"treatment",0.2,5,2,2000,-0.898340094765011,0.818407484452798,0.0113982577192482,0.904658766857868,0.898340094765011,0,2000,716.701164007187
438,"naive",1000,10,"treatment",0.2,5,2,2000,-0.907723150331234,0.829762793934212,0.00580437847619064,0.910913164870402,0.907723150331234,0,2000,1277.24152803421
438,"ipw_robust",1000,10,"treatment",0.2,5,2,2000,-0.851639998377966,0.731749879276502,0.00646242365110549,0.855423800976161,0.851639998377966,0,2000,1277.24152803421
438,"dr_robust",1000,10,"treatment",0.2,5,2,2000,-0.852987209712194,0.73340455115942,0.00582028136751024,0.856390419819968,0.852987209712194,0,2000,1277.24152803421
438,"aipw_robust",1000,10,"treatment",0.2,5,2,2000,-0.760688642841491,0.588501596261222,0.00985931457047749,0.767138576960657,0.760688642841491,0,2000,1277.24152803421
438,"reg_adj",1000,10,"treatment",0.2,5,2,2000,-0.900497334937496,0.816533782760837,0.00564115310785874,0.903622588673411,0.900497334937496,0,2000,1277.24152803421
438,"adaptive",1000,10,"treatment",0.2,5,2,2000,-0.900497334937496,0.816533782760837,0.00564115310785874,0.903622588673411,0.900497334937496,0,2000,1277.24152803421
439,"naive",200,20,"treatment",0.2,5,2,2000,-0.907672401320503,0.863183473215715,0.0393339520728237,0.929076677791298,0.907672401320503,0.004,2000,728.173802852631
439,"ipw_robust",200,20,"treatment",0.2,5,2,2000,-0.853346925543927,0.768530010367244,0.0403492096367901,0.876658434264591,0.853346925543927,0.0115,2000,728.173802852631
439,"dr_robust",200,20,"treatment",0.2,5,2,2000,-0.86170924404201,0.780972471644334,0.0384488748142894,0.883726468792428,0.86170924404201,0.0075,2000,728.173802852631
439,"aipw_robust",200,20,"treatment",0.2,5,2,2000,-0.798515139830953,0.694443981614932,0.0568459760637176,0.83333305563558,0.798572251015778,0.0835,2000,728.173802852631
439,"reg_adj",200,20,"treatment",0.2,5,2,2000,-0.900758728061472,0.845561877190647,0.0342126973604066,0.919544385655552,0.900758728061472,0.002,2000,728.173802852631
439,"adaptive",200,20,"treatment",0.2,5,2,2000,-0.90064061806816,0.845486306869828,0.0343499589350989,0.919503293561164,0.90064061806816,0.0025,2000,728.173802852631
440,"naive",500,20,"treatment",0.2,5,2,2000,-0.901903282729117,0.826458007258471,0.0130349933575925,0.909097358514736,0.901903282729117,0,2000,1981.73510718346
440,"ipw_robust",500,20,"treatment",0.2,5,2,2000,-0.847890016410848,0.732862234666364,0.0139517306024775,0.856073732026842,0.847890016410848,0,2000,1981.73510718346
440,"dr_robust",500,20,"treatment",0.2,5,2,2000,-0.850310290976009,0.736033611857225,0.0130125271811111,0.857924012868987,0.850310290976009,0,2000,1981.73510718346
440,"aipw_robust",500,20,"treatment",0.2,5,2,2000,-0.769431497598899,0.613043263812152,0.0210289487892615,0.782970793715929,0.7694314975989,0,2000,1981.73510718346
440,"reg_adj",500,20,"treatment",0.2,5,2,2000,-0.895088982846996,0.813579993824972,0.0124019075646844,0.901986692709473,0.895088982846996,0,2000,1981.73510718346
440,"adaptive",500,20,"treatment",0.2,5,2,2000,-0.895088982846996,0.813579993824972,0.0124019075646844,0.901986692709473,0.895088982846996,0,2000,1981.73510718346
441,"naive",1000,20,"treatment",0.2,5,2,2000,-0.907642076931842,0.829684747586966,0.00587354454208857,0.910870324243229,0.907642076931842,0,2000,3548.78230905533
441,"ipw_robust",1000,20,"treatment",0.2,5,2,2000,-0.853077724303767,0.734155680215,0.00641728515428285,0.856828851180328,0.853077724303767,0,2000,3548.78230905533
441,"dr_robust",1000,20,"treatment",0.2,5,2,2000,-0.853264737127658,0.733909827676569,0.00585204207207429,0.856685372629047,0.853264737127658,0,2000,3548.78230905533
441,"aipw_robust",1000,20,"treatment",0.2,5,2,2000,-0.768221643639851,0.5997922900648,0.00963261261439322,0.774462581449098,0.768221643639851,0,2000,3548.78230905533
441,"reg_adj",1000,20,"treatment",0.2,5,2,2000,-0.900119345589084,0.81586829667325,0.00565628851378717,0.903254281292511,0.900119345589084,0,2000,3548.78230905533
441,"adaptive",1000,20,"treatment",0.2,5,2,2000,-0.900119345589084,0.81586829667325,0.00565628851378717,0.903254281292511,0.900119345589084,0,2000,3548.78230905533
442,"naive",200,5,"mixed",0.2,5,2,2000,-0.439538233898763,0.339100520254468,0.145979651021135,0.582323381167602,0.484956790037084,0.8095,2000,165.789570093155
442,"ipw_robust",200,5,"mixed",0.2,5,2,2000,-0.420031798160131,0.223170732341078,0.0467674045777336,0.472409496455224,0.423519090771033,0.51,2000,165.789570093155
442,"dr_robust",200,5,"mixed",0.2,5,2,2000,-0.442284271519218,0.244698821676657,0.0491079988427929,0.494670417224092,0.445642278410303,0.4955,2000,165.789570093155
442,"aipw_robust",200,5,"mixed",0.2,5,2,2000,-0.375849785055512,0.19829575690862,0.0570612265956434,0.445304117327271,0.385286933584755,0.655,2000,165.789570093155
442,"reg_adj",200,5,"mixed",0.2,5,2,2000,-0.45606836045262,0.355311214584489,0.147386558457777,0.596079872655074,0.498748311072637,0.797,2000,165.789570093155
442,"adaptive",200,5,"mixed",0.2,5,2,2000,-0.423861203848782,0.227210624919611,0.0475760928378909,0.47666615667531,0.427392487734597,0.51,2000,165.789570093155
443,"naive",500,5,"mixed",0.2,5,2,2000,-0.448974390701952,0.253115289065722,0.0515630670930793,0.503105644040813,0.453594847762547,0.492,2000,383.752285957336
443,"ipw_robust",500,5,"mixed",0.2,5,2,2000,-0.420950300810637,0.196058214187632,0.0188684926814068,0.442784613765691,0.42107022329443,0.138,2000,383.752285957336
443,"dr_robust",500,5,"mixed",0.2,5,2,2000,-0.446051800879568,0.218430105825615,0.019477635575497,0.467365066971865,0.446151498453298,0.1025,2000,383.752285957336
443,"aipw_robust",500,5,"mixed",0.2,5,2,2000,-0.394914639154414,0.179923054687184,0.0239774712043253,0.424173378098136,0.395379052745169,0.2755,2000,383.752285957336
443,"reg_adj",500,5,"mixed",0.2,5,2,2000,-0.459166865176298,0.261924185076391,0.0511155327669459,0.511785291969583,0.463186542298718,0.4705,2000,383.752285957336
443,"adaptive",500,5,"mixed",0.2,5,2,2000,-0.421044604827157,0.196132133426871,0.0188630056756522,0.442868076775546,0.42116452731095,0.138,2000,383.752285957336
444,"naive",1000,5,"mixed",0.2,5,2,2000,-0.457758618069994,0.235171028257361,0.0256408962881544,0.484944355836173,0.458286226162494,0.18,2000,769.319237947464
444,"ipw_robust",1000,5,"mixed",0.2,5,2,2000,-0.427737844420738,0.191906016578024,0.00895082844254573,0.438070789459905,0.427737844420738,0.0055,2000,769.319237947464
444,"dr_robust",1000,5,"mixed",0.2,5,2,2000,-0.451267853417837,0.21213586930465,0.00849744249755584,0.460582098332805,0.451267853417837,0.0015,2000,769.319237947464
444,"aipw_robust",1000,5,"mixed",0.2,5,2,2000,-0.404063269946295,0.175013288346136,0.011752038245566,0.418345895577016,0.404063269946295,0.0405,2000,769.319237947464
444,"reg_adj",1000,5,"mixed",0.2,5,2,2000,-0.465483397474758,0.24216808733162,0.0255060470304914,0.492105768439692,0.465877920065356,0.1665,2000,769.319237947464
444,"adaptive",1000,5,"mixed",0.2,5,2,2000,-0.427737844420738,0.191906016578024,0.00895082844254573,0.438070789459905,0.427737844420738,0.0055,2000,769.319237947464
445,"naive",200,10,"mixed",0.2,5,2,2000,-0.41878173023731,0.335621672872028,0.160323697140043,0.579328639782315,0.479819746988069,0.842,2000,264.955977916718
445,"ipw_robust",200,10,"mixed",0.2,5,2,2000,-0.392183472861389,0.200028327548632,0.0462435729494864,0.447245265540768,0.398343217466752,0.553,2000,264.955977916718
445,"dr_robust",200,10,"mixed",0.2,5,2,2000,-0.407093986553779,0.215522636783755,0.0498220339124628,0.464244156434688,0.413496404054025,0.551,2000,264.955977916718
445,"aipw_robust",200,10,"mixed",0.2,5,2,2000,-0.349445032192552,0.183067724249172,0.0609863869185771,0.4278641422802,0.364796451300122,0.6995,2000,264.955977916718
445,"reg_adj",200,10,"mixed",0.2,5,2,2000,-0.435466704098951,0.344641701588496,0.155087995207297,0.587061923129491,0.492223570993614,0.827,2000,264.955977916718
445,"adaptive",200,10,"mixed",0.2,5,2,2000,-0.395908850652557,0.203576348192601,0.0468559581466459,0.451194357447654,0.402080013265304,0.5555,2000,264.955977916718
446,"naive",500,10,"mixed",0.2,5,2,2000,-0.418824824349079,0.231237129106801,0.0558508210262777,0.48087121883806,0.426682430606812,0.566,2000,614.958904981613
446,"ipw_robust",500,10,"mixed",0.2,5,2,2000,-0.39375831647068,0.174394645409867,0.0193587129765311,0.417605849348243,0.394282724834936,0.1805,2000,614.958904981613
446,"dr_robust",500,10,"mixed",0.2,5,2,2000,-0.420854068944296,0.197108987254308,0.0200008403275019,0.443969579199193,0.421163458995832,0.152,2000,614.958904981613
446,"aipw_robust",500,10,"mixed",0.2,5,2,2000,-0.365790239552454,0.156480025436878,0.0226888705202968,0.395575562234168,0.366443066541148,0.3205,2000,614.958904981613
446,"reg_adj",500,10,"mixed",0.2,5,2,2000,-0.432274050561995,0.241403443014359,0.0545698731616649,0.491328243656274,0.43874673531124,0.5285,2000,614.958904981613
446,"adaptive",500,10,"mixed",0.2,5,2,2000,-0.393815783019558,0.174447028690979,0.019365840655999,0.417668563206496,0.394340191383814,0.181,2000,614.958904981613
447,"naive",1000,10,"mixed",0.2,5,2,2000,-0.431406011848514,0.214005802082703,0.0279086093283266,0.462607611354053,0.431900847143841,0.2705,2000,1269.27795505524
447,"ipw_robust",1000,10,"mixed",0.2,5,2,2000,-0.401689670018931,0.171308791923427,0.00995918051376625,0.413894662835156,0.401689670018931,0.0205,2000,1269.27795505524
447,"dr_robust",1000,10,"mixed",0.2,5,2,2000,-0.428741723816897,0.193787192282088,0.00997271289705155,0.440212667107715,0.428741723816897,0.01,2000,1269.27795505524
447,"aipw_robust",1000,10,"mixed",0.2,5,2,2000,-0.382447314002252,0.158076559384419,0.01181651965671,0.397588429641028,0.382447314002252,0.06,2000,1269.27795505524
447,"reg_adj",1000,10,"mixed",0.2,5,2,2000,-0.439915937396989,0.220787605081394,0.0272752107108779,0.469880415724463,0.440405296791585,0.2485,2000,1269.27795505524
447,"adaptive",1000,10,"mixed",0.2,5,2,2000,-0.401689670018931,0.171308791923427,0.00995918051376625,0.413894662835156,0.401689670018931,0.0205,2000,1269.27795505524
448,"naive",200,20,"mixed",0.2,5,2,2000,-0.4201488835455,0.341256972242402,0.164814295045395,0.584172039935499,0.475526791181333,0.8475,2000,632.955019950867
448,"ipw_robust",200,20,"mixed",0.2,5,2,2000,-0.380328857335997,0.194490084221252,0.0498649769872409,0.44101029945031,0.387778730296757,0.6175,2000,632.955019950867
448,"dr_robust",200,20,"mixed",0.2,5,2,2000,-0.385304041166425,0.197542926264832,0.0491082762637858,0.444458014063007,0.39156996787252,0.5925,2000,632.955019950867
448,"aipw_robust",200,20,"mixed",0.2,5,2,2000,-0.343170754683604,0.184948168385077,0.0672156093196224,0.430056006102783,0.363166540830984,0.7485,2000,632.955019950867
448,"reg_adj",200,20,"mixed",0.2,5,2,2000,-0.443622921234944,0.357665164635141,0.160944340560396,0.598051138812678,0.491583792896738,0.827,2000,632.955019950867
448,"adaptive",200,20,"mixed",0.2,5,2,2000,-0.384528024346298,0.197946423441168,0.0501096767718869,0.444911702971689,0.39169079872343,0.611,2000,632.955019950867
449,"naive",500,20,"mixed",0.2,5,2,2000,-0.431459500865389,0.243238448400352,0.0571097023645236,0.493192100910337,0.440671970708714,0.559,2000,1383.82726383209
449,"ipw_robust",500,20,"mixed",0.2,5,2,2000,-0.403369468651583,0.183594342350014,0.0208978630412738,0.428479103749545,0.403857439820623,0.1925,2000,1383.82726383209
449,"dr_robust",500,20,"mixed",0.2,5,2,2000,-0.428252129111993,0.206069944992865,0.022681399603712,0.453949275792863,0.428817654572486,0.173,2000,1383.82726383209
449,"aipw_robust",500,20,"mixed",0.2,5,2,2000,-0.362884444941194,0.155055017828326,0.0233815882421685,0.393770260213142,0.36422731203852,0.3335,2000,1383.82726383209
449,"reg_adj",500,20,"mixed",0.2,5,2,2000,-0.45050909156209,0.257902053547781,0.0549710975164394,0.507840578870752,0.457979333057979,0.5085,2000,1383.82726383209
449,"adaptive",500,20,"mixed",0.2,5,2,2000,-0.40353577095733,0.183740805010339,0.0209101416390317,0.428649979599135,0.40402374212637,0.1925,2000,1383.82726383209
450,"naive",1000,20,"mixed",0.2,5,2,2000,-0.435943870585015,0.217808694331332,0.0277755237925845,0.466699790369925,0.436901929036276,0.2425,2000,2920.42815303802
450,"ipw_robust",1000,20,"mixed",0.2,5,2,2000,-0.404988541341017,0.174548330794923,0.0105378811179568,0.417789816528506,0.405022206528315,0.0265,2000,2920.42815303802
450,"dr_robust",1000,20,"mixed",0.2,5,2,2000,-0.43698053384377,0.201494546298412,0.0105478332566539,0.448881439021945,0.43698053384377,0.014,2000,2920.42815303802
450,"aipw_robust",1000,20,"mixed",0.2,5,2,2000,-0.382960742312553,0.158030807186808,0.0113775658171353,0.397530888343042,0.382960742312553,0.056,2000,2920.42815303802
450,"reg_adj",1000,20,"mixed",0.2,5,2,2000,-0.452021204335012,0.230636232384245,0.0263262263289351,0.480246012356423,0.452425237827049,0.192,2000,2920.42815303802
450,"adaptive",1000,20,"mixed",0.2,5,2,2000,-0.404988541341017,0.174548330794923,0.0105378811179568,0.417789816528506,0.405022206528315,0.0265,2000,2920.42815303802
451,"naive",200,5,"none",0,10,2,2000,0.00735787546360944,0.0309115875496838,0.0308728856611764,0.175816914856574,0.140899287954084,0.9455,2000,180.156373023987
451,"ipw_robust",200,5,"none",0,10,2,2000,-0.0221024769172602,0.0322449216083902,0.0317722882666455,0.179568709992555,0.143940601539619,0.9505,2000,180.156373023987
451,"dr_robust",200,5,"none",0,10,2,2000,0.00152075845009758,0.0303978918241441,0.0304107845101357,0.174349912027922,0.140539237441949,0.9465,2000,180.156373023987
451,"aipw_robust",200,5,"none",0,10,2,2000,-0.000995611200777402,0.0417804003197927,0.0418003092327459,0.204402544797741,0.165068391622551,0.9535,2000,180.156373023987
451,"reg_adj",200,5,"none",0,10,2,2000,0.00742646056647045,0.0283098535207364,0.028268835622002,0.168255322414289,0.135080121557768,0.947,2000,180.156373023987
451,"adaptive",200,5,"none",0,10,2,2000,0.00732086193437675,0.0283540360194051,0.0283145982990924,0.168386567217831,0.135166295387694,0.947,2000,180.156373023987
452,"naive",500,5,"none",0,10,2,2000,0.00798156138884343,0.0119324552830507,0.0118746873044991,0.109235778401816,0.088099919233629,0.947,2000,399.386015176773
452,"ipw_robust",500,5,"none",0,10,2,2000,-0.0215043458704873,0.0125720572986976,0.0121156782465033,0.112125185835733,0.0898194451685415,0.947,2000,399.386015176773
452,"dr_robust",500,5,"none",0,10,2,2000,0.00389349396767891,0.0117284047214783,0.0117191049786913,0.108297759540437,0.0874315330159085,0.947,2000,399.386015176773
452,"aipw_robust",500,5,"none",0,10,2,2000,0.00265503006984069,0.015816402935047,0.015817262381566,0.125763281346532,0.0994877797672346,0.947,2000,399.386015176773
452,"reg_adj",500,5,"none",0,10,2,2000,0.00779107329741668,0.0113078924916937,0.0112528180776068,0.106338574805635,0.0861865616096335,0.9495,2000,399.386015176773
452,"adaptive",500,5,"none",0,10,2,2000,0.00779107329741668,0.0113078924916937,0.0112528180776068,0.106338574805635,0.0861865616096335,0.9495,2000,399.386015176773
453,"naive",1000,5,"none",0,10,2,2000,0.010884542771799,0.00576661817466387,0.005650970388507,0.0759382523808908,0.060766871621073,0.946,2000,732.099687099457
453,"ipw_robust",1000,5,"none",0,10,2,2000,-0.0184414582381747,0.00631613027481371,0.0059790324090679,0.0794740855550645,0.0639492905465324,0.951,2000,732.099687099457
453,"dr_robust",1000,5,"none",0,10,2,2000,0.00632108510605489,0.00566853565096809,0.00563139523166593,0.0752896782498643,0.0601603703182438,0.9525,2000,732.099687099457
453,"aipw_robust",1000,5,"none",0,10,2,2000,0.00269951972334237,0.0078093580870649,0.00780597366716177,0.088370572517467,0.0703627867067453,0.948,2000,732.099687099457
453,"reg_adj",1000,5,"none",0,10,2,2000,0.00959917610303407,0.00552139468538757,0.0054319664867739,0.074306087808386,0.0593473637415149,0.951,2000,732.099687099457
453,"adaptive",1000,5,"none",0,10,2,2000,0.00959917610303407,0.00552139468538757,0.0054319664867739,0.074306087808386,0.0593473637415149,0.951,2000,732.099687099457
454,"naive",200,10,"none",0,10,2,2000,0.00879791371976557,0.0351627733956802,0.0351029215706451,0.187517394914926,0.148148200451955,0.944,2000,309.226624965668
454,"ipw_robust",200,10,"none",0,10,2,2000,-0.0169175302535698,0.0354135378336428,0.0351449074574911,0.188184850170365,0.149073258977129,0.9445,2000,309.226624965668
454,"dr_robust",200,10,"none",0,10,2,2000,0.00424006496047369,0.0335290140207676,0.0335277997697835,0.183109295287726,0.144694616129631,0.946,2000,309.226624965668
454,"aipw_robust",200,10,"none",0,10,2,2000,-0.00606665690217545,0.0429075536466389,0.0428921954183794,0.207141385644296,0.165406601835768,0.9525,2000,309.226624965668
454,"reg_adj",200,10,"none",0,10,2,2000,0.00970679896542892,0.0309869642612609,0.0309081964133123,0.176031145713652,0.139856620537262,0.945,2000,309.226624965668
454,"adaptive",200,10,"none",0,10,2,2000,0.00866057378457974,0.0310969150044603,0.0310374281802723,0.176343173966163,0.13998713683601,0.9445,2000,309.226624965668
455,"naive",500,10,"none",0,10,2,2000,0.0100551069291352,0.0123271419693568,0.0122321528704356,0.11102766308158,0.0889400259634958,0.9525,2000,722.368926048279
455,"ipw_robust",500,10,"none",0,10,2,2000,-0.0127735021202147,0.0124732591772148,0.0123162549482738,0.111683746253494,0.0889685851686256,0.948,2000,722.368926048279
455,"dr_robust",500,10,"none",0,10,2,2000,0.00511380084658386,0.0118664591389642,0.0118462312955134,0.108933278381605,0.0871792133531253,0.95,2000,722.368926048279
455,"aipw_robust",500,10,"none",0,10,2,2000,-0.00303775409672835,0.0163773204774383,0.01637628066782,0.127973905455129,0.102262561401961,0.9525,2000,722.368926048279
455,"reg_adj",500,10,"none",0,10,2,2000,0.00970958503019625,0.0110866407488482,0.0109978636392092,0.105293118240691,0.0840908688009036,0.9445,2000,722.368926048279
455,"adaptive",500,10,"none",0,10,2,2000,0.00970958503019625,0.0110866407488482,0.0109978636392092,0.105293118240691,0.0840908688009036,0.9445,2000,722.368926048279
456,"naive",1000,10,"none",0,10,2,2000,0.0115023573384274,0.00613776786016848,0.00600846786976248,0.0783439076136012,0.0626475604590352,0.951,2000,1290.09330606461
456,"ipw_robust",1000,10,"none",0,10,2,2000,-0.0110061654041804,0.0062482828518191,0.00613021228105545,0.0790460805595008,0.0629628096852301,0.944,2000,1290.09330606461
456,"dr_robust",1000,10,"none",0,10,2,2000,0.00708134792161541,0.00596105624450549,0.00591386768996351,0.0772078768294109,0.0614921354506062,0.9515,2000,1290.09330606461
456,"aipw_robust",1000,10,"none",0,10,2,2000,0.00398282577985265,0.00767592038960158,0.00766388943312549,0.0876123301231144,0.0697004035370609,0.948,2000,1290.09330606461
456,"reg_adj",1000,10,"none",0,10,2,2000,0.0106989084524689,0.00566396167948165,0.00555227117299384,0.0752592962994051,0.0602581357445779,0.9505,2000,1290.09330606461
456,"adaptive",1000,10,"none",0,10,2,2000,0.0106989084524689,0.00566396167948165,0.00555227117299384,0.0752592962994051,0.0602581357445779,0.9505,2000,1290.09330606461
457,"naive",200,20,"none",0,10,2,2000,0.00921829756825554,0.0383799376839772,0.0383141177327867,0.1959079826959,0.154954147790415,0.9505,2000,724.261955022812
457,"ipw_robust",200,20,"none",0,10,2,2000,-0.0160880696153525,0.0371183015924086,0.036877914565743,0.192661105551714,0.154160642284723,0.9545,2000,724.261955022812
457,"dr_robust",200,20,"none",0,10,2,2000,0.00545947943935454,0.0370038313720122,0.0369925217171221,0.192363799536223,0.15228479462553,0.9525,2000,724.261955022812
457,"aipw_robust",200,20,"none",0,10,2,2000,0.00621140591347968,0.0450953652543179,0.0450793233525722,0.212356693453062,0.167609663072489,0.9445,2000,724.261955022812
457,"reg_adj",200,20,"none",0,10,2,2000,0.00893713432140464,0.0312303241820922,0.0311660348296282,0.176721034916878,0.140764273327549,0.9525,2000,724.261955022812
457,"adaptive",200,20,"none",0,10,2,2000,0.00723989519209312,0.0322309808957532,0.0321946621444329,0.179529888586144,0.142731108646138,0.953,2000,724.261955022812
458,"naive",500,20,"none",0,10,2,2000,0.00825319316424622,0.0128608742361568,0.0127991586180594,0.113405794544004,0.0902991309514178,0.952,2000,1972.32616615295
458,"ipw_robust",500,20,"none",0,10,2,2000,-0.0169517305813529,0.0130479459607519,0.0127669682751868,0.114227605948614,0.0914116098459466,0.947,2000,1972.32616615295
458,"dr_robust",500,20,"none",0,10,2,2000,0.00342558298198137,0.0121898346772831,0.012184192154594,0.110407584328628,0.0874761126087271,0.9485,2000,1972.32616615295
458,"aipw_robust",500,20,"none",0,10,2,2000,0.000993982986332576,0.0161538907812665,0.0161609832707247,0.12709795742366,0.101138865198776,0.9475,2000,1972.32616615295
458,"reg_adj",500,20,"none",0,10,2,2000,0.007924743718557,0.0115261752025645,0.0114691081936565,0.107360026092417,0.0852890266421724,0.954,2000,1972.32616615295
458,"adaptive",500,20,"none",0,10,2,2000,0.00788027348574749,0.0115042917121601,0.0114479169604302,0.107258061292194,0.0852445564093628,0.9545,2000,1972.32616615295
459,"naive",1000,20,"none",0,10,2,2000,0.010945832270552,0.00601173959644251,0.00589487579024258,0.0775354086623816,0.0614099568577547,0.944,2000,3594.10184693336
459,"ipw_robust",1000,20,"none",0,10,2,2000,-0.0138288343526431,0.00628829408275951,0.00610010747694514,0.0792987646988244,0.0626939425143121,0.943,2000,3594.10184693336
459,"dr_robust",1000,20,"none",0,10,2,2000,0.0058455582930983,0.00583851733527529,0.00580725040872164,0.0764101913050562,0.0607424028941936,0.948,2000,3594.10184693336
459,"aipw_robust",1000,20,"none",0,10,2,2000,0.00179682319255292,0.00806808442777449,0.00806889029933886,0.0898225162627639,0.0714104315701328,0.951,2000,3594.10184693336
459,"reg_adj",1000,20,"none",0,10,2,2000,0.0102058595490049,0.0053843771238355,0.00528285898419358,0.073378315079017,0.0586676293016747,0.9435,2000,3594.10184693336
459,"adaptive",1000,20,"none",0,10,2,2000,0.0102058595490049,0.0053843771238355,0.00528285898419358,0.073378315079017,0.0586676293016747,0.9435,2000,3594.10184693336
460,"naive",200,5,"covariate",0,10,2,2000,0.0043821466262508,0.0305492080540522,0.0305452774837401,0.174783317436339,0.140165570870823,0.958,2000,179.355829000473
460,"ipw_robust",200,5,"covariate",0,10,2,2000,-0.0266942697853321,0.032269759216045,0.0315729616575016,0.179637855743284,0.143113530734451,0.9535,2000,179.355829000473
460,"dr_robust",200,5,"covariate",0,10,2,2000,-0.000732430776131165,0.0303581465691926,0.0303727965126071,0.174235893458244,0.140423696720611,0.9595,2000,179.355829000473
460,"aipw_robust",200,5,"covariate",0,10,2,2000,-0.00387008883522078,0.0406524539973208,0.0406578053123845,0.201624537190593,0.160713943358012,0.948,2000,179.355829000473
460,"reg_adj",200,5,"covariate",0,10,2,2000,0.00480744746920658,0.0283506493604382,0.0283417086636008,0.168376510714643,0.135665409555766,0.9565,2000,179.355829000473
460,"adaptive",200,5,"covariate",0,10,2,2000,0.00479336173934852,0.0283588212850256,0.0283500199782505,0.168400775785106,0.135649150789742,0.9565,2000,179.355829000473
461,"naive",500,5,"covariate",0,10,2,2000,0.0158370266795784,0.0118954811903792,0.0116504950238415,0.1090664072498,0.0865354255285862,0.9425,2000,402.693419933319
461,"ipw_robust",500,5,"covariate",0,10,2,2000,-0.0139945101203782,0.0123686788201916,0.0121789219676661,0.111214562086948,0.0886870271361167,0.952,2000,402.693419933319
461,"dr_robust",500,5,"covariate",0,10,2,2000,0.0108435838111571,0.0116365083201137,0.0115246873539211,0.107872648619164,0.0858972790397743,0.944,2000,402.693419933319
461,"aipw_robust",500,5,"covariate",0,10,2,2000,0.0047247908246848,0.0161098183300627,0.0160955424529522,0.126924459148199,0.101193254501818,0.9485,2000,402.693419933319
461,"reg_adj",500,5,"covariate",0,10,2,2000,0.0140110551257315,0.0112173925530669,0.0110265961854234,0.105912192655364,0.0844338505759797,0.9445,2000,402.693419933319
461,"adaptive",500,5,"covariate",0,10,2,2000,0.0140110551257315,0.0112173925530669,0.0110265961854234,0.105912192655364,0.0844338505759797,0.9445,2000,402.693419933319
462,"naive",1000,5,"covariate",0,10,2,2000,0.0115006678948903,0.00577900614703263,0.00564956556778796,0.0760197747104833,0.0607098104993326,0.949,2000,734.864009857178
462,"ipw_robust",1000,5,"covariate",0,10,2,2000,-0.017745027168462,0.00616403668823926,0.00585207673739851,0.0785113793550926,0.0628265006172987,0.9415,2000,734.864009857178
462,"dr_robust",1000,5,"covariate",0,10,2,2000,0.00654714291694969,0.00552263991153415,0.00548251608920379,0.074314466367822,0.0595781595439165,0.955,2000,734.864009857178
462,"aipw_robust",1000,5,"covariate",0,10,2,2000,0.00147626683645941,0.00746136662126951,0.00746291871685551,0.0863792024810921,0.0690260856246597,0.9545,2000,734.864009857178
462,"reg_adj",1000,5,"covariate",0,10,2,2000,0.00984898497511821,0.00546904363209722,0.00537472849130277,0.073952982577427,0.0593351035850437,0.9515,2000,734.864009857178
462,"adaptive",1000,5,"covariate",0,10,2,2000,0.00984898497511821,0.00546904363209722,0.00537472849130277,0.073952982577427,0.0593351035850437,0.9515,2000,734.864009857178
463,"naive",200,10,"covariate",0,10,2,2000,0.00530320967166098,0.0324567058178221,0.0324448041870941,0.180157447300471,0.143247783572549,0.9515,2000,308.130365848541
463,"ipw_robust",200,10,"covariate",0,10,2,2000,-0.0190048471139084,0.0331494522160324,0.032804670337378,0.18206991024338,0.145327451845027,0.9475,2000,308.130365848541
463,"dr_robust",200,10,"covariate",0,10,2,2000,-0.00111630602820356,0.0315397229873089,0.0315542539751479,0.177594265074379,0.142120472058859,0.951,2000,308.130365848541
463,"aipw_robust",200,10,"covariate",0,10,2,2000,-0.00140795575664798,0.0420155487728565,0.0420345837253065,0.204976946930274,0.164227953075282,0.9505,2000,308.130365848541
463,"reg_adj",200,10,"covariate",0,10,2,2000,0.0045121874829519,0.0296257215824252,0.0296201718324601,0.172121240939128,0.136630565535512,0.9465,2000,308.130365848541
463,"adaptive",200,10,"covariate",0,10,2,2000,0.00430178329059716,0.0296680458774427,0.0296643727243256,0.172244146134035,0.136739917256188,0.947,2000,308.130365848541
464,"naive",500,10,"covariate",0,10,2,2000,0.0116735060455206,0.0118051228300374,0.0116746894313583,0.108651382089863,0.086453601124096,0.9465,2000,727.204614162445
464,"ipw_robust",500,10,"covariate",0,10,2,2000,-0.0116743673529669,0.0120726057299223,0.0119422860198402,0.109875410033011,0.0870760369253492,0.9485,2000,727.204614162445
464,"dr_robust",500,10,"covariate",0,10,2,2000,0.00666790986404475,0.0114307861453398,0.0113920211339518,0.106914854652381,0.0853345634703558,0.9495,2000,727.204614162445
464,"aipw_robust",500,10,"covariate",0,10,2,2000,8.7765897275105e-05,0.0162730627739036,0.0162811956688853,0.127565915408089,0.102135818730357,0.955,2000,727.204614162445
464,"reg_adj",500,10,"covariate",0,10,2,2000,0.0107184702978254,0.010958589729431,0.0108491286882498,0.104683282951152,0.0835497233262767,0.9495,2000,727.204614162445
464,"adaptive",500,10,"covariate",0,10,2,2000,0.0107184702978254,0.010958589729431,0.0108491286882498,0.104683282951152,0.0835497233262767,0.9495,2000,727.204614162445
465,"naive",1000,10,"covariate",0,10,2,2000,0.0113113511169649,0.00617338631461484,0.00604846388246481,0.0785708999223939,0.0627358129832582,0.9455,2000,1284.55565500259
465,"ipw_robust",1000,10,"covariate",0,10,2,2000,-0.0120138173495301,0.00643976182588678,0.00629857930823303,0.0802481266191727,0.0642758043390513,0.947,2000,1284.55565500259
465,"dr_robust",1000,10,"covariate",0,10,2,2000,0.00674829077843686,0.00608032949662768,0.00603780897268368,0.077976467582391,0.0620650995673556,0.949,2000,1284.55565500259
465,"aipw_robust",1000,10,"covariate",0,10,2,2000,0.00189644475218875,0.00854653980342116,0.00854721690917764,0.0924474975508865,0.0736715979658848,0.949,2000,1284.55565500259
465,"reg_adj",1000,10,"covariate",0,10,2,2000,0.0108125474164154,0.00584183965819683,0.00572779237275098,0.0764319282642852,0.0606364530304732,0.944,2000,1284.55565500259
465,"adaptive",1000,10,"covariate",0,10,2,2000,0.0108125474164154,0.00584183965819683,0.00572779237275098,0.0764319282642852,0.0606364530304732,0.944,2000,1284.55565500259
466,"naive",200,20,"covariate",0,10,2,2000,0.0189270698481279,0.0405096462138328,0.0401714979897917,0.201270082759045,0.156024279399808,0.9385,2000,731.048183917999
466,"ipw_robust",200,20,"covariate",0,10,2,2000,-0.00517319976327602,0.0372736587202736,0.0372655294892275,0.193063872125972,0.152293722646451,0.9455,2000,731.048183917999
466,"dr_robust",200,20,"covariate",0,10,2,2000,0.0115915723456785,0.0373638664813841,0.0372481259949364,0.193297352494503,0.150737652534846,0.9455,2000,731.048183917999
466,"aipw_robust",200,20,"covariate",0,10,2,2000,0.00697646108615313,0.0440775415927748,0.044050896031504,0.20994652079226,0.167379083994677,0.947,2000,731.048183917999
466,"reg_adj",200,20,"covariate",0,10,2,2000,0.0167165477295614,0.0302952892428489,0.030030861705707,0.174055420032956,0.13804883656896,0.952,2000,731.048183917999
466,"adaptive",200,20,"covariate",0,10,2,2000,0.0161450169875921,0.0321818557711734,0.0319371627790332,0.17939302040819,0.141570457448709,0.9495,2000,731.048183917999
467,"naive",500,20,"covariate",0,10,2,2000,0.00744067336905418,0.0120553200212273,0.0120059593807327,0.109796721359189,0.087974579024247,0.948,2000,1967.53001379967
467,"ipw_robust",500,20,"covariate",0,10,2,2000,-0.0164468001430123,0.0125652996547934,0.0123009528962974,0.112095047414207,0.0901479094719638,0.952,2000,1967.53001379967
467,"dr_robust",500,20,"covariate",0,10,2,2000,0.0033382555628938,0.0115861773438907,0.0115808238055903,0.107639106944877,0.0865349321238888,0.9495,2000,1967.53001379967
467,"aipw_robust",500,20,"covariate",0,10,2,2000,-0.0013298812467335,0.0155954350658698,0.0156014672153471,0.124881684269031,0.100262659597939,0.9485,2000,1967.53001379967
467,"reg_adj",500,20,"covariate",0,10,2,2000,0.00850550473942402,0.0108411840769647,0.0107742275798823,0.104121006895654,0.0836597824851217,0.952,2000,1967.53001379967
467,"adaptive",500,20,"covariate",0,10,2,2000,0.00850550473942402,0.0108411840769647,0.0107742275798823,0.104121006895654,0.0836597824851217,0.952,2000,1967.53001379967
468,"naive",1000,20,"covariate",0,10,2,2000,0.00982529537048071,0.00584675532687239,0.00575309544547794,0.0764640786701337,0.0608102379830297,0.9485,2000,3647.03135299683
468,"ipw_robust",1000,20,"covariate",0,10,2,2000,-0.0133047386490879,0.00614426150536292,0.00597023055011745,0.078385339862521,0.0630323189011718,0.949,2000,3647.03135299683
468,"dr_robust",1000,20,"covariate",0,10,2,2000,0.00573761041357734,0.00560656687577236,0.00557643491997436,0.0748770116642776,0.0593986365379741,0.948,2000,3647.03135299683
468,"aipw_robust",1000,20,"covariate",0,10,2,2000,-0.000476135480926398,0.00783172213870047,0.00783541314027441,0.0884970176825212,0.0704283530734418,0.942,2000,3647.03135299683
468,"reg_adj",1000,20,"covariate",0,10,2,2000,0.00955831858032274,0.00548692988760567,0.00539826756730637,0.074073813777918,0.0586867755782948,0.949,2000,3647.03135299683
468,"adaptive",1000,20,"covariate",0,10,2,2000,0.00955831858032274,0.00548692988760567,0.00539826756730637,0.074073813777918,0.0586867755782948,0.949,2000,3647.03135299683
469,"naive",200,5,"outcome",0,10,2,2000,-0.00240636468069622,0.0295669815003091,0.029575978898782,0.171950520500256,0.137246984525865,0.9495,2000,179.63965511322
469,"ipw_robust",200,5,"outcome",0,10,2,2000,-0.0307261605967395,0.0316202400188741,0.0306914888182666,0.177820808734169,0.141653459989513,0.9435,2000,179.63965511322
469,"dr_robust",200,5,"outcome",0,10,2,2000,-0.00690282858373359,0.029348922222795,0.0293159311459116,0.171315271423172,0.136766157747977,0.9495,2000,179.63965511322
469,"aipw_robust",200,5,"outcome",0,10,2,2000,-0.00667269140823978,0.0401542557911588,0.0401297958784684,0.20038526839855,0.158431011851386,0.9445,2000,179.63965511322
469,"reg_adj",200,5,"outcome",0,10,2,2000,-0.0029605325304205,0.027183641914403,0.0271884713972379,0.16487462483476,0.131908648565365,0.949,2000,179.63965511322
469,"adaptive",200,5,"outcome",0,10,2,2000,-0.00291537289364063,0.0274121727629786,0.027417382054897,0.165566218664855,0.132118429093243,0.949,2000,179.63965511322
470,"naive",500,5,"outcome",0,10,2,2000,0.0120149023468827,0.0110109513002802,0.0108720294365933,0.104933080104799,0.0837743737711721,0.9525,2000,399.28817987442
470,"ipw_robust",500,5,"outcome",0,10,2,2000,-0.0176281110487775,0.0116241100297036,0.0113190192401756,0.107815166046821,0.0863224625682518,0.951,2000,399.28817987442
470,"dr_robust",500,5,"outcome",0,10,2,2000,0.00756743966433904,0.0107996941689327,0.0107478019268226,0.103921577013307,0.0833677023378054,0.9535,2000,399.28817987442
470,"aipw_robust",500,5,"outcome",0,10,2,2000,0.0026049403875148,0.0154340206824034,0.015434952444203,0.124233734075747,0.0985724034391201,0.9465,2000,399.28817987442
470,"reg_adj",500,5,"outcome",0,10,2,2000,0.011544370581321,0.0104628130049471,0.0103347078667616,0.102287892758367,0.0818600379378138,0.9525,2000,399.28817987442
470,"adaptive",500,5,"outcome",0,10,2,2000,0.011544370581321,0.0104628130049471,0.0103347078667616,0.102287892758367,0.0818600379378138,0.9525,2000,399.28817987442
471,"naive",1000,5,"outcome",0,10,2,2000,0.00965747827259245,0.00602905059171966,0.00593875308167491,0.0776469612523225,0.0618200908341289,0.9465,2000,732.021958827972
471,"ipw_robust",1000,5,"outcome",0,10,2,2000,-0.0193350958760083,0.00639009230029309,0.00601925599575653,0.0799380528928062,0.0639627899384435,0.942,2000,732.021958827972
471,"dr_robust",1000,5,"outcome",0,10,2,2000,0.00457766525594838,0.00594377221642718,0.0059257800872753,0.0770958638088139,0.0613698900313045,0.949,2000,732.021958827972
471,"aipw_robust",1000,5,"outcome",0,10,2,2000,-0.000699303047765776,0.00795382306516587,0.00795731269676163,0.0891842086087322,0.0711782819413744,0.9485,2000,732.021958827972
471,"reg_adj",1000,5,"outcome",0,10,2,2000,0.00804755234652177,0.00568070145873391,0.00561874773383082,0.0753704282775009,0.0600405548497679,0.943,2000,732.021958827972
471,"adaptive",1000,5,"outcome",0,10,2,2000,0.00804755234652177,0.00568070145873391,0.00561874773383082,0.0753704282775009,0.0600405548497679,0.943,2000,732.021958827972
472,"naive",200,10,"outcome",0,10,2,2000,0.00536852223848694,0.0331194576973537,0.0331071902614593,0.18198752071874,0.144726948161622,0.9485,2000,306.540971040726
472,"ipw_robust",200,10,"outcome",0,10,2,2000,-0.0169015686371976,0.0330435513036684,0.03277427541898,0.181778852740544,0.144422391834588,0.9565,2000,306.540971040726
472,"dr_robust",200,10,"outcome",0,10,2,2000,0.0018848661012365,0.0322812317806408,0.0322938259734079,0.179669785385971,0.143280722369057,0.942,2000,306.540971040726
472,"aipw_robust",200,10,"outcome",0,10,2,2000,-0.00240736390400653,0.0419202198296071,0.0419353921247031,0.204744279113257,0.161667577866521,0.9465,2000,306.540971040726
472,"reg_adj",200,10,"outcome",0,10,2,2000,0.00684538815409264,0.0295663833881037,0.0295342911947209,0.171948781292871,0.137560603483181,0.949,2000,306.540971040726
472,"adaptive",200,10,"outcome",0,10,2,2000,0.0072076298336099,0.0297302562721256,0.0296931529207676,0.172424639399726,0.138058083564655,0.949,2000,306.540971040726
473,"naive",500,10,"outcome",0,10,2,2000,0.0100050561727438,0.0116783278515474,0.0115840187118836,0.108066312288092,0.0851082103541828,0.9435,2000,721.451927900314
473,"ipw_robust",500,10,"outcome",0,10,2,2000,-0.0141217046480147,0.0122076582179749,0.0120142427972077,0.110488271857129,0.0879345818602987,0.9485,2000,721.451927900314
473,"dr_robust",500,10,"outcome",0,10,2,2000,0.0052396221837836,0.0115460230776389,0.0115243316028115,0.107452422390744,0.0850960388249601,0.9465,2000,721.451927900314
473,"aipw_robust",500,10,"outcome",0,10,2,2000,-0.00101852986500206,0.0158982151103065,0.0159051302723568,0.126088124382538,0.101259601491611,0.9515,2000,721.451927900314
473,"reg_adj",500,10,"outcome",0,10,2,2000,0.010009114404375,0.0108605338574297,0.0107657343534465,0.104213885146988,0.0821164708091628,0.9435,2000,721.451927900314
473,"adaptive",500,10,"outcome",0,10,2,2000,0.010009114404375,0.0108605338574297,0.0107657343534465,0.104213885146988,0.0821164708091628,0.9435,2000,721.451927900314
474,"naive",1000,10,"outcome",0,10,2,2000,0.0114118955948408,0.00595425178109967,0.00582693388697562,0.0771637983843439,0.0617319383868527,0.9455,2000,1288.35747003555
474,"ipw_robust",1000,10,"outcome",0,10,2,2000,-0.0119649627208349,0.00619942293718827,0.0060592922504025,0.0787364143023307,0.0627091857326871,0.9475,2000,1288.35747003555
474,"dr_robust",1000,10,"outcome",0,10,2,2000,0.00683925538993746,0.00580058011386229,0.00575668304109405,0.0761615395975048,0.0609334687013668,0.9485,2000,1288.35747003555
474,"aipw_robust",1000,10,"outcome",0,10,2,2000,0.000836063813681953,0.00791508493465275,0.00791834510450445,0.0889667630896659,0.0713231798977489,0.952,2000,1288.35747003555
474,"reg_adj",1000,10,"outcome",0,10,2,2000,0.0108603230431186,0.00567070856272579,0.00555553971598289,0.0753041072102033,0.0603099027397781,0.9485,2000,1288.35747003555
474,"adaptive",1000,10,"outcome",0,10,2,2000,0.0108603230431186,0.00567070856272579,0.00555553971598289,0.0753041072102033,0.0603099027397781,0.9485,2000,1288.35747003555
475,"naive",200,20,"outcome",0,10,2,2000,0.0114035590585688,0.0379445846726804,0.0378334602436,0.194793697723208,0.155458316067247,0.9495,2000,722.24436211586
475,"ipw_robust",200,20,"outcome",0,10,2,2000,-0.0109538813244074,0.0360048604225033,0.0359028243185934,0.189749467515731,0.152400305163418,0.9545,2000,722.24436211586
475,"dr_robust",200,20,"outcome",0,10,2,2000,0.00830204261977352,0.0355759091037555,0.0355247475658779,0.188615771089682,0.151304884459301,0.951,2000,722.24436211586
475,"aipw_robust",200,20,"outcome",0,10,2,2000,0.00235232333479374,0.0434681899105443,0.0434843986848153,0.208490263347103,0.167705207858018,0.9565,2000,722.24436211586
475,"reg_adj",200,20,"outcome",0,10,2,2000,0.0116249674215121,0.0297044000015595,0.0295840521600883,0.172349644622667,0.137284692724655,0.9515,2000,722.24436211586
475,"adaptive",200,20,"outcome",0,10,2,2000,0.0117442212719379,0.0303953696698506,0.0302725792261794,0.174342678853603,0.138818485243362,0.953,2000,722.24436211586
476,"naive",500,20,"outcome",0,10,2,2000,0.0125633139777261,0.012410936823482,0.0122592295801692,0.1114043842202,0.0897762913601138,0.9465,2000,1984.73843407631
476,"ipw_robust",500,20,"outcome",0,10,2,2000,-0.0128703213062569,0.012544927510084,0.0123854750770963,0.11200414059348,0.0890477145029391,0.947,2000,1984.73843407631
476,"dr_robust",500,20,"outcome",0,10,2,2000,0.0079099858207532,0.0120973915153587,0.0120408440617051,0.10998814261255,0.0884258525380569,0.949,2000,1984.73843407631
476,"aipw_robust",500,20,"outcome",0,10,2,2000,0.00344139619042938,0.0167581741463347,0.0167547082927415,0.12945336668598,0.103615988975077,0.95,2000,1984.73843407631
476,"reg_adj",500,20,"outcome",0,10,2,2000,0.012378877185558,0.0113659647288217,0.0112183372970952,0.106611278619205,0.0855887487857427,0.949,2000,1984.73843407631
476,"adaptive",500,20,"outcome",0,10,2,2000,0.012378877185558,0.0113659647288217,0.0112183372970952,0.106611278619205,0.0855887487857427,0.949,2000,1984.73843407631
477,"naive",1000,20,"outcome",0,10,2,2000,0.0093822520447242,0.00618848303545013,0.00610350813608744,0.0786669119481,0.0627773700957139,0.9445,2000,3656.66868710518
477,"ipw_robust",1000,20,"outcome",0,10,2,2000,-0.0139416576744789,0.0067132107394747,0.00652210197174822,0.0819341854141158,0.0652536613505754,0.9475,2000,3656.66868710518
477,"dr_robust",1000,20,"outcome",0,10,2,2000,0.00502215775093973,0.00601189959728572,0.00598967236499289,0.0775364404476097,0.0619923347867239,0.9525,2000,3656.66868710518
477,"aipw_robust",1000,20,"outcome",0,10,2,2000,0.00107851404289505,0.00832107641591317,0.00832407526100295,0.0912199343121512,0.0721401663741925,0.949,2000,3656.66868710518
477,"reg_adj",1000,20,"outcome",0,10,2,2000,0.00912044502192177,0.0057490247664539,0.00566867658734969,0.0758223236682569,0.0603916182969656,0.948,2000,3656.66868710518
477,"adaptive",1000,20,"outcome",0,10,2,2000,0.00912044502192177,0.0057490247664539,0.00566867658734969,0.0758223236682569,0.0603916182969656,0.948,2000,3656.66868710518
478,"naive",200,5,"treatment",0,10,2,2000,0.00966813910726749,0.030487970597932,0.0304097025354022,0.174608048491276,0.139465399711638,0.9455,2000,180.734618186951
478,"ipw_robust",200,5,"treatment",0,10,2,2000,-0.0224756606733147,0.0316258660590126,0.0311362788757485,0.177836627439379,0.140615438954723,0.9435,2000,180.734618186951
478,"dr_robust",200,5,"treatment",0,10,2,2000,0.00415182150276561,0.0300213513014767,0.0300191232413065,0.173266705692342,0.138252123626656,0.946,2000,180.734618186951
478,"aipw_robust",200,5,"treatment",0,10,2,2000,-0.00360956905978638,0.0402679324098406,0.040275040941514,0.200668713081638,0.159455500082748,0.946,2000,180.734618186951
478,"reg_adj",200,5,"treatment",0,10,2,2000,0.00910699861408704,0.0279091469755671,0.0278401296166185,0.167060309396239,0.133538736342398,0.949,2000,180.734618186951
478,"adaptive",200,5,"treatment",0,10,2,2000,0.00888577832076232,0.0279474146260397,0.0278823987690585,0.167174802605057,0.133671365650108,0.949,2000,180.734618186951
479,"naive",500,5,"treatment",0,10,2,2000,0.00861988063852959,0.0118081113940807,0.0117396788913039,0.108665134215537,0.0872529641384482,0.9525,2000,400.289040088654
479,"ipw_robust",500,5,"treatment",0,10,2,2000,-0.0213684249680726,0.012364669388155,0.0119140168109443,0.111196534964697,0.0895846235171152,0.9535,2000,400.289040088654
479,"dr_robust",500,5,"treatment",0,10,2,2000,0.0040117998516096,0.0115557768576669,0.0115454550471411,0.10749779931546,0.0862057600685689,0.9535,2000,400.289040088654
479,"aipw_robust",500,5,"treatment",0,10,2,2000,-0.00258916185438274,0.0147712349080868,0.0147719171075324,0.121536969305997,0.0975151780182555,0.953,2000,400.289040088654
479,"reg_adj",500,5,"treatment",0,10,2,2000,0.00749239516823685,0.011071765329574,0.0110211399141741,0.105222456393937,0.0846198925121263,0.9495,2000,400.289040088654
479,"adaptive",500,5,"treatment",0,10,2,2000,0.00749239516823685,0.011071765329574,0.0110211399141741,0.105222456393937,0.0846198925121263,0.9495,2000,400.289040088654
480,"naive",1000,5,"treatment",0,10,2,2000,0.00817725992091312,0.00583949705040213,0.00577551722920256,0.0764166019291759,0.0614139047984467,0.952,2000,734.040222167969
480,"ipw_robust",1000,5,"treatment",0,10,2,2000,-0.0202718735229155,0.00648926158585845,0.00608135340643259,0.0805559531372974,0.0643096610450616,0.9445,2000,734.040222167969
480,"dr_robust",1000,5,"treatment",0,10,2,2000,0.00361249160136712,0.0057069347389702,0.0056967330099052,0.075544256823204,0.0606262954292883,0.9535,2000,734.040222167969
480,"aipw_robust",1000,5,"treatment",0,10,2,2000,0.000367113964874655,0.00820819362538854,0.00821216493519293,0.0905990818131649,0.0725232144355832,0.955,2000,734.040222167969
480,"reg_adj",1000,5,"treatment",0,10,2,2000,0.00706944658517772,0.00544474530350124,0.00539746696196154,0.0737885174231143,0.0595373028611577,0.95,2000,734.040222167969
480,"adaptive",1000,5,"treatment",0,10,2,2000,0.00706944658517772,0.00544474530350124,0.00539746696196154,0.0737885174231143,0.0595373028611577,0.95,2000,734.040222167969
481,"naive",200,10,"treatment",0,10,2,2000,0.00262206810052756,0.0324219166484992,0.0324312570358933,0.180060869287303,0.144557314890084,0.957,2000,311.576848983765
481,"ipw_robust",200,10,"treatment",0,10,2,2000,-0.0188460015039653,0.0334288980515193,0.0330902714145391,0.182835713282497,0.147087581607182,0.9575,2000,311.576848983765
481,"dr_robust",200,10,"treatment",0,10,2,2000,-0.00103491230075314,0.0316539537175599,0.0316687170326059,0.17791558031145,0.142813299127632,0.9585,2000,311.576848983765
481,"aipw_robust",200,10,"treatment",0,10,2,2000,-0.00484631353783138,0.0425728733216112,0.0425706719026556,0.206331949347674,0.164879172603719,0.948,2000,311.576848983765
481,"reg_adj",200,10,"treatment",0,10,2,2000,0.00477804706786333,0.0283808557726707,0.0283722121449604,0.168466185843541,0.135240506874238,0.9575,2000,311.576848983765
481,"adaptive",200,10,"treatment",0,10,2,2000,0.00495766602512004,0.0286819688317241,0.0286717262424287,0.169357517789214,0.135725779876691,0.9575,2000,311.576848983765
482,"naive",500,10,"treatment",0,10,2,2000,0.0105740875386631,0.0121425985115609,0.0120368055870792,0.110193459477234,0.0876773207013006,0.95,2000,723.167208909988
482,"ipw_robust",500,10,"treatment",0,10,2,2000,-0.0115718326873728,0.0124878987696299,0.0123601715436572,0.111749267423236,0.0888953237150753,0.944,2000,723.167208909988
482,"dr_robust",500,10,"treatment",0,10,2,2000,0.0050792110842881,0.0118855913456377,0.0118657258233106,0.109021059184167,0.0865234473799409,0.9515,2000,723.167208909988
482,"aipw_robust",500,10,"treatment",0,10,2,2000,0.00256309074393224,0.0159127390076005,0.0159141266367572,0.126145705466339,0.100842263024692,0.9525,2000,723.167208909988
482,"reg_adj",500,10,"treatment",0,10,2,2000,0.00967790300484506,0.0114960931995751,0.0114081354607343,0.107219835849413,0.0856255700321062,0.95,2000,723.167208909988
482,"adaptive",500,10,"treatment",0,10,2,2000,0.00967790300484506,0.0114960931995751,0.0114081354607343,0.107219835849413,0.0856255700321062,0.95,2000,723.167208909988
483,"naive",1000,10,"treatment",0,10,2,2000,0.00821820097460435,0.00628810171655151,0.00622367472665585,0.0792975517689639,0.06331477556053,0.954,2000,1333.02124810219
483,"ipw_robust",1000,10,"treatment",0,10,2,2000,-0.0148497189290511,0.00662251345307576,0.00640520190175482,0.0813788268106376,0.0655916936521476,0.9505,2000,1333.02124810219
483,"dr_robust",1000,10,"treatment",0,10,2,2000,0.00353083267293375,0.00612271209340941,0.00611330196502766,0.0782477609482176,0.0624512646019336,0.9505,2000,1333.02124810219
483,"aipw_robust",1000,10,"treatment",0,10,2,2000,-0.00244310307687989,0.00825839837916731,0.00825655790547579,0.090875730418893,0.072927659802671,0.9515,2000,1333.02124810219
483,"reg_adj",1000,10,"treatment",0,10,2,2000,0.00764877113122697,0.00585274652995755,0.00579714140084008,0.076503245225007,0.0611053398733506,0.955,2000,1333.02124810219
483,"adaptive",1000,10,"treatment",0,10,2,2000,0.00764877113122697,0.00585274652995755,0.00579714140084008,0.076503245225007,0.0611053398733506,0.955,2000,1333.02124810219
484,"naive",200,20,"treatment",0,10,2,2000,0.00738866403724492,0.03897845692226,0.0389433362341218,0.197429625239628,0.155042942387989,0.9455,2000,725.653924942017
484,"ipw_robust",200,20,"treatment",0,10,2,2000,-0.0153496387293885,0.0370912179873201,0.0368740435999974,0.192590804524308,0.152759713806896,0.947,2000,725.653924942017
484,"dr_robust",200,20,"treatment",0,10,2,2000,0.00501774376787001,0.0358686199471549,0.0358613728810754,0.189390126319074,0.150015295454177,0.9455,2000,725.653924942017
484,"aipw_robust",200,20,"treatment",0,10,2,2000,-0.00090096648051019,0.0437849389975586,0.0438060302720956,0.209248510144179,0.164949587171571,0.9465,2000,725.653924942017
484,"reg_adj",200,20,"treatment",0,10,2,2000,0.00804327541436756,0.0302954628940987,0.0302458915604875,0.174055918871203,0.138043428704803,0.946,2000,725.653924942017
484,"adaptive",200,20,"treatment",0,10,2,2000,0.00612013939575151,0.0311926703106229,0.0311707996042016,0.176614468010474,0.139544126460885,0.9475,2000,725.653924942017
485,"naive",500,20,"treatment",0,10,2,2000,0.00794085519269139,0.0125270429030179,0.0124702208322427,0.11192427307344,0.0879790547582982,0.9435,2000,1972.46554899216
485,"ipw_robust",500,20,"treatment",0,10,2,2000,-0.0157414129311628,0.0131852285831455,0.0129439084563042,0.114826950595866,0.0902955017095817,0.942,2000,1972.46554899216
485,"dr_robust",500,20,"treatment",0,10,2,2000,0.00354636644776107,0.0121082352776093,0.0121017094173362,0.110037426712957,0.0872322104322321,0.947,2000,1972.46554899216
485,"aipw_robust",500,20,"treatment",0,10,2,2000,-0.000716278730991782,0.0159974159974328,0.0160049053949097,0.126480891827314,0.100598478315028,0.9425,2000,1972.46554899216
485,"reg_adj",500,20,"treatment",0,10,2,2000,0.00689770388486721,0.011304364925603,0.0112624178156275,0.106321987028098,0.0842368122390613,0.947,2000,1972.46554899216
485,"adaptive",500,20,"treatment",0,10,2,2000,0.00689770388486721,0.011304364925603,0.0112624178156275,0.106321987028098,0.0842368122390613,0.947,2000,1972.46554899216
486,"naive",1000,20,"treatment",0,10,2,2000,0.0132930048215556,0.00618442065144294,0.00601072203527468,0.0786410875525189,0.0628341257940737,0.949,2000,3630.13216090202
486,"ipw_robust",1000,20,"treatment",0,10,2,2000,-0.0115067263777409,0.00613304910793926,0.00600364617909661,0.0783137861933597,0.0630184832936735,0.9475,2000,3630.13216090202
486,"dr_robust",1000,20,"treatment",0,10,2,2000,0.00851497344214325,0.00587389848746892,0.00580429586267985,0.0766413627714756,0.0616031879623829,0.949,2000,3630.13216090202
486,"aipw_robust",1000,20,"treatment",0,10,2,2000,0.00327331447400825,0.00817917378428643,0.00817254546937537,0.0904387847346836,0.0722664040148915,0.95,2000,3630.13216090202
486,"reg_adj",1000,20,"treatment",0,10,2,2000,0.0127308574928051,0.00565997230981578,0.0055006479012643,0.0752327874654115,0.0602225407419475,0.9425,2000,3630.13216090202
486,"adaptive",1000,20,"treatment",0,10,2,2000,0.0127308574928051,0.00565997230981578,0.0055006479012643,0.0752327874654115,0.0602225407419475,0.9425,2000,3630.13216090202
487,"naive",200,5,"mixed",0,10,2,2000,0.00245765893606231,0.0293455423534189,0.0293541793556507,0.171305406667212,0.134799232095427,0.9475,2000,179.91836810112
487,"ipw_robust",200,5,"mixed",0,10,2,2000,-0.0236223285230186,0.0306741225925477,0.0301311737745856,0.175140294028952,0.139136740847952,0.939,2000,179.91836810112
487,"dr_robust",200,5,"mixed",0,10,2,2000,-0.00232747314076542,0.0284151239742022,0.0284239188023824,0.168567861629085,0.133402203707645,0.946,2000,179.91836810112
487,"aipw_robust",200,5,"mixed",0,10,2,2000,0.000368050779146145,0.0410542906085733,0.041074692493444,0.202618584065167,0.160641029485092,0.945,2000,179.91836810112
487,"reg_adj",200,5,"mixed",0,10,2,2000,0.00210829985868921,0.0262678925645359,0.0262765859292063,0.162073725706963,0.129290676512344,0.9475,2000,179.91836810112
487,"adaptive",200,5,"mixed",0,10,2,2000,0.00206609006430414,0.0265100628071751,0.0265190536058242,0.16281911069397,0.129636838120665,0.9475,2000,179.91836810112
488,"naive",500,5,"mixed",0,10,2,2000,0.0123805433884492,0.0114643767950265,0.0113167573190927,0.107071830072277,0.0854834535685488,0.9525,2000,402.05303812027
488,"ipw_robust",500,5,"mixed",0,10,2,2000,-0.0166441508617814,0.0119586543020863,0.0116874702793163,0.109355632237605,0.0867358236721545,0.941,2000,402.05303812027
488,"dr_robust",500,5,"mixed",0,10,2,2000,0.00797929395223207,0.0111655783963979,0.0111074629959197,0.105667300506817,0.0842650639203589,0.9555,2000,402.05303812027
488,"aipw_robust",500,5,"mixed",0,10,2,2000,0.00435740263906581,0.0155853069774409,0.0155741070732186,0.124841126947176,0.0990197124900724,0.9465,2000,402.05303812027
488,"reg_adj",500,5,"mixed",0,10,2,2000,0.0106167036136711,0.0107797742894913,0.0106723960919168,0.10382569185655,0.0826366498205036,0.954,2000,402.05303812027
488,"adaptive",500,5,"mixed",0,10,2,2000,0.0106167036136711,0.0107797742894913,0.0106723960919168,0.10382569185655,0.0826366498205036,0.954,2000,402.05303812027
489,"naive",1000,5,"mixed",0,10,2,2000,0.010547871524528,0.00562967914850537,0.00552118214588036,0.0750311878388272,0.0604742639909905,0.947,2000,732.347743988037
489,"ipw_robust",1000,5,"mixed",0,10,2,2000,-0.0190412492385259,0.00609250617276359,0.00573280340190088,0.0780545077030378,0.0629912621223703,0.943,2000,732.347743988037
489,"dr_robust",1000,5,"mixed",0,10,2,2000,0.00619388701312307,0.00547858861556058,0.00544294585215532,0.0740174885791228,0.0595953890423533,0.9475,2000,732.347743988037
489,"aipw_robust",1000,5,"mixed",0,10,2,2000,0.00125984457807027,0.00737812593563136,0.00738022884169131,0.0858960181593498,0.0691486255976677,0.9495,2000,732.347743988037
489,"reg_adj",1000,5,"mixed",0,10,2,2000,0.00982822376152015,0.00536529643990748,0.0052713381266643,0.0732481838676392,0.0589686278026354,0.948,2000,732.347743988037
489,"adaptive",1000,5,"mixed",0,10,2,2000,0.00982822376152015,0.00536529643990748,0.0052713381266643,0.0732481838676392,0.0589686278026354,0.948,2000,732.347743988037
490,"naive",200,10,"mixed",0,10,2,2000,0.0154956822902608,0.0335183761645395,0.0332949074486232,0.183080245150971,0.146059497968486,0.947,2000,310.067509889603
490,"ipw_robust",200,10,"mixed",0,10,2,2000,-0.00759580040301699,0.0331225515142685,0.0330813960285203,0.18199602060009,0.144904084711748,0.9475,2000,310.067509889603
490,"dr_robust",200,10,"mixed",0,10,2,2000,0.0108437556669014,0.031814610254497,0.0317128796573622,0.178366505416508,0.14360790499796,0.946,2000,310.067509889603
490,"aipw_robust",200,10,"mixed",0,10,2,2000,0.00590260984590651,0.0406508503163007,0.0406363276771463,0.201620560251926,0.161435887203192,0.955,2000,310.067509889603
490,"reg_adj",200,10,"mixed",0,10,2,2000,0.0133177259072523,0.0286569566879018,0.0284938417854538,0.169283657474376,0.136175587888946,0.9525,2000,310.067509889603
490,"adaptive",200,10,"mixed",0,10,2,2000,0.0131491610267664,0.0290736776230247,0.0289152348047192,0.170510051384148,0.137026778773041,0.9535,2000,310.067509889603
491,"naive",500,10,"mixed",0,10,2,2000,0.010687147315267,0.0122279624174323,0.0121198072032957,0.110580117640706,0.0878773028862709,0.947,2000,724.534424066544
491,"ipw_robust",500,10,"mixed",0,10,2,2000,-0.0147060747087213,0.0127005522908781,0.0124905289220006,0.112696727063736,0.0895606002573348,0.95,2000,724.534424066544
491,"dr_robust",500,10,"mixed",0,10,2,2000,0.00553206291302333,0.0116626216582174,0.011637836856572,0.107993618599514,0.0856377941645977,0.9425,2000,724.534424066544
491,"aipw_robust",500,10,"mixed",0,10,2,2000,0.000571807575638239,0.015512729844546,0.0155201629621235,0.12455010977332,0.099652476005812,0.9535,2000,724.534424066544
491,"reg_adj",500,10,"mixed",0,10,2,2000,0.00965656751345367,0.0110803026382078,0.0109925496168743,0.10526301647876,0.08391296501392,0.9445,2000,724.534424066544
491,"adaptive",500,10,"mixed",0,10,2,2000,0.00965656751345367,0.0110803026382078,0.0109925496168743,0.10526301647876,0.08391296501392,0.9445,2000,724.534424066544
492,"naive",1000,10,"mixed",0,10,2,2000,0.00782281567989784,0.00585656004393752,0.00579826273014094,0.0765281650370471,0.0601389367195899,0.9485,2000,1301.57591605186
492,"ipw_robust",1000,10,"mixed",0,10,2,2000,-0.0151683933923414,0.00614366651619494,0.00591654463040531,0.0783815444871746,0.062960730789581,0.946,2000,1301.57591605186
492,"dr_robust",1000,10,"mixed",0,10,2,2000,0.00295084764541453,0.00566269649975933,0.0056568174066362,0.075250890358582,0.059179543295115,0.9465,2000,1301.57591605186
492,"aipw_robust",1000,10,"mixed",0,10,2,2000,-0.00189445829134627,0.00767325738957168,0.007673505169939,0.0875971311720406,0.0694912139851544,0.9505,2000,1301.57591605186
492,"reg_adj",1000,10,"mixed",0,10,2,2000,0.00803356714479841,0.0054387527059671,0.0053769029563753,0.0737478996715642,0.0579024558355003,0.9425,2000,1301.57591605186
492,"adaptive",1000,10,"mixed",0,10,2,2000,0.00803356714479841,0.0054387527059671,0.0053769029563753,0.0737478996715642,0.0579024558355003,0.9425,2000,1301.57591605186
493,"naive",200,20,"mixed",0,10,2,2000,0.0123688681987857,0.0387030824736838,0.038569378262296,0.196730990120224,0.153809922548488,0.952,2000,755.71436214447
493,"ipw_robust",200,20,"mixed",0,10,2,2000,-0.0106016460892269,0.0355944787726779,0.0354998337897715,0.188664990850655,0.149733573310095,0.953,2000,755.71436214447
493,"dr_robust",200,20,"mixed",0,10,2,2000,0.00901271852059349,0.0360102000271588,0.0359469444042295,0.189763537138089,0.151789370024853,0.9545,2000,755.71436214447
493,"aipw_robust",200,20,"mixed",0,10,2,2000,0.00416884201491108,0.0429935365582529,0.0429976561425789,0.207348828205642,0.167476612948581,0.954,2000,755.71436214447
493,"reg_adj",200,20,"mixed",0,10,2,2000,0.0127549924127006,0.0301817419793924,0.0300340691825356,0.173728932476408,0.139773380951074,0.9515,2000,755.71436214447
493,"adaptive",200,20,"mixed",0,10,2,2000,0.0124287013858675,0.031867289099308,0.0317286808215797,0.17851411456607,0.142220196426474,0.953,2000,755.71436214447
494,"naive",500,20,"mixed",0,10,2,2000,0.0119851159819016,0.01265524702693,0.012517862953307,0.112495542253593,0.089048615179046,0.9475,2000,1981.67279887199
494,"ipw_robust",500,20,"mixed",0,10,2,2000,-0.0131906923133596,0.0126389522397867,0.0124711934728173,0.112423094779439,0.0895858301173944,0.9495,2000,1981.67279887199
494,"dr_robust",500,20,"mixed",0,10,2,2000,0.00690619157031369,0.0125050503111464,0.0124635866224517,0.111825982272218,0.0886617586449287,0.953,2000,1981.67279887199
494,"aipw_robust",500,20,"mixed",0,10,2,2000,0.00303951098908328,0.0169630089157984,0.0169622514144528,0.130242116520726,0.104347207156947,0.955,2000,1981.67279887199
494,"reg_adj",500,20,"mixed",0,10,2,2000,0.0114210266033168,0.0116285883694099,0.0115039004709717,0.107835932644967,0.0861601741201843,0.955,2000,1981.67279887199
494,"adaptive",500,20,"mixed",0,10,2,2000,0.0113983350081623,0.0116198978890316,0.0114957237099283,0.10779563019451,0.0861374825250298,0.9545,2000,1981.67279887199
495,"naive",1000,20,"mixed",0,10,2,2000,0.00954748915692472,0.00602907751282031,0.00594089341032388,0.0776471346079191,0.0618891167372808,0.951,2000,3613.16504907608
495,"ipw_robust",1000,20,"mixed",0,10,2,2000,-0.0142220603538818,0.00624557632892923,0.006046332494467,0.0790289587994757,0.0630116214425288,0.949,2000,3613.16504907608
495,"dr_robust",1000,20,"mixed",0,10,2,2000,0.00519338069281128,0.00587573446283824,0.00585168910436996,0.0766533395413288,0.0609458845914044,0.9525,2000,3613.16504907608
495,"aipw_robust",1000,20,"mixed",0,10,2,2000,0.000725586134303402,0.00802172893171689,0.0080252150640106,0.0895641051522142,0.072232984233619,0.9555,2000,3613.16504907608
495,"reg_adj",1000,20,"mixed",0,10,2,2000,0.00910940688827244,0.00554555444477988,0.00546530580382568,0.0744684795385261,0.0595585730298637,0.9515,2000,3613.16504907608
495,"adaptive",1000,20,"mixed",0,10,2,2000,0.00910940688827244,0.00554555444477988,0.00546530580382568,0.0744684795385261,0.0595585730298637,0.9515,2000,3613.16504907608
496,"naive",200,5,"none",0.05,10,2,2000,0.0107514935098787,0.029988344406842,0.0298876936409695,0.173171430688904,0.137732697095386,0.95,2000,181.633517026901
496,"ipw_robust",200,5,"none",0.05,10,2,2000,-0.0158372410538119,0.0304676155030538,0.030231913255485,0.17454975079631,0.138658356629235,0.947,2000,181.633517026901
496,"dr_robust",200,5,"none",0.05,10,2,2000,0.00615909028224593,0.029560309056552,0.0295371432350647,0.171931117185203,0.137517425326928,0.951,2000,181.633517026901
496,"aipw_robust",200,5,"none",0.05,10,2,2000,0.000724181967867832,0.0403575043213601,0.0403771684660705,0.20089177265722,0.158844874248891,0.95,2000,181.633517026901
496,"reg_adj",200,5,"none",0.05,10,2,2000,0.00979089900403451,0.0275748663097807,0.0274927509819644,0.166056816511038,0.132821387567745,0.951,2000,181.633517026901
496,"adaptive",200,5,"none",0.05,10,2,2000,0.0096136799706632,0.027531426836452,0.0274527303590532,0.165925967938873,0.132740064384108,0.95,2000,181.633517026901
497,"naive",500,5,"none",0.05,10,2,2000,0.0103224544080742,0.0111249650963762,0.0110239239933661,0.10547495008947,0.0839907898969627,0.9495,2000,399.302432060242
497,"ipw_robust",500,5,"none",0.05,10,2,2000,-0.0182566882085164,0.0120274577885292,0.0117000011247485,0.109669766975813,0.0881591358608309,0.9465,2000,399.302432060242
497,"dr_robust",500,5,"none",0.05,10,2,2000,0.00572636062231302,0.0109172224824124,0.0108898762145429,0.104485513265775,0.0832293834302505,0.9515,2000,399.302432060242
497,"aipw_robust",500,5,"none",0.05,10,2,2000,0.000678912109689733,0.0152838886982449,0.0152910733132489,0.123628025537274,0.0995881334007162,0.954,2000,399.302432060242
497,"reg_adj",500,5,"none",0.05,10,2,2000,0.00821609045129934,0.0106585025546743,0.0105962965606507,0.103240023995902,0.0823345529150632,0.948,2000,399.302432060242
497,"adaptive",500,5,"none",0.05,10,2,2000,0.00821609045129934,0.0106585025546743,0.0105962965606507,0.103240023995902,0.0823345529150632,0.948,2000,399.302432060242
498,"naive",1000,5,"none",0.05,10,2,2000,0.00624623362728682,0.00584057710087921,0.00580446389830171,0.0764236684599687,0.061149537659075,0.9505,2000,737.695636034012
498,"ipw_robust",1000,5,"none",0.05,10,2,2000,-0.0232076305107802,0.00661790180408827,0.00608234886459567,0.0813504874237903,0.0651239816893162,0.9415,2000,737.695636034012
498,"dr_robust",1000,5,"none",0.05,10,2,2000,0.00205544258960311,0.00571817231132326,0.00571680587001911,0.0756185976550958,0.0603241243082717,0.9495,2000,737.695636034012
498,"aipw_robust",1000,5,"none",0.05,10,2,2000,-0.0010519107369984,0.00806142731666038,0.00806435297695025,0.0897854515868823,0.0714452407369911,0.9515,2000,737.695636034012
498,"reg_adj",1000,5,"none",0.05,10,2,2000,0.00484474920439926,0.00547060560472025,0.0054498589393364,0.0739635424024583,0.0591598643583541,0.951,2000,737.695636034012
498,"adaptive",1000,5,"none",0.05,10,2,2000,0.00484474920439926,0.00547060560472025,0.0054498589393364,0.0739635424024583,0.0591598643583541,0.951,2000,737.695636034012
499,"naive",200,10,"none",0.05,10,2,2000,0.00858640447482495,0.0322834481315646,0.0322258347071129,0.179675953125522,0.145294220785209,0.95,2000,307.591537952423
499,"ipw_robust",200,10,"none",0.05,10,2,2000,-0.014304917952022,0.0327429011328495,0.0325545477290999,0.180949996222297,0.145371594338207,0.9515,2000,307.591537952423
499,"dr_robust",200,10,"none",0.05,10,2,2000,0.00272680880560427,0.0313399992830703,0.0313482379157658,0.177031068694369,0.143363104342616,0.9555,2000,307.591537952423
499,"aipw_robust",200,10,"none",0.05,10,2,2000,-0.000719712923735516,0.0413522297284758,0.0413723979407536,0.203352476573254,0.162060298210529,0.9535,2000,307.591537952423
499,"reg_adj",200,10,"none",0.05,10,2,2000,0.00843681773904414,0.0286886875560443,0.0286318235742696,0.16937735254763,0.136473785206522,0.955,2000,307.591537952423
499,"adaptive",200,10,"none",0.05,10,2,2000,0.00805029302886151,0.0289182170416943,0.0288678437457167,0.170053571093624,0.136913186919853,0.9545,2000,307.591537952423
500,"naive",500,10,"none",0.05,10,2,2000,0.0118951174575499,0.012331160719804,0.0121957647828665,0.111045759575969,0.0881244739610385,0.9455,2000,719.618396997452
500,"ipw_robust",500,10,"none",0.05,10,2,2000,-0.0105380105298327,0.0129230993998498,0.0128184589634046,0.113679810871807,0.0895093855081841,0.9445,2000,719.618396997452
500,"dr_robust",500,10,"none",0.05,10,2,2000,0.00687705525447724,0.0120381588691425,0.0119968634118753,0.109718543870863,0.0868308090162709,0.9475,2000,719.618396997452
500,"aipw_robust",500,10,"none",0.05,10,2,2000,0.00189203412676564,0.0158393688036981,0.0158437108659943,0.125854554163519,0.100058448585131,0.9505,2000,719.618396997452
500,"reg_adj",500,10,"none",0.05,10,2,2000,0.0113181259977191,0.0115155110649784,0.0113931076426995,0.107310349291102,0.0852903677754645,0.9455,2000,719.618396997452
500,"adaptive",500,10,"none",0.05,10,2,2000,0.0113181259977191,0.0115155110649784,0.0113931076426995,0.107310349291102,0.0852903677754645,0.9455,2000,719.618396997452
501,"naive",1000,10,"none",0.05,10,2,2000,0.0106098206450778,0.00595709244865489,0.0058474478784734,0.077182202926937,0.0617123580547967,0.948,2000,1284.74128293991
501,"ipw_robust",1000,10,"none",0.05,10,2,2000,-0.0130922616717741,0.00616875626483056,0.00600034912371021,0.0785414302443657,0.0624424278695955,0.9455,2000,1284.74128293991
501,"dr_robust",1000,10,"none",0.05,10,2,2000,0.0056528627297161,0.00578668866764145,0.00575761261690889,0.0760702876794971,0.0606673390973861,0.949,2000,1284.74128293991
501,"aipw_robust",1000,10,"none",0.05,10,2,2000,-0.00114227364165687,0.00777489566438266,0.0077774796151178,0.0881753688077496,0.0707464292247237,0.9545,2000,1284.74128293991
501,"reg_adj",1000,10,"none",0.05,10,2,2000,0.00930711027889419,0.00558815283925749,0.00550428267885342,0.0747539486532818,0.0598191672361419,0.9465,2000,1284.74128293991
501,"adaptive",1000,10,"none",0.05,10,2,2000,0.00930711027889419,0.00558815283925749,0.00550428267885342,0.0747539486532818,0.0598191672361419,0.9465,2000,1284.74128293991
502,"naive",200,20,"none",0.05,10,2,2000,0.014172735310753,0.0377628190486162,0.0375807429939245,0.194326578338158,0.152086163970188,0.9505,2000,722.424216985703
502,"ipw_robust",200,20,"none",0.05,10,2,2000,-0.00950441812601932,0.0359957184926698,0.0359233462018565,0.189725376512131,0.150750904459166,0.9525,2000,722.424216985703
502,"dr_robust",200,20,"none",0.05,10,2,2000,0.00898443890869771,0.0350813661438567,0.035018155078892,0.187300203266992,0.14669550841045,0.951,2000,722.424216985703
502,"aipw_robust",200,20,"none",0.05,10,2,2000,0.00452045897632436,0.0439893450472849,0.0439909059509037,0.209736370349267,0.167184541326062,0.9475,2000,722.424216985703
502,"reg_adj",200,20,"none",0.05,10,2,2000,0.0105321656424877,0.0298643175443671,0.0297682751688307,0.172812955371891,0.136960690193859,0.9475,2000,722.424216985703
502,"adaptive",200,20,"none",0.05,10,2,2000,0.0102294725126577,0.03155989862054,0.0314709920086571,0.177651058596733,0.140052095291804,0.951,2000,722.424216985703
503,"naive",500,20,"none",0.05,10,2,2000,0.00777161130730653,0.0126574322490017,0.0126033359746772,0.112505254317306,0.0888339282222404,0.949,2000,1962.83111715317
503,"ipw_robust",500,20,"none",0.05,10,2,2000,-0.0158422157448457,0.0131422933564455,0.0128977664399592,0.114639841924374,0.0915568780927787,0.9465,2000,1962.83111715317
503,"dr_robust",500,20,"none",0.05,10,2,2000,0.00420512560513231,0.0122662277593411,0.0122546720139931,0.110753003387453,0.0879847309723886,0.9505,2000,1962.83111715317
503,"aipw_robust",500,20,"none",0.05,10,2,2000,-0.000612026860843162,0.0165092411042893,0.0165171250899559,0.128488291701187,0.102060709406102,0.9475,2000,1962.83111715317
503,"reg_adj",500,20,"none",0.05,10,2,2000,0.0081395851856767,0.0114828240573902,0.0114222823515711,0.107157939777649,0.0853484622173893,0.9515,2000,1962.83111715317
503,"adaptive",500,20,"none",0.05,10,2,2000,0.0081395851856767,0.0114828240573902,0.0114222823515711,0.107157939777649,0.0853484622173893,0.9515,2000,1962.83111715317
504,"naive",1000,20,"none",0.05,10,2,2000,0.0100055753873258,0.00609226975759505,0.00599515579666192,0.0780529932648009,0.0625316522144294,0.9475,2000,3634.7832570076
504,"ipw_robust",1000,20,"none",0.05,10,2,2000,-0.0134905571002371,0.00641336517660142,0.00623448728937135,0.0800834887888972,0.0640938549654657,0.948,2000,3634.7832570076
504,"dr_robust",1000,20,"none",0.05,10,2,2000,0.00536672564793594,0.00595380120782593,0.00592796344536841,0.0771608787393322,0.0616685413962327,0.947,2000,3634.7832570076
504,"aipw_robust",1000,20,"none",0.05,10,2,2000,0.00104350482047844,0.00794230025541624,0.00794518394507842,0.089119584017298,0.0711497543566538,0.9505,2000,3634.7832570076
504,"reg_adj",1000,20,"none",0.05,10,2,2000,0.00915986828373283,0.00569080739504977,0.00560970906260573,0.0754374402737114,0.0601837724165541,0.948,2000,3634.7832570076
504,"adaptive",1000,20,"none",0.05,10,2,2000,0.00915986828373283,0.00569080739504977,0.00560970906260573,0.0754374402737114,0.0601837724165541,0.948,2000,3634.7832570076
505,"naive",200,5,"covariate",0.05,10,2,2000,-0.16724117255762,0.071235705712567,0.0432877397840112,0.266900179304112,0.214570737029425,0.887,2000,167.439558982849
505,"ipw_robust",200,5,"covariate",0.05,10,2,2000,-0.169780847467105,0.0718721227579163,0.0430681206515937,0.268089766231231,0.216360517592244,0.8855,2000,167.439558982849
505,"dr_robust",200,5,"covariate",0.05,10,2,2000,-0.127596743420404,0.0687537681575299,0.0524990887704226,0.262209397538551,0.198615313802164,0.928,2000,167.439558982849
505,"aipw_robust",200,5,"covariate",0.05,10,2,2000,-0.0775355282631234,0.0573997827669526,0.0514137314896558,0.239582517657179,0.190047310185905,0.932,2000,167.439558982849
505,"reg_adj",200,5,"covariate",0.05,10,2,2000,-0.18989491875327,0.0710902779902006,0.0350477216827307,0.266627601703576,0.218664581850015,0.8305,2000,167.439558982849
505,"adaptive",200,5,"covariate",0.05,10,2,2000,-0.187962694969403,0.0731939634849644,0.0378829302499287,0.270543829138579,0.220822978816067,0.8445,2000,167.439558982849
506,"naive",500,5,"covariate",0.05,10,2,2000,-0.190913981236651,0.0527623770366695,0.0163223900000411,0.229700624806877,0.198976144122698,0.6825,2000,376.202404975891
506,"ipw_robust",500,5,"covariate",0.05,10,2,2000,-0.187416309558472,0.0511894312396562,0.0160725944483632,0.2262508148928,0.195006833100464,0.681,2000,376.202404975891
506,"dr_robust",500,5,"covariate",0.05,10,2,2000,-0.167927686296864,0.0483488150409025,0.0201591868092892,0.219883639775456,0.181425533423661,0.7855,2000,376.202404975891
506,"aipw_robust",500,5,"covariate",0.05,10,2,2000,-0.0975000341401038,0.0309607823774534,0.0214652583493067,0.175956762806814,0.140975438233211,0.8955,2000,376.202404975891
506,"reg_adj",500,5,"covariate",0.05,10,2,2000,-0.19865653732643,0.0526329170353187,0.0131750847551692,0.229418650147103,0.202477462396596,0.5945,2000,376.202404975891
506,"adaptive",500,5,"covariate",0.05,10,2,2000,-0.198790793514066,0.0528713877503791,0.0133602883085813,0.229937791044402,0.202918997957373,0.5965,2000,376.202404975891
507,"naive",1000,5,"covariate",0.05,10,2,2000,-0.197164341056961,0.046675341901146,0.00780546725034551,0.21604476827997,0.198049582592468,0.3935,2000,736.326397180557
507,"ipw_robust",1000,5,"covariate",0.05,10,2,2000,-0.191727468100262,0.0447465821758153,0.00799115572954312,0.211533879498806,0.192857085871625,0.4335,2000,736.326397180557
507,"dr_robust",1000,5,"covariate",0.05,10,2,2000,-0.185390096020778,0.0434157629586042,0.00905080065633911,0.208364495436733,0.187229582591591,0.498,2000,736.326397180557
507,"aipw_robust",1000,5,"covariate",0.05,10,2,2000,-0.11818249763812,0.0262520994250638,0.0122911422482037,0.162024996297065,0.134900328149681,0.81,2000,736.326397180557
507,"reg_adj",1000,5,"covariate",0.05,10,2,2000,-0.199617090637326,0.0468601367845822,0.00701666224119229,0.216472023099019,0.200045391085592,0.339,2000,736.326397180557
507,"adaptive",1000,5,"covariate",0.05,10,2,2000,-0.199617090637326,0.0468601367845822,0.00701666224119229,0.216472023099019,0.200045391085592,0.339,2000,736.326397180557
508,"naive",200,10,"covariate",0.05,10,2,2000,-0.103983249568098,0.0528617011085001,0.0420702200277726,0.229916726465258,0.183210075657235,0.924,2000,280.18742609024
508,"ipw_robust",200,10,"covariate",0.05,10,2,2000,-0.107787972554356,0.0523410865698643,0.0407432111480596,0.228781744398158,0.181989164431405,0.916,2000,280.18742609024
508,"dr_robust",200,10,"covariate",0.05,10,2,2000,-0.0484089731079991,0.0417171364175258,0.039393404442376,0.204247732955658,0.159132640225988,0.9425,2000,280.18742609024
508,"aipw_robust",200,10,"covariate",0.05,10,2,2000,-0.0368178907758099,0.0489383537592061,0.0476065999780157,0.221220147724402,0.175662736056848,0.9415,2000,280.18742609024
508,"reg_adj",200,10,"covariate",0.05,10,2,2000,-0.144043484273938,0.0567403273921394,0.0360098069338301,0.238202282508248,0.194697605110061,0.885,2000,280.18742609024
508,"adaptive",200,10,"covariate",0.05,10,2,2000,-0.143362250434975,0.0573685952358435,0.0368342775248255,0.239517421570631,0.195302796507233,0.8875,2000,280.18742609024
509,"naive",500,10,"covariate",0.05,10,2,2000,-0.151217294492474,0.0438752202131093,0.0210190595892802,0.209464126315485,0.173118098110539,0.834,2000,602.208940982819
509,"ipw_robust",500,10,"covariate",0.05,10,2,2000,-0.146693332091592,0.0416800751854174,0.0201712271188428,0.204156986619164,0.168617749056393,0.8275,2000,602.208940982819
509,"dr_robust",500,10,"covariate",0.05,10,2,2000,-0.113681703752448,0.0392529347394221,0.0263425762594925,0.198123534037282,0.153621829276449,0.9035,2000,602.208940982819
509,"aipw_robust",500,10,"covariate",0.05,10,2,2000,-0.0565678484141199,0.0237487692181269,0.0205591273075778,0.154106356838798,0.122543286488585,0.9265,2000,602.208940982819
509,"reg_adj",500,10,"covariate",0.05,10,2,2000,-0.162289112903756,0.0394123118525175,0.0130810962335463,0.198525343098853,0.170608000229092,0.704,2000,602.208940982819
509,"adaptive",500,10,"covariate",0.05,10,2,2000,-0.16266897606433,0.0397988671569601,0.01334434355492,0.199496534197866,0.171203499771083,0.7135,2000,602.208940982819
510,"naive",1000,10,"covariate",0.05,10,2,2000,-0.163762622368674,0.0362997704802507,0.00948631715376256,0.190524986498492,0.168526473709341,0.609,2000,1163.1026558876
510,"ipw_robust",1000,10,"covariate",0.05,10,2,2000,-0.158549416540376,0.0342332024641586,0.00909983489631303,0.185022167493948,0.162662403985023,0.623,2000,1163.1026558876
510,"dr_robust",1000,10,"covariate",0.05,10,2,2000,-0.141477003467598,0.0323613796346559,0.0123518130310008,0.17989268921959,0.150618580017055,0.7665,2000,1163.1026558876
510,"aipw_robust",1000,10,"covariate",0.05,10,2,2000,-0.0788907121718621,0.017097020233527,0.0108787151241055,0.130755574387966,0.105484483653586,0.8795,2000,1163.1026558876
510,"reg_adj",1000,10,"covariate",0.05,10,2,2000,-0.165977351988067,0.0342030822125739,0.00665792980450554,0.18494075324972,0.167252754054149,0.475,2000,1163.1026558876
510,"adaptive",1000,10,"covariate",0.05,10,2,2000,-0.165852651293009,0.0341880853064176,0.00668432552826137,0.184900203640822,0.167192622448029,0.4775,2000,1163.1026558876
511,"naive",200,20,"covariate",0.05,10,2,2000,-0.0511046948540719,0.0434277677241529,0.0408364961360932,0.208393300574066,0.165238928131453,0.9415,2000,678.818559169769
511,"ipw_robust",200,20,"covariate",0.05,10,2,2000,-0.0657094712361748,0.0439257726318919,0.0396278519477281,0.209584762403883,0.167585624092693,0.9425,2000,678.818559169769
511,"dr_robust",200,20,"covariate",0.05,10,2,2000,-0.0164293203734036,0.0519654696813556,0.0517214078173323,0.227959359714304,0.157207447162024,0.971,2000,678.818559169769
511,"aipw_robust",200,20,"covariate",0.05,10,2,2000,-0.0205932067299874,0.0517990147210012,0.0514006348750147,0.227593968990835,0.17990610512858,0.95,2000,678.818559169769
511,"reg_adj",200,20,"covariate",0.05,10,2,2000,-0.0974992204109251,0.044268882175352,0.0347801742817547,0.210401716189179,0.167351380738727,0.915,2000,678.818559169769
511,"adaptive",200,20,"covariate",0.05,10,2,2000,-0.0954160830796851,0.045294716828335,0.0362085922141728,0.212825554923122,0.168931258866458,0.922,2000,678.818559169769
512,"naive",500,20,"covariate",0.05,10,2,2000,-0.12444705406815,0.0337509660494685,0.0182730332998775,0.183714359943551,0.150685185819951,0.856,2000,1530.82330203056
512,"ipw_robust",500,20,"covariate",0.05,10,2,2000,-0.125505367327416,0.0333518097876351,0.0176090170681796,0.182624778679223,0.150236101238065,0.855,2000,1530.82330203056
512,"dr_robust",500,20,"covariate",0.05,10,2,2000,-0.0524103232630513,0.0214438167114208,0.0187063278908287,0.146437074238121,0.113083319344613,0.9345,2000,1530.82330203056
512,"aipw_robust",500,20,"covariate",0.05,10,2,2000,-0.0308950194484092,0.0206408147914411,0.019696160645046,0.143669115649262,0.114536992680248,0.9385,2000,1530.82330203056
512,"reg_adj",500,20,"covariate",0.05,10,2,2000,-0.162880183272734,0.040764079071277,0.014241245591113,0.201901161639246,0.172643705103453,0.7185,2000,1530.82330203056
512,"adaptive",500,20,"covariate",0.05,10,2,2000,-0.162886698232168,0.040770242328918,0.0142452885121967,0.201916424118787,0.172650220062887,0.7185,2000,1530.82330203056
513,"naive",1000,20,"covariate",0.05,10,2,2000,-0.16462057438759,0.0405110344576157,0.013417809850841,0.201273531438229,0.174932570489025,0.7295,2000,2649.34959101677
513,"ipw_robust",1000,20,"covariate",0.05,10,2,2000,-0.159551509772583,0.0372074004858266,0.0117565945123722,0.192892199131605,0.167860756616137,0.6965,2000,2649.34959101677
513,"dr_robust",1000,20,"covariate",0.05,10,2,2000,-0.125613553741035,0.0314714698898815,0.0157005552840717,0.177402000805745,0.143888476746327,0.838,2000,2649.34959101677
513,"aipw_robust",1000,20,"covariate",0.05,10,2,2000,-0.0502000140741636,0.0124518621764149,0.0099367891579476,0.111587912322146,0.0890076464118938,0.922,2000,2649.34959101677
513,"reg_adj",1000,20,"covariate",0.05,10,2,2000,-0.175697319683866,0.0376358161076761,0.00676965278997634,0.193999526050133,0.176829846898025,0.428,2000,2649.34959101677
513,"adaptive",1000,20,"covariate",0.05,10,2,2000,-0.175756920207168,0.0376695685837371,0.00678246481543608,0.194086497685277,0.176889447421326,0.428,2000,2649.34959101677
514,"naive",200,5,"outcome",0.05,10,2,2000,0.00105585720737889,0.458025845798466,0.45825385789297,0.676776067690389,0.471421027003573,0.961,2000,178.125071048737
514,"ipw_robust",200,5,"outcome",0.05,10,2,2000,-0.0184317068994626,0.0375913695736605,0.0372702768928793,0.193884939006774,0.155347272989295,0.9465,2000,178.125071048737
514,"dr_robust",200,5,"outcome",0.05,10,2,2000,0.0038120803954369,0.0371807543071516,0.0371848147575891,0.192823116630635,0.153835520595839,0.9455,2000,178.125071048737
514,"aipw_robust",200,5,"outcome",0.05,10,2,2000,0.00394657371695395,0.0447494140912796,0.044756216755554,0.211540573156261,0.169320698527449,0.949,2000,178.125071048737
514,"reg_adj",200,5,"outcome",0.05,10,2,2000,-0.00281840579427839,0.42123663933679,0.421439415633386,0.649027456535384,0.4656937176622,0.959,2000,178.125071048737
514,"adaptive",200,5,"outcome",0.05,10,2,2000,-0.0184546469717719,0.0375765768004508,0.0372546301206584,0.193846786923206,0.155324332916986,0.946,2000,178.125071048737
515,"naive",500,5,"outcome",0.05,10,2,2000,0.0139615448024357,0.146413427952652,0.146291649043904,0.382640076250061,0.2902358074534,0.9505,2000,389.865849971771
515,"ipw_robust",500,5,"outcome",0.05,10,2,2000,-0.0220784355552237,0.0145082429832458,0.0140277995664628,0.120450168049886,0.0968821091579047,0.9445,2000,389.865849971771
515,"dr_robust",500,5,"outcome",0.05,10,2,2000,0.00204465806126652,0.0138715639705363,0.0138743205042009,0.117777603858018,0.0941098651590023,0.9515,2000,389.865849971771
515,"aipw_robust",500,5,"outcome",0.05,10,2,2000,-0.00335802622396986,0.0172539479865852,0.0172512972951119,0.131354284233843,0.105602984868942,0.9525,2000,389.865849971771
515,"reg_adj",500,5,"outcome",0.05,10,2,2000,0.0149900332767379,0.142550132593337,0.142396629810604,0.377558118166378,0.287511314724644,0.951,2000,389.865849971771
515,"adaptive",500,5,"outcome",0.05,10,2,2000,-0.0220784355552237,0.0145082429832458,0.0140277995664628,0.120450168049886,0.0968821091579047,0.9445,2000,389.865849971771
516,"naive",1000,5,"outcome",0.05,10,2,2000,0.00489796808096621,0.0738337450004838,0.0738466782482858,0.271723655577655,0.209979215219338,0.9505,2000,718.364216089249
516,"ipw_robust",1000,5,"outcome",0.05,10,2,2000,-0.0205424905016669,0.00717953858818671,0.00676092513474301,0.0847321579342029,0.0671517256150208,0.939,2000,718.364216089249
516,"dr_robust",1000,5,"outcome",0.05,10,2,2000,0.00328987574528927,0.00658122713177622,0.00657369069470413,0.0811247627532816,0.0644409166272282,0.949,2000,718.364216089249
516,"aipw_robust",1000,5,"outcome",0.05,10,2,2000,-0.00219015560649272,0.00822107878646568,0.00822039220098552,0.0906701648088592,0.0721586302805725,0.949,2000,718.364216089249
516,"reg_adj",1000,5,"outcome",0.05,10,2,2000,0.00383556560451304,0.0720962018081902,0.0721175490191933,0.268507358946064,0.208207387639443,0.9505,2000,718.364216089249
516,"adaptive",1000,5,"outcome",0.05,10,2,2000,-0.0205424905016669,0.00717953858818671,0.00676092513474301,0.0847321579342029,0.0671517256150208,0.939,2000,718.364216089249
517,"naive",200,10,"outcome",0.05,10,2,2000,-0.00364916314704877,0.41889149872267,0.419087726194093,0.647218277494286,0.467848170598704,0.958,2000,304.052035093307
517,"ipw_robust",200,10,"outcome",0.05,10,2,2000,-0.0149825565971533,0.0386510090354023,0.0384457549106707,0.196598598762561,0.156865008709632,0.9495,2000,304.052035093307
517,"dr_robust",200,10,"outcome",0.05,10,2,2000,0.00573831221407195,0.0379302558826967,0.0379162857985298,0.194756914852071,0.154667927614623,0.947,2000,304.052035093307
517,"aipw_robust",200,10,"outcome",0.05,10,2,2000,0.00249929861901022,0.0448597071549755,0.0448758986106938,0.211801102818129,0.168670867845148,0.952,2000,304.052035093307
517,"reg_adj",200,10,"outcome",0.05,10,2,2000,-0.0027263234813979,0.376874386895173,0.377055481796346,0.613900958539057,0.456917135689129,0.9555,2000,304.052035093307
517,"adaptive",200,10,"outcome",0.05,10,2,2000,-0.0150546585942093,0.0386656213487738,0.0384582077072393,0.196635758062398,0.156937110706688,0.9495,2000,304.052035093307
518,"naive",500,10,"outcome",0.05,10,2,2000,0.000879450209105848,0.162933698378193,0.163014432161604,0.403650465598881,0.308687964265164,0.9505,2000,694.538513898849
518,"ipw_robust",500,10,"outcome",0.05,10,2,2000,-0.0152027143967233,0.0149237645285139,0.0146999919994853,0.122162860675878,0.0983549248249761,0.953,2000,694.538513898849
518,"dr_robust",500,10,"outcome",0.05,10,2,2000,0.00230184431581026,0.0148380706194512,0.0148401922283112,0.121811619394257,0.0964987308337772,0.9505,2000,694.538513898849
518,"aipw_robust",500,10,"outcome",0.05,10,2,2000,-0.00446505624798244,0.0178434787533571,0.0178324582551871,0.133579484777256,0.105832491039386,0.9495,2000,694.538513898849
518,"reg_adj",500,10,"outcome",0.05,10,2,2000,-0.00115782815098009,0.15569664091346,0.155773186940903,0.394584136672345,0.301090870978121,0.947,2000,694.538513898849
518,"adaptive",500,10,"outcome",0.05,10,2,2000,-0.0152027143967233,0.0149237645285139,0.0146999919994853,0.122162860675878,0.0983549248249761,0.953,2000,694.538513898849
519,"naive",1000,10,"outcome",0.05,10,2,2000,-0.00365689353758158,0.126150323242185,0.126200050397038,0.355176467748336,0.219061755398445,0.9885,2000,1223.692456007
519,"ipw_robust",1000,10,"outcome",0.05,10,2,2000,-0.0116239154654754,0.00731767553058237,0.00718615319643207,0.0855434131338139,0.0681952810484835,0.9495,2000,1223.692456007
519,"dr_robust",1000,10,"outcome",0.05,10,2,2000,0.00720111030235815,0.00712661016526495,0.00707829332233939,0.0844192523377514,0.0676128985605259,0.9475,2000,1223.692456007
519,"aipw_robust",1000,10,"outcome",0.05,10,2,2000,0.000289131609172433,0.00867116638000448,0.00867542049316364,0.0931190978264098,0.0746769114049006,0.9465,2000,1223.692456007
519,"reg_adj",1000,10,"outcome",0.05,10,2,2000,-0.000995879463167926,0.109202846382325,0.109256482847844,0.330458539581481,0.214687978423525,0.982,2000,1223.692456007
519,"adaptive",1000,10,"outcome",0.05,10,2,2000,-0.0116239154654754,0.00731767553058237,0.00718615319643207,0.0855434131338139,0.0681952810484835,0.9495,2000,1223.692456007
520,"naive",200,20,"outcome",0.05,10,2,2000,0.0294236910467363,0.529926711474275,0.529325620689806,0.727960652421733,0.489580727097357,0.962,2000,719.101103067398
520,"ipw_robust",200,20,"outcome",0.05,10,2,2000,-0.00298798146266899,0.0457308045097484,0.0457447488509527,0.213847619836529,0.167335883451608,0.9455,2000,719.101103067398
520,"dr_robust",200,20,"outcome",0.05,10,2,2000,0.0117751398355677,0.0437510325185831,0.0436341956982851,0.209167474810457,0.164628984555687,0.949,2000,719.101103067398
520,"aipw_robust",200,20,"outcome",0.05,10,2,2000,0.0125297558272188,0.0489067561478553,0.0487741484409861,0.221148719525697,0.17614319558651,0.949,2000,719.101103067398
520,"reg_adj",200,20,"outcome",0.05,10,2,2000,0.0235428918113261,0.418002414767194,0.417656975500105,0.646531062492124,0.47836907547536,0.9505,2000,719.101103067398
520,"adaptive",200,20,"outcome",0.05,10,2,2000,-0.00303810938526938,0.0457191235425147,0.0457327598137848,0.213820306665468,0.167285755529008,0.9455,2000,719.101103067398
521,"naive",500,20,"outcome",0.05,10,2,2000,0.0187867638065926,0.176422563852139,0.176157700207918,0.4200268608698,0.304581383069629,0.957,2000,1885.65749001503
521,"ipw_robust",500,20,"outcome",0.05,10,2,2000,-0.00963922164707087,0.015843681964812,0.0157586466941977,0.125871688495912,0.100123153713103,0.948,2000,1885.65749001503
521,"dr_robust",500,20,"outcome",0.05,10,2,2000,0.00830585021973596,0.0157994684632297,0.0157383504906023,0.125695936542235,0.100050457824163,0.948,2000,1885.65749001503
521,"aipw_robust",500,20,"outcome",0.05,10,2,2000,0.00385135324699704,0.0184988452995467,0.0184932590072172,0.13601046025783,0.107970997583283,0.95,2000,1885.65749001503
521,"reg_adj",500,20,"outcome",0.05,10,2,2000,0.0147462876117959,0.159755415264308,0.159617771151554,0.399694152151752,0.299554572520527,0.947,2000,1885.65749001503
521,"adaptive",500,20,"outcome",0.05,10,2,2000,-0.00963922164707087,0.015843681964812,0.0157586466941977,0.125871688495912,0.100123153713103,0.948,2000,1885.65749001503
522,"naive",1000,20,"outcome",0.05,10,2,2000,0.00648555159995379,0.0826300458774216,0.0826292981469394,0.287454424000435,0.218684582312803,0.9555,2000,3334.20527005196
522,"ipw_robust",1000,20,"outcome",0.05,10,2,2000,-0.0162979018671676,0.00794913617559179,0.00768735824944469,0.0891579282823003,0.0706922619907949,0.9505,2000,3334.20527005196
522,"dr_robust",1000,20,"outcome",0.05,10,2,2000,0.0028294055180127,0.00736675767581011,0.0073624333569032,0.0858298181042585,0.0673821693375976,0.951,2000,3334.20527005196
522,"aipw_robust",1000,20,"outcome",0.05,10,2,2000,-0.00142474129424897,0.00894133091036362,0.00894377290906261,0.0945586109794535,0.0749777792098097,0.95,2000,3334.20527005196
522,"reg_adj",1000,20,"outcome",0.05,10,2,2000,0.00718041668125968,0.0766195629494925,0.0766063077196358,0.276802389710588,0.213794266633978,0.9535,2000,3334.20527005196
522,"adaptive",1000,20,"outcome",0.05,10,2,2000,-0.0162979018671676,0.00794913617559179,0.00768735824944469,0.0891579282823003,0.0706922619907949,0.9505,2000,3334.20527005196
523,"naive",200,5,"treatment",0.05,10,2,2000,-0.238636867330569,0.0861666384970622,0.0292337008981635,0.293541544754848,0.251498610706564,0.717,2000,179.663858890533
523,"ipw_robust",200,5,"treatment",0.05,10,2,2000,-0.227132791407607,0.082316347372663,0.0307424136468751,0.286908256020392,0.243227144316666,0.744,2000,179.663858890533
523,"dr_robust",200,5,"treatment",0.05,10,2,2000,-0.2103009553112,0.07222594005538,0.0280134549780657,0.268748841961003,0.227041813121197,0.7605,2000,179.663858890533
523,"aipw_robust",200,5,"treatment",0.05,10,2,2000,-0.174167981416957,0.0710065461210071,0.0406924065734362,0.266470535183549,0.217168343680263,0.856,2000,179.663858890533
523,"reg_adj",200,5,"treatment",0.05,10,2,2000,-0.23127807778503,0.0808376988608968,0.0273618305122146,0.284319712402951,0.243977330443633,0.707,2000,179.663858890533
523,"adaptive",200,5,"treatment",0.05,10,2,2000,-0.23127807778503,0.0808376988608968,0.0273618305122146,0.284319712402951,0.243977330443633,0.707,2000,179.663858890533
524,"naive",500,5,"treatment",0.05,10,2,2000,-0.24365472502238,0.0708170736844912,0.011455176246883,0.266114775396804,0.244524327493668,0.3835,2000,429.371206045151
524,"ipw_robust",500,5,"treatment",0.05,10,2,2000,-0.230962328964885,0.0652888490452516,0.0119512272579968,0.255516827323078,0.232154739909381,0.4435,2000,429.371206045151
524,"dr_robust",500,5,"treatment",0.05,10,2,2000,-0.214495263352851,0.0569573580223875,0.0109546173302436,0.238657407222964,0.216018913865658,0.4755,2000,429.371206045151
524,"aipw_robust",500,5,"treatment",0.05,10,2,2000,-0.176607320805296,0.0476140420631072,0.0164321123572611,0.21820642076508,0.185775873414902,0.72,2000,429.371206045151
524,"reg_adj",500,5,"treatment",0.05,10,2,2000,-0.237078905681627,0.0670761723819956,0.0108752024640299,0.258990680106439,0.237987871038646,0.377,2000,429.371206045151
524,"adaptive",500,5,"treatment",0.05,10,2,2000,-0.237078905681627,0.0670761723819956,0.0108752024640299,0.258990680106439,0.237987871038646,0.377,2000,429.371206045151
525,"naive",1000,5,"treatment",0.05,10,2,2000,-0.245578663799979,0.0659650456171407,0.00565899500085797,0.256836612688185,0.245578663799979,0.097,2000,737.624804019928
525,"ipw_robust",1000,5,"treatment",0.05,10,2,2000,-0.235042798418433,0.061311404731663,0.00606932230444695,0.247611398630319,0.235046990238461,0.1515,2000,737.624804019928
525,"dr_robust",1000,5,"treatment",0.05,10,2,2000,-0.216411897273214,0.0523078746310212,0.00547650360142984,0.228709148551214,0.216434004553514,0.174,2000,737.624804019928
525,"aipw_robust",1000,5,"treatment",0.05,10,2,2000,-0.178531412789196,0.0401983323622413,0.0083290315254977,0.20049521780392,0.180495341796929,0.497,2000,737.624804019928
525,"reg_adj",1000,5,"treatment",0.05,10,2,2000,-0.239372496818089,0.062671374380144,0.00537486958200908,0.250342514128432,0.239375446777211,0.1005,2000,737.624804019928
525,"adaptive",1000,5,"treatment",0.05,10,2,2000,-0.239372496818089,0.062671374380144,0.00537486958200908,0.250342514128432,0.239375446777211,0.1005,2000,737.624804019928
526,"naive",200,10,"treatment",0.05,10,2,2000,-0.259790122457696,0.0998789063316183,0.0324042007053865,0.31603624211729,0.272484574501324,0.698,2000,308.003581047058
526,"ipw_robust",200,10,"treatment",0.05,10,2,2000,-0.237745487892934,0.0905139648674628,0.0340080518799536,0.300855388629592,0.255142731970312,0.7465,2000,308.003581047058
526,"dr_robust",200,10,"treatment",0.05,10,2,2000,-0.231989658460433,0.0839695902726221,0.0301654713757215,0.289775068411039,0.246762189465461,0.7345,2000,308.003581047058
526,"aipw_robust",200,10,"treatment",0.05,10,2,2000,-0.198159032787858,0.0834510102540797,0.0442061110341775,0.288878885095605,0.237010122032203,0.848,2000,308.003581047058
526,"reg_adj",200,10,"treatment",0.05,10,2,2000,-0.252218317429187,0.0924859503125416,0.0288863138226429,0.30411502809388,0.262477089296371,0.688,2000,308.003581047058
526,"adaptive",200,10,"treatment",0.05,10,2,2000,-0.252169037744387,0.0924857563690271,0.0289109882662303,0.304114709228322,0.262446207293881,0.6885,2000,308.003581047058
527,"naive",500,10,"treatment",0.05,10,2,2000,-0.249851660807709,0.0744267485968661,0.0120068996383148,0.272812662090428,0.250758435829237,0.38,2000,727.784286022186
527,"ipw_robust",500,10,"treatment",0.05,10,2,2000,-0.230110514915295,0.0654384622566153,0.012493860112089,0.255809425660227,0.231526218483854,0.463,2000,727.784286022186
527,"dr_robust",500,10,"treatment",0.05,10,2,2000,-0.2202067998406,0.0598978774094281,0.0114125489878839,0.244740428637011,0.221532161186814,0.463,2000,727.784286022186
527,"aipw_robust",500,10,"treatment",0.05,10,2,2000,-0.183614840925477,0.050421417773621,0.016715365648357,0.224547139312931,0.193028716855035,0.7095,2000,727.784286022186
527,"reg_adj",500,10,"treatment",0.05,10,2,2000,-0.240047809277641,0.0687271542631944,0.0111097584034011,0.262158643312011,0.240745155838142,0.3725,2000,727.784286022186
527,"adaptive",500,10,"treatment",0.05,10,2,2000,-0.240047809277641,0.0687271542631944,0.0111097584034011,0.262158643312011,0.240745155838142,0.3725,2000,727.784286022186
528,"naive",1000,10,"treatment",0.05,10,2,2000,-0.249444572396524,0.06814345657373,0.00592382378753918,0.261043016711288,0.249456209969871,0.1035,2000,1268.61234688759
528,"ipw_robust",1000,10,"treatment",0.05,10,2,2000,-0.230389248590872,0.0591183676748481,0.00604218290003131,0.243142689947381,0.230495304674501,0.1565,2000,1268.61234688759
528,"dr_robust",1000,10,"treatment",0.05,10,2,2000,-0.220309761420088,0.0541793771170071,0.00564580904455315,0.232764638888743,0.220401757650577,0.169,2000,1268.61234688759
528,"aipw_robust",1000,10,"treatment",0.05,10,2,2000,-0.181966037809406,0.0413328789547608,0.00822535271506417,0.203304891615428,0.183457248222367,0.481,2000,1268.61234688759
528,"reg_adj",1000,10,"treatment",0.05,10,2,2000,-0.240507539492287,0.0634218616944346,0.00558077552956548,0.251836974438692,0.240517014603389,0.107,2000,1268.61234688759
528,"adaptive",1000,10,"treatment",0.05,10,2,2000,-0.240507539492287,0.0634218616944346,0.00558077552956548,0.251836974438692,0.240517014603389,0.107,2000,1268.61234688759
529,"naive",200,20,"treatment",0.05,10,2,2000,-0.25589368096861,0.106259012931769,0.0407978358900496,0.325973945173183,0.275936833155437,0.7545,2000,728.415342092514
529,"ipw_robust",200,20,"treatment",0.05,10,2,2000,-0.235984285757538,0.0946525796901453,0.0389834883098047,0.307656593769978,0.259098312630173,0.774,2000,728.415342092514
529,"dr_robust",200,20,"treatment",0.05,10,2,2000,-0.229111480255524,0.0899312261777932,0.0374578847352834,0.299885355057217,0.251446421463727,0.78,2000,728.415342092514
529,"aipw_robust",200,20,"treatment",0.05,10,2,2000,-0.207307090909821,0.0917628530110265,0.0488110285838255,0.302923840281722,0.248724155342752,0.8535,2000,728.415342092514
529,"reg_adj",200,20,"treatment",0.05,10,2,2000,-0.244995431067174,0.0920256069018901,0.0320188550856423,0.303357226552937,0.259964491623521,0.7125,2000,728.415342092514
529,"adaptive",200,20,"treatment",0.05,10,2,2000,-0.245738143256842,0.0930230386019037,0.0326521296153912,0.304996784576336,0.261204768535886,0.7145,2000,728.415342092514
530,"naive",500,20,"treatment",0.05,10,2,2000,-0.250936302193563,0.0754776130551063,0.0125148427178861,0.274731893043211,0.251935614499866,0.3885,2000,1943.46072697639
530,"ipw_robust",500,20,"treatment",0.05,10,2,2000,-0.231933599081671,0.0664839918124061,0.0126971460024298,0.257844898751955,0.23367397302361,0.467,2000,1943.46072697639
530,"dr_robust",500,20,"treatment",0.05,10,2,2000,-0.22147078682399,0.0607110872978042,0.0116676116872108,0.246396199844487,0.222987853284524,0.4675,2000,1943.46072697639
530,"aipw_robust",500,20,"treatment",0.05,10,2,2000,-0.186070992163757,0.052043826244793,0.0174301271835799,0.228131160179387,0.194710273675851,0.7255,2000,1943.46072697639
530,"reg_adj",500,20,"treatment",0.05,10,2,2000,-0.241023748952232,0.0692425184961714,0.0111556487615638,0.263139731884357,0.241719116168908,0.37,2000,1943.46072697639
530,"adaptive",500,20,"treatment",0.05,10,2,2000,-0.241023748952232,0.0692425184961714,0.0111556487615638,0.263139731884357,0.241719116168908,0.37,2000,1943.46072697639
531,"naive",1000,20,"treatment",0.05,10,2,2000,-0.248340824701017,0.067416226288432,0.00574593404227175,0.259646348498168,0.248340824701017,0.094,2000,3532.81813192368
531,"ipw_robust",1000,20,"treatment",0.05,10,2,2000,-0.2294877202322,0.0587521050956328,0.00609053662657363,0.24238833531264,0.229518490403257,0.1705,2000,3532.81813192368
531,"dr_robust",1000,20,"treatment",0.05,10,2,2000,-0.218866508835861,0.0533946283025393,0.00549482702605437,0.231072777069345,0.218942593644362,0.1615,2000,3532.81813192368
531,"aipw_robust",1000,20,"treatment",0.05,10,2,2000,-0.181009467426102,0.0408027575132086,0.00804235139102287,0.201996924514233,0.182427973554797,0.483,2000,3532.81813192368
531,"reg_adj",1000,20,"treatment",0.05,10,2,2000,-0.238853363030985,0.0623765113910305,0.00532824648306036,0.249752900665899,0.238854482695466,0.095,2000,3532.81813192368
531,"adaptive",1000,20,"treatment",0.05,10,2,2000,-0.238853363030985,0.0623765113910305,0.00532824648306036,0.249752900665899,0.238854482695466,0.095,2000,3532.81813192368
532,"naive",200,5,"mixed",0.05,10,2,2000,-0.162900567423307,0.149187902013949,0.122712663478852,0.386248497749763,0.298203352962793,0.9385,2000,174.371829986572
532,"ipw_robust",200,5,"mixed",0.05,10,2,2000,-0.166439820596187,0.0662942908249193,0.0386113826361465,0.257476777253638,0.208620072743216,0.8595,2000,174.371829986572
532,"dr_robust",200,5,"mixed",0.05,10,2,2000,-0.122544929224487,0.0565581787561297,0.041561699927459,0.237819634925566,0.182701153667803,0.923,2000,174.371829986572
532,"aipw_robust",200,5,"mixed",0.05,10,2,2000,-0.0955240732339959,0.0535859131361821,0.0444833062220794,0.231486313064471,0.18503735755171,0.9235,2000,174.371829986572
532,"reg_adj",200,5,"mixed",0.05,10,2,2000,-0.197714687551243,0.15642693701423,0.117394536609049,0.395508453783519,0.307849508011911,0.9255,2000,174.371829986572
532,"adaptive",200,5,"mixed",0.05,10,2,2000,-0.173767327125093,0.0694509634684088,0.0392755172508351,0.263535507035407,0.21473193931438,0.8545,2000,174.371829986572
533,"naive",500,5,"mixed",0.05,10,2,2000,-0.200108779713265,0.107859335896681,0.0678497370468727,0.328419451154588,0.263392724538377,0.8975,2000,383.665951013565
533,"ipw_robust",500,5,"mixed",0.05,10,2,2000,-0.191588579280007,0.0603940067334534,0.0236996728593515,0.245751921118541,0.205754430599229,0.779,2000,383.665951013565
533,"dr_robust",500,5,"mixed",0.05,10,2,2000,-0.187722145928956,0.0699954171523194,0.0347731996799872,0.264566470196658,0.205158273573872,0.8305,2000,383.665951013565
533,"aipw_robust",500,5,"mixed",0.05,10,2,2000,-0.0890766750561081,0.0261681511561426,0.0182426184263043,0.161765729238744,0.129114652196048,0.8985,2000,383.665951013565
533,"reg_adj",500,5,"mixed",0.05,10,2,2000,-0.232595279998815,0.109167461379585,0.0550944443240204,0.330404995996709,0.271331248990378,0.8535,2000,383.665951013565
533,"adaptive",500,5,"mixed",0.05,10,2,2000,-0.191724494415075,0.0604010751235505,0.0236546206751719,0.245766301847,0.205829455791467,0.778,2000,383.665951013565
534,"naive",1000,5,"mixed",0.05,10,2,2000,-0.214831167845711,0.0818968101822829,0.0357622606346482,0.286176187308244,0.239651337322363,0.823,2000,729.186823129654
534,"ipw_robust",1000,5,"mixed",0.05,10,2,2000,-0.204469413210088,0.0568467458612845,0.0150465281869002,0.238425556225176,0.210985489574778,0.624,2000,729.186823129654
534,"dr_robust",1000,5,"mixed",0.05,10,2,2000,-0.236980927248602,0.0770962586159415,0.0209467721223953,0.277662130323783,0.240380407230588,0.633,2000,729.186823129654
534,"aipw_robust",1000,5,"mixed",0.05,10,2,2000,-0.0823275233539509,0.0163453031540858,0.00957226818658373,0.127848751085358,0.10277438542853,0.8705,2000,729.186823129654
534,"reg_adj",1000,5,"mixed",0.05,10,2,2000,-0.244974894477626,0.0870680067160981,0.0270688422128806,0.295072883735694,0.255806778173364,0.697,2000,729.186823129654
534,"adaptive",1000,5,"mixed",0.05,10,2,2000,-0.204469413210088,0.0568467458612845,0.0150465281869002,0.238425556225176,0.210985489574778,0.624,2000,729.186823129654
535,"naive",200,10,"mixed",0.05,10,2,2000,-0.123304133705616,0.144291225787582,0.129151892344862,0.379856849072887,0.283228506056313,0.951,2000,298.020395994186
535,"ipw_robust",200,10,"mixed",0.05,10,2,2000,-0.136026763030028,0.0561774709425594,0.0376930372007324,0.237017870513089,0.191219501623998,0.8875,2000,298.020395994186
535,"dr_robust",200,10,"mixed",0.05,10,2,2000,-0.104636908088372,0.0471895978461411,0.0362588447342139,0.217231668607828,0.174475296316376,0.9165,2000,298.020395994186
535,"aipw_robust",200,10,"mixed",0.05,10,2,2000,-0.0850872191355372,0.0546591523080278,0.0474430389672925,0.233792968902035,0.185618100015649,0.929,2000,298.020395994186
535,"reg_adj",200,10,"mixed",0.05,10,2,2000,-0.137697354444989,0.140041060249045,0.121141069362577,0.374220603720646,0.284475936196624,0.948,2000,298.020395994186
535,"adaptive",200,10,"mixed",0.05,10,2,2000,-0.140950855392938,0.0579835585250779,0.0381354826303922,0.240797754402066,0.194329201471855,0.8865,2000,298.020395994186
536,"naive",500,10,"mixed",0.05,10,2,2000,-0.167242292933829,0.100916887414976,0.072983394566495,0.317674184369735,0.238900197291016,0.933,2000,657.332700014114
536,"ipw_robust",500,10,"mixed",0.05,10,2,2000,-0.158084975434416,0.0428737861430924,0.0178918726213033,0.207059861255368,0.172574502610635,0.7865,2000,657.332700014114
536,"dr_robust",500,10,"mixed",0.05,10,2,2000,-0.123564010784587,0.0352788192890334,0.0200207649103151,0.187826567047991,0.147170812071519,0.8785,2000,657.332700014114
536,"aipw_robust",500,10,"mixed",0.05,10,2,2000,-0.0860197927293853,0.0255626344644886,0.0181723158812229,0.159883190062272,0.128833193630079,0.896,2000,657.332700014114
536,"reg_adj",500,10,"mixed",0.05,10,2,2000,-0.199837872221726,0.101378097209177,0.061473658864503,0.318399273254788,0.253169637146818,0.893,2000,657.332700014114
536,"adaptive",500,10,"mixed",0.05,10,2,2000,-0.158645430598928,0.0431545101964275,0.0179951351140653,0.207736636625386,0.173129938342535,0.7855,2000,657.332700014114
537,"naive",1000,10,"mixed",0.05,10,2,2000,-0.182984329918144,0.0704360629037734,0.0369712835499564,0.26539793311888,0.216273059129007,0.8535,2000,1184.60910105705
537,"ipw_robust",1000,10,"mixed",0.05,10,2,2000,-0.177203249352698,0.0467276755702378,0.0153343511646655,0.216165851998501,0.184102010436206,0.7185,2000,1184.60910105705
537,"dr_robust",1000,10,"mixed",0.05,10,2,2000,-0.195364846733836,0.0598267040354857,0.0216701157540275,0.244594979579479,0.204835218807759,0.7435,2000,1184.60910105705
537,"aipw_robust",1000,10,"mixed",0.05,10,2,2000,-0.0826915510263888,0.016480246542694,0.00964717752030427,0.128375412531738,0.104828300440193,0.8665,2000,1184.60910105705
537,"reg_adj",1000,10,"mixed",0.05,10,2,2000,-0.211468321787092,0.0733788988178052,0.0286743848908014,0.270885397941279,0.228389559646298,0.779,2000,1184.60910105705
537,"adaptive",1000,10,"mixed",0.05,10,2,2000,-0.177203249352698,0.0467276755702378,0.0153343511646655,0.216165851998501,0.184102010436206,0.7185,2000,1184.60910105705
538,"naive",200,20,"mixed",0.05,10,2,2000,-0.110381846694442,0.148409661065218,0.136293655813449,0.38523974491895,0.285345520877554,0.9455,2000,711.610841035843
538,"ipw_robust",200,20,"mixed",0.05,10,2,2000,-0.121021251923496,0.0570370907304975,0.0424121533900621,0.238824393080978,0.190525000969672,0.9055,2000,711.610841035843
538,"dr_robust",200,20,"mixed",0.05,10,2,2000,-0.0965172547250048,0.0560894656520878,0.0467972838343535,0.236832146576616,0.179810844600144,0.941,2000,711.610841035843
538,"aipw_robust",200,20,"mixed",0.05,10,2,2000,-0.0905647371994518,0.0596894202426995,0.0515132052213044,0.244314183466084,0.192740145992945,0.932,2000,711.610841035843
538,"reg_adj",200,20,"mixed",0.05,10,2,2000,-0.122746044713768,0.148381734011139,0.133381833434983,0.385203496883322,0.285856000501156,0.945,2000,711.610841035843
538,"adaptive",200,20,"mixed",0.05,10,2,2000,-0.123583777818369,0.0577274631143007,0.0424757508498657,0.240265401409152,0.191914154679789,0.9045,2000,711.610841035843
539,"naive",500,20,"mixed",0.05,10,2,2000,-0.123834113130972,0.0782149857699891,0.0629115539720408,0.279669422300667,0.20908698563056,0.9415,2000,1782.91835093498
539,"ipw_robust",500,20,"mixed",0.05,10,2,2000,-0.126540100595921,0.0310523912888366,0.0150475179890052,0.176216887070555,0.144989267387534,0.8235,2000,1782.91835093498
539,"dr_robust",500,20,"mixed",0.05,10,2,2000,-0.0875490245078028,0.0215692797209222,0.0139114037305196,0.146864834868399,0.117532491760707,0.884,2000,1782.91835093498
539,"aipw_robust",500,20,"mixed",0.05,10,2,2000,-0.0728099428437288,0.0234774972899452,0.0181853021641202,0.153223683841452,0.122862402735042,0.9185,2000,1782.91835093498
539,"reg_adj",500,20,"mixed",0.05,10,2,2000,-0.149365762902571,0.0809123481537008,0.05863153279263,0.284450959136546,0.220024251135862,0.9225,2000,1782.91835093498
539,"adaptive",500,20,"mixed",0.05,10,2,2000,-0.12741775393902,0.0312488020554973,0.0150210285509081,0.176773306965439,0.145627124417726,0.8205,2000,1782.91835093498
540,"naive",1000,20,"mixed",0.05,10,2,2000,-0.164109549228262,0.0593617363194218,0.0324460151791082,0.243642640601808,0.195834217214601,0.861,2000,3063.89230203629
540,"ipw_robust",1000,20,"mixed",0.05,10,2,2000,-0.157434606262744,0.0343419027807517,0.00956102804566923,0.185315684119698,0.161661185696671,0.645,2000,3063.89230203629
540,"dr_robust",1000,20,"mixed",0.05,10,2,2000,-0.115255638594552,0.0233466479078821,0.0100678195898391,0.152796099125214,0.124934231016757,0.8065,2000,3063.89230203629
540,"aipw_robust",1000,20,"mixed",0.05,10,2,2000,-0.0801939854624785,0.0155392862399066,0.00911276731920998,0.124656673467194,0.100369560866581,0.8605,2000,3063.89230203629
540,"reg_adj",1000,20,"mixed",0.05,10,2,2000,-0.200449109698926,0.0696454678511661,0.0294803624533007,0.263904277818997,0.219966082617276,0.7975,2000,3063.89230203629
540,"adaptive",1000,20,"mixed",0.05,10,2,2000,-0.157434606262744,0.0343419027807517,0.00956102804566923,0.185315684119698,0.161661185696671,0.645,2000,3063.89230203629
541,"naive",200,5,"none",0.1,10,2,2000,0.012882837469002,0.0305591553742743,0.0304083920690561,0.174811771269198,0.138163245598905,0.9535,2000,180.786508083344
541,"ipw_robust",200,5,"none",0.1,10,2,2000,-0.0175752903756281,0.0314523356715789,0.0311590243519672,0.177348063625118,0.141722248916019,0.9565,2000,180.786508083344
541,"dr_robust",200,5,"none",0.1,10,2,2000,0.00755390197555617,0.0297128977664402,0.0296706716672175,0.172374295550236,0.137012357627703,0.955,2000,180.786508083344
541,"aipw_robust",200,5,"none",0.1,10,2,2000,0.0022114700101783,0.0404281160744521,0.0404434471984454,0.201067441607168,0.161542318788907,0.9555,2000,180.786508083344
541,"reg_adj",200,5,"none",0.1,10,2,2000,0.011289259515312,0.0277447263312566,0.0276310944981016,0.166567482814794,0.132474930208233,0.9525,2000,180.786508083344
541,"adaptive",200,5,"none",0.1,10,2,2000,0.0110255439697746,0.0277817403319395,0.0276740147194698,0.166678553905233,0.132660364597335,0.9535,2000,180.786508083344
542,"naive",500,5,"none",0.1,10,2,2000,0.00989613443393056,0.0108824154299111,0.0107898768916225,0.104318816279284,0.0839568950180905,0.9535,2000,399.182152986526
542,"ipw_robust",500,5,"none",0.1,10,2,2000,-0.0188329343175377,0.0114963501285521,0.0111472443357112,0.107221033983785,0.0863316333684069,0.948,2000,399.182152986526
542,"dr_robust",500,5,"none",0.1,10,2,2000,0.00501588568917599,0.0106122107585368,0.0105923478232015,0.103015585027397,0.0831003743195844,0.9545,2000,399.182152986526
542,"aipw_robust",500,5,"none",0.1,10,2,2000,0.00130112669064752,0.0153296942473231,0.0153356691512336,0.123813142466069,0.0990310353018513,0.9515,2000,399.182152986526
542,"reg_adj",500,5,"none",0.1,10,2,2000,0.009227246313114,0.0102567807800093,0.0101767270690209,0.101275766005542,0.0815737821902577,0.953,2000,399.182152986526
542,"adaptive",500,5,"none",0.1,10,2,2000,0.009227246313114,0.0102567807800093,0.0101767270690209,0.101275766005542,0.0815737821902577,0.953,2000,399.182152986526
543,"naive",1000,5,"none",0.1,10,2,2000,0.0115474378001545,0.00566431694148839,0.00553374049198594,0.0752616565157079,0.0599279402026055,0.949,2000,735.291347980499
543,"ipw_robust",1000,5,"none",0.1,10,2,2000,-0.0173713457164224,0.00605816572628397,0.00575928171514207,0.0778342195071292,0.0619770911660547,0.946,2000,735.291347980499
543,"dr_robust",1000,5,"none",0.1,10,2,2000,0.00700619259368462,0.00550586592636995,0.00545950894618324,0.074201522399274,0.0590361519588256,0.9535,2000,735.291347980499
543,"aipw_robust",1000,5,"none",0.1,10,2,2000,0.00165812161111711,0.00794403736853771,0.00794526063157625,0.0891293294518573,0.0707105204938709,0.95,2000,735.291347980499
543,"reg_adj",1000,5,"none",0.1,10,2,2000,0.0104905412291325,0.0054545208563719,0.00534714297257806,0.0738547280569897,0.0588635893392123,0.9425,2000,735.291347980499
543,"adaptive",1000,5,"none",0.1,10,2,2000,0.0104905412291325,0.0054545208563719,0.00534714297257806,0.0738547280569897,0.0588635893392123,0.9425,2000,735.291347980499
544,"naive",200,10,"none",0.1,10,2,2000,0.0187783677828519,0.0330409562057213,0.0327046814498582,0.181771714537002,0.145846728496303,0.949,2000,308.52680015564
544,"ipw_robust",200,10,"none",0.1,10,2,2000,-0.00704015726775564,0.0334709298742328,0.0334380851024292,0.182950621409802,0.147391350843353,0.9545,2000,308.52680015564
544,"dr_robust",200,10,"none",0.1,10,2,2000,0.0145242667690888,0.0318434598930977,0.0316483297327844,0.178447358885184,0.14358932518517,0.9505,2000,308.52680015564
544,"aipw_robust",200,10,"none",0.1,10,2,2000,0.0139927965177229,0.0432045017182888,0.043030218473139,0.207856926077263,0.166200143919757,0.951,2000,308.52680015564
544,"reg_adj",200,10,"none",0.1,10,2,2000,0.0189940672375477,0.0294152905051875,0.0290690504401832,0.171508864217531,0.137994402792084,0.951,2000,308.52680015564
544,"adaptive",200,10,"none",0.1,10,2,2000,0.0191108182037647,0.0295176697646041,0.0291670299071403,0.171807071346333,0.138121022405258,0.9505,2000,308.52680015564
545,"naive",500,10,"none",0.1,10,2,2000,0.00760511415816989,0.0118176012981928,0.011765646360014,0.108708791264519,0.0863149624293627,0.9495,2000,723.611738204956
545,"ipw_robust",500,10,"none",0.1,10,2,2000,-0.0152461061629989,0.0120548629655397,0.0118283333790958,0.109794639967258,0.0880002702574091,0.9485,2000,723.611738204956
545,"dr_robust",500,10,"none",0.1,10,2,2000,0.0020641822240437,0.0112459613639524,0.0112473241777872,0.106046977156128,0.0845780269816165,0.948,2000,723.611738204956
545,"aipw_robust",500,10,"none",0.1,10,2,2000,-0.00316483202417683,0.0158841037146892,0.0158820285672315,0.126032153495404,0.100820190200763,0.9485,2000,723.611738204956
545,"reg_adj",500,10,"none",0.1,10,2,2000,0.00594546298208121,0.0108313007876834,0.0108013529340791,0.104073535481809,0.0826527214993967,0.9465,2000,723.611738204956
545,"adaptive",500,10,"none",0.1,10,2,2000,0.00594546298208121,0.0108313007876834,0.0108013529340791,0.104073535481809,0.0826527214993967,0.9465,2000,723.611738204956
546,"naive",1000,10,"none",0.1,10,2,2000,0.0139672170112446,0.00607822296223081,0.00588608285261791,0.0779629589114652,0.0617653893676687,0.944,2000,1285.86780905724
546,"ipw_robust",1000,10,"none",0.1,10,2,2000,-0.0086235631459004,0.00613691304703609,0.00606557999570261,0.0783384519060473,0.0626784695170456,0.9525,2000,1285.86780905724
546,"dr_robust",1000,10,"none",0.1,10,2,2000,0.00964245907859862,0.0058925414277746,0.00580246564351391,0.076762890955035,0.0609134307719316,0.948,2000,1285.86780905724
546,"aipw_robust",1000,10,"none",0.1,10,2,2000,0.00391520288093838,0.00808047702146573,0.00806918279926646,0.0898914735748933,0.0717241281512342,0.951,2000,1285.86780905724
546,"reg_adj",1000,10,"none",0.1,10,2,2000,0.0129654877903684,0.00573985457600983,0.00557453797135332,0.0757618279611166,0.0600747987269087,0.9475,2000,1285.86780905724
546,"adaptive",1000,10,"none",0.1,10,2,2000,0.0129654877903684,0.00573985457600983,0.00557453797135332,0.0757618279611166,0.0600747987269087,0.9475,2000,1285.86780905724
547,"naive",200,20,"none",0.1,10,2,2000,0.00382704825275848,0.0372725680897233,0.0372765600714301,0.193061047572324,0.154290201698705,0.95,2000,731.149062871933
547,"ipw_robust",200,20,"none",0.1,10,2,2000,-0.019790153650957,0.0368939409754732,0.0365205510694794,0.192077955464632,0.153332555538325,0.941,2000,731.149062871933
547,"dr_robust",200,20,"none",0.1,10,2,2000,-0.00248738577231067,0.0348873734764392,0.0348986357063121,0.186781619750015,0.149732888024216,0.945,2000,731.149062871933
547,"aipw_robust",200,20,"none",0.1,10,2,2000,-0.00104341036354261,0.044492913549044,0.0445140818847997,0.210933433928915,0.17004742836894,0.956,2000,731.149062871933
547,"reg_adj",200,20,"none",0.1,10,2,2000,0.00236520673374452,0.0301174979518536,0.0301269672325765,0.173543936661163,0.140117449708694,0.9565,2000,731.149062871933
547,"adaptive",200,20,"none",0.1,10,2,2000,0.00268184127365334,0.0310419536451707,0.0310502865158116,0.176187268680716,0.142067621825707,0.9555,2000,731.149062871933
548,"naive",500,20,"none",0.1,10,2,2000,0.00828578979931294,0.0127739758284208,0.0127116773544997,0.113022014795441,0.0898590194313994,0.9525,2000,1977.57184004784
548,"ipw_robust",500,20,"none",0.1,10,2,2000,-0.0152312440084532,0.0129358406337321,0.0127102049421581,0.113735837068762,0.0903956245134999,0.951,2000,1977.57184004784
548,"dr_robust",500,20,"none",0.1,10,2,2000,0.00434679736081511,0.0123508562117151,0.012338130629734,0.111134406066326,0.0884513058581359,0.946,2000,1977.57184004784
548,"aipw_robust",500,20,"none",0.1,10,2,2000,-0.000327897542835132,0.0162315165849417,0.0162395288325594,0.127402969294054,0.101751015421258,0.9485,2000,1977.57184004784
548,"reg_adj",500,20,"none",0.1,10,2,2000,0.00775494921729525,0.011326578123289,0.0112720749233878,0.106426397680693,0.0847061247875539,0.948,2000,1977.57184004784
548,"adaptive",500,20,"none",0.1,10,2,2000,0.00775494921729525,0.011326578123289,0.0112720749233878,0.106426397680693,0.0847061247875539,0.948,2000,1977.57184004784
549,"naive",1000,20,"none",0.1,10,2,2000,0.0100765572207253,0.00579178118232826,0.00569309072226683,0.076103752747997,0.0605283598858208,0.9445,2000,3614.81968688965
549,"ipw_robust",1000,20,"none",0.1,10,2,2000,-0.0134608815458694,0.00615909627523248,0.00598089138893502,0.078479910010349,0.0627642940481651,0.943,2000,3614.81968688965
549,"dr_robust",1000,20,"none",0.1,10,2,2000,0.0059709897896183,0.00561717052778706,0.00558430996370119,0.0749477853427776,0.0596832445975304,0.95,2000,3614.81968688965
549,"aipw_robust",1000,20,"none",0.1,10,2,2000,0.000666914965335774,0.00767714975502228,0.00768054525207732,0.087619345780611,0.0694598073929622,0.9495,2000,3614.81968688965
549,"reg_adj",1000,20,"none",0.1,10,2,2000,0.00962430641601086,0.00543648186407076,0.0053465278540085,0.0737325020874157,0.0585755826403748,0.9475,2000,3614.81968688965
549,"adaptive",1000,20,"none",0.1,10,2,2000,0.00962430641601086,0.00543648186407076,0.0053465278540085,0.0737325020874157,0.0585755826403748,0.9475,2000,3614.81968688965
550,"naive",200,5,"covariate",0.1,10,2,2000,-0.198873585012879,0.0756054012748363,0.0360727348263745,0.274964363645248,0.228915161389253,0.8235,2000,163.072453975677
550,"ipw_robust",200,5,"covariate",0.1,10,2,2000,-0.192840926805308,0.0724331045754044,0.0352631130808148,0.269133990003872,0.223190783899555,0.8285,2000,163.072453975677
550,"dr_robust",200,5,"covariate",0.1,10,2,2000,-0.192694145557267,0.0748820105696374,0.0377698617684766,0.273645775720433,0.225185344524653,0.842,2000,163.072453975677
550,"aipw_robust",200,5,"covariate",0.1,10,2,2000,-0.136335422394048,0.0680774278527934,0.0495148378723659,0.260916515101657,0.20966092895652,0.9115,2000,163.072453975677
550,"reg_adj",200,5,"covariate",0.1,10,2,2000,-0.202689792029332,0.0746822510758864,0.0336159072366107,0.27328053548668,0.229467120400173,0.801,2000,163.072453975677
550,"adaptive",200,5,"covariate",0.1,10,2,2000,-0.20365559322225,0.0756966449706662,0.0342381634016604,0.275130232745633,0.23045909138479,0.8065,2000,163.072453975677
551,"naive",500,5,"covariate",0.1,10,2,2000,-0.194708601468096,0.0516373575174106,0.0137327844239607,0.227238547604518,0.19914660688422,0.6195,2000,372.606939077377
551,"ipw_robust",500,5,"covariate",0.1,10,2,2000,-0.189954345855848,0.0504585895549134,0.014383127609195,0.224629894615373,0.195430012356505,0.647,2000,372.606939077377
551,"dr_robust",500,5,"covariate",0.1,10,2,2000,-0.193921015971277,0.0513864572890483,0.0137879908491406,0.226685811838872,0.19846154117053,0.6225,2000,372.606939077377
551,"aipw_robust",500,5,"covariate",0.1,10,2,2000,-0.171283795107412,0.0509555193413362,0.0216281949724246,0.225733292496557,0.189321074453904,0.793,2000,372.606939077377
551,"reg_adj",500,5,"covariate",0.1,10,2,2000,-0.195910951452295,0.0516685324053691,0.0132940785456983,0.227307132324019,0.199752048551562,0.601,2000,372.606939077377
551,"adaptive",500,5,"covariate",0.1,10,2,2000,-0.195910951452295,0.0516685324053691,0.0132940785456983,0.227307132324019,0.199752048551562,0.601,2000,372.606939077377
552,"naive",1000,5,"covariate",0.1,10,2,2000,-0.203116574714423,0.047987837480662,0.00673486198793609,0.219061264217711,0.203493426442301,0.3,2000,743.423892021179
552,"ipw_robust",1000,5,"covariate",0.1,10,2,2000,-0.19843448294344,0.0465592829478195,0.00718663224291044,0.215776001788474,0.199115105853588,0.3485,2000,743.423892021179
552,"dr_robust",1000,5,"covariate",0.1,10,2,2000,-0.201840294625937,0.0476976196892911,0.00696159595258253,0.218397847263408,0.202272636637741,0.3225,2000,743.423892021179
552,"aipw_robust",1000,5,"covariate",0.1,10,2,2000,-0.197127887260881,0.049010808967722,0.0101564832734202,0.221383849834901,0.19978619987592,0.483,2000,743.423892021179
552,"reg_adj",1000,5,"covariate",0.1,10,2,2000,-0.20350022773901,0.0480705606927749,0.00666154877733465,0.21924999587862,0.203869769922477,0.2925,2000,743.423892021179
552,"adaptive",1000,5,"covariate",0.1,10,2,2000,-0.20350022773901,0.0480705606927749,0.00666154877733465,0.21924999587862,0.203869769922477,0.2925,2000,743.423892021179
553,"naive",200,10,"covariate",0.1,10,2,2000,-0.150021635634656,0.0677659071415462,0.0452820570115547,0.260318856676857,0.209770223415043,0.8955,2000,257.107782125473
553,"ipw_robust",200,10,"covariate",0.1,10,2,2000,-0.145123575580368,0.0660308349034952,0.0449924789537411,0.2569646569151,0.207278625269564,0.895,2000,257.107782125473
553,"dr_robust",200,10,"covariate",0.1,10,2,2000,-0.131437825601076,0.0677837464648878,0.0505331110216597,0.26035311879232,0.205153664083925,0.9145,2000,257.107782125473
553,"aipw_robust",200,10,"covariate",0.1,10,2,2000,-0.0707802556448749,0.0608796340177103,0.0558977382977053,0.246737986572214,0.195400012533279,0.9375,2000,257.107782125473
553,"reg_adj",200,10,"covariate",0.1,10,2,2000,-0.163646812753424,0.0628393705474863,0.0360771297880262,0.250677822209078,0.205230500206818,0.867,2000,257.107782125473
553,"adaptive",200,10,"covariate",0.1,10,2,2000,-0.162014234973406,0.0639840480393792,0.0377543128617921,0.25295068301821,0.206640233230026,0.872,2000,257.107782125473
554,"naive",500,10,"covariate",0.1,10,2,2000,-0.166160246373127,0.043224572292169,0.0156231563955884,0.207905200252829,0.176019228847874,0.74,2000,583.633399963379
554,"ipw_robust",500,10,"covariate",0.1,10,2,2000,-0.158841486463714,0.0413572968954833,0.0161347464467046,0.203364935265358,0.170779247234456,0.7665,2000,583.633399963379
554,"dr_robust",500,10,"covariate",0.1,10,2,2000,-0.165115961541275,0.0430958588183111,0.015840498311767,0.207595420995529,0.175417894618411,0.743,2000,583.633399963379
554,"aipw_robust",500,10,"covariate",0.1,10,2,2000,-0.120074927096182,0.0373149974205062,0.0229084635351203,0.193170902106156,0.156379027093245,0.87,2000,583.633399963379
554,"reg_adj",500,10,"covariate",0.1,10,2,2000,-0.165669516421002,0.0415729692118216,0.0141336473643351,0.203894505104531,0.173192475014211,0.7205,2000,583.633399963379
554,"adaptive",500,10,"covariate",0.1,10,2,2000,-0.165594124138136,0.0415630744071367,0.0141487348254732,0.203870239140333,0.173126852882152,0.7205,2000,583.633399963379
555,"naive",1000,10,"covariate",0.1,10,2,2000,-0.167577398362927,0.0351438124313697,0.0070651605695674,0.18746683021636,0.168879648064155,0.489,2000,1203.87797307968
555,"ipw_robust",1000,10,"covariate",0.1,10,2,2000,-0.161345151140416,0.0334924273370828,0.00746390149130469,0.183009364069391,0.163185214595006,0.545,2000,1203.87797307968
555,"dr_robust",1000,10,"covariate",0.1,10,2,2000,-0.165824804675484,0.0346793222523716,0.00718504893117477,0.186223849848433,0.167182613820033,0.5095,2000,1203.87797307968
555,"aipw_robust",1000,10,"covariate",0.1,10,2,2000,-0.15402199470126,0.0347405792916486,0.0110233160979425,0.186388248802462,0.161074683496648,0.691,2000,1203.87797307968
555,"reg_adj",1000,10,"covariate",0.1,10,2,2000,-0.166520818165678,0.0346318481991688,0.00690611837578989,0.1860963411762,0.167715848971939,0.4895,2000,1203.87797307968
555,"adaptive",1000,10,"covariate",0.1,10,2,2000,-0.166520818165678,0.0346318481991688,0.00690611837578989,0.1860963411762,0.167715848971939,0.4895,2000,1203.87797307968
556,"naive",200,20,"covariate",0.1,10,2,2000,-0.11621492520699,0.0551911071203631,0.0417060513051493,0.234927876422453,0.188118040887981,0.902,2000,613.708475112915
556,"ipw_robust",200,20,"covariate",0.1,10,2,2000,-0.120359657191935,0.0545941804721059,0.0401277972913915,0.233653975939007,0.187141276495426,0.8975,2000,613.708475112915
556,"dr_robust",200,20,"covariate",0.1,10,2,2000,-0.0585492760789306,0.0553719723952008,0.0519699396356518,0.235312499445314,0.169623180059958,0.9595,2000,613.708475112915
556,"aipw_robust",200,20,"covariate",0.1,10,2,2000,-0.0491371512281071,0.0556497134366077,0.053261884748168,0.235901914864224,0.187034413697979,0.941,2000,613.708475112915
556,"reg_adj",200,20,"covariate",0.1,10,2,2000,-0.168661509457804,0.0655860583818371,0.0371579325755401,0.256097751614178,0.209259677174011,0.8605,2000,613.708475112915
556,"adaptive",200,20,"covariate",0.1,10,2,2000,-0.167249977613292,0.0662553335334768,0.0383019294865736,0.257401114087482,0.209954258018057,0.8655,2000,613.708475112915
557,"naive",500,20,"covariate",0.1,10,2,2000,-0.169490669524085,0.0482248992257004,0.0195075659529542,0.219601683112176,0.186319192348716,0.7815,2000,1285.5411670208
557,"ipw_robust",500,20,"covariate",0.1,10,2,2000,-0.161441290427785,0.0451650943127499,0.0191113597376304,0.212520809128777,0.1786289418113,0.7855,2000,1285.5411670208
557,"dr_robust",500,20,"covariate",0.1,10,2,2000,-0.161581307021245,0.0463218359008059,0.0202234288365305,0.21522508195098,0.180331118715769,0.7995,2000,1285.5411670208
557,"aipw_robust",500,20,"covariate",0.1,10,2,2000,-0.0809486133796247,0.0282830158260414,0.0217412084221685,0.168175550619112,0.134798934224267,0.9155,2000,1285.5411670208
557,"reg_adj",500,20,"covariate",0.1,10,2,2000,-0.174701239746003,0.0441259831894632,0.0136122661537497,0.210061855627011,0.182416694756823,0.69,2000,1285.5411670208
557,"adaptive",500,20,"covariate",0.1,10,2,2000,-0.174755922617623,0.0446273626161486,0.0140947775149694,0.211251893757544,0.182942010519146,0.6965,2000,1285.5411670208
558,"naive",1000,20,"covariate",0.1,10,2,2000,-0.175852112959414,0.0386442035658678,0.00772409998356911,0.196581289968979,0.177598175807723,0.482,2000,2611.5550069809
558,"ipw_robust",1000,20,"covariate",0.1,10,2,2000,-0.169512726814906,0.0364424754938453,0.00771176682503288,0.190899123868721,0.17152450057397,0.505,2000,2611.5550069809
558,"dr_robust",1000,20,"covariate",0.1,10,2,2000,-0.174244545637658,0.0379775222726185,0.00762017067348131,0.194878224213529,0.175804444401657,0.476,2000,2611.5550069809
558,"aipw_robust",1000,20,"covariate",0.1,10,2,2000,-0.133673174694372,0.0295441851570178,0.0116815082782848,0.171884220209471,0.145112239102224,0.759,2000,2611.5550069809
558,"reg_adj",1000,20,"covariate",0.1,10,2,2000,-0.17482627931407,0.0375181870367697,0.00695743781687689,0.193696120345168,0.176022200447014,0.452,2000,2611.5550069809
558,"adaptive",1000,20,"covariate",0.1,10,2,2000,-0.17482627931407,0.0375181870367697,0.00695743781687689,0.193696120345168,0.176022200447014,0.452,2000,2611.5550069809
559,"naive",200,5,"outcome",0.1,10,2,2000,0.00465358901560897,0.77282746789859,0.77319240821197,0.879106061802892,0.636575098373828,0.956,2000,175.360962152481
559,"ipw_robust",200,5,"outcome",0.1,10,2,2000,-0.0174613733086713,0.0435358097125855,0.0432525364229722,0.208652365700908,0.165971073089934,0.943,2000,175.360962152481
559,"dr_robust",200,5,"outcome",0.1,10,2,2000,0.00439017011098386,0.0425975118963415,0.042599538071774,0.206391646866683,0.164057924162843,0.951,2000,175.360962152481
559,"aipw_robust",200,5,"outcome",0.1,10,2,2000,0.00124100648069403,0.0462696043310129,0.0462912098388472,0.215103705990885,0.171997129472834,0.951,2000,175.360962152481
559,"reg_adj",200,5,"outcome",0.1,10,2,2000,0.00481712180306548,0.733750233534797,0.734094075910286,0.856592221266804,0.626398256371139,0.9565,2000,175.360962152481
559,"adaptive",200,5,"outcome",0.1,10,2,2000,-0.0174613733086713,0.0435358097125855,0.0432525364229722,0.208652365700908,0.165971073089934,0.943,2000,175.360962152481
560,"naive",500,5,"outcome",0.1,10,2,2000,0.0285865568445884,0.334775904418282,0.334125776074091,0.578598223656349,0.431538609040204,0.9625,2000,378.542943954468
560,"ipw_robust",500,5,"outcome",0.1,10,2,2000,-0.0174012699217849,0.017155257086902,0.016860883333678,0.130978078650215,0.105080284367247,0.9545,2000,378.542943954468
560,"dr_robust",500,5,"outcome",0.1,10,2,2000,0.00493284130337823,0.0166427087409392,0.016626689162196,0.129006622856887,0.102057251160579,0.9495,2000,378.542943954468
560,"aipw_robust",500,5,"outcome",0.1,10,2,2000,0.00238129651036667,0.0188098406274711,0.0188135768428222,0.13714897238941,0.110016782277798,0.9565,2000,378.542943954468
560,"reg_adj",500,5,"outcome",0.1,10,2,2000,0.0268811411832006,0.323396287413951,0.322835109217248,0.568679424116919,0.424301106961215,0.9625,2000,378.542943954468
560,"adaptive",500,5,"outcome",0.1,10,2,2000,-0.0174012699217849,0.017155257086902,0.016860883333678,0.130978078650215,0.105080284367247,0.9545,2000,378.542943954468
561,"naive",1000,5,"outcome",0.1,10,2,2000,0.00597477856962847,0.147257623837556,0.147295573645423,0.383741610771566,0.293925138099581,0.9505,2000,703.316164970398
561,"ipw_robust",1000,5,"outcome",0.1,10,2,2000,-0.0140188859390848,0.00870910666368859,0.00851683591867486,0.0933225946043539,0.0750999129953604,0.9445,2000,703.316164970398
561,"dr_robust",1000,5,"outcome",0.1,10,2,2000,0.00749277281798788,0.00859451434373675,0.0085426440212454,0.0927066035605703,0.0742019842137844,0.947,2000,703.316164970398
561,"aipw_robust",1000,5,"outcome",0.1,10,2,2000,0.00233287711114727,0.00952667556866196,0.00952599625117183,0.0976046903005279,0.0777726988683303,0.949,2000,703.316164970398
561,"reg_adj",1000,5,"outcome",0.1,10,2,2000,0.00568672667984815,0.145230154842974,0.145270451208247,0.38109074358081,0.2898737468137,0.9535,2000,703.316164970398
561,"adaptive",1000,5,"outcome",0.1,10,2,2000,-0.0140188859390848,0.00870910666368859,0.00851683591867486,0.0933225946043539,0.0750999129953604,0.9445,2000,703.316164970398
562,"naive",200,10,"outcome",0.1,10,2,2000,-0.019826745156853,0.998879887716743,0.998986281033745,0.999439786939035,0.695472986153344,0.962,2000,297.323613166809
562,"ipw_robust",200,10,"outcome",0.1,10,2,2000,-0.0190571778924491,0.0506269944392736,0.0502889628914949,0.225004432043624,0.180940468566477,0.957,2000,297.323613166809
562,"dr_robust",200,10,"outcome",0.1,10,2,2000,0.00100024178843761,0.0497922291592109,0.0498161367439476,0.223141724379846,0.178010436450895,0.951,2000,297.323613166809
562,"aipw_robust",200,10,"outcome",0.1,10,2,2000,0.00211939903303549,0.0523606665774961,0.052382365908189,0.228824532289473,0.182285686298714,0.948,2000,297.323613166809
562,"reg_adj",200,10,"outcome",0.1,10,2,2000,-0.0154821602938868,0.84615197099256,0.846335441425907,0.919865191749617,0.67996793907469,0.9555,2000,297.323613166809
562,"adaptive",200,10,"outcome",0.1,10,2,2000,-0.0190571778924491,0.0506269944392736,0.0502889628914949,0.225004432043624,0.180940468566477,0.957,2000,297.323613166809
563,"naive",500,10,"outcome",0.1,10,2,2000,0.0203758913422294,0.329523199446128,0.329272658827552,0.574041113027742,0.430303915941377,0.9555,2000,654.892729997635
563,"ipw_robust",500,10,"outcome",0.1,10,2,2000,-0.0163020745563947,0.0182580709419921,0.0180013139641319,0.135122429455631,0.107229882036082,0.9475,2000,654.892729997635
563,"dr_robust",500,10,"outcome",0.1,10,2,2000,0.0019773761998878,0.0175818308992904,0.0175867142397744,0.132596496557377,0.105870315674028,0.948,2000,654.892729997635
563,"aipw_robust",500,10,"outcome",0.1,10,2,2000,-0.00330624113915268,0.0187928893393812,0.0187913537858039,0.137087159644444,0.108460525283926,0.9485,2000,654.892729997635
563,"reg_adj",500,10,"outcome",0.1,10,2,2000,0.0194563550591571,0.323382298482415,0.323165331395925,0.568667124495882,0.426047780039196,0.9555,2000,654.892729997635
563,"adaptive",500,10,"outcome",0.1,10,2,2000,-0.0163020745563947,0.0182580709419921,0.0180013139641319,0.135122429455631,0.107229882036082,0.9475,2000,654.892729997635
564,"naive",1000,10,"outcome",0.1,10,2,2000,-0.000524145223865347,0.166939361119102,0.167022597689731,0.408582135095383,0.311899704430898,0.952,2000,1167.58417201042
564,"ipw_robust",1000,10,"outcome",0.1,10,2,2000,-0.0102516992504214,0.00903293266407173,0.00893230147728928,0.0950417416931725,0.0758003329309391,0.948,2000,1167.58417201042
564,"dr_robust",1000,10,"outcome",0.1,10,2,2000,0.00630848410001716,0.00877335998328291,0.00873793197763155,0.0936662158052887,0.0745281908728925,0.9475,2000,1167.58417201042
564,"aipw_robust",1000,10,"outcome",0.1,10,2,2000,0.000359845819779103,0.0093801181377013,0.00938468098918188,0.0968510099983542,0.0772956537717688,0.9515,2000,1167.58417201042
564,"reg_adj",1000,10,"outcome",0.1,10,2,2000,-0.00294492559851678,0.163379355667897,0.16345240928576,0.404202122295143,0.309080030330945,0.9515,2000,1167.58417201042
564,"adaptive",1000,10,"outcome",0.1,10,2,2000,-0.0102516992504214,0.00903293266407173,0.00893230147728928,0.0950417416931725,0.0758003329309391,0.948,2000,1167.58417201042
565,"naive",200,20,"outcome",0.1,10,2,2000,0.0270838907252284,0.87903067547573,0.87873650659221,0.937566357905258,0.691813130956581,0.948,2000,699.219153165817
565,"ipw_robust",200,20,"outcome",0.1,10,2,2000,-0.0126853276596472,0.0540405681412664,0.0539066039053864,0.232466273126375,0.18530972433192,0.9465,2000,699.219153165817
565,"dr_robust",200,20,"outcome",0.1,10,2,2000,0.00512955919605318,0.054919460205703,0.0549206081322232,0.234349013664882,0.187343125015158,0.948,2000,699.219153165817
565,"aipw_robust",200,20,"outcome",0.1,10,2,2000,0.00774210192924096,0.0588593534439047,0.0588288277154797,0.242609466929683,0.194638414718382,0.9515,2000,699.219153165817
565,"reg_adj",200,20,"outcome",0.1,10,2,2000,0.0290049577322944,0.781386113408105,0.780935293481794,0.883960470500862,0.667672836115253,0.951,2000,699.219153165817
565,"adaptive",200,20,"outcome",0.1,10,2,2000,-0.0126853276596472,0.0540405681412664,0.0539066039053864,0.232466273126375,0.18530972433192,0.9465,2000,699.219153165817
566,"naive",500,20,"outcome",0.1,10,2,2000,0.000956991845710409,0.327110149557657,0.327272870159344,0.571935441774382,0.426125804644471,0.957,2000,1757.23255181313
566,"ipw_robust",500,20,"outcome",0.1,10,2,2000,-0.0128233589610018,0.0194209971805447,0.0192661917413726,0.139359237873005,0.110661554517848,0.945,2000,1757.23255181313
566,"dr_robust",500,20,"outcome",0.1,10,2,2000,0.00490138201064694,0.0190454214018902,0.0190309133129323,0.138005149910756,0.109083516887609,0.9465,2000,1757.23255181313
566,"aipw_robust",500,20,"outcome",0.1,10,2,2000,0.000335539554159769,0.0201410184758851,0.0201509813797826,0.141919056070301,0.112598681589581,0.95,2000,1757.23255181313
566,"reg_adj",500,20,"outcome",0.1,10,2,2000,0.00263956307868574,0.291118836921942,0.291257498377885,0.539554294693261,0.4141669514941,0.958,2000,1757.23255181313
566,"adaptive",500,20,"outcome",0.1,10,2,2000,-0.0128233589610018,0.0194209971805447,0.0192661917413726,0.139359237873005,0.110661554517848,0.945,2000,1757.23255181313
567,"naive",1000,20,"outcome",0.1,10,2,2000,0.00719815176688465,0.151181361136398,0.1512051503227,0.388820474173362,0.301878158025684,0.9515,2000,3035.44605088234
567,"ipw_robust",1000,20,"outcome",0.1,10,2,2000,-0.0120462315746339,0.00883618697501252,0.00869542299135849,0.0940009945426777,0.0755263805717909,0.953,2000,3035.44605088234
567,"dr_robust",1000,20,"outcome",0.1,10,2,2000,0.00508135798437648,0.00869186953408564,0.00867038452738395,0.0932301964713453,0.0745173334912687,0.951,2000,3035.44605088234
567,"aipw_robust",1000,20,"outcome",0.1,10,2,2000,5.84775242211677e-05,0.00951243186798166,0.00951718704188177,0.0975316967348649,0.0775856196272582,0.9485,2000,3035.44605088234
567,"reg_adj",1000,20,"outcome",0.1,10,2,2000,0.00923963710089115,0.14259595830373,0.142581878349148,0.37761880025196,0.296263225559929,0.9485,2000,3035.44605088234
567,"adaptive",1000,20,"outcome",0.1,10,2,2000,-0.0120462315746339,0.00883618697501252,0.00869542299135849,0.0940009945426777,0.0755263805717909,0.953,2000,3035.44605088234
568,"naive",200,5,"treatment",0.1,10,2,2000,-0.477293461077035,0.258550937525606,0.0307572681727975,0.508479043349484,0.477541068072733,0.2335,2000,180.161404848099
568,"ipw_robust",200,5,"treatment",0.1,10,2,2000,-0.443278768909305,0.228788863240572,0.0323089507501985,0.478318788299783,0.443871504996069,0.3125,2000,180.161404848099
568,"dr_robust",200,5,"treatment",0.1,10,2,2000,-0.431922451094604,0.215983906170313,0.0294416232223539,0.464740687018377,0.432351779026226,0.3015,2000,180.161404848099
568,"aipw_robust",200,5,"treatment",0.1,10,2,2000,-0.36886198124922,0.182484707956791,0.0464487711312574,0.427182288908133,0.374856709846678,0.592,2000,180.161404848099
568,"reg_adj",200,5,"treatment",0.1,10,2,2000,-0.469312167813547,0.249265009010565,0.0290256109581935,0.499264468003247,0.469492119887169,0.217,2000,180.161404848099
568,"adaptive",200,5,"treatment",0.1,10,2,2000,-0.469312167813547,0.249265009010565,0.0290256109581935,0.499264468003247,0.469492119887169,0.217,2000,180.161404848099
569,"naive",500,5,"treatment",0.1,10,2,2000,-0.474697691681644,0.236214506188963,0.0108820487254444,0.486019038916134,0.474697691681644,0.0055,2000,395.108990907669
569,"ipw_robust",500,5,"treatment",0.1,10,2,2000,-0.440375233784268,0.205944493323185,0.0120201568710718,0.453811076686307,0.440399529994251,0.0275,2000,395.108990907669
569,"dr_robust",500,5,"treatment",0.1,10,2,2000,-0.426572945276271,0.192576596125355,0.010617427197281,0.438835500074179,0.426598187165867,0.018,2000,395.108990907669
569,"aipw_robust",500,5,"treatment",0.1,10,2,2000,-0.363790300696642,0.149506595194108,0.017171798212261,0.386660827074722,0.363884488972078,0.203,2000,395.108990907669
569,"reg_adj",500,5,"treatment",0.1,10,2,2000,-0.466916916734393,0.228373077354194,0.0103668536482656,0.47788395804232,0.466916916734393,0.0055,2000,395.108990907669
569,"adaptive",500,5,"treatment",0.1,10,2,2000,-0.466916916734393,0.228373077354194,0.0103668536482656,0.47788395804232,0.466916916734393,0.0055,2000,395.108990907669
570,"naive",1000,5,"treatment",0.1,10,2,2000,-0.474527314616446,0.230883814416301,0.00571049734787935,0.480503709055717,0.474527314616446,0,2000,726.535103797913
570,"ipw_robust",1000,5,"treatment",0.1,10,2,2000,-0.439813032818961,0.199629913957933,0.00619750887495805,0.446799635136302,0.439813032818961,0,2000,726.535103797913
570,"dr_robust",1000,5,"treatment",0.1,10,2,2000,-0.426086562913988,0.187144829906184,0.00559786974520028,0.432602392395354,0.426086562913988,0,2000,726.535103797913
570,"aipw_robust",1000,5,"treatment",0.1,10,2,2000,-0.35758787855323,0.136375195512135,0.00851035980383783,0.369290123767391,0.35761501822604,0.0275,2000,726.535103797913
570,"reg_adj",1000,5,"treatment",0.1,10,2,2000,-0.466691030030167,0.223279313424988,0.00548153668271154,0.472524405110454,0.466691030030167,0,2000,726.535103797913
570,"adaptive",1000,5,"treatment",0.1,10,2,2000,-0.466691030030167,0.223279313424988,0.00548153668271154,0.472524405110454,0.466691030030167,0,2000,726.535103797913
571,"naive",200,10,"treatment",0.1,10,2,2000,-0.49529653411724,0.27996254939757,0.0346612233006706,0.529114873536523,0.495620747846244,0.2385,2000,306.447452068329
571,"ipw_robust",200,10,"treatment",0.1,10,2,2000,-0.45052533589675,0.238856234937214,0.0359011072059379,0.488729204096925,0.451710729682514,0.338,2000,306.447452068329
571,"dr_robust",200,10,"treatment",0.1,10,2,2000,-0.451397303979489,0.23629596634915,0.0325527166675333,0.486102835158519,0.45199013543339,0.2955,2000,306.447452068329
571,"aipw_robust",200,10,"treatment",0.1,10,2,2000,-0.39320264351625,0.202100758357475,0.0475161975881014,0.449556179311857,0.399323577836428,0.554,2000,306.447452068329
571,"reg_adj",200,10,"treatment",0.1,10,2,2000,-0.48229808680434,0.263365014556136,0.0307689544982587,0.513191011764758,0.482667574809615,0.2125,2000,306.447452068329
571,"adaptive",200,10,"treatment",0.1,10,2,2000,-0.48217146529721,0.263294278397643,0.0308203666341015,0.513122089173369,0.482540953302485,0.213,2000,306.447452068329
572,"naive",500,10,"treatment",0.1,10,2,2000,-0.490065212128566,0.252355746173484,0.0121979330013685,0.502350222627087,0.490065212128566,0.0065,2000,713.387257099152
572,"ipw_robust",500,10,"treatment",0.1,10,2,2000,-0.446403337563044,0.212494920957453,0.0132255939670108,0.4609717138366,0.446403337563044,0.031,2000,713.387257099152
572,"dr_robust",500,10,"treatment",0.1,10,2,2000,-0.443381024314753,0.208561377114446,0.0119806347094006,0.456685205710067,0.443381024314753,0.0165,2000,713.387257099152
572,"aipw_robust",500,10,"treatment",0.1,10,2,2000,-0.378403842277882,0.161911682063135,0.018731580002472,0.402382507153498,0.378641377262902,0.205,2000,713.387257099152
572,"reg_adj",500,10,"treatment",0.1,10,2,2000,-0.479475679820513,0.24150416504409,0.01161304402676,0.491430732702066,0.479475679820513,0.007,2000,713.387257099152
572,"adaptive",500,10,"treatment",0.1,10,2,2000,-0.479475679820513,0.24150416504409,0.01161304402676,0.491430732702066,0.479475679820513,0.007,2000,713.387257099152
573,"naive",1000,10,"treatment",0.1,10,2,2000,-0.484641232406574,0.240967788285032,0.00609371099196532,0.490884699583346,0.484641232406574,0,2000,1319.53207993507
573,"ipw_robust",1000,10,"treatment",0.1,10,2,2000,-0.441922829386435,0.201662969116979,0.00637036716765056,0.449069002623181,0.441922829386435,0,2000,1319.53207993507
573,"dr_robust",1000,10,"treatment",0.1,10,2,2000,-0.43692942165089,0.196786280106926,0.00588190155352183,0.443605996473139,0.43692942165089,0,2000,1319.53207993507
573,"aipw_robust",1000,10,"treatment",0.1,10,2,2000,-0.372362368465253,0.147497484020148,0.00884817465842455,0.384054011852693,0.372362368465253,0.024,2000,1319.53207993507
573,"reg_adj",1000,10,"treatment",0.1,10,2,2000,-0.473655515620941,0.230081866668848,0.0057351867841012,0.479668496639969,0.473655515620941,0,2000,1319.53207993507
573,"adaptive",1000,10,"treatment",0.1,10,2,2000,-0.473655515620941,0.230081866668848,0.0057351867841012,0.479668496639969,0.473655515620941,0,2000,1319.53207993507
574,"naive",200,20,"treatment",0.1,10,2,2000,-0.490583113877556,0.2797823181582,0.0391300915821926,0.528944532213162,0.491376199781351,0.297,2000,739.99240899086
574,"ipw_robust",200,20,"treatment",0.1,10,2,2000,-0.449805881618054,0.242057564698388,0.0397521096150006,0.49199346001587,0.451270797062066,0.394,2000,739.99240899086
574,"dr_robust",200,20,"treatment",0.1,10,2,2000,-0.449109403798035,0.238070283229876,0.0363892212606798,0.487924464676528,0.450033141792208,0.345,2000,739.99240899086
574,"aipw_robust",200,20,"treatment",0.1,10,2,2000,-0.399480368852132,0.211786262239946,0.0522278110472343,0.460202414422117,0.406359870793203,0.59,2000,739.99240899086
574,"reg_adj",200,20,"treatment",0.1,10,2,2000,-0.475678217424374,0.257390480195185,0.0311362818040573,0.507336653707561,0.475917432399239,0.233,2000,739.99240899086
574,"adaptive",200,20,"treatment",0.1,10,2,2000,-0.475943982718729,0.258353373233723,0.0318466218584865,0.508284736376888,0.476183197693594,0.242,2000,739.99240899086
575,"naive",500,20,"treatment",0.1,10,2,2000,-0.488301386922183,0.250946647404622,0.0125146602646275,0.500945752955969,0.488301386922183,0.008,2000,2050.37319922447
575,"ipw_robust",500,20,"treatment",0.1,10,2,2000,-0.445690316907131,0.211762402935553,0.0131291089052266,0.460176491072233,0.445690316907131,0.0235,2000,2050.37319922447
575,"dr_robust",500,20,"treatment",0.1,10,2,2000,-0.440778573089727,0.206413053050576,0.0121333692401805,0.454327033149664,0.440778573089727,0.015,2000,2050.37319922447
575,"aipw_robust",500,20,"treatment",0.1,10,2,2000,-0.382271909388227,0.16416388501561,0.0180410928547159,0.405171426701846,0.382366886242077,0.1815,2000,2050.37319922447
575,"reg_adj",500,20,"treatment",0.1,10,2,2000,-0.476547103034636,0.238369216908781,0.0112777143552552,0.488230700498014,0.476547103034636,0.005,2000,2050.37319922447
575,"adaptive",500,20,"treatment",0.1,10,2,2000,-0.476547103034636,0.238369216908781,0.0112777143552552,0.488230700498014,0.476547103034636,0.005,2000,2050.37319922447
576,"naive",1000,20,"treatment",0.1,10,2,2000,-0.484314779878517,0.240720811252062,0.00616308678667885,0.490633071910223,0.484314779878517,0,2000,3672.1750228405
576,"ipw_robust",1000,20,"treatment",0.1,10,2,2000,-0.442111478457913,0.201927881373023,0.0064685562669144,0.449363863003049,0.442111478457913,0,2000,3672.1750228405
576,"dr_robust",1000,20,"treatment",0.1,10,2,2000,-0.436756693315849,0.196661970310244,0.00590851541175535,0.443465861493581,0.436756693315849,0,2000,3672.1750228405
576,"aipw_robust",1000,20,"treatment",0.1,10,2,2000,-0.373486873698809,0.148738152698816,0.00925033304002597,0.385665856278225,0.373486873698809,0.0285,2000,3672.1750228405
576,"reg_adj",1000,20,"treatment",0.1,10,2,2000,-0.473149616304656,0.229719756461202,0.00585212311351576,0.479290889190689,0.473149616304656,0,2000,3672.1750228405
576,"adaptive",1000,20,"treatment",0.1,10,2,2000,-0.473149616304656,0.229719756461202,0.00585212311351576,0.479290889190689,0.473149616304656,0,2000,3672.1750228405
577,"naive",200,5,"mixed",0.1,10,2,2000,-0.300624322963632,0.315576218571617,0.225313891960255,0.561761709777034,0.437400011331188,0.916,2000,174.972486019135
577,"ipw_robust",200,5,"mixed",0.1,10,2,2000,-0.279840657811306,0.120989336885375,0.0426998930676448,0.34783521513121,0.298025434831803,0.729,2000,174.972486019135
577,"dr_robust",200,5,"mixed",0.1,10,2,2000,-0.241159998258143,0.10076169655461,0.0426248642268559,0.317429829339667,0.2640012094205,0.7995,2000,174.972486019135
577,"aipw_robust",200,5,"mixed",0.1,10,2,2000,-0.19633806235843,0.0881665856865585,0.0496427723420667,0.29692858684633,0.242545149777192,0.861,2000,174.972486019135
577,"reg_adj",200,5,"mixed",0.1,10,2,2000,-0.334015535749086,0.324847680740476,0.213387996617035,0.569954104064946,0.453059897601071,0.9025,2000,174.972486019135
577,"adaptive",200,5,"mixed",0.1,10,2,2000,-0.281452584471327,0.122050138715433,0.0428560094145505,0.349356749921098,0.299515905062446,0.727,2000,174.972486019135
578,"naive",500,5,"mixed",0.1,10,2,2000,-0.310801499913157,0.193053820529422,0.0965045004313693,0.43937890314559,0.363133284156502,0.843,2000,394.126322031021
578,"ipw_robust",500,5,"mixed",0.1,10,2,2000,-0.293334595767062,0.107177084918457,0.0211424710801711,0.327379114969872,0.295934673425892,0.4735,2000,394.126322031021
578,"dr_robust",500,5,"mixed",0.1,10,2,2000,-0.286237149441533,0.108643024649419,0.0267246812696397,0.32961041344202,0.29017746369945,0.622,2000,394.126322031021
578,"aipw_robust",500,5,"mixed",0.1,10,2,2000,-0.19476580467301,0.0598308228056048,0.0219080581647619,0.244603399006647,0.2074205483799,0.7445,2000,394.126322031021
578,"reg_adj",500,5,"mixed",0.1,10,2,2000,-0.327123942766448,0.200917612833358,0.0939545161603716,0.448238343778572,0.372404132071401,0.83,2000,394.126322031021
578,"adaptive",500,5,"mixed",0.1,10,2,2000,-0.293353669662302,0.107183324224308,0.0211375174787081,0.327388644006337,0.295953747321132,0.4735,2000,394.126322031021
579,"naive",1000,5,"mixed",0.1,10,2,2000,-0.323249172268139,0.153008315768903,0.0485425596767048,0.391162774007066,0.337359644195815,0.6995,2000,762.417819023132
579,"ipw_robust",1000,5,"mixed",0.1,10,2,2000,-0.302004272259176,0.100412282009708,0.00921030670026368,0.316878970601881,0.302047146484545,0.1155,2000,762.417819023132
579,"dr_robust",1000,5,"mixed",0.1,10,2,2000,-0.293174690230692,0.0984331700621219,0.0124880150777986,0.313740609520224,0.293297895082015,0.2475,2000,762.417819023132
579,"aipw_robust",1000,5,"mixed",0.1,10,2,2000,-0.205182573587386,0.0528362180064873,0.0107417003527204,0.229861301672307,0.206862297728976,0.498,2000,762.417819023132
579,"reg_adj",1000,5,"mixed",0.1,10,2,2000,-0.331256326479009,0.157896811126095,0.0481901523699119,0.397362317194389,0.344839988445387,0.685,2000,762.417819023132
579,"adaptive",1000,5,"mixed",0.1,10,2,2000,-0.302004272259176,0.100412282009708,0.00921030670026368,0.316878970601881,0.302047146484545,0.1155,2000,762.417819023132
580,"naive",200,10,"mixed",0.1,10,2,2000,-0.270011568935851,0.308312212618557,0.235523727122918,0.555258689818139,0.420715612051849,0.931,2000,301.961250066757
580,"ipw_robust",200,10,"mixed",0.1,10,2,2000,-0.239629127265317,0.0982023495595785,0.0408006312412615,0.313372541170375,0.261209197127796,0.786,2000,301.961250066757
580,"dr_robust",200,10,"mixed",0.1,10,2,2000,-0.209959359851608,0.0819736614246784,0.0379096834771201,0.286310428424601,0.236634657001242,0.8175,2000,301.961250066757
580,"aipw_robust",200,10,"mixed",0.1,10,2,2000,-0.18041908384563,0.0813783026333637,0.0488516826589966,0.285268825204164,0.232169215241436,0.876,2000,301.961250066757
580,"reg_adj",200,10,"mixed",0.1,10,2,2000,-0.301237271884172,0.325777214142563,0.235150895618154,0.570768967396234,0.435628561915814,0.9305,2000,301.961250066757
580,"adaptive",200,10,"mixed",0.1,10,2,2000,-0.241043965063247,0.0990927552777017,0.0410110677181491,0.314790017754219,0.262604587446872,0.786,2000,301.961250066757
581,"naive",500,10,"mixed",0.1,10,2,2000,-0.273983070260405,0.177643556974827,0.102628148259638,0.421477825009605,0.339441710812995,0.8875,2000,633.910487174988
581,"ipw_robust",500,10,"mixed",0.1,10,2,2000,-0.264550332549104,0.0905755986205307,0.0205990196785283,0.300957802059576,0.268702877615509,0.5425,2000,633.910487174988
581,"dr_robust",500,10,"mixed",0.1,10,2,2000,-0.240230614042294,0.0843912837103536,0.0266938827285802,0.29050177918621,0.247933312084315,0.7345,2000,633.910487174988
581,"aipw_robust",500,10,"mixed",0.1,10,2,2000,-0.179862603342624,0.0536121789810045,0.0212722590293331,0.231543039154721,0.19448583396327,0.7635,2000,633.910487174988
581,"reg_adj",500,10,"mixed",0.1,10,2,2000,-0.295195236873658,0.181147071424661,0.0940538704870089,0.425613758500193,0.347301366802673,0.858,2000,633.910487174988
581,"adaptive",500,10,"mixed",0.1,10,2,2000,-0.264550332549104,0.0905755986205307,0.0205990196785283,0.300957802059576,0.268702877615509,0.5425,2000,633.910487174988
582,"naive",1000,10,"mixed",0.1,10,2,2000,-0.282553916297309,0.130224325068947,0.0504128158619316,0.360866076362059,0.305452239209932,0.76,2000,1154.80987405777
582,"ipw_robust",1000,10,"mixed",0.1,10,2,2000,-0.265627038624713,0.0826592071763591,0.0121075372964726,0.287505142869409,0.266995975692773,0.3155,2000,1154.80987405777
582,"dr_robust",1000,10,"mixed",0.1,10,2,2000,-0.264908767486581,0.086807476279419,0.0166391407585389,0.294631085052849,0.266115083100042,0.4845,2000,1154.80987405777
582,"aipw_robust",1000,10,"mixed",0.1,10,2,2000,-0.177553849505276,0.04251494000942,0.0109950680693126,0.206191512942264,0.181356255749181,0.598,2000,1154.80987405777
582,"reg_adj",1000,10,"mixed",0.1,10,2,2000,-0.293491764462811,0.133642855306693,0.0475292041012502,0.36557195640078,0.313187560379902,0.735,2000,1154.80987405777
582,"adaptive",1000,10,"mixed",0.1,10,2,2000,-0.265627038624713,0.0826592071763591,0.0121075372964726,0.287505142869409,0.266995975692773,0.3155,2000,1154.80987405777
583,"naive",200,20,"mixed",0.1,10,2,2000,-0.237220053376052,0.335685492109232,0.279551914342667,0.579383717504412,0.429964275789689,0.94,2000,690.897487878799
583,"ipw_robust",200,20,"mixed",0.1,10,2,2000,-0.216713751914374,0.0924111533543998,0.0454690376043972,0.303992028438905,0.25050575162896,0.8275,2000,690.897487878799
583,"dr_robust",200,20,"mixed",0.1,10,2,2000,-0.197866465749797,0.0830516072714452,0.0439224302182386,0.288186757626795,0.235808823848681,0.84,2000,690.897487878799
583,"aipw_robust",200,20,"mixed",0.1,10,2,2000,-0.173452510379315,0.0858072707306324,0.0557493720597758,0.292928780987175,0.23471154255991,0.884,2000,690.897487878799
583,"reg_adj",200,20,"mixed",0.1,10,2,2000,-0.253352791826014,0.337758298250897,0.273707514882303,0.581169767151473,0.43532020479333,0.939,2000,690.897487878799
583,"adaptive",200,20,"mixed",0.1,10,2,2000,-0.217695525912162,0.0928991943551295,0.0455306176617875,0.304793691462159,0.25112926533818,0.827,2000,690.897487878799
584,"naive",500,20,"mixed",0.1,10,2,2000,-0.256891512185159,0.163824746709759,0.0978804378959296,0.404752698211833,0.327819152823794,0.8835,2000,1582.61977910995
584,"ipw_robust",500,20,"mixed",0.1,10,2,2000,-0.246565236883999,0.0775807503842161,0.016794731710409,0.27853321235396,0.248797611371789,0.524,2000,1582.61977910995
584,"dr_robust",500,20,"mixed",0.1,10,2,2000,-0.201705350803779,0.0596570654758787,0.0189815076868466,0.244247959000436,0.207068677046336,0.706,2000,1582.61977910995
584,"aipw_robust",500,20,"mixed",0.1,10,2,2000,-0.168141942902991,0.0491760899860534,0.0209148344400808,0.221756826244545,0.185097571095912,0.7815,2000,1582.61977910995
584,"reg_adj",500,20,"mixed",0.1,10,2,2000,-0.292509222434143,0.180207955550203,0.0946936571697604,0.42450907593384,0.348919616106289,0.858,2000,1582.61977910995
584,"adaptive",500,20,"mixed",0.1,10,2,2000,-0.246565236883999,0.0775807503842161,0.016794731710409,0.27853321235396,0.248797611371789,0.524,2000,1582.61977910995
585,"naive",1000,20,"mixed",0.1,10,2,2000,-0.289997452208363,0.143754753294719,0.0596860740443994,0.379150040610204,0.315503697553716,0.7945,2000,2683.67726397514
585,"ipw_robust",1000,20,"mixed",0.1,10,2,2000,-0.262431030132373,0.081160701727889,0.0122968045538274,0.284887173680896,0.263647400077707,0.333,2000,2683.67726397514
585,"dr_robust",1000,20,"mixed",0.1,10,2,2000,-0.240834487070035,0.072565904298295,0.0145719401060614,0.269380593767062,0.242857906629641,0.5065,2000,2683.67726397514
585,"aipw_robust",1000,20,"mixed",0.1,10,2,2000,-0.163070278902796,0.0372828339465814,0.0106962662182548,0.193087632816246,0.167458851979348,0.6525,2000,2683.67726397514
585,"reg_adj",1000,20,"mixed",0.1,10,2,2000,-0.313918103782162,0.154640910259965,0.0561243965760647,0.393244084837858,0.332803844832905,0.7515,2000,2683.67726397514
585,"adaptive",1000,20,"mixed",0.1,10,2,2000,-0.262431030132373,0.081160701727889,0.0122968045538274,0.284887173680896,0.263647400077707,0.333,2000,2683.67726397514
586,"naive",200,5,"none",0.15,10,2,2000,0.00558667188463557,0.0292530508618187,0.0292364581881662,0.171035232808386,0.13637943870904,0.947,2000,185.464979887009
586,"ipw_robust",200,5,"none",0.15,10,2,2000,-0.0217760325635101,0.0311935186458708,0.0307346903968622,0.176616869652564,0.142218844555394,0.9535,2000,185.464979887009
586,"dr_robust",200,5,"none",0.15,10,2,2000,0.00118521850174957,0.028509963360987,0.0285228200281042,0.16884893651127,0.134760566138255,0.9495,2000,185.464979887009
586,"aipw_robust",200,5,"none",0.15,10,2,2000,-0.000847593134396751,0.0395093903519168,0.0395284361558733,0.198769691733717,0.159175920029623,0.9525,2000,185.464979887009
586,"reg_adj",200,5,"none",0.15,10,2,2000,0.00532574977439859,0.0273560647637606,0.0273413718390206,0.165396689095522,0.132318086327853,0.9485,2000,185.464979887009
586,"adaptive",200,5,"none",0.15,10,2,2000,0.00492740435813976,0.0275232000647728,0.027512677089609,0.165901175597923,0.132509628949949,0.9485,2000,185.464979887009
587,"naive",500,5,"none",0.15,10,2,2000,0.0100410977740495,0.0127598121486258,0.0126653211647001,0.112959338474629,0.0888012289260551,0.941,2000,400.743702173233
587,"ipw_robust",500,5,"none",0.15,10,2,2000,-0.0197940931679628,0.0131909506282672,0.012805547277564,0.114851863843244,0.0914446036048808,0.9445,2000,400.743702173233
587,"dr_robust",500,5,"none",0.15,10,2,2000,0.00487163032619709,0.0125368887721812,0.0125194156979951,0.11196824894666,0.0885361656954298,0.9415,2000,400.743702173233
587,"aipw_robust",500,5,"none",0.15,10,2,2000,0.000382328854352298,0.0169781239249771,0.0169864709851168,0.1303001301802,0.103328327986061,0.9455,2000,400.743702173233
587,"reg_adj",500,5,"none",0.15,10,2,2000,0.00884674642156158,0.012038484624702,0.0119662028038565,0.109720028366302,0.086488630077587,0.9435,2000,400.743702173233
587,"adaptive",500,5,"none",0.15,10,2,2000,0.00884674642156158,0.012038484624702,0.0119662028038565,0.109720028366302,0.086488630077587,0.9435,2000,400.743702173233
588,"naive",1000,5,"none",0.15,10,2,2000,0.00693594926199292,0.00601668105935619,0.00597155944691471,0.0775672679637242,0.0613955291722373,0.9465,2000,733.656483888626
588,"ipw_robust",1000,5,"none",0.15,10,2,2000,-0.0230704813388243,0.00667916525369468,0.00614999314106016,0.0817261601550855,0.0646537733202176,0.9365,2000,733.656483888626
588,"dr_robust",1000,5,"none",0.15,10,2,2000,0.00263395562922186,0.00596228529096934,0.00595832673207867,0.0772158357525795,0.0613791949316549,0.9485,2000,733.656483888626
588,"aipw_robust",1000,5,"none",0.15,10,2,2000,-0.00335724732558274,0.00869107899714472,0.00868414996252084,0.0932259566705792,0.0745819606665264,0.952,2000,733.656483888626
588,"reg_adj",1000,5,"none",0.15,10,2,2000,0.00634284040493327,0.00580050782337857,0.00576315777786505,0.0761610650094822,0.0605460636820514,0.9485,2000,733.656483888626
588,"adaptive",1000,5,"none",0.15,10,2,2000,0.00634284040493327,0.00580050782337857,0.00576315777786505,0.0761610650094822,0.0605460636820514,0.9485,2000,733.656483888626
589,"naive",200,10,"none",0.15,10,2,2000,0.010829269427334,0.0337640183976594,0.0336635771098846,0.183749879993592,0.144381779013761,0.9445,2000,307.482535123825
589,"ipw_robust",200,10,"none",0.15,10,2,2000,-0.011525236803192,0.034022981671643,0.0339071041403435,0.18445319642566,0.145636247896703,0.949,2000,307.482535123825
589,"dr_robust",200,10,"none",0.15,10,2,2000,0.00721148555239459,0.0331026642915871,0.0330671923638966,0.181941375974755,0.143223443922813,0.945,2000,307.482535123825
589,"aipw_robust",200,10,"none",0.15,10,2,2000,0.00389942231197793,0.043168863773075,0.0431752459016587,0.207771181286229,0.163721535270593,0.946,2000,307.482535123825
589,"reg_adj",200,10,"none",0.15,10,2,2000,0.0135218501869239,0.0294768058509142,0.0293086197283007,0.171688106317573,0.13482954779831,0.9485,2000,307.482535123825
589,"adaptive",200,10,"none",0.15,10,2,2000,0.0129755759327983,0.0296377046486281,0.0294840811183995,0.172156047377454,0.135449125326916,0.9495,2000,307.482535123825
590,"naive",500,10,"none",0.15,10,2,2000,0.00770346905746155,0.0121983651169745,0.0121450942285695,0.110446209156197,0.0882867488254455,0.9495,2000,717.489086866379
590,"ipw_robust",500,10,"none",0.15,10,2,2000,-0.0134895470702445,0.012619103223063,0.0124433570214134,0.112334781893513,0.0895340404913753,0.9445,2000,717.489086866379
590,"dr_robust",500,10,"none",0.15,10,2,2000,0.00364977991165549,0.0120257630530267,0.0120184513853158,0.109662040164437,0.0879242238822968,0.9475,2000,717.489086866379
590,"aipw_robust",500,10,"none",0.15,10,2,2000,0.000579263478281966,0.0165263721632874,0.0165343037689946,0.128554938307664,0.102689495014221,0.951,2000,717.489086866379
590,"reg_adj",500,10,"none",0.15,10,2,2000,0.00741368685745813,0.0114030876780737,0.0113538018261663,0.106785240918742,0.0859056279564801,0.955,2000,717.489086866379
590,"adaptive",500,10,"none",0.15,10,2,2000,0.00741368685745813,0.0114030876780737,0.0113538018261663,0.106785240918742,0.0859056279564801,0.955,2000,717.489086866379
591,"naive",1000,10,"none",0.15,10,2,2000,0.0108772773320358,0.00610161998777149,0.00598629797460076,0.0781128669795923,0.0621805576089616,0.946,2000,1277.73396110535
591,"ipw_robust",1000,10,"none",0.15,10,2,2000,-0.0114702646998834,0.00634969751185861,0.00622124116015329,0.0796849892505396,0.0638849599391536,0.947,2000,1277.73396110535
591,"dr_robust",1000,10,"none",0.15,10,2,2000,0.00650505708885163,0.00596507560682265,0.00592572270044365,0.077233901926697,0.0616707743908541,0.9465,2000,1277.73396110535
591,"aipw_robust",1000,10,"none",0.15,10,2,2000,0.000555462945621699,0.00832060674370165,0.00832446043483511,0.091217359881229,0.0725074792667973,0.9505,2000,1277.73396110535
591,"reg_adj",1000,10,"none",0.15,10,2,2000,0.0102715641877196,0.00567345801896863,0.00557073835728483,0.0753223606837215,0.0600791739655069,0.9475,2000,1277.73396110535
591,"adaptive",1000,10,"none",0.15,10,2,2000,0.0102715641877196,0.00567345801896863,0.00557073835728483,0.0753223606837215,0.0600791739655069,0.9475,2000,1277.73396110535
592,"naive",200,20,"none",0.15,10,2,2000,0.00477419877799479,0.0402201284093263,0.0402174441574332,0.200549565966437,0.157010263587055,0.948,2000,728.864269018173
592,"ipw_robust",200,20,"none",0.15,10,2,2000,-0.0189865319422631,0.0383967226353846,0.0380552618711256,0.195950816878585,0.156488441169731,0.9565,2000,728.864269018173
592,"dr_robust",200,20,"none",0.15,10,2,2000,0.00115588294106717,0.0375939397035038,0.0376114093428017,0.193891566870516,0.152934685802171,0.952,2000,728.864269018173
592,"aipw_robust",200,20,"none",0.15,10,2,2000,-0.00368701956713413,0.0441707691953472,0.0441792647144159,0.210168430539287,0.167211092572843,0.951,2000,728.864269018173
592,"reg_adj",200,20,"none",0.15,10,2,2000,0.00500788157282495,0.0307195982322125,0.0307098742915108,0.175270072266239,0.139502973832058,0.9535,2000,728.864269018173
592,"adaptive",200,20,"none",0.15,10,2,2000,0.00396220074960452,0.0321711501014321,0.0321715368350695,0.17936317933576,0.141997452114688,0.9545,2000,728.864269018173
593,"naive",500,20,"none",0.15,10,2,2000,0.0106379574052453,0.0130427868063592,0.0129360887129598,0.114205020933229,0.0901395220942619,0.945,2000,1964.08262300491
593,"ipw_robust",500,20,"none",0.15,10,2,2000,-0.0143270594728051,0.0131175598845222,0.0129187546286993,0.114531916444816,0.0905238068751333,0.951,2000,1964.08262300491
593,"dr_robust",500,20,"none",0.15,10,2,2000,0.0058824994051645,0.0125040731821778,0.0124757072365443,0.111821613215772,0.0885772269881494,0.95,2000,1964.08262300491
593,"aipw_robust",500,20,"none",0.15,10,2,2000,0.00237993389109237,0.0168512565616172,0.0168540194860342,0.129812389861743,0.103618865654305,0.953,2000,1964.08262300491
593,"reg_adj",500,20,"none",0.15,10,2,2000,0.010380964545917,0.0115058361953938,0.0114037736573189,0.10726526089743,0.0854678788119118,0.945,2000,1964.08262300491
593,"adaptive",500,20,"none",0.15,10,2,2000,0.010380964545917,0.0115058361953938,0.0114037736573189,0.10726526089743,0.0854678788119118,0.945,2000,1964.08262300491
594,"naive",1000,20,"none",0.15,10,2,2000,0.0109296007296695,0.00629002112372376,0.00617365177750252,0.0793096534081682,0.0635658480745083,0.9475,2000,3659.70634579659
594,"ipw_robust",1000,20,"none",0.15,10,2,2000,-0.0134677578284768,0.00640395654240998,0.00622568888592645,0.0800247245694103,0.0646141347270844,0.9465,2000,3659.70634579659
594,"dr_robust",1000,20,"none",0.15,10,2,2000,0.00612658867228122,0.00602992586056208,0.00599538846603578,0.0776525972557395,0.0622744861053684,0.9485,2000,3659.70634579659
594,"aipw_robust",1000,20,"none",0.15,10,2,2000,0.000231483107336228,0.00791054792548222,0.00791445156683665,0.088941261096761,0.0712390871733601,0.9505,2000,3659.70634579659
594,"reg_adj",1000,20,"none",0.15,10,2,2000,0.00938258308447137,0.00579162768823419,0.00570644804692064,0.0761027442884564,0.0611132797346044,0.944,2000,3659.70634579659
594,"adaptive",1000,20,"none",0.15,10,2,2000,0.00938258308447137,0.00579162768823419,0.00570644804692064,0.0761027442884564,0.0611132797346044,0.944,2000,3659.70634579659
595,"naive",200,5,"covariate",0.15,10,2,2000,-0.197204538126351,0.0751643960850237,0.0362929126837383,0.274161259270933,0.223950342647917,0.818,2000,163.883316993713
595,"ipw_robust",200,5,"covariate",0.15,10,2,2000,-0.19135772296893,0.0745408817508371,0.0379420746483074,0.273021760581162,0.22287845596405,0.8375,2000,163.883316993713
595,"dr_robust",200,5,"covariate",0.15,10,2,2000,-0.197500806137992,0.0760158587229649,0.0370278041999082,0.275709736358666,0.225523507595168,0.822,2000,163.883316993713
595,"aipw_robust",200,5,"covariate",0.15,10,2,2000,-0.163814956489534,0.0790018853776398,0.0521926417288363,0.2810727403674,0.225851157814716,0.8905,2000,163.883316993713
595,"reg_adj",200,5,"covariate",0.15,10,2,2000,-0.1968504947843,0.0729313378407872,0.0341983197038154,0.270058026803106,0.222146201646041,0.8125,2000,163.883316993713
595,"adaptive",200,5,"covariate",0.15,10,2,2000,-0.196400030584666,0.0730696310249073,0.0345139159692341,0.270313949001725,0.222465688981614,0.8155,2000,163.883316993713
596,"naive",500,5,"covariate",0.15,10,2,2000,-0.211017906232098,0.0582271815627076,0.0137054775509047,0.241303090661325,0.213985116784452,0.56,2000,380.026628017426
596,"ipw_robust",500,5,"covariate",0.15,10,2,2000,-0.204330174933672,0.0560098492762136,0.0142661619687731,0.236664000803277,0.20831438855087,0.6015,2000,380.026628017426
596,"dr_robust",500,5,"covariate",0.15,10,2,2000,-0.209223443729601,0.057502753838678,0.0137351720186138,0.239797318247469,0.212404009059328,0.569,2000,380.026628017426
596,"aipw_robust",500,5,"covariate",0.15,10,2,2000,-0.203574531764625,0.0615166791146545,0.0200841311970669,0.248025561413848,0.212612681723923,0.694,2000,380.026628017426
596,"reg_adj",500,5,"covariate",0.15,10,2,2000,-0.210880153866228,0.0581079606146337,0.0136443434917355,0.241055928395536,0.213886622124561,0.559,2000,380.026628017426
596,"adaptive",500,5,"covariate",0.15,10,2,2000,-0.210880153866228,0.0581079606146337,0.0136443434917355,0.241055928395536,0.213886622124561,0.559,2000,380.026628017426
597,"naive",1000,5,"covariate",0.15,10,2,2000,-0.203603218239645,0.0485274725372542,0.00707674042992887,0.220289519808034,0.204171908154809,0.319,2000,754.757552146912
597,"ipw_robust",1000,5,"covariate",0.15,10,2,2000,-0.197716448069665,0.0464370239438312,0.00734890455882597,0.215492514820889,0.198333626501598,0.3565,2000,754.757552146912
597,"dr_robust",1000,5,"covariate",0.15,10,2,2000,-0.201580113735463,0.0477128266403162,0.00708182529936359,0.21843265928042,0.202075344653026,0.3255,2000,754.757552146912
597,"aipw_robust",1000,5,"covariate",0.15,10,2,2000,-0.197000577429189,0.0488312318530182,0.0100270178545115,0.220977899014852,0.199231486549329,0.4935,2000,754.757552146912
597,"reg_adj",1000,5,"covariate",0.15,10,2,2000,-0.203837011954221,0.0485613479441218,0.00701532816577964,0.220366394770441,0.204396516091724,0.314,2000,754.757552146912
597,"adaptive",1000,5,"covariate",0.15,10,2,2000,-0.203837011954221,0.0485613479441218,0.00701532816577964,0.220366394770441,0.204396516091724,0.314,2000,754.757552146912
598,"naive",200,10,"covariate",0.15,10,2,2000,-0.167060960291111,0.0703378165763845,0.042449676961477,0.265212776042906,0.2151696303145,0.876,2000,250.113216876984
598,"ipw_robust",200,10,"covariate",0.15,10,2,2000,-0.159992682581261,0.0679329927532827,0.0423565125299997,0.260639584010723,0.210762223735499,0.8815,2000,250.113216876984
598,"dr_robust",200,10,"covariate",0.15,10,2,2000,-0.164188738516522,0.0720532323835636,0.045117849452643,0.268427331662712,0.215341517092211,0.89,2000,250.113216876984
598,"aipw_robust",200,10,"covariate",0.15,10,2,2000,-0.11209355345599,0.0733418415397294,0.0608072804535653,0.270816989016069,0.21792233366824,0.9265,2000,250.113216876984
598,"reg_adj",200,10,"covariate",0.15,10,2,2000,-0.168408741014186,0.064798783238324,0.0364555069418116,0.254556051270293,0.207611248636419,0.8645,2000,250.113216876984
598,"adaptive",200,10,"covariate",0.15,10,2,2000,-0.168651904185095,0.0665786918121399,0.0381543041789708,0.258028470933228,0.210019439215311,0.8695,2000,250.113216876984
599,"naive",500,10,"covariate",0.15,10,2,2000,-0.165871028939973,0.0421667135693198,0.0146608457505897,0.205345351954506,0.176093342476454,0.736,2000,613.590830087662
599,"ipw_robust",500,10,"covariate",0.15,10,2,2000,-0.158561789282172,0.0402149493522755,0.0150806486562398,0.20053665338854,0.170527553435,0.764,2000,613.590830087662
599,"dr_robust",500,10,"covariate",0.15,10,2,2000,-0.16391543060642,0.0414857654048707,0.014624809418692,0.203680547438558,0.17426186635884,0.739,2000,613.590830087662
599,"aipw_robust",500,10,"covariate",0.15,10,2,2000,-0.152462229593649,0.0445192241607959,0.0212851352757674,0.210995791808263,0.175557525829988,0.8165,2000,613.590830087662
599,"reg_adj",500,10,"covariate",0.15,10,2,2000,-0.166461914563731,0.0419580124896905,0.0142555712751052,0.204836550668308,0.176150467409706,0.725,2000,613.590830087662
599,"adaptive",500,10,"covariate",0.15,10,2,2000,-0.166461914563731,0.0419580124896905,0.0142555712751052,0.204836550668308,0.176150467409706,0.725,2000,613.590830087662
600,"naive",1000,10,"covariate",0.15,10,2,2000,-0.165524327095992,0.0344785880055542,0.00708382705850242,0.185684108112553,0.166674370223656,0.5095,2000,1284.49333882332
600,"ipw_robust",1000,10,"covariate",0.15,10,2,2000,-0.159505418029408,0.0329068876442983,0.00746864358535476,0.181402556884677,0.161351261269982,0.5465,2000,1284.49333882332
600,"dr_robust",1000,10,"covariate",0.15,10,2,2000,-0.164090236623375,0.0340586796401428,0.00713664220613061,0.184549938065941,0.165429057710205,0.503,2000,1284.49333882332
600,"aipw_robust",1000,10,"covariate",0.15,10,2,2000,-0.160529764291236,0.0355213067204762,0.00975637968691991,0.188470970498048,0.164575136986107,0.6295,2000,1284.49333882332
600,"reg_adj",1000,10,"covariate",0.15,10,2,2000,-0.165486610632932,0.0343371289727144,0.00695478806797262,0.185302803466959,0.166685891510011,0.504,2000,1284.49333882332
600,"adaptive",1000,10,"covariate",0.15,10,2,2000,-0.165486610632932,0.0343371289727144,0.00695478806797262,0.185302803466959,0.166685891510011,0.504,2000,1284.49333882332
601,"naive",200,20,"covariate",0.15,10,2,2000,-0.163740290897443,0.0701651897744379,0.0433759949087128,0.264887126479257,0.216201033428287,0.8765,2000,548.03653216362
601,"ipw_robust",200,20,"covariate",0.15,10,2,2000,-0.16122446931924,0.0689404050026925,0.0429685597753095,0.262565049088207,0.213818589911696,0.8735,2000,548.03653216362
601,"dr_robust",200,20,"covariate",0.15,10,2,2000,-0.132292645992167,0.0656355059562753,0.0481582408931129,0.25619427385536,0.205444343620318,0.903,2000,548.03653216362
601,"aipw_robust",200,20,"covariate",0.15,10,2,2000,-0.0738425313293751,0.0693355919343668,0.0639148299161951,0.263316524233415,0.210847586224305,0.9415,2000,548.03653216362
601,"reg_adj",200,20,"covariate",0.15,10,2,2000,-0.183453646736588,0.0732019751377461,0.039566517895741,0.270558635304338,0.222819971417418,0.8475,2000,548.03653216362
601,"adaptive",200,20,"covariate",0.15,10,2,2000,-0.183241196034027,0.0737924675582892,0.0402352492589381,0.271647690139801,0.223057474757763,0.853,2000,548.03653216362
602,"naive",500,20,"covariate",0.15,10,2,2000,-0.177875607145071,0.0487951484139117,0.0171639987960822,0.220896239021654,0.188177827203991,0.742,2000,1295.571600914
602,"ipw_robust",500,20,"covariate",0.15,10,2,2000,-0.170692777415447,0.0463930837219344,0.0172656923062881,0.215390537679663,0.182101839974559,0.7545,2000,1295.571600914
602,"dr_robust",500,20,"covariate",0.15,10,2,2000,-0.176004443503225,0.0474103875818591,0.0164410439709648,0.217739265135756,0.185719387955621,0.7305,2000,1295.571600914
602,"aipw_robust",500,20,"covariate",0.15,10,2,2000,-0.132887246635022,0.0413853879606259,0.023738236760769,0.203433989197051,0.165469811903569,0.8655,2000,1295.571600914
602,"reg_adj",500,20,"covariate",0.15,10,2,2000,-0.176059602866646,0.0453250930738639,0.014335276950778,0.212896907149596,0.183646452496014,0.693,2000,1295.571600914
602,"adaptive",500,20,"covariate",0.15,10,2,2000,-0.176035389646392,0.0454881532979282,0.0145069483641534,0.21327951917127,0.183916599920781,0.6975,2000,1295.571600914
603,"naive",1000,20,"covariate",0.15,10,2,2000,-0.172232604289174,0.0368701510053961,0.00720968586809898,0.192016017575087,0.173990961336824,0.4665,2000,3022.32796192169
603,"ipw_robust",1000,20,"covariate",0.15,10,2,2000,-0.165487660715297,0.0349008412047037,0.00751843457296901,0.186817668341899,0.167764424348597,0.515,2000,3022.32796192169
603,"dr_robust",1000,20,"covariate",0.15,10,2,2000,-0.169872855857033,0.0361525652310703,0.00729942778793975,0.190138279236639,0.171780768073438,0.4875,2000,3022.32796192169
603,"aipw_robust",1000,20,"covariate",0.15,10,2,2000,-0.165444786262803,0.0378632428555782,0.0104965138109393,0.194584796054518,0.170365708778217,0.6325,2000,3022.32796192169
603,"reg_adj",1000,20,"covariate",0.15,10,2,2000,-0.171201009921605,0.0361216993426216,0.0068153212050468,0.190057094954705,0.172731483971972,0.451,2000,3022.32796192169
603,"adaptive",1000,20,"covariate",0.15,10,2,2000,-0.171201009921605,0.0361216993426216,0.0068153212050468,0.190057094954705,0.172731483971972,0.451,2000,3022.32796192169
604,"naive",200,5,"outcome",0.15,10,2,2000,0.0251095782473465,1.06211720060897,1.06201771854849,1.03059070469754,0.790406013127934,0.943,2000,170.845050096512
604,"ipw_robust",200,5,"outcome",0.15,10,2,2000,-0.0186606150110842,0.0566078815886125,0.0562878069394904,0.237924108884771,0.189452354262151,0.9515,2000,170.845050096512
604,"dr_robust",200,5,"outcome",0.15,10,2,2000,0.00400400070378293,0.0542871738314281,0.0542982909552698,0.232996081150366,0.185016960202051,0.9485,2000,170.845050096512
604,"aipw_robust",200,5,"outcome",0.15,10,2,2000,-2.87272992438581e-05,0.0537793878467427,0.0538062901665683,0.231903833186825,0.184731205826235,0.947,2000,170.845050096512
604,"reg_adj",200,5,"outcome",0.15,10,2,2000,0.0237876430428106,1.05030832825971,1.05026761010323,1.02484551433849,0.788143702815688,0.945,2000,170.845050096512
604,"adaptive",200,5,"outcome",0.15,10,2,2000,-0.0186606150110842,0.0566078815886125,0.0562878069394904,0.237924108884771,0.189452354262151,0.9515,2000,170.845050096512
605,"naive",500,5,"outcome",0.15,10,2,2000,0.00577018010222785,0.42359365441764,0.423772245562008,0.650840728917329,0.501356998253655,0.9495,2000,369.610491037369
605,"ipw_robust",500,5,"outcome",0.15,10,2,2000,-0.0164988830824471,0.0217356287116389,0.0214741526449932,0.147430080755723,0.118189998577063,0.95,2000,369.610491037369
605,"dr_robust",500,5,"outcome",0.15,10,2,2000,0.00614944146595908,0.0208188261631634,0.0207914062359381,0.144287304234168,0.115816843965483,0.947,2000,369.610491037369
605,"aipw_robust",500,5,"outcome",0.15,10,2,2000,0.00179825956876511,0.0211754313140286,0.0211827889710375,0.145517804113547,0.1155802159323,0.946,2000,369.610491037369
605,"reg_adj",500,5,"outcome",0.15,10,2,2000,-0.00291162810920453,0.403366892998675,0.403560195518188,0.635111716943307,0.491866545792327,0.946,2000,369.610491037369
605,"adaptive",500,5,"outcome",0.15,10,2,2000,-0.0164988830824471,0.0217356287116389,0.0214741526449932,0.147430080755723,0.118189998577063,0.95,2000,369.610491037369
606,"naive",1000,5,"outcome",0.15,10,2,2000,0.00874999490710149,0.198769952955198,0.198792786937793,0.44583624006489,0.347882735236875,0.9505,2000,688.168084144592
606,"ipw_robust",1000,5,"outcome",0.15,10,2,2000,-0.0136139382373746,0.0105251921964593,0.0103450253948256,0.102592359347367,0.081884348516884,0.9465,2000,688.168084144592
606,"dr_robust",1000,5,"outcome",0.15,10,2,2000,0.00788663842942627,0.0103093275244907,0.0102522545860672,0.101534858666818,0.0816088824678756,0.9535,2000,688.168084144592
606,"aipw_robust",1000,5,"outcome",0.15,10,2,2000,0.00414044702772642,0.0105583374056523,0.0105464673377318,0.102753770761234,0.082199026075053,0.9485,2000,688.168084144592
606,"reg_adj",1000,5,"outcome",0.15,10,2,2000,0.00824753471632755,0.193058911504205,0.193087433392004,0.43938469648385,0.343746512552671,0.9505,2000,688.168084144592
606,"adaptive",1000,5,"outcome",0.15,10,2,2000,-0.0136139382373746,0.0105251921964593,0.0103450253948256,0.102592359347367,0.081884348516884,0.9465,2000,688.168084144592
607,"naive",200,10,"outcome",0.15,10,2,2000,-0.00363605078342655,1.2433107870848,1.2439195259825,1.11503846888114,0.834065815868312,0.9545,2000,288.212080001831
607,"ipw_robust",200,10,"outcome",0.15,10,2,2000,-0.0105752292432104,0.0610354394975394,0.0609540810645252,0.247053515452704,0.193950071986766,0.949,2000,288.212080001831
607,"dr_robust",200,10,"outcome",0.15,10,2,2000,0.009166171561517,0.059602225288647,0.0595479805778408,0.244135669840863,0.190839154496725,0.9475,2000,288.212080001831
607,"aipw_robust",200,10,"outcome",0.15,10,2,2000,0.00519510509226739,0.0587215303835246,0.058723903218214,0.242325257419702,0.194696480144555,0.9525,2000,288.212080001831
607,"reg_adj",200,10,"outcome",0.15,10,2,2000,0.00496111296399659,1.12704085311418,1.12758003048758,1.06162180323983,0.815862535220874,0.9525,2000,288.212080001831
607,"adaptive",200,10,"outcome",0.15,10,2,2000,-0.0105752292432104,0.0610354394975394,0.0609540810645252,0.247053515452704,0.193950071986766,0.949,2000,288.212080001831
608,"naive",500,10,"outcome",0.15,10,2,2000,0.00241889322435274,0.430697750367875,0.430907352999944,0.656275666445035,0.500662270558496,0.9515,2000,625.361975908279
608,"ipw_robust",500,10,"outcome",0.15,10,2,2000,-0.0158709060903428,0.0236331310922079,0.0233929419030309,0.153730709658831,0.122566264750341,0.947,2000,625.361975908279
608,"dr_robust",500,10,"outcome",0.15,10,2,2000,0.00209904451565679,0.0230306856417795,0.0230377985531774,0.151758642725149,0.121108946889199,0.949,2000,625.361975908279
608,"aipw_robust",500,10,"outcome",0.15,10,2,2000,-0.0025464131817261,0.0223099430141587,0.0223146161021177,0.149365133194326,0.119845887211181,0.952,2000,625.361975908279
608,"reg_adj",500,10,"outcome",0.15,10,2,2000,-0.000466593273415139,0.40635403030081,0.406557091137096,0.637459042057456,0.491961303858156,0.9495,2000,625.361975908279
608,"adaptive",500,10,"outcome",0.15,10,2,2000,-0.0158709060903428,0.0236331310922079,0.0233929419030309,0.153730709658831,0.122566264750341,0.947,2000,625.361975908279
609,"naive",1000,10,"outcome",0.15,10,2,2000,0.00964196740373069,0.219670892884336,0.219687769233538,0.468690615314981,0.36769715446942,0.9515,2000,1120.84347891808
609,"ipw_robust",1000,10,"outcome",0.15,10,2,2000,-0.00873805557920182,0.0104276076433759,0.0103564322441927,0.10211565816943,0.0817694465586098,0.953,2000,1120.84347891808
609,"dr_robust",1000,10,"outcome",0.15,10,2,2000,0.00630857849770372,0.0105062490239078,0.0104716867045984,0.102499995238575,0.0823496048436766,0.9525,2000,1120.84347891808
609,"aipw_robust",1000,10,"outcome",0.15,10,2,2000,0.00166208828109049,0.0101363513071779,0.0101386580987732,0.100679448286023,0.080736965515975,0.9495,2000,1120.84347891808
609,"reg_adj",1000,10,"outcome",0.15,10,2,2000,0.00965791879727318,0.213718625837411,0.213732216550191,0.462297118569228,0.362682320929538,0.951,2000,1120.84347891808
609,"adaptive",1000,10,"outcome",0.15,10,2,2000,-0.00873805557920182,0.0104276076433759,0.0103564322441927,0.10211565816943,0.0817694465586098,0.953,2000,1120.84347891808
610,"naive",200,20,"outcome",0.15,10,2,2000,-0.013458559185217,1.65618404395177,1.65683132679983,1.28692814249738,0.873931821247021,0.963,2000,708.661160945892
610,"ipw_robust",200,20,"outcome",0.15,10,2,2000,-0.0178118648283372,0.0687511884054206,0.068468159956736,0.262204478232963,0.208887656041548,0.952,2000,708.661160945892
610,"dr_robust",200,20,"outcome",0.15,10,2,2000,-0.000797167363671525,0.069380133199864,0.0694142048264715,0.263401088076462,0.207328087435909,0.957,2000,708.661160945892
610,"aipw_robust",200,20,"outcome",0.15,10,2,2000,-0.000907856681870323,0.065997452600765,0.0660296432186195,0.256899693656425,0.206168887373372,0.9455,2000,708.661160945892
610,"reg_adj",200,20,"outcome",0.15,10,2,2000,0.00130116748557629,1.19234296445327,1.19293774028658,1.09194457938728,0.837019181950519,0.946,2000,708.661160945892
610,"adaptive",200,20,"outcome",0.15,10,2,2000,-0.0178118648283372,0.0687511884054206,0.068468159956736,0.262204478232963,0.208887656041548,0.952,2000,708.661160945892
611,"naive",500,20,"outcome",0.15,10,2,2000,-0.0053186667106222,0.448608550143447,0.448804664259998,0.669782464792448,0.521672067187149,0.9565,2000,1688.9564230442
611,"ipw_robust",500,20,"outcome",0.15,10,2,2000,-0.0103389916481345,0.0234742584220116,0.0233790532003115,0.15321311439303,0.122254954693076,0.9515,2000,1688.9564230442
611,"dr_robust",500,20,"outcome",0.15,10,2,2000,0.00711441385615474,0.0228721479428576,0.0228329495331075,0.15123540571856,0.12012923413496,0.949,2000,1688.9564230442
611,"aipw_robust",500,20,"outcome",0.15,10,2,2000,0.00594621646119942,0.0220618329892551,0.0220374942461747,0.148532262452489,0.118404771312425,0.947,2000,1688.9564230442
611,"reg_adj",500,20,"outcome",0.15,10,2,2000,-0.00689703690075683,0.429282610172159,0.429449765937117,0.655196619475527,0.51175338082623,0.9605,2000,1688.9564230442
611,"adaptive",500,20,"outcome",0.15,10,2,2000,-0.0103389916481345,0.0234742584220116,0.0233790532003115,0.15321311439303,0.122254954693076,0.9515,2000,1688.9564230442
612,"naive",1000,20,"outcome",0.15,10,2,2000,0.0223619239445698,0.238558698673791,0.238177731897237,0.488424711366851,0.382092948851383,0.9545,2000,2792.42627096176
612,"ipw_robust",1000,20,"outcome",0.15,10,2,2000,-0.0118578477294176,0.0109132452669284,0.0107780257270179,0.104466479154456,0.0830525903867396,0.9465,2000,2792.42627096176
612,"dr_robust",1000,20,"outcome",0.15,10,2,2000,0.00628406250756441,0.0107484020533431,0.0107142697466174,0.103674500497196,0.082703432241131,0.948,2000,2792.42627096176
612,"aipw_robust",1000,20,"outcome",0.15,10,2,2000,-0.00300020356055231,0.0100256362060609,0.0100216458075599,0.100128098983557,0.0798510069357362,0.9515,2000,2792.42627096176
612,"reg_adj",1000,20,"outcome",0.15,10,2,2000,0.0205796362751323,0.229472655958834,0.229163716387811,0.479033042658681,0.371215419269934,0.948,2000,2792.42627096176
612,"adaptive",1000,20,"outcome",0.15,10,2,2000,-0.0118578477294176,0.0109132452669284,0.0107780257270179,0.104466479154456,0.0830525903867396,0.9465,2000,2792.42627096176
613,"naive",200,5,"treatment",0.15,10,2,2000,-0.69327303794065,0.510679148608644,0.0300666768115917,0.714618183793727,0.69327303794065,0.0235,2000,179.614647865295
613,"ipw_robust",200,5,"treatment",0.15,10,2,2000,-0.649999123087682,0.454839210607602,0.0323565288572758,0.674417682603001,0.649999123087682,0.0515,2000,179.614647865295
613,"dr_robust",200,5,"treatment",0.15,10,2,2000,-0.641179247719198,0.440532639006717,0.0294365295657436,0.663726328396514,0.641179247719198,0.0385,2000,179.614647865295
613,"aipw_robust",200,5,"treatment",0.15,10,2,2000,-0.561661076827954,0.361060471620662,0.0456201164553531,0.600883076497135,0.562601592898754,0.248,2000,179.614647865295
613,"reg_adj",200,5,"treatment",0.15,10,2,2000,-0.686725712064048,0.500334938120024,0.0287571130666841,0.707343578552901,0.686725712064048,0.024,2000,179.614647865295
613,"adaptive",200,5,"treatment",0.15,10,2,2000,-0.686725712064048,0.500334938120024,0.0287571130666841,0.707343578552901,0.686725712064048,0.024,2000,179.614647865295
614,"naive",500,5,"treatment",0.15,10,2,2000,-0.692959896627684,0.491911569259904,0.01172401293212,0.701364077537411,0.692959896627684,0,2000,398.022104024887
614,"ipw_robust",500,5,"treatment",0.15,10,2,2000,-0.64760750257554,0.431940883238839,0.0125516816875553,0.657222095823656,0.64760750257554,0,2000,398.022104024887
614,"dr_robust",500,5,"treatment",0.15,10,2,2000,-0.638670832175501,0.419323220169834,0.011428502549362,0.647551712351866,0.638670832175501,0,2000,398.022104024887
614,"aipw_robust",500,5,"treatment",0.15,10,2,2000,-0.554430816327518,0.326473893453589,0.0190899083141488,0.571378940330836,0.554430816327518,0.021,2000,398.022104024887
614,"reg_adj",500,5,"treatment",0.15,10,2,2000,-0.686035479413252,0.482000963244623,0.0113619652134586,0.694262892026228,0.686035479413252,0,2000,398.022104024887
614,"adaptive",500,5,"treatment",0.15,10,2,2000,-0.686035479413252,0.482000963244623,0.0113619652134586,0.694262892026228,0.686035479413252,0,2000,398.022104024887
615,"naive",1000,5,"treatment",0.15,10,2,2000,-0.692474540986326,0.485157836491707,0.0056396664106885,0.696532724638051,0.692474540986326,0,2000,727.460505008698
615,"ipw_robust",1000,5,"treatment",0.15,10,2,2000,-0.647366633795828,0.425260335514002,0.00617986689530735,0.652119878177319,0.647366633795828,0,2000,727.460505008698
615,"dr_robust",1000,5,"treatment",0.15,10,2,2000,-0.636575439200257,0.4106655405688,0.00543997076118014,0.640831912882621,0.636575439200257,0,2000,727.460505008698
615,"aipw_robust",1000,5,"treatment",0.15,10,2,2000,-0.552653428415709,0.314158159011149,0.00873671542922645,0.560498134708002,0.552653428415709,0,2000,727.460505008698
615,"reg_adj",1000,5,"treatment",0.15,10,2,2000,-0.685175690893077,0.47491040044034,0.00544739674790801,0.689137432186309,0.685175690893077,0,2000,727.460505008698
615,"adaptive",1000,5,"treatment",0.15,10,2,2000,-0.685175690893077,0.47491040044034,0.00544739674790801,0.689137432186309,0.685175690893077,0,2000,727.460505008698
616,"naive",200,10,"treatment",0.15,10,2,2000,-0.697434916270133,0.518978069951341,0.0325788969670972,0.720401325617424,0.697434916270133,0.0275,2000,307.823176145554
616,"ipw_robust",200,10,"treatment",0.15,10,2,2000,-0.642279343433485,0.44725623223865,0.0347508526636335,0.668772182614267,0.642279343433485,0.064,2000,307.823176145554
616,"dr_robust",200,10,"treatment",0.15,10,2,2000,-0.647044300926617,0.450465842727209,0.0318154230771332,0.671167522103989,0.647044300926617,0.046,2000,307.823176145554
616,"aipw_robust",200,10,"treatment",0.15,10,2,2000,-0.575407758784106,0.378695588663337,0.0476253124506144,0.615382473477542,0.576138663373141,0.2485,2000,307.823176145554
616,"reg_adj",200,10,"treatment",0.15,10,2,2000,-0.686681784762814,0.500957730091768,0.0294405768551515,0.707783674643438,0.686681784762814,0.0215,2000,307.823176145554
616,"adaptive",200,10,"treatment",0.15,10,2,2000,-0.686681784762814,0.500957730091768,0.0294405768551515,0.707783674643438,0.686681784762814,0.0215,2000,307.823176145554
617,"naive",500,10,"treatment",0.15,10,2,2000,-0.703858498028209,0.507346203825947,0.0119353862725569,0.712282390506706,0.703858498028209,0,2000,711.996928930283
617,"ipw_robust",500,10,"treatment",0.15,10,2,2000,-0.650787791119896,0.436081737557889,0.0125632701222375,0.660364851849256,0.650787791119896,0,2000,711.996928930283
617,"dr_robust",500,10,"treatment",0.15,10,2,2000,-0.649936342571197,0.433962268681564,0.0115507946840812,0.658758126083895,0.649936342571197,0,2000,711.996928930283
617,"aipw_robust",500,10,"treatment",0.15,10,2,2000,-0.569635282951254,0.343745334725328,0.0192706144495973,0.586297991404822,0.569635282951254,0.016,2000,711.996928930283
617,"reg_adj",500,10,"treatment",0.15,10,2,2000,-0.694048073392532,0.493052194589795,0.011355143981901,0.702176754521107,0.694048073392532,0,2000,711.996928930283
617,"adaptive",500,10,"treatment",0.15,10,2,2000,-0.694048073392532,0.493052194589795,0.011355143981901,0.702176754521107,0.694048073392532,0,2000,711.996928930283
618,"naive",1000,10,"treatment",0.15,10,2,2000,-0.70322764271192,0.500195604458625,0.00566932164528367,0.707245080900974,0.70322764271192,0,2000,1270.14007616043
618,"ipw_robust",1000,10,"treatment",0.15,10,2,2000,-0.649329369889439,0.427838447831193,0.00621292369202306,0.654093607850737,0.649329369889439,0,2000,1270.14007616043
618,"dr_robust",1000,10,"treatment",0.15,10,2,2000,-0.648112485519368,0.425626733315589,0.00557972929414289,0.652400745949596,0.648112485519368,0,2000,1270.14007616043
618,"aipw_robust",1000,10,"treatment",0.15,10,2,2000,-0.568389052765572,0.33190280215411,0.00884110740406827,0.576110060799245,0.568389052765572,0,2000,1270.14007616043
618,"reg_adj",1000,10,"treatment",0.15,10,2,2000,-0.693489860843943,0.486374222792086,0.00544876007877445,0.69740535041831,0.693489860843943,0,2000,1270.14007616043
618,"adaptive",1000,10,"treatment",0.15,10,2,2000,-0.693489860843943,0.486374222792086,0.00544876007877445,0.69740535041831,0.693489860843943,0,2000,1270.14007616043
619,"naive",200,20,"treatment",0.15,10,2,2000,-0.703372695999333,0.530673852594665,0.0359586824585236,0.72847364577908,0.703372695999333,0.0355,2000,720.558640003204
619,"ipw_robust",200,20,"treatment",0.15,10,2,2000,-0.648929017199313,0.458114238719505,0.0370238812968871,0.676841368948075,0.649003563614243,0.0755,2000,720.558640003204
619,"dr_robust",200,20,"treatment",0.15,10,2,2000,-0.656899093110783,0.465635527173704,0.034136176732301,0.682374916870267,0.656985351245499,0.0515,2000,720.558640003204
619,"aipw_robust",200,20,"treatment",0.15,10,2,2000,-0.597103159016225,0.406741310547526,0.0502342451629519,0.63776273844395,0.597703096126462,0.2405,2000,720.558640003204
619,"reg_adj",200,20,"treatment",0.15,10,2,2000,-0.69306814221948,0.510625225047054,0.0302969237493669,0.714580453865801,0.69306814221948,0.0215,2000,720.558640003204
619,"adaptive",200,20,"treatment",0.15,10,2,2000,-0.693139868793088,0.510763213790082,0.0303355038314985,0.714676999622964,0.693139868793088,0.0215,2000,720.558640003204
620,"naive",500,20,"treatment",0.15,10,2,2000,-0.703372520348319,0.507753761722888,0.0130273730282556,0.712568425993524,0.703372520348319,0,2000,1959.73913502693
620,"ipw_robust",500,20,"treatment",0.15,10,2,2000,-0.649914570721203,0.436381870565901,0.0139999212908205,0.660592060628873,0.649914570721203,0,2000,1959.73913502693
620,"dr_robust",500,20,"treatment",0.15,10,2,2000,-0.65013762963671,0.435196011922241,0.0125233361206609,0.659693877432738,0.65013762963671,0,2000,1959.73913502693
620,"aipw_robust",500,20,"treatment",0.15,10,2,2000,-0.576473033441875,0.351431335401244,0.0191197369840589,0.592816443261524,0.576473033441875,0.012,2000,1959.73913502693
620,"reg_adj",500,20,"treatment",0.15,10,2,2000,-0.693343098870588,0.492437062824397,0.0117182692075302,0.701738600067288,0.693343098870588,0,2000,1959.73913502693
620,"adaptive",500,20,"treatment",0.15,10,2,2000,-0.693343098870588,0.492437062824397,0.0117182692075302,0.701738600067288,0.693343098870588,0,2000,1959.73913502693
621,"naive",1000,20,"treatment",0.15,10,2,2000,-0.704637709671236,0.502522196261958,0.00601089982114446,0.708887999801068,0.704637709671236,0,2000,3499.91838693619
621,"ipw_robust",1000,20,"treatment",0.15,10,2,2000,-0.651930478546054,0.431586025344996,0.00657596446994479,0.656952072334806,0.651930478546054,0,2000,3499.91838693619
621,"dr_robust",1000,20,"treatment",0.15,10,2,2000,-0.650237175559983,0.428706488270227,0.00590105431716046,0.65475681613117,0.650237175559984,0,2000,3499.91838693619
621,"aipw_robust",1000,20,"treatment",0.15,10,2,2000,-0.571985279670693,0.336534440534987,0.00937196635820535,0.580115885435821,0.571985279670693,0,2000,3499.91838693619
621,"reg_adj",1000,20,"treatment",0.15,10,2,2000,-0.694747742152983,0.48841463501005,0.00574308132404407,0.698866678995393,0.694747742152983,0,2000,3499.91838693619
621,"adaptive",1000,20,"treatment",0.15,10,2,2000,-0.694747742152983,0.48841463501005,0.00574308132404407,0.698866678995393,0.694747742152983,0,2000,3499.91838693619
622,"naive",200,5,"mixed",0.15,10,2,2000,-0.375126759802393,0.514130695754365,0.373597408538793,0.717029075947667,0.551480283612458,0.9175,2000,164.921955108643
622,"ipw_robust",200,5,"mixed",0.15,10,2,2000,-0.360107657773312,0.177202367152247,0.0475486162734028,0.420954115257527,0.3700608632633,0.6275,2000,164.921955108643
622,"dr_robust",200,5,"mixed",0.15,10,2,2000,-0.349378442894605,0.171421928086248,0.0493813223879835,0.414031312929648,0.360003258418692,0.6615,2000,164.921955108643
622,"aipw_robust",200,5,"mixed",0.15,10,2,2000,-0.279734144479568,0.136555454192054,0.0583334293189977,0.369534104234039,0.309847945088897,0.785,2000,164.921955108643
622,"reg_adj",200,5,"mixed",0.15,10,2,2000,-0.392519153526214,0.538584584781029,0.384705651721955,0.733883222850222,0.561998494349476,0.916,2000,164.921955108643
622,"adaptive",200,5,"mixed",0.15,10,2,2000,-0.360395846787001,0.177330818942685,0.0474693872549924,0.421106659817539,0.370349052276989,0.6265,2000,164.921955108643
623,"naive",500,5,"mixed",0.15,10,2,2000,-0.387783368834298,0.283042056841205,0.132732481937696,0.532016970444745,0.443218745151487,0.8235,2000,369.48099398613
623,"ipw_robust",500,5,"mixed",0.15,10,2,2000,-0.369686383026526,0.155055034214063,0.0183962105240896,0.393770281019357,0.370101093556891,0.219,2000,369.48099398613
623,"dr_robust",500,5,"mixed",0.15,10,2,2000,-0.382243135251405,0.164920877349952,0.018820473139698,0.406104515303575,0.38251899913607,0.1955,2000,369.48099398613
623,"aipw_robust",500,5,"mixed",0.15,10,2,2000,-0.309620974172417,0.118961964717696,0.0231083712558477,0.344908632419799,0.31174316752198,0.474,2000,369.48099398613
623,"reg_adj",500,5,"mixed",0.15,10,2,2000,-0.393474622683406,0.289895693729836,0.135140985526751,0.538419626063014,0.449101546204069,0.8175,2000,369.48099398613
623,"adaptive",500,5,"mixed",0.15,10,2,2000,-0.369686383026526,0.155055034214063,0.0183962105240896,0.393770281019357,0.370101093556891,0.219,2000,369.48099398613
624,"naive",1000,5,"mixed",0.15,10,2,2000,-0.383106438366229,0.213401226804846,0.066664015695036,0.461953706343878,0.398357215276292,0.69,2000,729.041414022446
624,"ipw_robust",1000,5,"mixed",0.15,10,2,2000,-0.366361138128946,0.142820517804431,0.00860433644151591,0.377916019512843,0.366361138128946,0.024,2000,729.041414022446
624,"dr_robust",1000,5,"mixed",0.15,10,2,2000,-0.381837311832222,0.154212691031827,0.00841716690802383,0.39269923737108,0.381837311832222,0.014,2000,729.041414022446
624,"aipw_robust",1000,5,"mixed",0.15,10,2,2000,-0.33016486560121,0.121074568268478,0.0120717656738504,0.347957710459875,0.330195859393029,0.148,2000,729.041414022446
624,"reg_adj",1000,5,"mixed",0.15,10,2,2000,-0.386645702779792,0.216982315654807,0.0675211767651108,0.465813606128897,0.401823410154985,0.691,2000,729.041414022446
624,"adaptive",1000,5,"mixed",0.15,10,2,2000,-0.366361138128946,0.142820517804431,0.00860433644151591,0.377916019512843,0.366361138128946,0.024,2000,729.041414022446
625,"naive",200,10,"mixed",0.15,10,2,2000,-0.344192614040783,0.508269910318469,0.389996352934709,0.712930508758371,0.555752625458307,0.922,2000,271.747037172318
625,"ipw_robust",200,10,"mixed",0.15,10,2,2000,-0.318937200289066,0.1477302673413,0.0460323457859655,0.384356953028432,0.332229008840513,0.6935,2000,271.747037172318
625,"dr_robust",200,10,"mixed",0.15,10,2,2000,-0.297691832720525,0.138884459020526,0.0502891763401909,0.372672052910499,0.312685179981599,0.76,2000,271.747037172318
625,"aipw_robust",200,10,"mixed",0.15,10,2,2000,-0.249463854520932,0.120103871973894,0.0579006075652359,0.346560055363994,0.284939872693177,0.825,2000,271.747037172318
625,"reg_adj",200,10,"mixed",0.15,10,2,2000,-0.371820526260836,0.522926170542297,0.384868100843834,0.723136342982634,0.570298070244889,0.916,2000,271.747037172318
625,"adaptive",200,10,"mixed",0.15,10,2,2000,-0.318941748024957,0.147731694189442,0.0460308709917222,0.384358809173722,0.332233556576404,0.6935,2000,271.747037172318
626,"naive",500,10,"mixed",0.15,10,2,2000,-0.347859840834264,0.262293937549097,0.141358147757736,0.512146402456463,0.420952616782083,0.8565,2000,594.312612056732
626,"ipw_robust",500,10,"mixed",0.15,10,2,2000,-0.331471174827569,0.130560177391406,0.0206973863430093,0.36133111876976,0.333888074607555,0.3535,2000,594.312612056732
626,"dr_robust",500,10,"mixed",0.15,10,2,2000,-0.339919441514254,0.138870496779379,0.0233369385292808,0.372653319828737,0.342942283939291,0.387,2000,594.312612056732
626,"aipw_robust",500,10,"mixed",0.15,10,2,2000,-0.264236265239616,0.0929963812902447,0.0231871710079678,0.304953080473447,0.269708912239152,0.5925,2000,594.312612056732
626,"reg_adj",500,10,"mixed",0.15,10,2,2000,-0.360253220069705,0.273256193407281,0.143545583628504,0.522739125575349,0.429623268163411,0.8495,2000,594.312612056732
626,"adaptive",500,10,"mixed",0.15,10,2,2000,-0.331471174827569,0.130560177391406,0.0206973863430093,0.36133111876976,0.333888074607555,0.3535,2000,594.312612056732
627,"naive",1000,10,"mixed",0.15,10,2,2000,-0.368375928869492,0.213239067115485,0.0775770306603544,0.461778157902131,0.389743735141331,0.757,2000,1157.53078699112
627,"ipw_robust",1000,10,"mixed",0.15,10,2,2000,-0.339673899963927,0.124846933362171,0.00947331170131752,0.353336855369165,0.339673899963927,0.0665,2000,1157.53078699112
627,"dr_robust",1000,10,"mixed",0.15,10,2,2000,-0.354898979398389,0.135278780748371,0.00933016025047834,0.367802638310781,0.354922642176714,0.048,2000,1157.53078699112
627,"aipw_robust",1000,10,"mixed",0.15,10,2,2000,-0.292384976401566,0.0977275037050783,0.012244651605537,0.312613985139946,0.292767403106053,0.246,2000,1157.53078699112
627,"reg_adj",1000,10,"mixed",0.15,10,2,2000,-0.371973285445175,0.218020605534389,0.0796963286138184,0.466926766778677,0.394475360133485,0.7535,2000,1157.53078699112
627,"adaptive",1000,10,"mixed",0.15,10,2,2000,-0.339673899963927,0.124846933362171,0.00947331170131752,0.353336855369165,0.339673899963927,0.0665,2000,1157.53078699112
628,"naive",200,20,"mixed",0.15,10,2,2000,-0.311984845325928,0.573942436137713,0.476846315582461,0.757589886507016,0.54772745573214,0.9445,2000,664.74506187439
628,"ipw_robust",200,20,"mixed",0.15,10,2,2000,-0.286446356853016,0.127927658245457,0.0458990924373107,0.357669761435682,0.30451243051808,0.7145,2000,664.74506187439
628,"dr_robust",200,20,"mixed",0.15,10,2,2000,-0.265273480473649,0.125873452091213,0.055531198247733,0.354786488033596,0.289608512221731,0.815,2000,664.74506187439
628,"aipw_robust",200,20,"mixed",0.15,10,2,2000,-0.239082240317462,0.11603047288047,0.0588996050477772,0.340632460109823,0.281584396067797,0.828,2000,664.74506187439
628,"reg_adj",200,20,"mixed",0.15,10,2,2000,-0.340952332901216,0.542611314380525,0.426576109124306,0.736621554382252,0.567337428725347,0.926,2000,664.74506187439
628,"adaptive",200,20,"mixed",0.15,10,2,2000,-0.286590351815561,0.12802650970059,0.0459154376656562,0.357807922914782,0.304656425480625,0.714,2000,664.74506187439
629,"naive",500,20,"mixed",0.15,10,2,2000,-0.349405263940382,0.27268075645349,0.150672054011247,0.522188430026451,0.427308238031163,0.8665,2000,1414.44731998444
629,"ipw_robust",500,20,"mixed",0.15,10,2,2000,-0.331641377793116,0.128883453822272,0.0189069038096606,0.359003417563499,0.333392972516143,0.314,2000,1414.44731998444
629,"dr_robust",500,20,"mixed",0.15,10,2,2000,-0.304599619012091,0.11128413094128,0.0185124592686029,0.33359276212364,0.306055522148737,0.3855,2000,1414.44731998444
629,"aipw_robust",500,20,"mixed",0.15,10,2,2000,-0.248293978761956,0.0850776468542704,0.023439466698177,0.291680727601723,0.255503131846425,0.624,2000,1414.44731998444
629,"reg_adj",500,20,"mixed",0.15,10,2,2000,-0.379006187306272,0.291795850859608,0.148224272979661,0.54018131294928,0.444579591789566,0.8535,2000,1414.44731998444
629,"adaptive",500,20,"mixed",0.15,10,2,2000,-0.331641377793116,0.128883453822272,0.0189069038096606,0.359003417563499,0.333392972516143,0.314,2000,1414.44731998444
630,"naive",1000,20,"mixed",0.15,10,2,2000,-0.369491345966616,0.208707390659976,0.0722196457386231,0.456845040095628,0.392960687411187,0.7245,2000,2573.7836689949
630,"ipw_robust",1000,20,"mixed",0.15,10,2,2000,-0.344093929089577,0.129778113846742,0.0113831733971372,0.360247295405173,0.344263934697962,0.1025,2000,2573.7836689949
630,"dr_robust",1000,20,"mixed",0.15,10,2,2000,-0.355614805970274,0.138555755361227,0.0120999150934981,0.372230782393433,0.355896920222965,0.098,2000,2573.7836689949
630,"aipw_robust",1000,20,"mixed",0.15,10,2,2000,-0.265124898617596,0.0821011991419224,0.0118158952225432,0.28653306814733,0.265794116633285,0.317,2000,2573.7836689949
630,"reg_adj",1000,20,"mixed",0.15,10,2,2000,-0.382809391401944,0.219282805158511,0.072776163094531,0.468276419605462,0.405121887935052,0.712,2000,2573.7836689949
630,"adaptive",1000,20,"mixed",0.15,10,2,2000,-0.344093929089577,0.129778113846742,0.0113831733971372,0.360247295405173,0.344263934697962,0.1025,2000,2573.7836689949
631,"naive",200,5,"none",0.2,10,2,2000,0.0114611792932022,0.0305632154841894,0.0304470803935952,0.174823383688194,0.140287973811715,0.947,2000,180.82496213913
631,"ipw_robust",200,5,"none",0.2,10,2,2000,-0.0151198403985717,0.0312274412237112,0.0310143388194427,0.176712877922666,0.142328315234245,0.956,2000,180.82496213913
631,"dr_robust",200,5,"none",0.2,10,2,2000,0.00730005852556337,0.0295875236457662,0.0295490072949371,0.172010242851309,0.138353063263076,0.949,2000,180.82496213913
631,"aipw_robust",200,5,"none",0.2,10,2,2000,0.00359923114128735,0.0408856125985864,0.040893104686121,0.202201910472148,0.163327112524197,0.955,2000,180.82496213913
631,"reg_adj",200,5,"none",0.2,10,2,2000,0.0113107355139794,0.0282319427004531,0.0281180689970844,0.168023637326577,0.134441499990073,0.952,2000,180.82496213913
631,"adaptive",200,5,"none",0.2,10,2,2000,0.0112465813331135,0.0282456475123679,0.0281332285349531,0.168064414771146,0.134505654170939,0.9525,2000,180.82496213913
632,"naive",500,5,"none",0.2,10,2,2000,0.0104237041523452,0.0118891146635517,0.0117863542324123,0.109037216873652,0.0865360342221855,0.945,2000,400.214046001434
632,"ipw_robust",500,5,"none",0.2,10,2,2000,-0.0187750196720777,0.0124735926868626,0.012127154900626,0.111685239341923,0.0881402963373918,0.943,2000,400.214046001434
632,"dr_robust",500,5,"none",0.2,10,2,2000,0.00609305012525052,0.0115886605126448,0.0115573139097709,0.107650641022916,0.0857899548814866,0.9435,2000,400.214046001434
632,"aipw_robust",500,5,"none",0.2,10,2,2000,0.00205321461494812,0.0162461529347619,0.0162500622756447,0.127460397515314,0.101236332297379,0.949,2000,400.214046001434
632,"reg_adj",500,5,"none",0.2,10,2,2000,0.00915320000145847,0.0110976761114048,0.0110194047435099,0.105345508264021,0.083920471985658,0.946,2000,400.214046001434
632,"adaptive",500,5,"none",0.2,10,2,2000,0.00915320000145847,0.0110976761114048,0.0110194047435099,0.105345508264021,0.083920471985658,0.946,2000,400.214046001434
633,"naive",1000,5,"none",0.2,10,2,2000,0.0107301000607425,0.00582355166913063,0.00571127225794606,0.0763121986914977,0.0609979179526677,0.9485,2000,731.989696025848
633,"ipw_robust",1000,5,"none",0.2,10,2,2000,-0.018541927659063,0.00613686510178398,0.00579596000047029,0.0783381458919215,0.0626023811653757,0.9415,2000,731.989696025848
633,"dr_robust",1000,5,"none",0.2,10,2,2000,0.006319487248311,0.00572072177036886,0.00568362766511985,0.0756354531312456,0.0603509881295498,0.9495,2000,731.989696025848
633,"aipw_robust",1000,5,"none",0.2,10,2,2000,0.000865852816234192,0.00799284941111138,0.00799609775889144,0.0894027371567078,0.0707621309460895,0.9465,2000,731.989696025848
633,"reg_adj",1000,5,"none",0.2,10,2,2000,0.00987352769772887,0.00550938369057797,0.00541460444360195,0.0742252227384867,0.0592854488576466,0.949,2000,731.989696025848
633,"adaptive",1000,5,"none",0.2,10,2,2000,0.00987352769772887,0.00550938369057797,0.00541460444360195,0.0742252227384867,0.0592854488576466,0.949,2000,731.989696025848
634,"naive",200,10,"none",0.2,10,2,2000,0.00447728596453789,0.0336065853033868,0.0336033408842206,0.183320989805823,0.146831813306193,0.949,2000,314.506723880768
634,"ipw_robust",200,10,"none",0.2,10,2,2000,-0.0184892303270452,0.0340377276725821,0.0337127324006959,0.184493164297711,0.147028324924705,0.9505,2000,314.506723880768
634,"dr_robust",200,10,"none",0.2,10,2,2000,-0.000788193401429327,0.0325734596091436,0.0325891329267689,0.180481189072833,0.144668508819642,0.954,2000,314.506723880768
634,"aipw_robust",200,10,"none",0.2,10,2,2000,-0.0042660193732782,0.0428723261079738,0.0428755649691652,0.207056335590037,0.164717744122483,0.9495,2000,314.506723880768
634,"reg_adj",200,10,"none",0.2,10,2,2000,0.00350562156563683,0.0296338904958962,0.0296364193229963,0.172144969417919,0.137376579529342,0.952,2000,314.506723880768
634,"adaptive",200,10,"none",0.2,10,2,2000,0.00315454989046682,0.0297721374258378,0.0297770747782154,0.172546044364505,0.137569110131587,0.953,2000,314.506723880768
635,"naive",500,10,"none",0.2,10,2,2000,0.0133466115563947,0.0119881036151358,0.0118158795148559,0.109490198717217,0.0878773515752151,0.952,2000,721.580869197845
635,"ipw_robust",500,10,"none",0.2,10,2,2000,-0.0107833173433574,0.0123004079116279,0.0121902230902455,0.11090720405649,0.0885364537669805,0.9435,2000,721.580869197845
635,"dr_robust",500,10,"none",0.2,10,2,2000,0.00807881082941986,0.0116687388545985,0.0116092763083351,0.108021936913752,0.0864289553735325,0.952,2000,721.580869197845
635,"aipw_robust",500,10,"none",0.2,10,2,2000,0.00399227092384402,0.0164713036351819,0.0164635972066559,0.128340576729193,0.102145921412969,0.9505,2000,721.580869197845
635,"reg_adj",500,10,"none",0.2,10,2,2000,0.012509438625441,0.0109816198710668,0.0108305490908886,0.104793224356667,0.0840782909615937,0.9525,2000,721.580869197845
635,"adaptive",500,10,"none",0.2,10,2,2000,0.012509438625441,0.0109816198710668,0.0108305490908886,0.104793224356667,0.0840782909615937,0.9525,2000,721.580869197845
636,"naive",1000,10,"none",0.2,10,2,2000,0.00952329672937147,0.00601289625435908,0.00592516565659172,0.077542867204915,0.0618372669311185,0.9465,2000,1283.27271986008
636,"ipw_robust",1000,10,"none",0.2,10,2,2000,-0.0136641771089971,0.00641060928270378,0.00622701305316432,0.0800662805599447,0.0631700188613322,0.9475,2000,1283.27271986008
636,"dr_robust",1000,10,"none",0.2,10,2,2000,0.00455318465292009,0.00585000281491187,0.00583218741813735,0.0764853111055441,0.0607886710491827,0.95,2000,1283.27271986008
636,"aipw_robust",1000,10,"none",0.2,10,2,2000,0.000108413979098998,0.00804492303978568,0.00804893575407186,0.0896934949691765,0.0717003147595575,0.956,2000,1283.27271986008
636,"reg_adj",1000,10,"none",0.2,10,2,2000,0.00903932783395467,0.00567144065155896,0.00559252746760305,0.0753089679358239,0.0600159906132003,0.948,2000,1283.27271986008
636,"adaptive",1000,10,"none",0.2,10,2,2000,0.00903932783395467,0.00567144065155896,0.00559252746760305,0.0753089679358239,0.0600159906132003,0.948,2000,1283.27271986008
637,"naive",200,20,"none",0.2,10,2,2000,0.0127921476628892,0.0389801928396992,0.0388359717837619,0.197434021484898,0.154599407085863,0.953,2000,730.668409109116
637,"ipw_robust",200,20,"none",0.2,10,2,2000,-0.0097762147689211,0.037304433257783,0.0372274726188844,0.193143556086614,0.151880015196657,0.953,2000,730.668409109116
637,"dr_robust",200,20,"none",0.2,10,2,2000,0.0124773870232899,0.0367750129999416,0.0366376466363308,0.191768123002603,0.151501615391015,0.9495,2000,730.668409109116
637,"aipw_robust",200,20,"none",0.2,10,2,2000,0.00467149724647431,0.0465049335708541,0.0465063638662634,0.215650025668568,0.172766786914717,0.947,2000,730.668409109116
637,"reg_adj",200,20,"none",0.2,10,2,2000,0.0166796547661656,0.0314171890434914,0.0311545554380919,0.177248946522938,0.14028791720345,0.9465,2000,730.668409109116
637,"adaptive",200,20,"none",0.2,10,2,2000,0.0153583084548083,0.0335266547452796,0.0333074308220976,0.183102852914092,0.143930712859836,0.945,2000,730.668409109116
638,"naive",500,20,"none",0.2,10,2,2000,0.00408615201369544,0.0122764981455718,0.0122659344745301,0.11079935986084,0.0895008243605845,0.954,2000,1992.09615898132
638,"ipw_robust",500,20,"none",0.2,10,2,2000,-0.0192356428025968,0.0129292888964902,0.0125655617233228,0.11370703098969,0.0913849385305237,0.9435,2000,1992.09615898132
638,"dr_robust",500,20,"none",0.2,10,2,2000,-0.00149531179268103,0.0117332573102671,0.0117368897978087,0.108320161144023,0.0875862995265428,0.9545,2000,1992.09615898132
638,"aipw_robust",500,20,"none",0.2,10,2,2000,-0.00383483349663893,0.0161786012583722,0.0161719813010758,0.127195130639393,0.102268502766764,0.953,2000,1992.09615898132
638,"reg_adj",500,20,"none",0.2,10,2,2000,0.00271451543501344,0.0109599972747792,0.0109581077345996,0.104690005610752,0.0844320666977594,0.9535,2000,1992.09615898132
638,"adaptive",500,20,"none",0.2,10,2,2000,0.00271451543501344,0.0109599972747792,0.0109581077345996,0.104690005610752,0.0844320666977594,0.9535,2000,1992.09615898132
639,"naive",1000,20,"none",0.2,10,2,2000,0.0112869707815744,0.00608518958310572,0.00596077426081201,0.078007625160017,0.0621609539962736,0.9465,2000,3635.42082810402
639,"ipw_robust",1000,20,"none",0.2,10,2,2000,-0.0125350329743898,0.00623885321234852,0.00608476854495196,0.0789864115677407,0.0625532406489806,0.944,2000,3635.42082810402
639,"dr_robust",1000,20,"none",0.2,10,2,2000,0.00676672663381073,0.00578946966094569,0.00574655434878337,0.0760885645872341,0.0607115529698223,0.943,2000,3635.42082810402
639,"aipw_robust",1000,20,"none",0.2,10,2,2000,0.00185125906698902,0.00810091132394828,0.00810153493128081,0.0900050627684259,0.0718140134689721,0.95,2000,3635.42082810402
639,"reg_adj",1000,20,"none",0.2,10,2,2000,0.011244174979447,0.00569409988336511,0.0055704536392163,0.0754592597589263,0.0604174690738122,0.9485,2000,3635.42082810402
639,"adaptive",1000,20,"none",0.2,10,2,2000,0.011244174979447,0.00569409988336511,0.0055704536392163,0.0754592597589263,0.0604174690738122,0.9485,2000,3635.42082810402
640,"naive",200,5,"covariate",0.2,10,2,2000,-0.204062241772542,0.0798298848037781,0.0382075900815836,0.282541828414446,0.233262213984209,0.815,2000,166.770928859711
640,"ipw_robust",200,5,"covariate",0.2,10,2,2000,-0.198209673391008,0.0789898025644743,0.0397225892333207,0.281051245441955,0.232382437872829,0.8305,2000,166.770928859711
640,"dr_robust",200,5,"covariate",0.2,10,2,2000,-0.203980361449189,0.0800535807495606,0.0384648253052715,0.282937414898703,0.233735457563201,0.8135,2000,166.770928859711
640,"aipw_robust",200,5,"covariate",0.2,10,2,2000,-0.189204649592951,0.0891765656120532,0.0534048686187712,0.29862445581709,0.245411589511769,0.876,2000,166.770928859711
640,"reg_adj",200,5,"covariate",0.2,10,2,2000,-0.205457658235569,0.078824474464364,0.0366299401067734,0.280756966902629,0.23233931546484,0.804,2000,166.770928859711
640,"adaptive",200,5,"covariate",0.2,10,2,2000,-0.205208909377194,0.0788483797715903,0.0367560613144703,0.280799536629942,0.232386347325916,0.805,2000,166.770928859711
641,"naive",500,5,"covariate",0.2,10,2,2000,-0.210878822697138,0.0583874901797539,0.0139245746049254,0.241635035083396,0.214087577484664,0.576,2000,383.636015176773
641,"ipw_robust",500,5,"covariate",0.2,10,2,2000,-0.204211382400176,0.0560534632487683,0.0143583537238395,0.236756126106102,0.208142668357122,0.599,2000,383.636015176773
641,"dr_robust",500,5,"covariate",0.2,10,2,2000,-0.208548055667147,0.057349970954674,0.0138646117379957,0.239478539653711,0.21193791520436,0.578,2000,383.636015176773
641,"aipw_robust",500,5,"covariate",0.2,10,2,2000,-0.204115688252904,0.0613242143657175,0.0196708355925572,0.247637263685653,0.213032989372588,0.698,2000,383.636015176773
641,"reg_adj",500,5,"covariate",0.2,10,2,2000,-0.210939945556474,0.0582901438728095,0.0138013839334078,0.241433518536282,0.213969599039678,0.5725,2000,383.636015176773
641,"adaptive",500,5,"covariate",0.2,10,2,2000,-0.210939945556474,0.0582901438728095,0.0138013839334078,0.241433518536282,0.213969599039678,0.5725,2000,383.636015176773
642,"naive",1000,5,"covariate",0.2,10,2,2000,-0.203964466266265,0.0485994644431001,0.00700146167465488,0.220452862179424,0.204390561870717,0.3145,2000,751.961670160294
642,"ipw_robust",1000,5,"covariate",0.2,10,2,2000,-0.198588521593114,0.0466436655929911,0.00720986961926194,0.215971446244616,0.199134028473225,0.352,2000,751.961670160294
642,"dr_robust",1000,5,"covariate",0.2,10,2,2000,-0.202308698304285,0.0479249147551152,0.00699960514811502,0.218917598093701,0.202708560710933,0.3275,2000,751.961670160294
642,"aipw_robust",1000,5,"covariate",0.2,10,2,2000,-0.196879149796444,0.0485477182899002,0.00979121427246588,0.220335467616769,0.198885509739687,0.481,2000,751.961670160294
642,"reg_adj",1000,5,"covariate",0.2,10,2,2000,-0.203884019793445,0.0485632605820534,0.00699806608796363,0.22037073440467,0.204308929508804,0.3085,2000,751.961670160294
642,"adaptive",1000,5,"covariate",0.2,10,2,2000,-0.203884019793445,0.0485632605820534,0.00699806608796363,0.22037073440467,0.204308929508804,0.3085,2000,751.961670160294
643,"naive",200,10,"covariate",0.2,10,2,2000,-0.163520411552477,0.0673067271204218,0.0405880961742176,0.259435400669265,0.211866787474809,0.869,2000,255.664850950241
643,"ipw_robust",200,10,"covariate",0.2,10,2,2000,-0.157601737178291,0.0659989772410959,0.0411812603096358,0.256902661023774,0.208832398857542,0.8745,2000,255.664850950241
643,"dr_robust",200,10,"covariate",0.2,10,2,2000,-0.164774146463516,0.0685981302345917,0.0414683450643436,0.261912447651103,0.212419472361539,0.8665,2000,255.664850950241
643,"aipw_robust",200,10,"covariate",0.2,10,2,2000,-0.129700279979461,0.0779766619167898,0.0611850918359573,0.279243015878266,0.224600458575689,0.923,2000,255.664850950241
643,"reg_adj",200,10,"covariate",0.2,10,2,2000,-0.16335606610212,0.0647235588969819,0.0380573832562498,0.254408252415251,0.209038861077963,0.8655,2000,255.664850950241
643,"adaptive",200,10,"covariate",0.2,10,2,2000,-0.164079252847966,0.0653291360880735,0.0384263480469503,0.255595649587534,0.209750357725113,0.865,2000,255.664850950241
644,"naive",500,10,"covariate",0.2,10,2,2000,-0.165057679281433,0.0412603493094004,0.0140233234813686,0.20312643675652,0.173421440974224,0.7265,2000,634.462135791779
644,"ipw_robust",500,10,"covariate",0.2,10,2,2000,-0.158176494981499,0.0394329646289744,0.0144203712499673,0.198577351752345,0.168469160988996,0.75,2000,634.462135791779
644,"dr_robust",500,10,"covariate",0.2,10,2,2000,-0.163654085830316,0.0407362812040945,0.013960601695986,0.201832309613933,0.172039500326446,0.7355,2000,634.462135791779
644,"aipw_robust",500,10,"covariate",0.2,10,2,2000,-0.156150230417334,0.0443220123041812,0.0199490923909901,0.210527937110924,0.174482758925417,0.814,2000,634.462135791779
644,"reg_adj",500,10,"covariate",0.2,10,2,2000,-0.164678946839535,0.0409902331968621,0.0138780166730201,0.202460448475405,0.172705003693031,0.7275,2000,634.462135791779
644,"adaptive",500,10,"covariate",0.2,10,2,2000,-0.164678946839535,0.0409902331968621,0.0138780166730201,0.202460448475405,0.172705003693031,0.7275,2000,634.462135791779
645,"naive",1000,10,"covariate",0.2,10,2,2000,-0.167200405211472,0.0349528587277878,0.00700038341661571,0.18695683653664,0.168376164103622,0.4905,2000,1310.29371094704
645,"ipw_robust",1000,10,"covariate",0.2,10,2,2000,-0.161234052816512,0.0333347346433016,0.0073419858485881,0.182578023440122,0.162889665728745,0.524,2000,1310.29371094704
645,"dr_robust",1000,10,"covariate",0.2,10,2,2000,-0.165294063716425,0.0343597438392148,0.00704113690777909,0.185363814805411,0.166574769180762,0.4925,2000,1310.29371094704
645,"aipw_robust",1000,10,"covariate",0.2,10,2,2000,-0.163995547608522,0.0370648256284424,0.0101753736798634,0.192522273071046,0.168160292599328,0.623,2000,1310.29371094704
645,"reg_adj",1000,10,"covariate",0.2,10,2,2000,-0.167306408690233,0.034884122963571,0.00689613664306906,0.186772918174908,0.168445993457152,0.481,2000,1310.29371094704
645,"adaptive",1000,10,"covariate",0.2,10,2,2000,-0.167306408690233,0.034884122963571,0.00689613664306906,0.186772918174908,0.168445993457152,0.481,2000,1310.29371094704
646,"naive",200,20,"covariate",0.2,10,2,2000,-0.166098817303896,0.0760441243724764,0.0484795470362416,0.275760991390146,0.220985995105597,0.899,2000,538.696720123291
646,"ipw_robust",200,20,"covariate",0.2,10,2,2000,-0.159983321720913,0.0719941301273867,0.0464226782376483,0.268317219215217,0.216357402246768,0.8915,2000,538.696720123291
646,"dr_robust",200,20,"covariate",0.2,10,2,2000,-0.161218139365008,0.0791500892857163,0.0531853935221621,0.281336256614245,0.223607130264561,0.906,2000,538.696720123291
646,"aipw_robust",200,20,"covariate",0.2,10,2,2000,-0.0813464813483122,0.0765578426622335,0.0699755804246945,0.276690879253787,0.222989289738534,0.9405,2000,538.696720123291
646,"reg_adj",200,20,"covariate",0.2,10,2,2000,-0.171821085157061,0.0675697086076211,0.0380662564312866,0.259941740795166,0.213315014233597,0.852,2000,538.696720123291
646,"adaptive",200,20,"covariate",0.2,10,2,2000,-0.172909640882867,0.0726346719752242,0.0427583072185915,0.269508203910798,0.218449827300188,0.8725,2000,538.696720123291
647,"naive",500,20,"covariate",0.2,10,2,2000,-0.173977879711936,0.045354121607443,0.0150933656612127,0.212965071331998,0.183229607407272,0.707,2000,1412.79279613495
647,"ipw_robust",500,20,"covariate",0.2,10,2,2000,-0.168744333553645,0.0437644949391324,0.0152974935794582,0.209199653295918,0.179238978740709,0.722,2000,1412.79279613495
647,"dr_robust",500,20,"covariate",0.2,10,2,2000,-0.173282687449228,0.0450924949183227,0.0150731417195554,0.212349935056083,0.182650725716751,0.7145,2000,1412.79279613495
647,"aipw_robust",500,20,"covariate",0.2,10,2,2000,-0.158210173697356,0.0472419275298087,0.0222225797583402,0.217352081954162,0.180696727959401,0.8125,2000,1412.79279613495
647,"reg_adj",500,20,"covariate",0.2,10,2,2000,-0.173177920036019,0.0443259123197133,0.0143424915775003,0.210537199372731,0.181032812654661,0.6965,2000,1412.79279613495
647,"adaptive",500,20,"covariate",0.2,10,2,2000,-0.173164542661554,0.0443201546039343,0.0143413664519752,0.210523525060584,0.181019435280196,0.696,2000,1412.79279613495
648,"naive",1000,20,"covariate",0.2,10,2,2000,-0.174812851992712,0.037251721341111,0.00669553588722878,0.193007049977743,0.176145868811596,0.4355,2000,3215.19024300575
648,"ipw_robust",1000,20,"covariate",0.2,10,2,2000,-0.168555443016933,0.0354064805863176,0.00699904273705155,0.188166098397978,0.170397528560627,0.4755,2000,3215.19024300575
648,"dr_robust",1000,20,"covariate",0.2,10,2,2000,-0.173092143531811,0.0366470522153003,0.00668950681627143,0.191434198134242,0.174524205758589,0.452,2000,3215.19024300575
648,"aipw_robust",1000,20,"covariate",0.2,10,2,2000,-0.169755912650706,0.0389204932752611,0.0101084776342039,0.197282774907646,0.17367769658684,0.6105,2000,3215.19024300575
648,"reg_adj",1000,20,"covariate",0.2,10,2,2000,-0.174059311205978,0.036814588823844,0.0065212056091492,0.191871281915361,0.175330377250063,0.427,2000,3215.19024300575
648,"adaptive",1000,20,"covariate",0.2,10,2,2000,-0.174059311205978,0.036814588823844,0.0065212056091492,0.191871281915361,0.175330377250063,0.427,2000,3215.19024300575
649,"naive",200,5,"outcome",0.2,10,2,2000,0.0468961948194209,1.4179605985351,1.41646958023668,1.19078150747108,0.91381300843857,0.952,2000,167.896529197693
649,"ipw_robust",200,5,"outcome",0.2,10,2,2000,-0.00931749732832454,0.0671831930463629,0.0671299422610301,0.259197208793542,0.206763374365079,0.9535,2000,167.896529197693
649,"dr_robust",200,5,"outcome",0.2,10,2,2000,0.0117415638633958,0.0663319738304052,0.066227223120007,0.257549944341685,0.205326584256874,0.9525,2000,167.896529197693
649,"aipw_robust",200,5,"outcome",0.2,10,2,2000,0.00694623998758193,0.063687261651493,0.0636708468249404,0.252363352433536,0.202173214347092,0.955,2000,167.896529197693
649,"reg_adj",200,5,"outcome",0.2,10,2,2000,0.0540514011004607,1.36584388771363,1.36360413582061,1.1686932393548,0.890991117014542,0.9505,2000,167.896529197693
649,"adaptive",200,5,"outcome",0.2,10,2,2000,-0.00849743979111728,0.0667464201748215,0.0667075674755557,0.258353285589368,0.206315942740928,0.953,2000,167.896529197693
650,"naive",500,5,"outcome",0.2,10,2,2000,0.00826767662964656,0.636546252505168,0.636796296176404,0.797838487731175,0.604209569640457,0.955,2000,361.552788972855
650,"ipw_robust",500,5,"outcome",0.2,10,2,2000,-0.0179180263438781,0.0275484734916056,0.027241038342717,0.165977328245775,0.132649659428232,0.952,2000,361.552788972855
650,"dr_robust",500,5,"outcome",0.2,10,2,2000,0.00372437828621353,0.0268645542347287,0.0268641152987592,0.163904100725786,0.131589595268223,0.9445,2000,361.552788972855
650,"aipw_robust",500,5,"outcome",0.2,10,2,2000,0.00190998514827756,0.0249018634103545,0.0249106707024391,0.157803242711785,0.125645545517408,0.949,2000,361.552788972855
650,"reg_adj",500,5,"outcome",0.2,10,2,2000,0.0116637819064742,0.582369185754262,0.582524404147974,0.763131172049905,0.590980907531949,0.9505,2000,361.552788972855
650,"adaptive",500,5,"outcome",0.2,10,2,2000,-0.0178462399451671,0.0275550361066887,0.0272501729129647,0.165997096681504,0.132695368749224,0.952,2000,361.552788972855
651,"naive",1000,5,"outcome",0.2,10,2,2000,0.0336682382351885,0.286983408294613,0.28599285445598,0.535708323898941,0.415474143076107,0.9495,2000,678.963139057159
651,"ipw_robust",1000,5,"outcome",0.2,10,2,2000,-0.0158635752520271,0.013167486074092,0.0129222942014159,0.114749666989024,0.0920499570173237,0.95,2000,678.963139057159
651,"dr_robust",1000,5,"outcome",0.2,10,2,2000,0.00592158159433742,0.0128129210106618,0.0127842480060865,0.113194173925436,0.0903474903543328,0.9505,2000,678.963139057159
651,"aipw_robust",1000,5,"outcome",0.2,10,2,2000,-0.00269720252088113,0.0115780785822208,0.0115765919767706,0.107601480390471,0.0855735394472385,0.9475,2000,678.963139057159
651,"reg_adj",1000,5,"outcome",0.2,10,2,2000,0.030333977070844,0.280949183398644,0.280169117792606,0.530046397401816,0.410112770314334,0.9495,2000,678.963139057159
651,"adaptive",1000,5,"outcome",0.2,10,2,2000,-0.0158635752520271,0.013167486074092,0.0129222942014159,0.114749666989024,0.0920499570173237,0.95,2000,678.963139057159
652,"naive",200,10,"outcome",0.2,10,2,2000,-0.0177606249825339,1.6541407303308,1.65465261683945,1.28613402502648,0.946332983731931,0.9575,2000,278.955701112747
652,"ipw_robust",200,10,"outcome",0.2,10,2,2000,-0.0142294915353567,0.0713610949976007,0.0711942136750835,0.267134975242106,0.213903084322991,0.944,2000,278.955701112747
652,"dr_robust",200,10,"outcome",0.2,10,2,2000,0.000433735112608247,0.070087467247803,0.070122340291801,0.264740377063649,0.211286989096774,0.943,2000,278.955701112747
652,"aipw_robust",200,10,"outcome",0.2,10,2,2000,-0.000847857939727081,0.0640264898092098,0.0640577998460469,0.253034562479535,0.202478703220168,0.955,2000,278.955701112747
652,"reg_adj",200,10,"outcome",0.2,10,2,2000,-0.00878187881472425,1.48264061408123,1.48330514525835,1.21763730810173,0.916558209657323,0.958,2000,278.955701112747
652,"adaptive",200,10,"outcome",0.2,10,2,2000,-0.0144959622240235,0.0711287773123656,0.0709541214522915,0.26669978873701,0.213336208180901,0.944,2000,278.955701112747
653,"naive",500,10,"outcome",0.2,10,2,2000,0.00793372903723544,0.573667917904665,0.573891919808132,0.757408686182476,0.587361141531867,0.95,2000,593.822213888168
653,"ipw_robust",500,10,"outcome",0.2,10,2,2000,-0.0113377311524392,0.0279700049541433,0.0278553885007086,0.167242353948225,0.132299331087859,0.9465,2000,593.822213888168
653,"dr_robust",500,10,"outcome",0.2,10,2,2000,0.0046699830419179,0.0273105005018916,0.0273023429317457,0.165258889327902,0.129472350988569,0.9435,2000,593.822213888168
653,"aipw_robust",500,10,"outcome",0.2,10,2,2000,0.000470205606830643,0.0240582973443941,0.0240701113067348,0.155107373597757,0.122725208253471,0.95,2000,593.822213888168
653,"reg_adj",500,10,"outcome",0.2,10,2,2000,0.0151056452988421,0.527786032555261,0.527821762916825,0.726488838562067,0.571351758657573,0.9445,2000,593.822213888168
653,"adaptive",500,10,"outcome",0.2,10,2,2000,-0.0113377311524392,0.0279700049541433,0.0278553885007086,0.167242353948225,0.132299331087859,0.9465,2000,593.822213888168
654,"naive",1000,10,"outcome",0.2,10,2,2000,0.0078428570870912,0.294866367611176,0.294952333370573,0.543015992039992,0.418898123465498,0.954,2000,1077.4171860218
654,"ipw_robust",1000,10,"outcome",0.2,10,2,2000,-0.0115844863157546,0.0126195723183539,0.012491617804056,0.11233686980842,0.0896132144735434,0.952,2000,1077.4171860218
654,"dr_robust",1000,10,"outcome",0.2,10,2,2000,0.00619512596154337,0.0125204785867479,0.0124883431726548,0.111894944419969,0.0894135230887687,0.9525,2000,1077.4171860218
654,"aipw_robust",1000,10,"outcome",0.2,10,2,2000,0.000449336444647397,0.0112903915102752,0.0112958375257976,0.106256253981943,0.085595035164846,0.9515,2000,1077.4171860218
654,"reg_adj",1000,10,"outcome",0.2,10,2,2000,0.0040176517493351,0.279908647347749,0.280032522083211,0.529063935028413,0.411021479301868,0.9515,2000,1077.4171860218
654,"adaptive",1000,10,"outcome",0.2,10,2,2000,-0.0115844863157546,0.0126195723183539,0.012491617804056,0.11233686980842,0.0896132144735434,0.952,2000,1077.4171860218
655,"naive",200,20,"outcome",0.2,10,2,2000,0.0103685913579294,1.95259432257918,1.95346354666577,1.39735261211306,1.00012009030572,0.9585,2000,662.213713884354
655,"ipw_robust",200,20,"outcome",0.2,10,2,2000,-0.0168522887697371,0.0823189293666931,0.0820759677137713,0.286912755670941,0.228397966455549,0.9485,2000,662.213713884354
655,"dr_robust",200,20,"outcome",0.2,10,2,2000,-0.000137078684643077,0.0802892296670044,0.0803293755642207,0.283353541828939,0.222549796525088,0.949,2000,662.213713884354
655,"aipw_robust",200,20,"outcome",0.2,10,2,2000,-0.00292320707949245,0.0841195906307494,0.0841531220521458,0.290033774982758,0.225800646160439,0.948,2000,662.213713884354
655,"reg_adj",200,20,"outcome",0.2,10,2,2000,0.0017955273483512,1.53867565127346,1.53944214842921,1.24043365452307,0.942889909471479,0.9565,2000,662.213713884354
655,"adaptive",200,20,"outcome",0.2,10,2,2000,-0.0176449704634969,0.0829912698710053,0.0827212855311131,0.288082054059265,0.229266937013688,0.9485,2000,662.213713884354
656,"naive",500,20,"outcome",0.2,10,2,2000,0.0414186669824215,0.639492616956238,0.638096159061168,0.799682822721758,0.615855254764489,0.9515,2000,1497.72055101395
656,"ipw_robust",500,20,"outcome",0.2,10,2,2000,-0.0093992991107561,0.0289771264325571,0.0289032312243958,0.170226691304734,0.13677178894326,0.9475,2000,1497.72055101395
656,"dr_robust",500,20,"outcome",0.2,10,2,2000,0.00818176408950499,0.0288072613139119,0.0287546973989951,0.16972701998772,0.136258174335034,0.9485,2000,1497.72055101395
656,"aipw_robust",500,20,"outcome",0.2,10,2,2000,0.00358664646483131,0.024412534561683,0.0244118764670528,0.156245110520883,0.125528631246103,0.949,2000,1497.72055101395
656,"reg_adj",500,20,"outcome",0.2,10,2,2000,0.0420313169419857,0.591643418811177,0.590171873143871,0.769183605396772,0.596212189960105,0.948,2000,1497.72055101395
656,"adaptive",500,20,"outcome",0.2,10,2,2000,-0.00939437374868146,0.0289762792434768,0.0289024762234587,0.170224202872203,0.136776714305335,0.9475,2000,1497.72055101395
657,"naive",1000,20,"outcome",0.2,10,2,2000,0.00403715382682313,0.316930070047016,0.317072307589789,0.562965425267854,0.439929643418848,0.9455,2000,2572.74485015869
657,"ipw_robust",1000,20,"outcome",0.2,10,2,2000,-0.0106623369330558,0.0136420671860682,0.0135351493318601,0.11679926021199,0.0942401132457594,0.9475,2000,2572.74485015869
657,"dr_robust",1000,20,"outcome",0.2,10,2,2000,0.00583543510810669,0.0133747664375826,0.0133473878285959,0.115649325279409,0.0931002605406744,0.9545,2000,2572.74485015869
657,"aipw_robust",1000,20,"outcome",0.2,10,2,2000,-0.000707968473342424,0.0121098511958087,0.0121154076802895,0.110044769052457,0.0883694124758931,0.952,2000,2572.74485015869
657,"reg_adj",1000,20,"outcome",0.2,10,2,2000,0.00567638837105022,0.299568761875919,0.299686383682822,0.547328751186999,0.430392605932762,0.945,2000,2572.74485015869
657,"adaptive",1000,20,"outcome",0.2,10,2,2000,-0.0106623369330558,0.0136420671860682,0.0135351493318601,0.11679926021199,0.0942401132457594,0.9475,2000,2572.74485015869
658,"naive",200,5,"treatment",0.2,10,2,2000,-0.889565103766875,0.819338291985874,0.0280262312617336,0.905173072945652,0.889565103766875,0.001,2000,181.739247083664
658,"ipw_robust",200,5,"treatment",0.2,10,2,2000,-0.840336194605666,0.737645230834932,0.0314960589000496,0.858862754364707,0.840336194605666,0.0025,2000,181.739247083664
658,"dr_robust",200,5,"treatment",0.2,10,2,2000,-0.835366772193951,0.725956822723586,0.0281332452604757,0.852030998687012,0.835366772193951,0.001,2000,181.739247083664
658,"aipw_robust",200,5,"treatment",0.2,10,2,2000,-0.744364384596405,0.60215250463669,0.0480982166894493,0.775984861087309,0.744401623534304,0.068,2000,181.739247083664
658,"reg_adj",200,5,"treatment",0.2,10,2,2000,-0.8849293168319,0.810083004032116,0.0269966065468163,0.90004611216988,0.8849293168319,0.001,2000,181.739247083664
658,"adaptive",200,5,"treatment",0.2,10,2,2000,-0.884934818872778,0.810091476022659,0.0269953400392832,0.900050818577851,0.884934818872778,0.001,2000,181.739247083664
659,"naive",500,5,"treatment",0.2,10,2,2000,-0.892836865233122,0.808594456917475,0.0114425102532938,0.899218803694337,0.892836865233122,0,2000,398.9271068573
659,"ipw_robust",500,5,"treatment",0.2,10,2,2000,-0.844497240073789,0.725883272361401,0.0127140408895987,0.851987835806005,0.844497240073789,0,2000,398.9271068573
659,"dr_robust",500,5,"treatment",0.2,10,2,2000,-0.837979956009599,0.713718235405996,0.0115135855249094,0.844818462988349,0.837979956009599,0,2000,398.9271068573
659,"aipw_robust",500,5,"treatment",0.2,10,2,2000,-0.742328120011293,0.570025625189895,0.0189840794701305,0.75500041403293,0.742328120011292,0,2000,398.9271068573
659,"reg_adj",500,5,"treatment",0.2,10,2,2000,-0.886770403117076,0.797511114159319,0.0111549437867903,0.893034777687475,0.886770403117076,0,2000,398.9271068573
659,"adaptive",500,5,"treatment",0.2,10,2,2000,-0.886770403117076,0.797511114159319,0.0111549437867903,0.893034777687475,0.886770403117076,0,2000,398.9271068573
660,"naive",1000,5,"treatment",0.2,10,2,2000,-0.894602083183347,0.805784937695373,0.00547478785331616,0.897655244342377,0.894602083183347,0,2000,733.436169147491
660,"ipw_robust",1000,5,"treatment",0.2,10,2,2000,-0.846864979781707,0.723164295050593,0.00598699456720559,0.850390672015276,0.846864979781707,0,2000,733.436169147491
660,"dr_robust",1000,5,"treatment",0.2,10,2,2000,-0.839102339668884,0.709590600156126,0.00550061402534405,0.842372008174611,0.839102339668884,0,2000,733.436169147491
660,"aipw_robust",1000,5,"treatment",0.2,10,2,2000,-0.743807711178665,0.563012920811612,0.00976789354954211,0.750341869291333,0.743807711178665,0,2000,733.436169147491
660,"reg_adj",1000,5,"treatment",0.2,10,2,2000,-0.889273247190214,0.796146014064126,0.00534177678428985,0.892270146348137,0.889273247190214,0,2000,733.436169147491
660,"adaptive",1000,5,"treatment",0.2,10,2,2000,-0.889273247190214,0.796146014064126,0.00534177678428985,0.892270146348137,0.889273247190214,0,2000,733.436169147491
661,"naive",200,10,"treatment",0.2,10,2,2000,-0.906872269153652,0.85607825648312,0.0336777828146332,0.925244971066106,0.906872269153652,0.003,2000,312.220118045807
661,"ipw_robust",200,10,"treatment",0.2,10,2,2000,-0.853105252959677,0.76354291975769,0.0357722332469196,0.873809429885997,0.853105252959677,0.0045,2000,312.220118045807
661,"dr_robust",200,10,"treatment",0.2,10,2,2000,-0.858041425577138,0.769193400392728,0.0329747997861729,0.877036715532895,0.858041425577139,0.004,2000,312.220118045807
661,"aipw_robust",200,10,"treatment",0.2,10,2,2000,-0.786572050680319,0.671169067716525,0.0524997266684158,0.819249087711744,0.786806673326346,0.0785,2000,312.220118045807
661,"reg_adj",200,10,"treatment",0.2,10,2,2000,-0.898491168237523,0.838303157197,0.0310322939431432,0.915588967384929,0.898491168237523,0.0025,2000,312.220118045807
661,"adaptive",200,10,"treatment",0.2,10,2,2000,-0.898491168237523,0.838303157197,0.0310322939431432,0.915588967384929,0.898491168237523,0.0025,2000,312.220118045807
662,"naive",500,10,"treatment",0.2,10,2,2000,-0.908109412825795,0.836516710356649,0.0118599346611698,0.914612874585007,0.908109412825795,0,2000,719.651980876923
662,"ipw_robust",500,10,"treatment",0.2,10,2,2000,-0.851066337250141,0.737501512340456,0.0131941990396053,0.858779082384088,0.851066337250141,0,2000,719.651980876923
662,"dr_robust",500,10,"treatment",0.2,10,2,2000,-0.853566674789843,0.740362579863261,0.01179240775535,0.860443246160525,0.853566674789843,0,2000,719.651980876923
662,"aipw_robust",500,10,"treatment",0.2,10,2,2000,-0.766512144685401,0.607583832025615,0.0200529905706874,0.779476639820345,0.766512144685401,0,2000,719.651980876923
662,"reg_adj",500,10,"treatment",0.2,10,2,2000,-0.900281547155743,0.821833448603777,0.0113322505799283,0.906550301198878,0.900281547155743,0,2000,719.651980876923
662,"adaptive",500,10,"treatment",0.2,10,2,2000,-0.900281547155743,0.821833448603777,0.0113322505799283,0.906550301198878,0.900281547155743,0,2000,719.651980876923
663,"naive",1000,10,"treatment",0.2,10,2,2000,-0.906643371378739,0.827601159506044,0.00560175751979764,0.909725870526965,0.906643371378739,0,2000,1291.72101998329
663,"ipw_robust",1000,10,"treatment",0.2,10,2,2000,-0.850141706073114,0.728983910398871,0.00624611305049087,0.853805546010842,0.850141706073114,0,2000,1291.72101998329
663,"dr_robust",1000,10,"treatment",0.2,10,2,2000,-0.851889559818937,0.731346596167955,0.0056335908348699,0.855188047255079,0.851889559818937,0,2000,1291.72101998329
663,"aipw_robust",1000,10,"treatment",0.2,10,2,2000,-0.763437023574231,0.592450155307266,0.00961887578127488,0.769707837628841,0.763437023574231,0,2000,1291.72101998329
663,"reg_adj",1000,10,"treatment",0.2,10,2,2000,-0.899252391184872,0.814122365717407,0.00547023778459024,0.902287296661882,0.899252391184872,0,2000,1291.72101998329
663,"adaptive",1000,10,"treatment",0.2,10,2,2000,-0.899252391184872,0.814122365717407,0.00547023778459024,0.902287296661882,0.899252391184872,0,2000,1291.72101998329
664,"naive",200,20,"treatment",0.2,10,2,2000,-0.902719033477944,0.852878901408254,0.0379962461279655,0.923514429453192,0.902719033477944,0.0045,2000,781.820806026459
664,"ipw_robust",200,20,"treatment",0.2,10,2,2000,-0.846062959458632,0.755447522822876,0.0396448138619078,0.869164842146112,0.846062959458632,0.01,2000,781.820806026459
664,"dr_robust",200,20,"treatment",0.2,10,2,2000,-0.855429669805498,0.76842922498759,0.0366876488284602,0.876600949684399,0.855429669805498,0.0065,2000,781.820806026459
664,"aipw_robust",200,20,"treatment",0.2,10,2,2000,-0.791330688423889,0.680873617463524,0.0546967073757861,0.825150663493355,0.791350297161241,0.0745,2000,781.820806026459
664,"reg_adj",200,20,"treatment",0.2,10,2,2000,-0.895745205561407,0.834775967475234,0.0324327105442574,0.91366075075776,0.895745205561407,0.001,2000,781.820806026459
664,"adaptive",200,20,"treatment",0.2,10,2,2000,-0.895714615605655,0.834697660176928,0.0324091921634244,0.913617896156226,0.895714615605655,0.001,2000,781.820806026459
665,"naive",500,20,"treatment",0.2,10,2,2000,-0.906297301241575,0.833249177827349,0.011880319749461,0.912824834142536,0.906297301241575,0,2000,2052.49197387695
665,"ipw_robust",500,20,"treatment",0.2,10,2,2000,-0.85159723356915,0.738486876204976,0.0132756658152539,0.859352591318008,0.85159723356915,0,2000,2052.49197387695
665,"dr_robust",500,20,"treatment",0.2,10,2,2000,-0.854859783629242,0.742672968554442,0.0118936657206672,0.861784757671219,0.854859783629242,0,2000,2052.49197387695
665,"aipw_robust",500,20,"treatment",0.2,10,2,2000,-0.775246618743286,0.619488906843197,0.018490832386493,0.787076176010427,0.775246618743286,0,2000,2052.49197387695
665,"reg_adj",500,20,"treatment",0.2,10,2,2000,-0.89929337156355,0.820035434582045,0.0113125227052601,0.905558079077231,0.89929337156355,0,2000,2052.49197387695
665,"adaptive",500,20,"treatment",0.2,10,2,2000,-0.89929337156355,0.820035434582045,0.0113125227052601,0.905558079077231,0.89929337156355,0,2000,2052.49197387695
666,"naive",1000,20,"treatment",0.2,10,2,2000,-0.906569161019471,0.828119204737706,0.00625468837034413,0.910010551992506,0.906569161019471,0,2000,3695.71601390839
666,"ipw_robust",1000,20,"treatment",0.2,10,2,2000,-0.851514008188998,0.73176762582461,0.00669486711607446,0.855434173869977,0.851514008188999,0,2000,3695.71601390839
666,"dr_robust",1000,20,"treatment",0.2,10,2,2000,-0.852559334942809,0.733094328556163,0.00624002897252521,0.856209278480538,0.852559334942809,0,2000,3695.71601390839
666,"aipw_robust",1000,20,"treatment",0.2,10,2,2000,-0.765775962765524,0.59657457023568,0.010166828500466,0.772382398968076,0.765775962765524,0,2000,3695.71601390839
666,"reg_adj",1000,20,"treatment",0.2,10,2,2000,-0.899102924078106,0.814357271870168,0.00597419087980648,0.902417459865537,0.899102924078106,0,2000,3695.71601390839
666,"adaptive",1000,20,"treatment",0.2,10,2,2000,-0.899102924078106,0.814357271870168,0.00597419087980648,0.902417459865537,0.899102924078106,0,2000,3695.71601390839
667,"naive",200,5,"mixed",0.2,10,2,2000,-0.481150785900159,0.651691675066679,0.420395794191434,0.807274225444291,0.637513198333265,0.89,2000,173.692524909973
667,"ipw_robust",200,5,"mixed",0.2,10,2,2000,-0.449317282289042,0.248736499256161,0.0468739160505755,0.498734898775052,0.451837722645984,0.4555,2000,173.692524909973
667,"dr_robust",200,5,"mixed",0.2,10,2,2000,-0.46370636748132,0.262162891634142,0.0471628778303356,0.512018448529095,0.465864932206708,0.4365,2000,173.692524909973
667,"aipw_robust",200,5,"mixed",0.2,10,2,2000,-0.389754052978926,0.210574075026258,0.0586952008131653,0.458883509211497,0.399510539689777,0.6465,2000,173.692524909973
667,"reg_adj",200,5,"mixed",0.2,10,2,2000,-0.493626609845514,0.672580775985882,0.429128110093353,0.820110221851845,0.648468217158478,0.8885,2000,173.692524909973
667,"adaptive",200,5,"mixed",0.2,10,2,2000,-0.44942038878341,0.248994686862785,0.047039520768938,0.498993674171111,0.451940829140352,0.457,2000,173.692524909973
668,"naive",500,5,"mixed",0.2,10,2,2000,-0.470740898170209,0.380115152601519,0.158597458120484,0.616534794315389,0.514645027829373,0.787,2000,399.525498867035
668,"ipw_robust",500,5,"mixed",0.2,10,2,2000,-0.448526419721973,0.218196785300625,0.0170293507874073,0.467115387565669,0.448526419721973,0.063,2000,399.525498867035
668,"dr_robust",500,5,"mixed",0.2,10,2,2000,-0.466017113211889,0.233585745047783,0.0164220062445626,0.483307091865806,0.466017113211889,0.039,2000,399.525498867035
668,"aipw_robust",500,5,"mixed",0.2,10,2,2000,-0.412075600547136,0.192965367580137,0.0231706523400247,0.439278234812673,0.412330588121113,0.2305,2000,399.525498867035
668,"reg_adj",500,5,"mixed",0.2,10,2,2000,-0.474957597140672,0.388480070348824,0.162976839687027,0.623281694219254,0.520028589477719,0.787,2000,399.525498867035
668,"adaptive",500,5,"mixed",0.2,10,2,2000,-0.448526419721973,0.218196785300625,0.0170293507874073,0.467115387565669,0.448526419721973,0.063,2000,399.525498867035
669,"naive",1000,5,"mixed",0.2,10,2,2000,-0.481863169741819,0.319901003974686,0.0877527660040548,0.565597917229799,0.495352083689181,0.6255,2000,833.763708114624
669,"ipw_robust",1000,5,"mixed",0.2,10,2,2000,-0.446548211794,0.207945286838221,0.00854425350855627,0.456010182822951,0.446548211794,0.001,2000,833.763708114624
669,"dr_robust",1000,5,"mixed",0.2,10,2,2000,-0.463077138604135,0.222746272219506,0.0083099909171718,0.471960032438666,0.463077138604135,0.001,2000,833.763708114624
669,"aipw_robust",1000,5,"mixed",0.2,10,2,2000,-0.422468459120185,0.189421158702213,0.0109470332674628,0.435225411370031,0.422468459120185,0.017,2000,833.763708114624
669,"reg_adj",1000,5,"mixed",0.2,10,2,2000,-0.484612841832306,0.323648992833399,0.0888438082687495,0.568901566910655,0.4982101653492,0.628,2000,833.763708114624
669,"adaptive",1000,5,"mixed",0.2,10,2,2000,-0.446548211794,0.207945286838221,0.00854425350855627,0.456010182822951,0.446548211794,0.001,2000,833.763708114624
670,"naive",200,10,"mixed",0.2,10,2,2000,-0.449060851973052,0.612593603270389,0.411143526258755,0.78268359077624,0.620447654837744,0.903,2000,287.762889862061
670,"ipw_robust",200,10,"mixed",0.2,10,2,2000,-0.413113582315133,0.219618179829121,0.0489798378548061,0.468634377557944,0.418357285360301,0.547,2000,287.762889862061
670,"dr_robust",200,10,"mixed",0.2,10,2,2000,-0.416771242857793,0.222862761900573,0.0491890875711295,0.472083426843787,0.421526304224469,0.548,2000,287.762889862061
670,"aipw_robust",200,10,"mixed",0.2,10,2,2000,-0.34958574103219,0.183079314611489,0.0608995740654965,0.427877686508059,0.36617171342499,0.699,2000,287.762889862061
670,"reg_adj",200,10,"mixed",0.2,10,2,2000,-0.470562430630557,0.629529282738749,0.408304433834729,0.793428813907555,0.629518047895879,0.9005,2000,287.762889862061
670,"adaptive",200,10,"mixed",0.2,10,2,2000,-0.413203814880258,0.21969819486984,0.048985294885684,0.468719740217798,0.418447517925426,0.5465,2000,287.762889862061
671,"naive",500,10,"mixed",0.2,10,2,2000,-0.439991581901897,0.359158345341075,0.165648577485284,0.599298210694038,0.497190723912973,0.8225,2000,634.186419010162
671,"ipw_robust",500,10,"mixed",0.2,10,2,2000,-0.410190072411772,0.187927854941434,0.0196818003364272,0.433506464705469,0.410679864798243,0.1685,2000,634.186419010162
671,"dr_robust",500,10,"mixed",0.2,10,2,2000,-0.427339412780884,0.202047952454116,0.0194386980872484,0.449497444324343,0.428021730767613,0.1275,2000,634.186419010162
671,"aipw_robust",500,10,"mixed",0.2,10,2,2000,-0.367039603871641,0.160162502052536,0.0254571598221962,0.400203076015835,0.367774447944167,0.382,2000,634.186419010162
671,"reg_adj",500,10,"mixed",0.2,10,2,2000,-0.447444618349708,0.370837187729338,0.170715859168807,0.608964028272063,0.505191686463553,0.8205,2000,634.186419010162
671,"adaptive",500,10,"mixed",0.2,10,2,2000,-0.410190072411772,0.187927854941434,0.0196818003364272,0.433506464705469,0.410679864798243,0.1685,2000,634.186419010162
672,"naive",1000,10,"mixed",0.2,10,2,2000,-0.450931277226813,0.28610250069884,0.0828048863606156,0.534885502419761,0.466948575386614,0.6535,2000,1335.62812495232
672,"ipw_robust",1000,10,"mixed",0.2,10,2,2000,-0.411668670795561,0.178943583194036,0.009477227293098,0.423017237466791,0.411668670795561,0.011,2000,1335.62812495232
672,"dr_robust",1000,10,"mixed",0.2,10,2,2000,-0.42870387609582,0.192957849539129,0.00917542387148425,0.439269677463775,0.42870387609582,0.006,2000,1335.62812495232
672,"aipw_robust",1000,10,"mixed",0.2,10,2,2000,-0.388263617739251,0.163224545552187,0.0124821497670993,0.404010576040018,0.388263617739251,0.061,2000,1335.62812495232
672,"reg_adj",1000,10,"mixed",0.2,10,2,2000,-0.454728869222783,0.291177860539088,0.0844417369029085,0.539608988564023,0.470789222281886,0.657,2000,1335.62812495232
672,"adaptive",1000,10,"mixed",0.2,10,2,2000,-0.411668670795561,0.178943583194036,0.009477227293098,0.423017237466791,0.411668670795561,0.011,2000,1335.62812495232
673,"naive",200,20,"mixed",0.2,10,2,2000,-0.41911325854361,0.667004840905325,0.49159471477567,0.816703643254593,0.635599501592157,0.9205,2000,663.824800014496
673,"ipw_robust",200,20,"mixed",0.2,10,2,2000,-0.392307755312455,0.207209206928646,0.0533304972989988,0.455202380187809,0.400287925075258,0.605,2000,663.824800014496
673,"dr_robust",200,20,"mixed",0.2,10,2,2000,-0.386720077330588,0.215285491789457,0.0657659565571594,0.463988676359086,0.396121958200724,0.705,2000,663.824800014496
673,"aipw_robust",200,20,"mixed",0.2,10,2,2000,-0.339061028408938,0.185382395944723,0.0704552425802864,0.430560560136113,0.365237050742926,0.765,2000,663.824800014496
673,"reg_adj",200,20,"mixed",0.2,10,2,2000,-0.462482347387287,0.697225664735873,0.483577531856947,0.835000398045338,0.658345135564112,0.904,2000,663.824800014496
673,"adaptive",200,20,"mixed",0.2,10,2,2000,-0.392307755312455,0.207209206928646,0.0533304972989988,0.455202380187809,0.400287925075258,0.605,2000,663.824800014496
674,"naive",500,20,"mixed",0.2,10,2,2000,-0.438600631371415,0.413793252210897,0.221533505124055,0.643267636533112,0.512666003808925,0.8715,2000,1343.39232516289
674,"ipw_robust",500,20,"mixed",0.2,10,2,2000,-0.413285361616763,0.191296984322503,0.0205024454185136,0.437375107113451,0.413637961544441,0.175,2000,1343.39232516289
674,"dr_robust",500,20,"mixed",0.2,10,2,2000,-0.423252002694674,0.199889510543809,0.0207576315745436,0.447090047466737,0.423824063836246,0.1545,2000,1343.39232516289
674,"aipw_robust",500,20,"mixed",0.2,10,2,2000,-0.337887687266341,0.138820442630657,0.0246646857673432,0.372586154641657,0.339746054407249,0.421,2000,1343.39232516289
674,"reg_adj",500,20,"mixed",0.2,10,2,2000,-0.453003380739195,0.423456216772886,0.218353330476985,0.65073513565266,0.52462693828818,0.853,2000,1343.39232516289
674,"adaptive",500,20,"mixed",0.2,10,2,2000,-0.413285361616763,0.191296984322503,0.0205024454185136,0.437375107113451,0.413637961544441,0.175,2000,1343.39232516289
675,"naive",1000,20,"mixed",0.2,10,2,2000,-0.472911706080307,0.318334755179488,0.0947366417525775,0.564211622690891,0.489486719537005,0.6735,2000,2615.67609715462
675,"ipw_robust",1000,20,"mixed",0.2,10,2,2000,-0.426460407542956,0.192053125777331,0.0101897414463495,0.438238663033433,0.426503194877446,0.0145,2000,2615.67609715462
675,"dr_robust",1000,20,"mixed",0.2,10,2,2000,-0.443798060215822,0.206986886500428,0.010035185842022,0.454958115105586,0.443798060215822,0.0115,2000,2615.67609715462
675,"aipw_robust",1000,20,"mixed",0.2,10,2,2000,-0.384350611233601,0.160325107290027,0.0126060179433564,0.40040617788694,0.384409669569173,0.07,2000,2615.67609715462
675,"reg_adj",1000,20,"mixed",0.2,10,2,2000,-0.480196541336725,0.328811197543068,0.0982716150388344,0.573420611369236,0.497681613372778,0.6745,2000,2615.67609715462
675,"adaptive",1000,20,"mixed",0.2,10,2,2000,-0.426460407542956,0.192053125777331,0.0101897414463495,0.438238663033433,0.426503194877446,0.0145,2000,2615.67609715462
